module_id	leaf_id	genome_accession	organism	lineage	module_strand	relative_pos	is_core	assigned_gene	protein_accession	start	end	strand	pfams	product_name
FLDCORE|GCF_000063585.1|NC_009495.1|3495464-3499850|-|WP_012048238.1,WP_003357618.1,WP_012048237.1,WP_012048236.1	C01_HIGH_CONF_Clostridium_botulinum_A_s_GCF_000063585.1	GCF_000063585.1	Clostridium botulinum A str. ATCC 3502	Fld_Lineage	-	13	no	Other	WP_003387504.1	3485316	3485486	-		zinc-ribbon domain-containing protein
FLDCORE|GCF_000063585.1|NC_009495.1|3495464-3499850|-|WP_012048238.1,WP_003357618.1,WP_012048237.1,WP_012048236.1	C01_HIGH_CONF_Clostridium_botulinum_A_s_GCF_000063585.1	GCF_000063585.1	Clostridium botulinum A str. ATCC 3502	Fld_Lineage	-	12	no	Other	WP_012048232.1	3485795	3486439	-		TetR/AcrR family transcriptional regulator
FLDCORE|GCF_000063585.1|NC_009495.1|3495464-3499850|-|WP_012048238.1,WP_003357618.1,WP_012048237.1,WP_012048236.1	C01_HIGH_CONF_Clostridium_botulinum_A_s_GCF_000063585.1	GCF_000063585.1	Clostridium botulinum A str. ATCC 3502	Fld_Lineage	-	11	no	Other	WP_021133885.1	3486670	3486987	+		hypothetical protein
FLDCORE|GCF_000063585.1|NC_009495.1|3495464-3499850|-|WP_012048238.1,WP_003357618.1,WP_012048237.1,WP_012048236.1	C01_HIGH_CONF_Clostridium_botulinum_A_s_GCF_000063585.1	GCF_000063585.1	Clostridium botulinum A str. ATCC 3502	Fld_Lineage	-	10	no	Other		3487000	3487203	+		GNAT family N-acetyltransferase
FLDCORE|GCF_000063585.1|NC_009495.1|3495464-3499850|-|WP_012048238.1,WP_003357618.1,WP_012048237.1,WP_012048236.1	C01_HIGH_CONF_Clostridium_botulinum_A_s_GCF_000063585.1	GCF_000063585.1	Clostridium botulinum A str. ATCC 3502	Fld_Lineage	-	9	no	FldH	WP_012048233.1	3487747	3488751	+	PF00389;PF02826	D-2-hydroxyacid dehydrogenase
FLDCORE|GCF_000063585.1|NC_009495.1|3495464-3499850|-|WP_012048238.1,WP_003357618.1,WP_012048237.1,WP_012048236.1	C01_HIGH_CONF_Clostridium_botulinum_A_s_GCF_000063585.1	GCF_000063585.1	Clostridium botulinum A str. ATCC 3502	Fld_Lineage	-	8	no	FldH	WP_003400670.1	3488938	3489933	-	PF00389;PF02826	D-isomer specific 2-hydroxyacid dehydrogenase family protein
FLDCORE|GCF_000063585.1|NC_009495.1|3495464-3499850|-|WP_012048238.1,WP_003357618.1,WP_012048237.1,WP_012048236.1	C01_HIGH_CONF_Clostridium_botulinum_A_s_GCF_000063585.1	GCF_000063585.1	Clostridium botulinum A str. ATCC 3502	Fld_Lineage	-	7	no	Other	WP_012048234.1	3490747	3491925	-		YkvI family membrane protein
FLDCORE|GCF_000063585.1|NC_009495.1|3495464-3499850|-|WP_012048238.1,WP_003357618.1,WP_012048237.1,WP_012048236.1	C01_HIGH_CONF_Clostridium_botulinum_A_s_GCF_000063585.1	GCF_000063585.1	Clostridium botulinum A str. ATCC 3502	Fld_Lineage	-	6	no	EtfA	WP_012048235.1	3492143	3493339	-	PF00766;PF01012	electron transfer flavoprotein subunit alpha
FLDCORE|GCF_000063585.1|NC_009495.1|3495464-3499850|-|WP_012048238.1,WP_003357618.1,WP_012048237.1,WP_012048236.1	C01_HIGH_CONF_Clostridium_botulinum_A_s_GCF_000063585.1	GCF_000063585.1	Clostridium botulinum A str. ATCC 3502	Fld_Lineage	-	5	no	EtfB	WP_003400673.1	3493357	3494151	-	PF01012	electron transfer flavoprotein subunit beta
FLDCORE|GCF_000063585.1|NC_009495.1|3495464-3499850|-|WP_012048238.1,WP_003357618.1,WP_012048237.1,WP_012048236.1	C01_HIGH_CONF_Clostridium_botulinum_A_s_GCF_000063585.1	GCF_000063585.1	Clostridium botulinum A str. ATCC 3502	Fld_Lineage	-	4	no	AcdA	WP_003357672.1	3494164	3495297	-	PF00441;PF02770;PF02771	3-(aryl)acrylate reductase AcdA
FLDCORE|GCF_000063585.1|NC_009495.1|3495464-3499850|-|WP_012048238.1,WP_003357618.1,WP_012048237.1,WP_012048236.1	C01_HIGH_CONF_Clostridium_botulinum_A_s_GCF_000063585.1	GCF_000063585.1	Clostridium botulinum A str. ATCC 3502	Fld_Lineage	-	3	yes	FldC	WP_012048236.1	3495464	3496588	-	PF06050	phenyllactyl-CoA dehydratase subunit FldC
FLDCORE|GCF_000063585.1|NC_009495.1|3495464-3499850|-|WP_012048238.1,WP_003357618.1,WP_012048237.1,WP_012048236.1	C01_HIGH_CONF_Clostridium_botulinum_A_s_GCF_000063585.1	GCF_000063585.1	Clostridium botulinum A str. ATCC 3502	Fld_Lineage	-	2	yes	FldB	WP_012048237.1	3496590	3497813	-	PF06050	phenyllactyl-CoA dehydratase subunit FldB
FLDCORE|GCF_000063585.1|NC_009495.1|3495464-3499850|-|WP_012048238.1,WP_003357618.1,WP_012048237.1,WP_012048236.1	C01_HIGH_CONF_Clostridium_botulinum_A_s_GCF_000063585.1	GCF_000063585.1	Clostridium botulinum A str. ATCC 3502	Fld_Lineage	-	1	yes	FldI	WP_003357618.1	3497818	3498612	-	PF01869	phenyllactyl-CoA dehydratase activase FldI
FLDCORE|GCF_000063585.1|NC_009495.1|3495464-3499850|-|WP_012048238.1,WP_003357618.1,WP_012048237.1,WP_012048236.1	C01_HIGH_CONF_Clostridium_botulinum_A_s_GCF_000063585.1	GCF_000063585.1	Clostridium botulinum A str. ATCC 3502	Fld_Lineage	-	0	yes	FldA	WP_012048238.1	3498612	3499850	-	PF02515	3-(aryl)acryloyl-CoA:(R)-3-(aryl)lactate CoA-transferase FldA
FLDCORE|GCF_000063585.1|NC_009495.1|3495464-3499850|-|WP_012048238.1,WP_003357618.1,WP_012048237.1,WP_012048236.1	C01_HIGH_CONF_Clostridium_botulinum_A_s_GCF_000063585.1	GCF_000063585.1	Clostridium botulinum A str. ATCC 3502	Fld_Lineage	-	-1	no	Other	WP_012048239.1	3499904	3501535	-		AMP-binding protein
FLDCORE|GCF_000063585.1|NC_009495.1|3495464-3499850|-|WP_012048238.1,WP_003357618.1,WP_012048237.1,WP_012048236.1	C01_HIGH_CONF_Clostridium_botulinum_A_s_GCF_000063585.1	GCF_000063585.1	Clostridium botulinum A str. ATCC 3502	Fld_Lineage	-	-2	no	Other	WP_012048240.1	3502001	3503323	-		branched-chain amino acid transport system II carrier protein
FLDCORE|GCF_000063585.1|NC_009495.1|3495464-3499850|-|WP_012048238.1,WP_003357618.1,WP_012048237.1,WP_012048236.1	C01_HIGH_CONF_Clostridium_botulinum_A_s_GCF_000063585.1	GCF_000063585.1	Clostridium botulinum A str. ATCC 3502	Fld_Lineage	-	-3	no	Other	WP_012048241.1	3503782	3505314	-		glutamine-hydrolyzing GMP synthase
FLDCORE|GCF_000063585.1|NC_009495.1|3495464-3499850|-|WP_012048238.1,WP_003357618.1,WP_012048237.1,WP_012048236.1	C01_HIGH_CONF_Clostridium_botulinum_A_s_GCF_000063585.1	GCF_000063585.1	Clostridium botulinum A str. ATCC 3502	Fld_Lineage	-	-4	no	Other	WP_012048242.1	3505327	3506781	-		IMP dehydrogenase
FLDCORE|GCF_000063585.1|NC_009495.1|3495464-3499850|-|WP_012048238.1,WP_003357618.1,WP_012048237.1,WP_012048236.1	C01_HIGH_CONF_Clostridium_botulinum_A_s_GCF_000063585.1	GCF_000063585.1	Clostridium botulinum A str. ATCC 3502	Fld_Lineage	-	-5	no	Other	WP_012048243.1	3507221	3507970	+		tRNA lysidine(34) synthetase
FLDCORE|GCF_000063585.1|NC_009495.1|3495464-3499850|-|WP_012048238.1,WP_003357618.1,WP_012048237.1,WP_012048236.1	C01_HIGH_CONF_Clostridium_botulinum_A_s_GCF_000063585.1	GCF_000063585.1	Clostridium botulinum A str. ATCC 3502	Fld_Lineage	-	-6	no	Other	WP_003357641.1	3508049	3509674	-		chaperonin GroEL
FLDCORE|GCF_000063585.1|NC_009495.1|3495464-3499850|-|WP_012048238.1,WP_003357618.1,WP_012048237.1,WP_012048236.1	C01_HIGH_CONF_Clostridium_botulinum_A_s_GCF_000063585.1	GCF_000063585.1	Clostridium botulinum A str. ATCC 3502	Fld_Lineage	-	-7	no	Other	WP_003357350.1	3509704	3509991	-		co-chaperone GroES
FLDCORE|GCF_000063585.1|NC_009495.1|3495464-3499850|-|WP_012048238.1,WP_003357618.1,WP_012048237.1,WP_012048236.1	C01_HIGH_CONF_Clostridium_botulinum_A_s_GCF_000063585.1	GCF_000063585.1	Clostridium botulinum A str. ATCC 3502	Fld_Lineage	-	-8	no	Other	WP_012048244.1	3510307	3510951	+		TIGR01906 family membrane protein
FLDCORE|GCF_000063585.1|NC_009495.1|3495464-3499850|-|WP_012048238.1,WP_003357618.1,WP_012048237.1,WP_012048236.1	C01_HIGH_CONF_Clostridium_botulinum_A_s_GCF_000063585.1	GCF_000063585.1	Clostridium botulinum A str. ATCC 3502	Fld_Lineage	-	-9	no	Other	WP_012048245.1	3510946	3511680	-		TVP38/TMEM64 family protein
FLDCORE|GCF_000063585.1|NC_009495.1|3495464-3499850|-|WP_012048238.1,WP_003357618.1,WP_012048237.1,WP_012048236.1	C01_HIGH_CONF_Clostridium_botulinum_A_s_GCF_000063585.1	GCF_000063585.1	Clostridium botulinum A str. ATCC 3502	Fld_Lineage	-	-10	no	Other	WP_012099524.1	3512133	3513626	-		4Fe-4S dicluster domain-containing protein
FLDCORE|GCF_000178095.1|NZ_ADJN01000047.1|38677-43115|+|WP_002843885.1,WP_019595546.1,WP_002843897.1,WP_002843926.1	C02_HIGH_CONF_Peptostreptococcus_anaero_GCF_000178095.1	GCF_000178095.1	Peptostreptococcus anaerobius 653-L	Fld_Lineage	+	-10	no	Other	WP_002843907.1	26850	28103	+		[FeFe] hydrogenase H-cluster maturation GTPase HydF
FLDCORE|GCF_000178095.1|NZ_ADJN01000047.1|38677-43115|+|WP_002843885.1,WP_019595546.1,WP_002843897.1,WP_002843926.1	C02_HIGH_CONF_Peptostreptococcus_anaero_GCF_000178095.1	GCF_000178095.1	Peptostreptococcus anaerobius 653-L	Fld_Lineage	+	-9	no	Other	WP_002843912.1	28268	29317	+		nitroreductase family protein
FLDCORE|GCF_000178095.1|NZ_ADJN01000047.1|38677-43115|+|WP_002843885.1,WP_019595546.1,WP_002843897.1,WP_002843926.1	C02_HIGH_CONF_Peptostreptococcus_anaero_GCF_000178095.1	GCF_000178095.1	Peptostreptococcus anaerobius 653-L	Fld_Lineage	+	-8	no	Other	WP_002843898.1	29456	30121	+		hypothetical protein
FLDCORE|GCF_000178095.1|NZ_ADJN01000047.1|38677-43115|+|WP_002843885.1,WP_019595546.1,WP_002843897.1,WP_002843926.1	C02_HIGH_CONF_Peptostreptococcus_anaero_GCF_000178095.1	GCF_000178095.1	Peptostreptococcus anaerobius 653-L	Fld_Lineage	+	-7	no	Other	WP_002843887.1	30131	30694	+		nitroreductase family protein
FLDCORE|GCF_000178095.1|NZ_ADJN01000047.1|38677-43115|+|WP_002843885.1,WP_019595546.1,WP_002843897.1,WP_002843926.1	C02_HIGH_CONF_Peptostreptococcus_anaero_GCF_000178095.1	GCF_000178095.1	Peptostreptococcus anaerobius 653-L	Fld_Lineage	+	-6	no	Other	WP_002843889.1	30711	32579	+		cation:proton antiporter
FLDCORE|GCF_000178095.1|NZ_ADJN01000047.1|38677-43115|+|WP_002843885.1,WP_019595546.1,WP_002843897.1,WP_002843926.1	C02_HIGH_CONF_Peptostreptococcus_anaero_GCF_000178095.1	GCF_000178095.1	Peptostreptococcus anaerobius 653-L	Fld_Lineage	+	-5	no	Other	WP_002843886.1	33426	33833	-		pyridoxamine 5'-phosphate oxidase family protein
FLDCORE|GCF_000178095.1|NZ_ADJN01000047.1|38677-43115|+|WP_002843885.1,WP_019595546.1,WP_002843897.1,WP_002843926.1	C02_HIGH_CONF_Peptostreptococcus_anaero_GCF_000178095.1	GCF_000178095.1	Peptostreptococcus anaerobius 653-L	Fld_Lineage	+	-4	no	Other	WP_002843890.1	34035	35417	+		YjiH family protein
FLDCORE|GCF_000178095.1|NZ_ADJN01000047.1|38677-43115|+|WP_002843885.1,WP_019595546.1,WP_002843897.1,WP_002843926.1	C02_HIGH_CONF_Peptostreptococcus_anaero_GCF_000178095.1	GCF_000178095.1	Peptostreptococcus anaerobius 653-L	Fld_Lineage	+	-3	no	Other	WP_002843905.1	35477	35923	+		hypothetical protein
FLDCORE|GCF_000178095.1|NZ_ADJN01000047.1|38677-43115|+|WP_002843885.1,WP_019595546.1,WP_002843897.1,WP_002843926.1	C02_HIGH_CONF_Peptostreptococcus_anaero_GCF_000178095.1	GCF_000178095.1	Peptostreptococcus anaerobius 653-L	Fld_Lineage	+	-2	no	Other	WP_002843928.1	36082	36753	+		GntR family transcriptional regulator
FLDCORE|GCF_000178095.1|NZ_ADJN01000047.1|38677-43115|+|WP_002843885.1,WP_019595546.1,WP_002843897.1,WP_002843926.1	C02_HIGH_CONF_Peptostreptococcus_anaero_GCF_000178095.1	GCF_000178095.1	Peptostreptococcus anaerobius 653-L	Fld_Lineage	+	-1	no	Other	WP_002843896.1	37061	38623	+		class I adenylate-forming enzyme family protein
FLDCORE|GCF_000178095.1|NZ_ADJN01000047.1|38677-43115|+|WP_002843885.1,WP_019595546.1,WP_002843897.1,WP_002843926.1	C02_HIGH_CONF_Peptostreptococcus_anaero_GCF_000178095.1	GCF_000178095.1	Peptostreptococcus anaerobius 653-L	Fld_Lineage	+	0	yes	FldA	WP_002843885.1	38677	39915	+	PF02515	CaiB/BaiF CoA transferase family protein
FLDCORE|GCF_000178095.1|NZ_ADJN01000047.1|38677-43115|+|WP_002843885.1,WP_019595546.1,WP_002843897.1,WP_002843926.1	C02_HIGH_CONF_Peptostreptococcus_anaero_GCF_000178095.1	GCF_000178095.1	Peptostreptococcus anaerobius 653-L	Fld_Lineage	+	1	yes	FldI	WP_019595546.1	39955	40746	+	PF01869	acyl-CoA dehydratase activase
FLDCORE|GCF_000178095.1|NZ_ADJN01000047.1|38677-43115|+|WP_002843885.1,WP_019595546.1,WP_002843897.1,WP_002843926.1	C02_HIGH_CONF_Peptostreptococcus_anaero_GCF_000178095.1	GCF_000178095.1	Peptostreptococcus anaerobius 653-L	Fld_Lineage	+	2	yes	FldB	WP_002843897.1	40761	41996	+	PF06050	2-hydroxyacyl-CoA dehydratase subunit D
FLDCORE|GCF_000178095.1|NZ_ADJN01000047.1|38677-43115|+|WP_002843885.1,WP_019595546.1,WP_002843897.1,WP_002843926.1	C02_HIGH_CONF_Peptostreptococcus_anaero_GCF_000178095.1	GCF_000178095.1	Peptostreptococcus anaerobius 653-L	Fld_Lineage	+	3	yes	FldC	WP_002843926.1	41997	43115	+	PF06050	2-hydroxyacyl-CoA dehydratase subunit D
FLDCORE|GCF_000178095.1|NZ_ADJN01000047.1|38677-43115|+|WP_002843885.1,WP_019595546.1,WP_002843897.1,WP_002843926.1	C02_HIGH_CONF_Peptostreptococcus_anaero_GCF_000178095.1	GCF_000178095.1	Peptostreptococcus anaerobius 653-L	Fld_Lineage	+	4	no	AcdA	WP_002843899.1	43147	44280	+	PF00441;PF02770;PF02771	acyl-CoA dehydrogenase family protein
FLDCORE|GCF_000178095.1|NZ_ADJN01000047.1|38677-43115|+|WP_002843885.1,WP_019595546.1,WP_002843897.1,WP_002843926.1	C02_HIGH_CONF_Peptostreptococcus_anaero_GCF_000178095.1	GCF_000178095.1	Peptostreptococcus anaerobius 653-L	Fld_Lineage	+	5	no	EtfB	WP_002843945.1	44297	45088	+	PF01012	electron transfer flavoprotein subunit beta/FixA family protein
FLDCORE|GCF_000178095.1|NZ_ADJN01000047.1|38677-43115|+|WP_002843885.1,WP_019595546.1,WP_002843897.1,WP_002843926.1	C02_HIGH_CONF_Peptostreptococcus_anaero_GCF_000178095.1	GCF_000178095.1	Peptostreptococcus anaerobius 653-L	Fld_Lineage	+	6	no	EtfA	WP_002843909.1	45145	46152	+	PF00766;PF01012	electron transfer flavoprotein subunit alpha/FixB family protein
FLDCORE|GCF_000178095.1|NZ_ADJN01000047.1|38677-43115|+|WP_002843885.1,WP_019595546.1,WP_002843897.1,WP_002843926.1	C02_HIGH_CONF_Peptostreptococcus_anaero_GCF_000178095.1	GCF_000178095.1	Peptostreptococcus anaerobius 653-L	Fld_Lineage	+	7	no	FldH	WP_002843937.1	46483	47475	+	PF00389;PF02826	2-hydroxyacid dehydrogenase
FLDCORE|GCF_000178095.1|NZ_ADJN01000047.1|38677-43115|+|WP_002843885.1,WP_019595546.1,WP_002843897.1,WP_002843926.1	C02_HIGH_CONF_Peptostreptococcus_anaero_GCF_000178095.1	GCF_000178095.1	Peptostreptococcus anaerobius 653-L	Fld_Lineage	+	8	no	Other	WP_002843884.1	47520	48845	+		branched-chain amino acid transport system II carrier protein
FLDCORE|GCF_000178095.1|NZ_ADJN01000047.1|38677-43115|+|WP_002843885.1,WP_019595546.1,WP_002843897.1,WP_002843926.1	C02_HIGH_CONF_Peptostreptococcus_anaero_GCF_000178095.1	GCF_000178095.1	Peptostreptococcus anaerobius 653-L	Fld_Lineage	+	9	no	Other	WP_002843919.1	48982	50166	+		pyridoxal phosphate-dependent aminotransferase
FLDCORE|GCF_000178095.1|NZ_ADJN01000047.1|38677-43115|+|WP_002843885.1,WP_019595546.1,WP_002843897.1,WP_002843926.1	C02_HIGH_CONF_Peptostreptococcus_anaero_GCF_000178095.1	GCF_000178095.1	Peptostreptococcus anaerobius 653-L	Fld_Lineage	+	10	no	Other	WP_002843900.1	50423	51301	+		DMT family transporter
FLDCORE|GCF_000178095.1|NZ_ADJN01000047.1|38677-43115|+|WP_002843885.1,WP_019595546.1,WP_002843897.1,WP_002843926.1	C02_HIGH_CONF_Peptostreptococcus_anaero_GCF_000178095.1	GCF_000178095.1	Peptostreptococcus anaerobius 653-L	Fld_Lineage	+	11	no	Other	WP_002843891.1	51553	52791	+		GspE/PulE family protein
FLDCORE|GCF_000178095.1|NZ_ADJN01000047.1|38677-43115|+|WP_002843885.1,WP_019595546.1,WP_002843897.1,WP_002843926.1	C02_HIGH_CONF_Peptostreptococcus_anaero_GCF_000178095.1	GCF_000178095.1	Peptostreptococcus anaerobius 653-L	Fld_Lineage	+	12	no	Other	WP_002843942.1	52760	53809	+		type II secretion system F family protein
FLDCORE|GCF_000178095.1|NZ_ADJN01000047.1|38677-43115|+|WP_002843885.1,WP_019595546.1,WP_002843897.1,WP_002843926.1	C02_HIGH_CONF_Peptostreptococcus_anaero_GCF_000178095.1	GCF_000178095.1	Peptostreptococcus anaerobius 653-L	Fld_Lineage	+	13	no	Other	WP_002844926.1	53851	54339	+		prepilin-type N-terminal cleavage/methylation domain-containing protein
FLDCORE|GCF_000185505.1|NZ_GL622359.1|1927251-1931675|+|WP_083798165.1,WP_242821869.1,WP_006599456.1,WP_006599457.1	C03_EXCLUDED_Pseudoramibacter_alactoly_GCF_000185505.1	GCF_000185505.1	Pseudoramibacter alactolyticus ATCC 23263	Had_Lineage	+	-10	no	Other	WP_006599444.1	1919889	1920848	-		sugar-binding transcriptional regulator
FLDCORE|GCF_000185505.1|NZ_GL622359.1|1927251-1931675|+|WP_083798165.1,WP_242821869.1,WP_006599456.1,WP_006599457.1	C03_EXCLUDED_Pseudoramibacter_alactoly_GCF_000185505.1	GCF_000185505.1	Pseudoramibacter alactolyticus ATCC 23263	Had_Lineage	+	-9	no	Other	WP_006599445.1	1921100	1921612	+		transcriptional regulator GutM
FLDCORE|GCF_000185505.1|NZ_GL622359.1|1927251-1931675|+|WP_083798165.1,WP_242821869.1,WP_006599456.1,WP_006599457.1	C03_EXCLUDED_Pseudoramibacter_alactoly_GCF_000185505.1	GCF_000185505.1	Pseudoramibacter alactolyticus ATCC 23263	Had_Lineage	+	-8	no	Other	WP_006599446.1	1921643	1922227	+		PTS glucitol/sorbitol transporter subunit IIC
FLDCORE|GCF_000185505.1|NZ_GL622359.1|1927251-1931675|+|WP_083798165.1,WP_242821869.1,WP_006599456.1,WP_006599457.1	C03_EXCLUDED_Pseudoramibacter_alactoly_GCF_000185505.1	GCF_000185505.1	Pseudoramibacter alactolyticus ATCC 23263	Had_Lineage	+	-7	no	Other	WP_006599447.1	1922199	1922618	+		PTS family glucitol/sorbitol porter, IIB component
FLDCORE|GCF_000185505.1|NZ_GL622359.1|1927251-1931675|+|WP_083798165.1,WP_242821869.1,WP_006599456.1,WP_006599457.1	C03_EXCLUDED_Pseudoramibacter_alactoly_GCF_000185505.1	GCF_000185505.1	Pseudoramibacter alactolyticus ATCC 23263	Had_Lineage	+	-6	no	Other		1922573	1922671	+		PTS sorbitol transporter subunit IIB
FLDCORE|GCF_000185505.1|NZ_GL622359.1|1927251-1931675|+|WP_083798165.1,WP_242821869.1,WP_006599456.1,WP_006599457.1	C03_EXCLUDED_Pseudoramibacter_alactoly_GCF_000185505.1	GCF_000185505.1	Pseudoramibacter alactolyticus ATCC 23263	Had_Lineage	+	-5	no	Other	WP_006599448.1	1922691	1923047	+		PTS glucitol/sorbitol transporter subunit IIA
FLDCORE|GCF_000185505.1|NZ_GL622359.1|1927251-1931675|+|WP_083798165.1,WP_242821869.1,WP_006599456.1,WP_006599457.1	C03_EXCLUDED_Pseudoramibacter_alactoly_GCF_000185505.1	GCF_000185505.1	Pseudoramibacter alactolyticus ATCC 23263	Had_Lineage	+	-4	no	Other	WP_040640027.1	1923147	1923389	+		hypothetical protein
FLDCORE|GCF_000185505.1|NZ_GL622359.1|1927251-1931675|+|WP_083798165.1,WP_242821869.1,WP_006599456.1,WP_006599457.1	C03_EXCLUDED_Pseudoramibacter_alactoly_GCF_000185505.1	GCF_000185505.1	Pseudoramibacter alactolyticus ATCC 23263	Had_Lineage	+	-3	no	Other	WP_006599450.1	1924088	1924627	-		phosphate-starvation-inducible PsiE family protein
FLDCORE|GCF_000185505.1|NZ_GL622359.1|1927251-1931675|+|WP_083798165.1,WP_242821869.1,WP_006599456.1,WP_006599457.1	C03_EXCLUDED_Pseudoramibacter_alactoly_GCF_000185505.1	GCF_000185505.1	Pseudoramibacter alactolyticus ATCC 23263	Had_Lineage	+	-2	no	Other	WP_006599452.1	1924827	1925786	-		LysR family transcriptional regulator
FLDCORE|GCF_000185505.1|NZ_GL622359.1|1927251-1931675|+|WP_083798165.1,WP_242821869.1,WP_006599456.1,WP_006599457.1	C03_EXCLUDED_Pseudoramibacter_alactoly_GCF_000185505.1	GCF_000185505.1	Pseudoramibacter alactolyticus ATCC 23263	Had_Lineage	+	-1	no	AcdA	WP_006599453.1	1926079	1927212	+	PF00441;PF02770;PF02771	acyl-CoA dehydrogenase family protein
FLDCORE|GCF_000185505.1|NZ_GL622359.1|1927251-1931675|+|WP_083798165.1,WP_242821869.1,WP_006599456.1,WP_006599457.1	C03_EXCLUDED_Pseudoramibacter_alactoly_GCF_000185505.1	GCF_000185505.1	Pseudoramibacter alactolyticus ATCC 23263	Had_Lineage	+	0	yes	FldA	WP_083798165.1	1927251	1928459	+	PF02515	CoA transferase
FLDCORE|GCF_000185505.1|NZ_GL622359.1|1927251-1931675|+|WP_083798165.1,WP_242821869.1,WP_006599456.1,WP_006599457.1	C03_EXCLUDED_Pseudoramibacter_alactoly_GCF_000185505.1	GCF_000185505.1	Pseudoramibacter alactolyticus ATCC 23263	Had_Lineage	+	1	yes	FldI	WP_242821869.1	1928522	1929334	+	PF01869	acyl-CoA dehydratase activase
FLDCORE|GCF_000185505.1|NZ_GL622359.1|1927251-1931675|+|WP_083798165.1,WP_242821869.1,WP_006599456.1,WP_006599457.1	C03_EXCLUDED_Pseudoramibacter_alactoly_GCF_000185505.1	GCF_000185505.1	Pseudoramibacter alactolyticus ATCC 23263	Had_Lineage	+	2	yes	FldB	WP_006599456.1	1929334	1930554	+	PF06050	2-hydroxyacyl-CoA dehydratase subunit D
FLDCORE|GCF_000185505.1|NZ_GL622359.1|1927251-1931675|+|WP_083798165.1,WP_242821869.1,WP_006599456.1,WP_006599457.1	C03_EXCLUDED_Pseudoramibacter_alactoly_GCF_000185505.1	GCF_000185505.1	Pseudoramibacter alactolyticus ATCC 23263	Had_Lineage	+	3	yes	FldC	WP_006599457.1	1930557	1931675	+	PF06050	2-hydroxyacyl-CoA dehydratase subunit D
FLDCORE|GCF_000185505.1|NZ_GL622359.1|1927251-1931675|+|WP_083798165.1,WP_242821869.1,WP_006599456.1,WP_006599457.1	C03_EXCLUDED_Pseudoramibacter_alactoly_GCF_000185505.1	GCF_000185505.1	Pseudoramibacter alactolyticus ATCC 23263	Had_Lineage	+	4	no	Other	WP_006599458.1	1931739	1932860	+		hypothetical protein
FLDCORE|GCF_000185505.1|NZ_GL622359.1|1927251-1931675|+|WP_083798165.1,WP_242821869.1,WP_006599456.1,WP_006599457.1	C03_EXCLUDED_Pseudoramibacter_alactoly_GCF_000185505.1	GCF_000185505.1	Pseudoramibacter alactolyticus ATCC 23263	Had_Lineage	+	5	no	Other	WP_006599459.1	1932984	1933460	+		3'-5' exonuclease
FLDCORE|GCF_000185505.1|NZ_GL622359.1|1927251-1931675|+|WP_083798165.1,WP_242821869.1,WP_006599456.1,WP_006599457.1	C03_EXCLUDED_Pseudoramibacter_alactoly_GCF_000185505.1	GCF_000185505.1	Pseudoramibacter alactolyticus ATCC 23263	Had_Lineage	+	6	no	Other	WP_006599460.1	1933504	1933722	-		FAD-dependent oxidoreductase
FLDCORE|GCF_000185505.1|NZ_GL622359.1|1927251-1931675|+|WP_083798165.1,WP_242821869.1,WP_006599456.1,WP_006599457.1	C03_EXCLUDED_Pseudoramibacter_alactoly_GCF_000185505.1	GCF_000185505.1	Pseudoramibacter alactolyticus ATCC 23263	Had_Lineage	+	7	no	Other	WP_083798168.1	1933709	1934287	-		FAD-dependent oxidoreductase
FLDCORE|GCF_000185505.1|NZ_GL622359.1|1927251-1931675|+|WP_083798165.1,WP_242821869.1,WP_006599456.1,WP_006599457.1	C03_EXCLUDED_Pseudoramibacter_alactoly_GCF_000185505.1	GCF_000185505.1	Pseudoramibacter alactolyticus ATCC 23263	Had_Lineage	+	8	no	Other	WP_006599463.1	1934395	1935390	-		4-hydroxythreonine-4-phosphate dehydrogenase PdxA
FLDCORE|GCF_000185505.1|NZ_GL622359.1|1927251-1931675|+|WP_083798165.1,WP_242821869.1,WP_006599456.1,WP_006599457.1	C03_EXCLUDED_Pseudoramibacter_alactoly_GCF_000185505.1	GCF_000185505.1	Pseudoramibacter alactolyticus ATCC 23263	Had_Lineage	+	9	no	Other	WP_006599464.1	1935434	1936741	-		four-carbon acid sugar kinase family protein
FLDCORE|GCF_000185505.1|NZ_GL622359.1|1927251-1931675|+|WP_083798165.1,WP_242821869.1,WP_006599456.1,WP_006599457.1	C03_EXCLUDED_Pseudoramibacter_alactoly_GCF_000185505.1	GCF_000185505.1	Pseudoramibacter alactolyticus ATCC 23263	Had_Lineage	+	10	no	Other	WP_040640029.1	1937028	1937852	+		hypothetical protein
FLDCORE|GCF_000185505.1|NZ_GL622359.1|1927251-1931675|+|WP_083798165.1,WP_242821869.1,WP_006599456.1,WP_006599457.1	C03_EXCLUDED_Pseudoramibacter_alactoly_GCF_000185505.1	GCF_000185505.1	Pseudoramibacter alactolyticus ATCC 23263	Had_Lineage	+	11	no	Other	WP_006599466.1	1937901	1938548	+		cyclase family protein
FLDCORE|GCF_000185505.1|NZ_GL622359.1|1927251-1931675|+|WP_083798165.1,WP_242821869.1,WP_006599456.1,WP_006599457.1	C03_EXCLUDED_Pseudoramibacter_alactoly_GCF_000185505.1	GCF_000185505.1	Pseudoramibacter alactolyticus ATCC 23263	Had_Lineage	+	12	no	Other	WP_006599467.1	1938673	1940019	+		RuBisCO large subunit C-terminal-like domain-containing protein
FLDCORE|GCF_000185505.1|NZ_GL622359.1|1927251-1931675|+|WP_083798165.1,WP_242821869.1,WP_006599456.1,WP_006599457.1	C03_EXCLUDED_Pseudoramibacter_alactoly_GCF_000185505.1	GCF_000185505.1	Pseudoramibacter alactolyticus ATCC 23263	Had_Lineage	+	13	no	Other	WP_006599468.1	1940141	1940755	+		histidine phosphatase family protein
FLDCORE|GCF_000383295.1|NZ_KB911067.1|135117-139552|-|WP_020072421.1,WP_020072420.1,WP_020072419.1,WP_020072418.1	C04_EXCLUDED_Faecalispora_sporosphaero_GCF_000383295.1	GCF_000383295.1	Faecalispora sporosphaeroides DSM 1294	Had_Lineage	-	13	no	Other	WP_020072408.1	124510	125508	+		ribokinase
FLDCORE|GCF_000383295.1|NZ_KB911067.1|135117-139552|-|WP_020072421.1,WP_020072420.1,WP_020072419.1,WP_020072418.1	C04_EXCLUDED_Faecalispora_sporosphaero_GCF_000383295.1	GCF_000383295.1	Faecalispora sporosphaeroides DSM 1294	Had_Lineage	-	12	no	Other	WP_020072409.1	125524	126138	+		KpsF/GutQ family sugar-phosphate isomerase
FLDCORE|GCF_000383295.1|NZ_KB911067.1|135117-139552|-|WP_020072421.1,WP_020072420.1,WP_020072419.1,WP_020072418.1	C04_EXCLUDED_Faecalispora_sporosphaero_GCF_000383295.1	GCF_000383295.1	Faecalispora sporosphaeroides DSM 1294	Had_Lineage	-	11	no	Other	WP_020072410.1	126154	126558	+		RbsD/FucU domain-containing protein
FLDCORE|GCF_000383295.1|NZ_KB911067.1|135117-139552|-|WP_020072421.1,WP_020072420.1,WP_020072419.1,WP_020072418.1	C04_EXCLUDED_Faecalispora_sporosphaero_GCF_000383295.1	GCF_000383295.1	Faecalispora sporosphaeroides DSM 1294	Had_Lineage	-	10	no	Other	WP_020072411.1	126820	127542	-		phosphatase
FLDCORE|GCF_000383295.1|NZ_KB911067.1|135117-139552|-|WP_020072421.1,WP_020072420.1,WP_020072419.1,WP_020072418.1	C04_EXCLUDED_Faecalispora_sporosphaero_GCF_000383295.1	GCF_000383295.1	Faecalispora sporosphaeroides DSM 1294	Had_Lineage	-	9	no	Other	WP_020072412.1	127539	128576	-		ABC transporter ATP-binding protein
FLDCORE|GCF_000383295.1|NZ_KB911067.1|135117-139552|-|WP_020072421.1,WP_020072420.1,WP_020072419.1,WP_020072418.1	C04_EXCLUDED_Faecalispora_sporosphaero_GCF_000383295.1	GCF_000383295.1	Faecalispora sporosphaeroides DSM 1294	Had_Lineage	-	8	no	Other	WP_020072413.1	128573	130303	-		ABC transporter permease
FLDCORE|GCF_000383295.1|NZ_KB911067.1|135117-139552|-|WP_020072421.1,WP_020072420.1,WP_020072419.1,WP_020072418.1	C04_EXCLUDED_Faecalispora_sporosphaero_GCF_000383295.1	GCF_000383295.1	Faecalispora sporosphaeroides DSM 1294	Had_Lineage	-	7	no	Other	WP_020072414.1	130364	131428	-		ABC transporter substrate-binding protein
FLDCORE|GCF_000383295.1|NZ_KB911067.1|135117-139552|-|WP_020072421.1,WP_020072420.1,WP_020072419.1,WP_020072418.1	C04_EXCLUDED_Faecalispora_sporosphaero_GCF_000383295.1	GCF_000383295.1	Faecalispora sporosphaeroides DSM 1294	Had_Lineage	-	6	no	Other	WP_020072415.1	131430	132209	-		sugar phosphate isomerase/epimerase family protein
FLDCORE|GCF_000383295.1|NZ_KB911067.1|135117-139552|-|WP_020072421.1,WP_020072420.1,WP_020072419.1,WP_020072418.1	C04_EXCLUDED_Faecalispora_sporosphaero_GCF_000383295.1	GCF_000383295.1	Faecalispora sporosphaeroides DSM 1294	Had_Lineage	-	5	no	Other	WP_020072416.1	132376	133218	+		MurR/RpiR family transcriptional regulator
FLDCORE|GCF_000383295.1|NZ_KB911067.1|135117-139552|-|WP_020072421.1,WP_020072420.1,WP_020072419.1,WP_020072418.1	C04_EXCLUDED_Faecalispora_sporosphaero_GCF_000383295.1	GCF_000383295.1	Faecalispora sporosphaeroides DSM 1294	Had_Lineage	-	4	no	Other	WP_020072417.1	133560	135008	-		sigma-54 interaction domain-containing protein
FLDCORE|GCF_000383295.1|NZ_KB911067.1|135117-139552|-|WP_020072421.1,WP_020072420.1,WP_020072419.1,WP_020072418.1	C04_EXCLUDED_Faecalispora_sporosphaero_GCF_000383295.1	GCF_000383295.1	Faecalispora sporosphaeroides DSM 1294	Had_Lineage	-	3	yes	FldC	WP_020072418.1	135117	136244	-	PF06050	2-hydroxyacyl-CoA dehydratase subunit D
FLDCORE|GCF_000383295.1|NZ_KB911067.1|135117-139552|-|WP_020072421.1,WP_020072420.1,WP_020072419.1,WP_020072418.1	C04_EXCLUDED_Faecalispora_sporosphaero_GCF_000383295.1	GCF_000383295.1	Faecalispora sporosphaeroides DSM 1294	Had_Lineage	-	2	yes	FldB	WP_020072419.1	136237	137532	-	PF06050	2-hydroxyacyl-CoA dehydratase subunit D
FLDCORE|GCF_000383295.1|NZ_KB911067.1|135117-139552|-|WP_020072421.1,WP_020072420.1,WP_020072419.1,WP_020072418.1	C04_EXCLUDED_Faecalispora_sporosphaero_GCF_000383295.1	GCF_000383295.1	Faecalispora sporosphaeroides DSM 1294	Had_Lineage	-	1	yes	FldI	WP_020072420.1	137538	138323	-	PF01869	acyl-CoA dehydratase activase
FLDCORE|GCF_000383295.1|NZ_KB911067.1|135117-139552|-|WP_020072421.1,WP_020072420.1,WP_020072419.1,WP_020072418.1	C04_EXCLUDED_Faecalispora_sporosphaero_GCF_000383295.1	GCF_000383295.1	Faecalispora sporosphaeroides DSM 1294	Had_Lineage	-	0	yes	FldA	WP_020072421.1	138350	139552	-	PF02515	CaiB/BaiF CoA transferase family protein
FLDCORE|GCF_000383295.1|NZ_KB911067.1|135117-139552|-|WP_020072421.1,WP_020072420.1,WP_020072419.1,WP_020072418.1	C04_EXCLUDED_Faecalispora_sporosphaero_GCF_000383295.1	GCF_000383295.1	Faecalispora sporosphaeroides DSM 1294	Had_Lineage	-	-1	no	Other	WP_027103857.1	139635	140417	-		enoyl-CoA hydratase/isomerase family protein
FLDCORE|GCF_000383295.1|NZ_KB911067.1|135117-139552|-|WP_020072421.1,WP_020072420.1,WP_020072419.1,WP_020072418.1	C04_EXCLUDED_Faecalispora_sporosphaero_GCF_000383295.1	GCF_000383295.1	Faecalispora sporosphaeroides DSM 1294	Had_Lineage	-	-2	no	Other	WP_020072424.1	141047	142240	+		thiolase family protein
FLDCORE|GCF_000383295.1|NZ_KB911067.1|135117-139552|-|WP_020072421.1,WP_020072420.1,WP_020072419.1,WP_020072418.1	C04_EXCLUDED_Faecalispora_sporosphaero_GCF_000383295.1	GCF_000383295.1	Faecalispora sporosphaeroides DSM 1294	Had_Lineage	-	-3	no	Other	WP_020072425.1	142282	143175	+		3-hydroxyacyl-CoA dehydrogenase family protein
FLDCORE|GCF_000383295.1|NZ_KB911067.1|135117-139552|-|WP_020072421.1,WP_020072420.1,WP_020072419.1,WP_020072418.1	C04_EXCLUDED_Faecalispora_sporosphaero_GCF_000383295.1	GCF_000383295.1	Faecalispora sporosphaeroides DSM 1294	Had_Lineage	-	-4	no	Other	WP_154653090.1	143295	143477	+		hypothetical protein
FLDCORE|GCF_000383295.1|NZ_KB911067.1|135117-139552|-|WP_020072421.1,WP_020072420.1,WP_020072419.1,WP_020072418.1	C04_EXCLUDED_Faecalispora_sporosphaero_GCF_000383295.1	GCF_000383295.1	Faecalispora sporosphaeroides DSM 1294	Had_Lineage	-	-5	no	Other	WP_020072426.1	143480	144661	+		hypothetical protein
FLDCORE|GCF_000383295.1|NZ_KB911067.1|135117-139552|-|WP_020072421.1,WP_020072420.1,WP_020072419.1,WP_020072418.1	C04_EXCLUDED_Faecalispora_sporosphaero_GCF_000383295.1	GCF_000383295.1	Faecalispora sporosphaeroides DSM 1294	Had_Lineage	-	-6	no	Other	WP_020072427.1	145083	146522	-		aminoacyl-histidine dipeptidase
FLDCORE|GCF_000383295.1|NZ_KB911067.1|135117-139552|-|WP_020072421.1,WP_020072420.1,WP_020072419.1,WP_020072418.1	C04_EXCLUDED_Faecalispora_sporosphaero_GCF_000383295.1	GCF_000383295.1	Faecalispora sporosphaeroides DSM 1294	Had_Lineage	-	-7	no	Other	WP_020072428.1	146744	147085	-		PqqD family protein
FLDCORE|GCF_000383295.1|NZ_KB911067.1|135117-139552|-|WP_020072421.1,WP_020072420.1,WP_020072419.1,WP_020072418.1	C04_EXCLUDED_Faecalispora_sporosphaero_GCF_000383295.1	GCF_000383295.1	Faecalispora sporosphaeroides DSM 1294	Had_Lineage	-	-8	no	Other	WP_020072429.1	147155	149056	-		OPT family oligopeptide transporter
FLDCORE|GCF_000383295.1|NZ_KB911067.1|135117-139552|-|WP_020072421.1,WP_020072420.1,WP_020072419.1,WP_020072418.1	C04_EXCLUDED_Faecalispora_sporosphaero_GCF_000383295.1	GCF_000383295.1	Faecalispora sporosphaeroides DSM 1294	Had_Lineage	-	-9	no	Other	WP_154653092.1	149329	149724	+		hypothetical protein
FLDCORE|GCF_000383295.1|NZ_KB911067.1|135117-139552|-|WP_020072421.1,WP_020072420.1,WP_020072419.1,WP_020072418.1	C04_EXCLUDED_Faecalispora_sporosphaero_GCF_000383295.1	GCF_000383295.1	Faecalispora sporosphaeroides DSM 1294	Had_Lineage	-	-10	no	Other	WP_020072431.1	149690	151048	-		CitMHS family transporter
FLDCORE|GCF_000423525.1|NZ_AUID01000019.1|17613-21989|+|WP_028829739.1,WP_028829740.1,WP_028829741.1,WP_036931817.1	C05_EXCLUDED_Proteocatella_sphenisci_D_GCF_000423525.1	GCF_000423525.1	Proteocatella sphenisci DSM 23131	Had_Lineage	+	-10	no	Other	WP_028829730.1	6275	7567	+		patatin-like phospholipase family protein
FLDCORE|GCF_000423525.1|NZ_AUID01000019.1|17613-21989|+|WP_028829739.1,WP_028829740.1,WP_028829741.1,WP_036931817.1	C05_EXCLUDED_Proteocatella_sphenisci_D_GCF_000423525.1	GCF_000423525.1	Proteocatella sphenisci DSM 23131	Had_Lineage	+	-9	no	Other	WP_036931816.1	8087	8902	+		transporter substrate-binding domain-containing protein
FLDCORE|GCF_000423525.1|NZ_AUID01000019.1|17613-21989|+|WP_028829739.1,WP_028829740.1,WP_028829741.1,WP_036931817.1	C05_EXCLUDED_Proteocatella_sphenisci_D_GCF_000423525.1	GCF_000423525.1	Proteocatella sphenisci DSM 23131	Had_Lineage	+	-8	no	Other	WP_028829732.1	8920	9570	+		amino acid ABC transporter permease
FLDCORE|GCF_000423525.1|NZ_AUID01000019.1|17613-21989|+|WP_028829739.1,WP_028829740.1,WP_028829741.1,WP_036931817.1	C05_EXCLUDED_Proteocatella_sphenisci_D_GCF_000423525.1	GCF_000423525.1	Proteocatella sphenisci DSM 23131	Had_Lineage	+	-7	no	Other	WP_028829733.1	9563	10285	+		amino acid ABC transporter ATP-binding protein
FLDCORE|GCF_000423525.1|NZ_AUID01000019.1|17613-21989|+|WP_028829739.1,WP_028829740.1,WP_028829741.1,WP_036931817.1	C05_EXCLUDED_Proteocatella_sphenisci_D_GCF_000423525.1	GCF_000423525.1	Proteocatella sphenisci DSM 23131	Had_Lineage	+	-6	no	Other	WP_028829734.1	10303	11571	+		nickel-dependent lactate racemase family protein
FLDCORE|GCF_000423525.1|NZ_AUID01000019.1|17613-21989|+|WP_028829739.1,WP_028829740.1,WP_028829741.1,WP_036931817.1	C05_EXCLUDED_Proteocatella_sphenisci_D_GCF_000423525.1	GCF_000423525.1	Proteocatella sphenisci DSM 23131	Had_Lineage	+	-5	no	Other	WP_028829735.1	11603	12760	+		aminotransferase class I/II-fold pyridoxal phosphate-dependent enzyme
FLDCORE|GCF_000423525.1|NZ_AUID01000019.1|17613-21989|+|WP_028829739.1,WP_028829740.1,WP_028829741.1,WP_036931817.1	C05_EXCLUDED_Proteocatella_sphenisci_D_GCF_000423525.1	GCF_000423525.1	Proteocatella sphenisci DSM 23131	Had_Lineage	+	-4	no	Other	WP_028829736.1	12862	13668	+		carbon-nitrogen hydrolase family protein
FLDCORE|GCF_000423525.1|NZ_AUID01000019.1|17613-21989|+|WP_028829739.1,WP_028829740.1,WP_028829741.1,WP_036931817.1	C05_EXCLUDED_Proteocatella_sphenisci_D_GCF_000423525.1	GCF_000423525.1	Proteocatella sphenisci DSM 23131	Had_Lineage	+	-3	no	Other	WP_028829737.1	13740	14420	+		DUF554 domain-containing protein
FLDCORE|GCF_000423525.1|NZ_AUID01000019.1|17613-21989|+|WP_028829739.1,WP_028829740.1,WP_028829741.1,WP_036931817.1	C05_EXCLUDED_Proteocatella_sphenisci_D_GCF_000423525.1	GCF_000423525.1	Proteocatella sphenisci DSM 23131	Had_Lineage	+	-2	no	Other	WP_028829738.1	14448	16157	+		sigma-54 interaction domain-containing protein
FLDCORE|GCF_000423525.1|NZ_AUID01000019.1|17613-21989|+|WP_028829739.1,WP_028829740.1,WP_028829741.1,WP_036931817.1	C05_EXCLUDED_Proteocatella_sphenisci_D_GCF_000423525.1	GCF_000423525.1	Proteocatella sphenisci DSM 23131	Had_Lineage	+	-1	no	Other	WP_036931820.1	16408	17535	+		YkvI family membrane protein
FLDCORE|GCF_000423525.1|NZ_AUID01000019.1|17613-21989|+|WP_028829739.1,WP_028829740.1,WP_028829741.1,WP_036931817.1	C05_EXCLUDED_Proteocatella_sphenisci_D_GCF_000423525.1	GCF_000423525.1	Proteocatella sphenisci DSM 23131	Had_Lineage	+	0	yes	FldA	WP_028829739.1	17613	18824	+	PF02515	CaiB/BaiF CoA transferase family protein
FLDCORE|GCF_000423525.1|NZ_AUID01000019.1|17613-21989|+|WP_028829739.1,WP_028829740.1,WP_028829741.1,WP_036931817.1	C05_EXCLUDED_Proteocatella_sphenisci_D_GCF_000423525.1	GCF_000423525.1	Proteocatella sphenisci DSM 23131	Had_Lineage	+	1	yes	FldI	WP_028829740.1	18848	19627	+	PF01869	acyl-CoA dehydratase activase
FLDCORE|GCF_000423525.1|NZ_AUID01000019.1|17613-21989|+|WP_028829739.1,WP_028829740.1,WP_028829741.1,WP_036931817.1	C05_EXCLUDED_Proteocatella_sphenisci_D_GCF_000423525.1	GCF_000423525.1	Proteocatella sphenisci DSM 23131	Had_Lineage	+	2	yes	FldB	WP_028829741.1	19639	20862	+	PF06050	(R)-2-hydroxyisocaproyl-CoA dehydratase subunit alpha
FLDCORE|GCF_000423525.1|NZ_AUID01000019.1|17613-21989|+|WP_028829739.1,WP_028829740.1,WP_028829741.1,WP_036931817.1	C05_EXCLUDED_Proteocatella_sphenisci_D_GCF_000423525.1	GCF_000423525.1	Proteocatella sphenisci DSM 23131	Had_Lineage	+	3	yes	FldC	WP_036931817.1	20862	21989	+	PF06050	2-hydroxyacyl-CoA dehydratase subunit D
FLDCORE|GCF_000423525.1|NZ_AUID01000019.1|17613-21989|+|WP_028829739.1,WP_028829740.1,WP_028829741.1,WP_036931817.1	C05_EXCLUDED_Proteocatella_sphenisci_D_GCF_000423525.1	GCF_000423525.1	Proteocatella sphenisci DSM 23131	Had_Lineage	+	4	no	AcdA	WP_028829743.1	22048	23181	+	PF00441;PF02770;PF02771	putative isocaproyl-CoA dehydrogenase AcdB
FLDCORE|GCF_000423525.1|NZ_AUID01000019.1|17613-21989|+|WP_028829739.1,WP_028829740.1,WP_028829741.1,WP_036931817.1	C05_EXCLUDED_Proteocatella_sphenisci_D_GCF_000423525.1	GCF_000423525.1	Proteocatella sphenisci DSM 23131	Had_Lineage	+	5	no	EtfB	WP_028829744.1	23202	23990	+	PF01012	electron transfer flavoprotein subunit beta
FLDCORE|GCF_000423525.1|NZ_AUID01000019.1|17613-21989|+|WP_028829739.1,WP_028829740.1,WP_028829741.1,WP_036931817.1	C05_EXCLUDED_Proteocatella_sphenisci_D_GCF_000423525.1	GCF_000423525.1	Proteocatella sphenisci DSM 23131	Had_Lineage	+	6	no	EtfA	WP_028829745.1	24020	25033	+	PF00766;PF01012	electron transfer flavoprotein subunit alpha/FixB family protein
FLDCORE|GCF_000423525.1|NZ_AUID01000019.1|17613-21989|+|WP_028829739.1,WP_028829740.1,WP_028829741.1,WP_036931817.1	C05_EXCLUDED_Proteocatella_sphenisci_D_GCF_000423525.1	GCF_000423525.1	Proteocatella sphenisci DSM 23131	Had_Lineage	+	7	no	FldH	WP_028829746.1	25203	26198	+	PF00389;PF02826	D-2-hydroxyacid dehydrogenase
FLDCORE|GCF_000423525.1|NZ_AUID01000019.1|17613-21989|+|WP_028829739.1,WP_028829740.1,WP_028829741.1,WP_036931817.1	C05_EXCLUDED_Proteocatella_sphenisci_D_GCF_000423525.1	GCF_000423525.1	Proteocatella sphenisci DSM 23131	Had_Lineage	+	8	no	Other	WP_028829747.1	26233	27537	+		branched-chain amino acid transport system II carrier protein
FLDCORE|GCF_000423525.1|NZ_AUID01000019.1|17613-21989|+|WP_028829739.1,WP_028829740.1,WP_028829741.1,WP_036931817.1	C05_EXCLUDED_Proteocatella_sphenisci_D_GCF_000423525.1	GCF_000423525.1	Proteocatella sphenisci DSM 23131	Had_Lineage	+	9	no	Other	WP_028829748.1	27585	28769	+		aminotransferase-like domain-containing protein
FLDCORE|GCF_000423525.1|NZ_AUID01000019.1|17613-21989|+|WP_028829739.1,WP_028829740.1,WP_028829741.1,WP_036931817.1	C05_EXCLUDED_Proteocatella_sphenisci_D_GCF_000423525.1	GCF_000423525.1	Proteocatella sphenisci DSM 23131	Had_Lineage	+	10	no	Other	WP_028829749.1	28919	32269	+		PD-(D/E)XK nuclease family protein
FLDCORE|GCF_000423525.1|NZ_AUID01000019.1|17613-21989|+|WP_028829739.1,WP_028829740.1,WP_028829741.1,WP_036931817.1	C05_EXCLUDED_Proteocatella_sphenisci_D_GCF_000423525.1	GCF_000423525.1	Proteocatella sphenisci DSM 23131	Had_Lineage	+	11	no	Other	WP_028829750.1	32262	35864	+		helicase-exonuclease AddAB subunit AddA
FLDCORE|GCF_000423525.1|NZ_AUID01000019.1|17613-21989|+|WP_028829739.1,WP_028829740.1,WP_028829741.1,WP_036931817.1	C05_EXCLUDED_Proteocatella_sphenisci_D_GCF_000423525.1	GCF_000423525.1	Proteocatella sphenisci DSM 23131	Had_Lineage	+	12	no	Other	WP_028829751.1	35872	36714	-		hypothetical protein
FLDCORE|GCF_000423525.1|NZ_AUID01000019.1|17613-21989|+|WP_028829739.1,WP_028829740.1,WP_028829741.1,WP_036931817.1	C05_EXCLUDED_Proteocatella_sphenisci_D_GCF_000423525.1	GCF_000423525.1	Proteocatella sphenisci DSM 23131	Had_Lineage	+	13	no	Other	WP_028829752.1	36788	37963	+		ABC transporter substrate-binding protein
FLDCORE|GCF_000620125.1|NZ_JHVL01000022.1|2054-6565|-|WP_026894888.1,WP_026894887.1,WP_026894886.1,WP_026894885.1	C06_HIGH_CONF_Clostridiisalibacter_pauc_GCF_000620125.1	GCF_000620125.1	Clostridiisalibacter paucivorans DSM 22131	Fld_Lineage	-	5	no	AcdA	WP_026894883.1	1	722	-	PF02770;PF02771	acyl-CoA dehydrogenase family protein
FLDCORE|GCF_000620125.1|NZ_JHVL01000022.1|2054-6565|-|WP_026894888.1,WP_026894887.1,WP_026894886.1,WP_026894885.1	C06_HIGH_CONF_Clostridiisalibacter_pauc_GCF_000620125.1	GCF_000620125.1	Clostridiisalibacter paucivorans DSM 22131	Fld_Lineage	-	4	no	Other	WP_026894884.1	833	1981	-		YkvI family membrane protein
FLDCORE|GCF_000620125.1|NZ_JHVL01000022.1|2054-6565|-|WP_026894888.1,WP_026894887.1,WP_026894886.1,WP_026894885.1	C06_HIGH_CONF_Clostridiisalibacter_pauc_GCF_000620125.1	GCF_000620125.1	Clostridiisalibacter paucivorans DSM 22131	Fld_Lineage	-	3	yes	FldC	WP_026894885.1	2054	3190	-	PF06050	2-hydroxyacyl-CoA dehydratase subunit D
FLDCORE|GCF_000620125.1|NZ_JHVL01000022.1|2054-6565|-|WP_026894888.1,WP_026894887.1,WP_026894886.1,WP_026894885.1	C06_HIGH_CONF_Clostridiisalibacter_pauc_GCF_000620125.1	GCF_000620125.1	Clostridiisalibacter paucivorans DSM 22131	Fld_Lineage	-	2	yes	FldB	WP_026894886.1	3190	4413	-	PF06050	2-hydroxyacyl-CoA dehydratase subunit D
FLDCORE|GCF_000620125.1|NZ_JHVL01000022.1|2054-6565|-|WP_026894888.1,WP_026894887.1,WP_026894886.1,WP_026894885.1	C06_HIGH_CONF_Clostridiisalibacter_pauc_GCF_000620125.1	GCF_000620125.1	Clostridiisalibacter paucivorans DSM 22131	Fld_Lineage	-	1	yes	FldI	WP_026894887.1	4452	5237	-	PF01869	acyl-CoA dehydratase activase
FLDCORE|GCF_000620125.1|NZ_JHVL01000022.1|2054-6565|-|WP_026894888.1,WP_026894887.1,WP_026894886.1,WP_026894885.1	C06_HIGH_CONF_Clostridiisalibacter_pauc_GCF_000620125.1	GCF_000620125.1	Clostridiisalibacter paucivorans DSM 22131	Fld_Lineage	-	0	yes	FldA	WP_026894888.1	5327	6565	-	PF02515	CaiB/BaiF CoA transferase family protein
FLDCORE|GCF_000620125.1|NZ_JHVL01000022.1|2054-6565|-|WP_026894888.1,WP_026894887.1,WP_026894886.1,WP_026894885.1	C06_HIGH_CONF_Clostridiisalibacter_pauc_GCF_000620125.1	GCF_000620125.1	Clostridiisalibacter paucivorans DSM 22131	Fld_Lineage	-	-1	no	Other	WP_026894889.1	6817	8448	-		AMP-binding protein
FLDCORE|GCF_000620125.1|NZ_JHVL01000022.1|2054-6565|-|WP_026894888.1,WP_026894887.1,WP_026894886.1,WP_026894885.1	C06_HIGH_CONF_Clostridiisalibacter_pauc_GCF_000620125.1	GCF_000620125.1	Clostridiisalibacter paucivorans DSM 22131	Fld_Lineage	-	-2	no	Other	WP_205687660.1	8843	10045	-		M20 family metallopeptidase
FLDCORE|GCF_000620125.1|NZ_JHVL01000022.1|2054-6565|-|WP_026894888.1,WP_026894887.1,WP_026894886.1,WP_026894885.1	C06_HIGH_CONF_Clostridiisalibacter_pauc_GCF_000620125.1	GCF_000620125.1	Clostridiisalibacter paucivorans DSM 22131	Fld_Lineage	-	-3	no	Other	WP_026894891.1	10136	10573	-		ACT domain-containing protein
FLDCORE|GCF_000620125.1|NZ_JHVL01000022.1|2054-6565|-|WP_026894888.1,WP_026894887.1,WP_026894886.1,WP_026894885.1	C06_HIGH_CONF_Clostridiisalibacter_pauc_GCF_000620125.1	GCF_000620125.1	Clostridiisalibacter paucivorans DSM 22131	Fld_Lineage	-	-4	no	Other	WP_250160325.1	10599	11489	-		homoserine kinase
FLDCORE|GCF_000620125.1|NZ_JHVL01000022.1|2054-6565|-|WP_026894888.1,WP_026894887.1,WP_026894886.1,WP_026894885.1	C06_HIGH_CONF_Clostridiisalibacter_pauc_GCF_000620125.1	GCF_000620125.1	Clostridiisalibacter paucivorans DSM 22131	Fld_Lineage	-	-5	no	Other	WP_026894893.1	11493	12974	-		threonine synthase
FLDCORE|GCF_000620125.1|NZ_JHVL01000022.1|2054-6565|-|WP_026894888.1,WP_026894887.1,WP_026894886.1,WP_026894885.1	C06_HIGH_CONF_Clostridiisalibacter_pauc_GCF_000620125.1	GCF_000620125.1	Clostridiisalibacter paucivorans DSM 22131	Fld_Lineage	-	-6	no	Other	WP_051531305.1	13175	14446	+		homoserine dehydrogenase
FLDCORE|GCF_000620125.1|NZ_JHVL01000022.1|2054-6565|-|WP_026894888.1,WP_026894887.1,WP_026894886.1,WP_026894885.1	C06_HIGH_CONF_Clostridiisalibacter_pauc_GCF_000620125.1	GCF_000620125.1	Clostridiisalibacter paucivorans DSM 22131	Fld_Lineage	-	-7	no	Other	WP_026894895.1	14473	15714	+		aspartate kinase
FLDCORE|GCF_000620125.1|NZ_JHVL01000022.1|2054-6565|-|WP_026894888.1,WP_026894887.1,WP_026894886.1,WP_026894885.1	C06_HIGH_CONF_Clostridiisalibacter_pauc_GCF_000620125.1	GCF_000620125.1	Clostridiisalibacter paucivorans DSM 22131	Fld_Lineage	-	-8	no	Other	WP_026894896.1	15813	17168	-		PFL family protein
FLDCORE|GCF_000620125.1|NZ_JHVL01000022.1|2054-6565|-|WP_026894888.1,WP_026894887.1,WP_026894886.1,WP_026894885.1	C06_HIGH_CONF_Clostridiisalibacter_pauc_GCF_000620125.1	GCF_000620125.1	Clostridiisalibacter paucivorans DSM 22131	Fld_Lineage	-	-9	no	Other	WP_026894897.1	17184	17453	-		ACT domain-containing protein
FLDCORE|GCF_000620125.1|NZ_JHVL01000022.1|2054-6565|-|WP_026894888.1,WP_026894887.1,WP_026894886.1,WP_026894885.1	C06_HIGH_CONF_Clostridiisalibacter_pauc_GCF_000620125.1	GCF_000620125.1	Clostridiisalibacter paucivorans DSM 22131	Fld_Lineage	-	-10	no	Other	WP_026894898.1	17563	18915	-		sodium-dependent transporter
FLDCORE|GCF_000699585.2|NZ_JJMM01000026.1|542137-546547|+|WP_038268258.1,WP_038268261.1,WP_038268264.1,WP_038268267.1	C07_EXCLUDED_Peptoclostridium_litorale_GCF_000699585.2	GCF_000699585.2	Peptoclostridium litorale DSM 5388	Fld_Lineage	+	-10	no	Other	WP_038268234.1	527961	529415	+		alanine/glycine:cation symporter family protein
FLDCORE|GCF_000699585.2|NZ_JJMM01000026.1|542137-546547|+|WP_038268258.1,WP_038268261.1,WP_038268264.1,WP_038268267.1	C07_EXCLUDED_Peptoclostridium_litorale_GCF_000699585.2	GCF_000699585.2	Peptoclostridium litorale DSM 5388	Fld_Lineage	+	-9	no	Other	WP_038268237.1	529576	530034	+		YbaK/EbsC family protein
FLDCORE|GCF_000699585.2|NZ_JJMM01000026.1|542137-546547|+|WP_038268258.1,WP_038268261.1,WP_038268264.1,WP_038268267.1	C07_EXCLUDED_Peptoclostridium_litorale_GCF_000699585.2	GCF_000699585.2	Peptoclostridium litorale DSM 5388	Fld_Lineage	+	-8	no	Other	WP_038268239.1	530133	532283	+		type IA DNA topoisomerase
FLDCORE|GCF_000699585.2|NZ_JJMM01000026.1|542137-546547|+|WP_038268258.1,WP_038268261.1,WP_038268264.1,WP_038268267.1	C07_EXCLUDED_Peptoclostridium_litorale_GCF_000699585.2	GCF_000699585.2	Peptoclostridium litorale DSM 5388	Fld_Lineage	+	-7	no	Other	WP_038268243.1	532414	533850	+		adenylosuccinate lyase
FLDCORE|GCF_000699585.2|NZ_JJMM01000026.1|542137-546547|+|WP_038268258.1,WP_038268261.1,WP_038268264.1,WP_038268267.1	C07_EXCLUDED_Peptoclostridium_litorale_GCF_000699585.2	GCF_000699585.2	Peptoclostridium litorale DSM 5388	Fld_Lineage	+	-6	no	Other	WP_038268246.1	534588	534788	+		cold-shock protein
FLDCORE|GCF_000699585.2|NZ_JJMM01000026.1|542137-546547|+|WP_038268258.1,WP_038268261.1,WP_038268264.1,WP_038268267.1	C07_EXCLUDED_Peptoclostridium_litorale_GCF_000699585.2	GCF_000699585.2	Peptoclostridium litorale DSM 5388	Fld_Lineage	+	-5	no	Other	WP_038268248.1	534926	535123	+		YwbE family protein
FLDCORE|GCF_000699585.2|NZ_JJMM01000026.1|542137-546547|+|WP_038268258.1,WP_038268261.1,WP_038268264.1,WP_038268267.1	C07_EXCLUDED_Peptoclostridium_litorale_GCF_000699585.2	GCF_000699585.2	Peptoclostridium litorale DSM 5388	Fld_Lineage	+	-4	no	Other	WP_038268249.1	535339	536526	-		pyridoxal phosphate-dependent aminotransferase
FLDCORE|GCF_000699585.2|NZ_JJMM01000026.1|542137-546547|+|WP_038268258.1,WP_038268261.1,WP_038268264.1,WP_038268267.1	C07_EXCLUDED_Peptoclostridium_litorale_GCF_000699585.2	GCF_000699585.2	Peptoclostridium litorale DSM 5388	Fld_Lineage	+	-3	no	FldH	WP_052636446.1	537359	538378	+	PF00389;PF02826	D-isomer specific 2-hydroxyacid dehydrogenase family protein
FLDCORE|GCF_000699585.2|NZ_JJMM01000026.1|542137-546547|+|WP_038268258.1,WP_038268261.1,WP_038268264.1,WP_038268267.1	C07_EXCLUDED_Peptoclostridium_litorale_GCF_000699585.2	GCF_000699585.2	Peptoclostridium litorale DSM 5388	Fld_Lineage	+	-2	no	Other	WP_038268252.1	538629	539954	+		branched-chain amino acid transport system II carrier protein
FLDCORE|GCF_000699585.2|NZ_JJMM01000026.1|542137-546547|+|WP_038268258.1,WP_038268261.1,WP_038268264.1,WP_038268267.1	C07_EXCLUDED_Peptoclostridium_litorale_GCF_000699585.2	GCF_000699585.2	Peptoclostridium litorale DSM 5388	Fld_Lineage	+	-1	no	Other	WP_038268255.1	540400	542031	+		AMP-binding protein
FLDCORE|GCF_000699585.2|NZ_JJMM01000026.1|542137-546547|+|WP_038268258.1,WP_038268261.1,WP_038268264.1,WP_038268267.1	C07_EXCLUDED_Peptoclostridium_litorale_GCF_000699585.2	GCF_000699585.2	Peptoclostridium litorale DSM 5388	Fld_Lineage	+	0	yes	FldA	WP_038268258.1	542137	543378	+	PF02515	CaiB/BaiF CoA transferase family protein
FLDCORE|GCF_000699585.2|NZ_JJMM01000026.1|542137-546547|+|WP_038268258.1,WP_038268261.1,WP_038268264.1,WP_038268267.1	C07_EXCLUDED_Peptoclostridium_litorale_GCF_000699585.2	GCF_000699585.2	Peptoclostridium litorale DSM 5388	Fld_Lineage	+	1	yes	FldI	WP_038268261.1	543378	544178	+	PF01869	acyl-CoA dehydratase activase
FLDCORE|GCF_000699585.2|NZ_JJMM01000026.1|542137-546547|+|WP_038268258.1,WP_038268261.1,WP_038268264.1,WP_038268267.1	C07_EXCLUDED_Peptoclostridium_litorale_GCF_000699585.2	GCF_000699585.2	Peptoclostridium litorale DSM 5388	Fld_Lineage	+	2	yes	FldB	WP_038268264.1	544194	545417	+	PF06050	2-hydroxyacyl-CoA dehydratase subunit D
FLDCORE|GCF_000699585.2|NZ_JJMM01000026.1|542137-546547|+|WP_038268258.1,WP_038268261.1,WP_038268264.1,WP_038268267.1	C07_EXCLUDED_Peptoclostridium_litorale_GCF_000699585.2	GCF_000699585.2	Peptoclostridium litorale DSM 5388	Fld_Lineage	+	3	yes	FldC	WP_038268267.1	545417	546547	+	PF06050	2-hydroxyacyl-CoA dehydratase subunit D
FLDCORE|GCF_000699585.2|NZ_JJMM01000026.1|542137-546547|+|WP_038268258.1,WP_038268261.1,WP_038268264.1,WP_038268267.1	C07_EXCLUDED_Peptoclostridium_litorale_GCF_000699585.2	GCF_000699585.2	Peptoclostridium litorale DSM 5388	Fld_Lineage	+	4	no	AcdA	WP_038268270.1	546707	547840	+	PF00441;PF02770;PF02771	acyl-CoA dehydrogenase
FLDCORE|GCF_000699585.2|NZ_JJMM01000026.1|542137-546547|+|WP_038268258.1,WP_038268261.1,WP_038268264.1,WP_038268267.1	C07_EXCLUDED_Peptoclostridium_litorale_GCF_000699585.2	GCF_000699585.2	Peptoclostridium litorale DSM 5388	Fld_Lineage	+	5	no	EtfB	WP_038268272.1	547884	548672	+	PF01012	electron transfer flavoprotein subunit beta
FLDCORE|GCF_000699585.2|NZ_JJMM01000026.1|542137-546547|+|WP_038268258.1,WP_038268261.1,WP_038268264.1,WP_038268267.1	C07_EXCLUDED_Peptoclostridium_litorale_GCF_000699585.2	GCF_000699585.2	Peptoclostridium litorale DSM 5388	Fld_Lineage	+	6	no	EtfA	WP_038268276.1	548698	549738	+	PF00766;PF01012	electron transfer flavoprotein subunit alpha/FixB family protein
FLDCORE|GCF_000699585.2|NZ_JJMM01000026.1|542137-546547|+|WP_038268258.1,WP_038268261.1,WP_038268264.1,WP_038268267.1	C07_EXCLUDED_Peptoclostridium_litorale_GCF_000699585.2	GCF_000699585.2	Peptoclostridium litorale DSM 5388	Fld_Lineage	+	7	no	AcdA	WP_038268279.1	549885	551018	+	PF00441;PF02770;PF02771	acyl-CoA dehydrogenase family protein
FLDCORE|GCF_000699585.2|NZ_JJMM01000026.1|542137-546547|+|WP_038268258.1,WP_038268261.1,WP_038268264.1,WP_038268267.1	C07_EXCLUDED_Peptoclostridium_litorale_GCF_000699585.2	GCF_000699585.2	Peptoclostridium litorale DSM 5388	Fld_Lineage	+	8	no	Other	WP_038268281.1	551148	551786	+		hypothetical protein
FLDCORE|GCF_000699585.2|NZ_JJMM01000026.1|542137-546547|+|WP_038268258.1,WP_038268261.1,WP_038268264.1,WP_038268267.1	C07_EXCLUDED_Peptoclostridium_litorale_GCF_000699585.2	GCF_000699585.2	Peptoclostridium litorale DSM 5388	Fld_Lineage	+	9	no	Other	WP_038268287.1	552280	552855	-		IS21-like element helper ATPase IstB
FLDCORE|GCF_000973705.1|NZ_CP009225.1|3708490-3712876|-|WP_003492346.1,WP_003492348.1,WP_003492352.1,WP_003492354.1	C08_HIGH_CONF_Clostridium_sporogenes_GCF_000973705.1	GCF_000973705.1	Clostridium sporogenes	Fld_Lineage	-	13	no	Other	WP_030036933.1	3697001	3697435	-		YaiI/YqxD family protein
FLDCORE|GCF_000973705.1|NZ_CP009225.1|3708490-3712876|-|WP_003492346.1,WP_003492348.1,WP_003492352.1,WP_003492354.1	C08_HIGH_CONF_Clostridium_sporogenes_GCF_000973705.1	GCF_000973705.1	Clostridium sporogenes	Fld_Lineage	-	12	no	Other	WP_033061348.1	3697446	3698798	-		glucose-6-phosphate isomerase
FLDCORE|GCF_000973705.1|NZ_CP009225.1|3708490-3712876|-|WP_003492346.1,WP_003492348.1,WP_003492352.1,WP_003492354.1	C08_HIGH_CONF_Clostridium_sporogenes_GCF_000973705.1	GCF_000973705.1	Clostridium sporogenes	Fld_Lineage	-	11	no	Other	WP_003387504.1	3698882	3699052	-		zinc-ribbon domain-containing protein
FLDCORE|GCF_000973705.1|NZ_CP009225.1|3708490-3712876|-|WP_003492346.1,WP_003492348.1,WP_003492352.1,WP_003492354.1	C08_HIGH_CONF_Clostridium_sporogenes_GCF_000973705.1	GCF_000973705.1	Clostridium sporogenes	Fld_Lineage	-	10	no	Other	WP_003492366.1	3699376	3700020	-		TetR/AcrR family transcriptional regulator
FLDCORE|GCF_000973705.1|NZ_CP009225.1|3708490-3712876|-|WP_003492346.1,WP_003492348.1,WP_003492352.1,WP_003492354.1	C08_HIGH_CONF_Clostridium_sporogenes_GCF_000973705.1	GCF_000973705.1	Clostridium sporogenes	Fld_Lineage	-	9	no	FldH	WP_003492365.1	3700553	3701557	+	PF00389;PF02826	D-2-hydroxyacid dehydrogenase
FLDCORE|GCF_000973705.1|NZ_CP009225.1|3708490-3712876|-|WP_003492346.1,WP_003492348.1,WP_003492352.1,WP_003492354.1	C08_HIGH_CONF_Clostridium_sporogenes_GCF_000973705.1	GCF_000973705.1	Clostridium sporogenes	Fld_Lineage	-	8	no	FldH	WP_003492363.1	3701737	3702732	-	PF00389;PF02826	D-isomer specific 2-hydroxyacid dehydrogenase family protein
FLDCORE|GCF_000973705.1|NZ_CP009225.1|3708490-3712876|-|WP_003492346.1,WP_003492348.1,WP_003492352.1,WP_003492354.1	C08_HIGH_CONF_Clostridium_sporogenes_GCF_000973705.1	GCF_000973705.1	Clostridium sporogenes	Fld_Lineage	-	7	no	Other	WP_003492360.1	3703788	3704963	-		hypothetical protein
FLDCORE|GCF_000973705.1|NZ_CP009225.1|3708490-3712876|-|WP_003492346.1,WP_003492348.1,WP_003492352.1,WP_003492354.1	C08_HIGH_CONF_Clostridium_sporogenes_GCF_000973705.1	GCF_000973705.1	Clostridium sporogenes	Fld_Lineage	-	6	no	EtfA	WP_003492359.1	3705170	3706366	-	PF00766;PF01012	electron transfer flavoprotein subunit alpha
FLDCORE|GCF_000973705.1|NZ_CP009225.1|3708490-3712876|-|WP_003492346.1,WP_003492348.1,WP_003492352.1,WP_003492354.1	C08_HIGH_CONF_Clostridium_sporogenes_GCF_000973705.1	GCF_000973705.1	Clostridium sporogenes	Fld_Lineage	-	5	no	EtfB	WP_003492357.1	3706384	3707178	-	PF01012	electron transfer flavoprotein subunit beta
FLDCORE|GCF_000973705.1|NZ_CP009225.1|3708490-3712876|-|WP_003492346.1,WP_003492348.1,WP_003492352.1,WP_003492354.1	C08_HIGH_CONF_Clostridium_sporogenes_GCF_000973705.1	GCF_000973705.1	Clostridium sporogenes	Fld_Lineage	-	4	no	AcdA	WP_003357672.1	3707191	3708324	-	PF00441;PF02770;PF02771	3-(aryl)acrylate reductase AcdA
FLDCORE|GCF_000973705.1|NZ_CP009225.1|3708490-3712876|-|WP_003492346.1,WP_003492348.1,WP_003492352.1,WP_003492354.1	C08_HIGH_CONF_Clostridium_sporogenes_GCF_000973705.1	GCF_000973705.1	Clostridium sporogenes	Fld_Lineage	-	3	yes	FldC	WP_003492354.1	3708490	3709614	-	PF06050	phenyllactyl-CoA dehydratase subunit FldC
FLDCORE|GCF_000973705.1|NZ_CP009225.1|3708490-3712876|-|WP_003492346.1,WP_003492348.1,WP_003492352.1,WP_003492354.1	C08_HIGH_CONF_Clostridium_sporogenes_GCF_000973705.1	GCF_000973705.1	Clostridium sporogenes	Fld_Lineage	-	2	yes	FldB	WP_003492352.1	3709616	3710839	-	PF06050	phenyllactyl-CoA dehydratase subunit FldB
FLDCORE|GCF_000973705.1|NZ_CP009225.1|3708490-3712876|-|WP_003492346.1,WP_003492348.1,WP_003492352.1,WP_003492354.1	C08_HIGH_CONF_Clostridium_sporogenes_GCF_000973705.1	GCF_000973705.1	Clostridium sporogenes	Fld_Lineage	-	1	yes	FldI	WP_003492348.1	3710844	3711638	-	PF01869	phenyllactyl-CoA dehydratase activase FldI
FLDCORE|GCF_000973705.1|NZ_CP009225.1|3708490-3712876|-|WP_003492346.1,WP_003492348.1,WP_003492352.1,WP_003492354.1	C08_HIGH_CONF_Clostridium_sporogenes_GCF_000973705.1	GCF_000973705.1	Clostridium sporogenes	Fld_Lineage	-	0	yes	FldA	WP_003492346.1	3711638	3712876	-	PF02515	3-(aryl)acryloyl-CoA:(R)-3-(aryl)lactate CoA-transferase FldA
FLDCORE|GCF_000973705.1|NZ_CP009225.1|3708490-3712876|-|WP_003492346.1,WP_003492348.1,WP_003492352.1,WP_003492354.1	C08_HIGH_CONF_Clostridium_sporogenes_GCF_000973705.1	GCF_000973705.1	Clostridium sporogenes	Fld_Lineage	-	-1	no	Other	WP_033061352.1	3712951	3714582	-		AMP-binding protein
FLDCORE|GCF_000973705.1|NZ_CP009225.1|3708490-3712876|-|WP_003492346.1,WP_003492348.1,WP_003492352.1,WP_003492354.1	C08_HIGH_CONF_Clostridium_sporogenes_GCF_000973705.1	GCF_000973705.1	Clostridium sporogenes	Fld_Lineage	-	-2	no	Other	WP_003492343.1	3715048	3716370	-		branched-chain amino acid transport system II carrier protein
FLDCORE|GCF_000973705.1|NZ_CP009225.1|3708490-3712876|-|WP_003492346.1,WP_003492348.1,WP_003492352.1,WP_003492354.1	C08_HIGH_CONF_Clostridium_sporogenes_GCF_000973705.1	GCF_000973705.1	Clostridium sporogenes	Fld_Lineage	-	-3	no	Other	WP_033061353.1	3716825	3718357	-		glutamine-hydrolyzing GMP synthase
FLDCORE|GCF_000973705.1|NZ_CP009225.1|3708490-3712876|-|WP_003492346.1,WP_003492348.1,WP_003492352.1,WP_003492354.1	C08_HIGH_CONF_Clostridium_sporogenes_GCF_000973705.1	GCF_000973705.1	Clostridium sporogenes	Fld_Lineage	-	-4	no	Other	WP_033061354.1	3718370	3719824	-		IMP dehydrogenase
FLDCORE|GCF_000973705.1|NZ_CP009225.1|3708490-3712876|-|WP_003492346.1,WP_003492348.1,WP_003492352.1,WP_003492354.1	C08_HIGH_CONF_Clostridium_sporogenes_GCF_000973705.1	GCF_000973705.1	Clostridium sporogenes	Fld_Lineage	-	-5	no	Other	WP_033061355.1	3720266	3721015	+		tRNA lysidine(34) synthetase
FLDCORE|GCF_000973705.1|NZ_CP009225.1|3708490-3712876|-|WP_003492346.1,WP_003492348.1,WP_003492352.1,WP_003492354.1	C08_HIGH_CONF_Clostridium_sporogenes_GCF_000973705.1	GCF_000973705.1	Clostridium sporogenes	Fld_Lineage	-	-6	no	Other	WP_003492339.1	3721088	3722713	-		chaperonin GroEL
FLDCORE|GCF_000973705.1|NZ_CP009225.1|3708490-3712876|-|WP_003492346.1,WP_003492348.1,WP_003492352.1,WP_003492354.1	C08_HIGH_CONF_Clostridium_sporogenes_GCF_000973705.1	GCF_000973705.1	Clostridium sporogenes	Fld_Lineage	-	-7	no	Other	WP_003483267.1	3722742	3723029	-		co-chaperone GroES
FLDCORE|GCF_000973705.1|NZ_CP009225.1|3708490-3712876|-|WP_003492346.1,WP_003492348.1,WP_003492352.1,WP_003492354.1	C08_HIGH_CONF_Clostridium_sporogenes_GCF_000973705.1	GCF_000973705.1	Clostridium sporogenes	Fld_Lineage	-	-8	no	Other	WP_040108714.1	3723345	3723989	+		TIGR01906 family membrane protein
FLDCORE|GCF_000973705.1|NZ_CP009225.1|3708490-3712876|-|WP_003492346.1,WP_003492348.1,WP_003492352.1,WP_003492354.1	C08_HIGH_CONF_Clostridium_sporogenes_GCF_000973705.1	GCF_000973705.1	Clostridium sporogenes	Fld_Lineage	-	-9	no	Other	WP_033061358.1	3723984	3724718	-		TVP38/TMEM64 family protein
FLDCORE|GCF_000973705.1|NZ_CP009225.1|3708490-3712876|-|WP_003492346.1,WP_003492348.1,WP_003492352.1,WP_003492354.1	C08_HIGH_CONF_Clostridium_sporogenes_GCF_000973705.1	GCF_000973705.1	Clostridium sporogenes	Fld_Lineage	-	-10	no	Other	WP_033061361.1	3724966	3726459	-		4Fe-4S dicluster domain-containing protein
FLDCORE|GCF_001006285.1|NZ_LBBT01000098.1|163-4565|+|WP_046822232.1,WP_021430301.1,WP_152650769.1,WP_046822234.1	C09_EXCLUDED_Paraclostridium_benzoelyt_GCF_001006285.1	GCF_001006285.1	Paraclostridium benzoelyticum	Had_Lineage	+	0	yes	FldA	WP_046822232.1	163	1395	+	PF02515	CaiB/BaiF CoA transferase family protein
FLDCORE|GCF_001006285.1|NZ_LBBT01000098.1|163-4565|+|WP_046822232.1,WP_021430301.1,WP_152650769.1,WP_046822234.1	C09_EXCLUDED_Paraclostridium_benzoelyt_GCF_001006285.1	GCF_001006285.1	Paraclostridium benzoelyticum	Had_Lineage	+	1	yes	FldI	WP_021430301.1	1417	2193	+	PF01869	acyl-CoA dehydratase activase
FLDCORE|GCF_001006285.1|NZ_LBBT01000098.1|163-4565|+|WP_046822232.1,WP_021430301.1,WP_152650769.1,WP_046822234.1	C09_EXCLUDED_Paraclostridium_benzoelyt_GCF_001006285.1	GCF_001006285.1	Paraclostridium benzoelyticum	Had_Lineage	+	2	yes	FldB	WP_152650769.1	2212	3438	+	PF06050	(R)-2-hydroxyisocaproyl-CoA dehydratase subunit alpha
FLDCORE|GCF_001006285.1|NZ_LBBT01000098.1|163-4565|+|WP_046822232.1,WP_021430301.1,WP_152650769.1,WP_046822234.1	C09_EXCLUDED_Paraclostridium_benzoelyt_GCF_001006285.1	GCF_001006285.1	Paraclostridium benzoelyticum	Had_Lineage	+	3	yes	FldC	WP_046822234.1	3438	4565	+	PF06050	(R)-2-hydroxyisocaproyl-CoA dehydratase subunit beta
FLDCORE|GCF_001006285.1|NZ_LBBT01000098.1|163-4565|+|WP_046822232.1,WP_021430301.1,WP_152650769.1,WP_046822234.1	C09_EXCLUDED_Paraclostridium_benzoelyt_GCF_001006285.1	GCF_001006285.1	Paraclostridium benzoelyticum	Had_Lineage	+	4	no	AcdA	WP_046822235.1	4701	5834	+	PF00441;PF02770;PF02771	putative isocaproyl-CoA dehydrogenase AcdB
FLDCORE|GCF_001006285.1|NZ_LBBT01000098.1|163-4565|+|WP_046822232.1,WP_021430301.1,WP_152650769.1,WP_046822234.1	C09_EXCLUDED_Paraclostridium_benzoelyt_GCF_001006285.1	GCF_001006285.1	Paraclostridium benzoelyticum	Had_Lineage	+	5	no	EtfB	WP_021430126.1	5883	6668	+	PF01012	electron transfer flavoprotein subunit beta
FLDCORE|GCF_001006285.1|NZ_LBBT01000098.1|163-4565|+|WP_046822232.1,WP_021430301.1,WP_152650769.1,WP_046822234.1	C09_EXCLUDED_Paraclostridium_benzoelyt_GCF_001006285.1	GCF_001006285.1	Paraclostridium benzoelyticum	Had_Lineage	+	6	no	EtfA	WP_046822236.1	6682	7734	+	PF00766;PF01012	electron transfer flavoprotein subunit alpha/FixB family protein
FLDCORE|GCF_001243045.1|NZ_LN849007.1|241574-245961|+|WP_050606555.1,WP_050606556.1,WP_050606557.1,WP_050606558.1	C10_HIGH_CONF_Clostridium_niameyense_GCF_001243045.1	GCF_001243045.1	Clostridium niameyense	Fld_Lineage	+	-10	no	Other	WP_050606545.1	228082	229569	+		4Fe-4S dicluster domain-containing protein
FLDCORE|GCF_001243045.1|NZ_LN849007.1|241574-245961|+|WP_050606555.1,WP_050606556.1,WP_050606557.1,WP_050606558.1	C10_HIGH_CONF_Clostridium_niameyense_GCF_001243045.1	GCF_001243045.1	Clostridium niameyense	Fld_Lineage	+	-9	no	Other	WP_129582112.1	229739	230467	+		TVP38/TMEM64 family protein
FLDCORE|GCF_001243045.1|NZ_LN849007.1|241574-245961|+|WP_050606555.1,WP_050606556.1,WP_050606557.1,WP_050606558.1	C10_HIGH_CONF_Clostridium_niameyense_GCF_001243045.1	GCF_001243045.1	Clostridium niameyense	Fld_Lineage	+	-8	no	Other	WP_050606547.1	230488	231141	-		TIGR01906 family membrane protein
FLDCORE|GCF_001243045.1|NZ_LN849007.1|241574-245961|+|WP_050606555.1,WP_050606556.1,WP_050606557.1,WP_050606558.1	C10_HIGH_CONF_Clostridium_niameyense_GCF_001243045.1	GCF_001243045.1	Clostridium niameyense	Fld_Lineage	+	-7	no	Other	WP_050606548.1	231441	231728	+		co-chaperone GroES
FLDCORE|GCF_001243045.1|NZ_LN849007.1|241574-245961|+|WP_050606555.1,WP_050606556.1,WP_050606557.1,WP_050606558.1	C10_HIGH_CONF_Clostridium_niameyense_GCF_001243045.1	GCF_001243045.1	Clostridium niameyense	Fld_Lineage	+	-6	no	Other	WP_050606549.1	231756	233381	+		chaperonin GroEL
FLDCORE|GCF_001243045.1|NZ_LN849007.1|241574-245961|+|WP_050606555.1,WP_050606556.1,WP_050606557.1,WP_050606558.1	C10_HIGH_CONF_Clostridium_niameyense_GCF_001243045.1	GCF_001243045.1	Clostridium niameyense	Fld_Lineage	+	-5	no	Other	WP_050606550.1	233437	234174	-		tRNA lysidine(34) synthetase
FLDCORE|GCF_001243045.1|NZ_LN849007.1|241574-245961|+|WP_050606555.1,WP_050606556.1,WP_050606557.1,WP_050606558.1	C10_HIGH_CONF_Clostridium_niameyense_GCF_001243045.1	GCF_001243045.1	Clostridium niameyense	Fld_Lineage	+	-4	no	Other	WP_050606551.1	234614	236068	+		IMP dehydrogenase
FLDCORE|GCF_001243045.1|NZ_LN849007.1|241574-245961|+|WP_050606555.1,WP_050606556.1,WP_050606557.1,WP_050606558.1	C10_HIGH_CONF_Clostridium_niameyense_GCF_001243045.1	GCF_001243045.1	Clostridium niameyense	Fld_Lineage	+	-3	no	Other	WP_050606552.1	236080	237612	+		glutamine-hydrolyzing GMP synthase
FLDCORE|GCF_001243045.1|NZ_LN849007.1|241574-245961|+|WP_050606555.1,WP_050606556.1,WP_050606557.1,WP_050606558.1	C10_HIGH_CONF_Clostridium_niameyense_GCF_001243045.1	GCF_001243045.1	Clostridium niameyense	Fld_Lineage	+	-2	no	Other	WP_050606553.1	238095	239408	+		branched-chain amino acid transport system II carrier protein
FLDCORE|GCF_001243045.1|NZ_LN849007.1|241574-245961|+|WP_050606555.1,WP_050606556.1,WP_050606557.1,WP_050606558.1	C10_HIGH_CONF_Clostridium_niameyense_GCF_001243045.1	GCF_001243045.1	Clostridium niameyense	Fld_Lineage	+	-1	no	Other	WP_050606554.1	239784	241391	+		AMP-binding protein
FLDCORE|GCF_001243045.1|NZ_LN849007.1|241574-245961|+|WP_050606555.1,WP_050606556.1,WP_050606557.1,WP_050606558.1	C10_HIGH_CONF_Clostridium_niameyense_GCF_001243045.1	GCF_001243045.1	Clostridium niameyense	Fld_Lineage	+	0	yes	FldA	WP_050606555.1	241574	242812	+	PF02515	3-(aryl)acryloyl-CoA:(R)-3-(aryl)lactate CoA-transferase FldA
FLDCORE|GCF_001243045.1|NZ_LN849007.1|241574-245961|+|WP_050606555.1,WP_050606556.1,WP_050606557.1,WP_050606558.1	C10_HIGH_CONF_Clostridium_niameyense_GCF_001243045.1	GCF_001243045.1	Clostridium niameyense	Fld_Lineage	+	1	yes	FldI	WP_050606556.1	242812	243606	+	PF01869	phenyllactyl-CoA dehydratase activase FldI
FLDCORE|GCF_001243045.1|NZ_LN849007.1|241574-245961|+|WP_050606555.1,WP_050606556.1,WP_050606557.1,WP_050606558.1	C10_HIGH_CONF_Clostridium_niameyense_GCF_001243045.1	GCF_001243045.1	Clostridium niameyense	Fld_Lineage	+	2	yes	FldB	WP_050606557.1	243612	244835	+	PF06050	phenyllactyl-CoA dehydratase subunit FldB
FLDCORE|GCF_001243045.1|NZ_LN849007.1|241574-245961|+|WP_050606555.1,WP_050606556.1,WP_050606557.1,WP_050606558.1	C10_HIGH_CONF_Clostridium_niameyense_GCF_001243045.1	GCF_001243045.1	Clostridium niameyense	Fld_Lineage	+	3	yes	FldC	WP_050606558.1	244837	245961	+	PF06050	phenyllactyl-CoA dehydratase subunit FldC
FLDCORE|GCF_001243045.1|NZ_LN849007.1|241574-245961|+|WP_050606555.1,WP_050606556.1,WP_050606557.1,WP_050606558.1	C10_HIGH_CONF_Clostridium_niameyense_GCF_001243045.1	GCF_001243045.1	Clostridium niameyense	Fld_Lineage	+	4	no	AcdA	WP_050606559.1	246099	247232	+	PF00441;PF02770;PF02771	acyl-CoA dehydrogenase family protein
FLDCORE|GCF_001243045.1|NZ_LN849007.1|241574-245961|+|WP_050606555.1,WP_050606556.1,WP_050606557.1,WP_050606558.1	C10_HIGH_CONF_Clostridium_niameyense_GCF_001243045.1	GCF_001243045.1	Clostridium niameyense	Fld_Lineage	+	5	no	EtfB	WP_050606560.1	247245	248039	+	PF01012	electron transfer flavoprotein subunit beta
FLDCORE|GCF_001243045.1|NZ_LN849007.1|241574-245961|+|WP_050606555.1,WP_050606556.1,WP_050606557.1,WP_050606558.1	C10_HIGH_CONF_Clostridium_niameyense_GCF_001243045.1	GCF_001243045.1	Clostridium niameyense	Fld_Lineage	+	6	no	EtfA	WP_050606561.1	248057	249259	+	PF00766;PF01012	electron transfer flavoprotein subunit alpha
FLDCORE|GCF_001243045.1|NZ_LN849007.1|241574-245961|+|WP_050606555.1,WP_050606556.1,WP_050606557.1,WP_050606558.1	C10_HIGH_CONF_Clostridium_niameyense_GCF_001243045.1	GCF_001243045.1	Clostridium niameyense	Fld_Lineage	+	7	no	Other	WP_129582113.1	249417	250553	+		YkvI family membrane protein
FLDCORE|GCF_001243045.1|NZ_LN849007.1|241574-245961|+|WP_050606555.1,WP_050606556.1,WP_050606557.1,WP_050606558.1	C10_HIGH_CONF_Clostridium_niameyense_GCF_001243045.1	GCF_001243045.1	Clostridium niameyense	Fld_Lineage	+	8	no	FldH	WP_050606563.1	251109	252098	+	PF00389;PF02826	D-isomer specific 2-hydroxyacid dehydrogenase family protein
FLDCORE|GCF_001243045.1|NZ_LN849007.1|241574-245961|+|WP_050606555.1,WP_050606556.1,WP_050606557.1,WP_050606558.1	C10_HIGH_CONF_Clostridium_niameyense_GCF_001243045.1	GCF_001243045.1	Clostridium niameyense	Fld_Lineage	+	9	no	Other	WP_050606564.1	252269	252568	+		DUF4491 family protein
FLDCORE|GCF_001243045.1|NZ_LN849007.1|241574-245961|+|WP_050606555.1,WP_050606556.1,WP_050606557.1,WP_050606558.1	C10_HIGH_CONF_Clostridium_niameyense_GCF_001243045.1	GCF_001243045.1	Clostridium niameyense	Fld_Lineage	+	10	no	Other	WP_050606565.1	252680	253624	+		DUF1002 domain-containing protein
FLDCORE|GCF_001243045.1|NZ_LN849007.1|241574-245961|+|WP_050606555.1,WP_050606556.1,WP_050606557.1,WP_050606558.1	C10_HIGH_CONF_Clostridium_niameyense_GCF_001243045.1	GCF_001243045.1	Clostridium niameyense	Fld_Lineage	+	11	no	Other	WP_050606566.1	253887	254561	+		TetR/AcrR family transcriptional regulator
FLDCORE|GCF_001243045.1|NZ_LN849007.1|241574-245961|+|WP_050606555.1,WP_050606556.1,WP_050606557.1,WP_050606558.1	C10_HIGH_CONF_Clostridium_niameyense_GCF_001243045.1	GCF_001243045.1	Clostridium niameyense	Fld_Lineage	+	12	no	Other	WP_050606567.1	254730	254897	+		zinc-ribbon domain-containing protein
FLDCORE|GCF_001243045.1|NZ_LN849007.1|241574-245961|+|WP_050606555.1,WP_050606556.1,WP_050606557.1,WP_050606558.1	C10_HIGH_CONF_Clostridium_niameyense_GCF_001243045.1	GCF_001243045.1	Clostridium niameyense	Fld_Lineage	+	13	no	Other	WP_050606568.1	255019	256365	+		glucose-6-phosphate isomerase
FLDCORE|GCF_001553115.1|NZ_KQ960157.1|53952-58403|-|WP_068366474.1,WP_269746505.1,WP_083508457.1,WP_068366471.1	C11_HIGH_CONF_Peptoniphilus_coxii_GCF_001553115.1	GCF_001553115.1	Peptoniphilus coxii	Fld_Lineage	-	13	no	Other	WP_068366443.1	42342	43331	+		aspartate-semialdehyde dehydrogenase
FLDCORE|GCF_001553115.1|NZ_KQ960157.1|53952-58403|-|WP_068366474.1,WP_269746505.1,WP_083508457.1,WP_068366471.1	C11_HIGH_CONF_Peptoniphilus_coxii_GCF_001553115.1	GCF_001553115.1	Peptoniphilus coxii	Fld_Lineage	-	12	no	Other	WP_068366446.1	43331	44125	+		nitrilase-related carbon-nitrogen hydrolase
FLDCORE|GCF_001553115.1|NZ_KQ960157.1|53952-58403|-|WP_068366474.1,WP_269746505.1,WP_083508457.1,WP_068366471.1	C11_HIGH_CONF_Peptoniphilus_coxii_GCF_001553115.1	GCF_001553115.1	Peptoniphilus coxii	Fld_Lineage	-	11	no	Other	WP_068366449.1	44134	45294	+		M20 metallopeptidase family protein
FLDCORE|GCF_001553115.1|NZ_KQ960157.1|53952-58403|-|WP_068366474.1,WP_269746505.1,WP_083508457.1,WP_068366471.1	C11_HIGH_CONF_Peptoniphilus_coxii_GCF_001553115.1	GCF_001553115.1	Peptoniphilus coxii	Fld_Lineage	-	10	no	Other	WP_068366451.1	45558	46742	+		aminotransferase-like domain-containing protein
FLDCORE|GCF_001553115.1|NZ_KQ960157.1|53952-58403|-|WP_068366474.1,WP_269746505.1,WP_083508457.1,WP_068366471.1	C11_HIGH_CONF_Peptoniphilus_coxii_GCF_001553115.1	GCF_001553115.1	Peptoniphilus coxii	Fld_Lineage	-	9	no	EtfA	WP_068366454.1	46933	47937	-	PF00766;PF01012	electron transfer flavoprotein subunit alpha/FixB family protein
FLDCORE|GCF_001553115.1|NZ_KQ960157.1|53952-58403|-|WP_068366474.1,WP_269746505.1,WP_083508457.1,WP_068366471.1	C11_HIGH_CONF_Peptoniphilus_coxii_GCF_001553115.1	GCF_001553115.1	Peptoniphilus coxii	Fld_Lineage	-	8	no	EtfB	WP_068366457.1	47950	48744	-	PF01012	electron transfer flavoprotein subunit beta/FixA family protein
FLDCORE|GCF_001553115.1|NZ_KQ960157.1|53952-58403|-|WP_068366474.1,WP_269746505.1,WP_083508457.1,WP_068366471.1	C11_HIGH_CONF_Peptoniphilus_coxii_GCF_001553115.1	GCF_001553115.1	Peptoniphilus coxii	Fld_Lineage	-	7	no	AcdA	WP_068366460.1	48764	49903	-	PF00441;PF02770;PF02771	acyl-CoA dehydrogenase family protein
FLDCORE|GCF_001553115.1|NZ_KQ960157.1|53952-58403|-|WP_068366474.1,WP_269746505.1,WP_083508457.1,WP_068366471.1	C11_HIGH_CONF_Peptoniphilus_coxii_GCF_001553115.1	GCF_001553115.1	Peptoniphilus coxii	Fld_Lineage	-	6	no	Other	WP_068366463.1	50189	51376	-		pyridoxal phosphate-dependent aminotransferase
FLDCORE|GCF_001553115.1|NZ_KQ960157.1|53952-58403|-|WP_068366474.1,WP_269746505.1,WP_083508457.1,WP_068366471.1	C11_HIGH_CONF_Peptoniphilus_coxii_GCF_001553115.1	GCF_001553115.1	Peptoniphilus coxii	Fld_Lineage	-	5	no	Other	WP_068366466.1	51410	52786	-		branched-chain amino acid transport system II carrier protein
FLDCORE|GCF_001553115.1|NZ_KQ960157.1|53952-58403|-|WP_068366474.1,WP_269746505.1,WP_083508457.1,WP_068366471.1	C11_HIGH_CONF_Peptoniphilus_coxii_GCF_001553115.1	GCF_001553115.1	Peptoniphilus coxii	Fld_Lineage	-	4	no	FldH	WP_068366469.1	52835	53824	-	PF00389;PF02826	2-hydroxyacid dehydrogenase
FLDCORE|GCF_001553115.1|NZ_KQ960157.1|53952-58403|-|WP_068366474.1,WP_269746505.1,WP_083508457.1,WP_068366471.1	C11_HIGH_CONF_Peptoniphilus_coxii_GCF_001553115.1	GCF_001553115.1	Peptoniphilus coxii	Fld_Lineage	-	3	yes	FldC	WP_068366471.1	53952	55070	-	PF06050	2-hydroxyacyl-CoA dehydratase subunit D
FLDCORE|GCF_001553115.1|NZ_KQ960157.1|53952-58403|-|WP_068366474.1,WP_269746505.1,WP_083508457.1,WP_068366471.1	C11_HIGH_CONF_Peptoniphilus_coxii_GCF_001553115.1	GCF_001553115.1	Peptoniphilus coxii	Fld_Lineage	-	2	yes	FldB	WP_083508457.1	55073	56335	-	PF06050	2-hydroxyacyl-CoA dehydratase subunit D
FLDCORE|GCF_001553115.1|NZ_KQ960157.1|53952-58403|-|WP_068366474.1,WP_269746505.1,WP_083508457.1,WP_068366471.1	C11_HIGH_CONF_Peptoniphilus_coxii_GCF_001553115.1	GCF_001553115.1	Peptoniphilus coxii	Fld_Lineage	-	1	yes	FldI	WP_269746505.1	56349	57134	-	PF01869	acyl-CoA dehydratase activase
FLDCORE|GCF_001553115.1|NZ_KQ960157.1|53952-58403|-|WP_068366474.1,WP_269746505.1,WP_083508457.1,WP_068366471.1	C11_HIGH_CONF_Peptoniphilus_coxii_GCF_001553115.1	GCF_001553115.1	Peptoniphilus coxii	Fld_Lineage	-	0	yes	FldA	WP_068366474.1	57165	58403	-	PF02515	CaiB/BaiF CoA transferase family protein
FLDCORE|GCF_001553115.1|NZ_KQ960157.1|53952-58403|-|WP_068366474.1,WP_269746505.1,WP_083508457.1,WP_068366471.1	C11_HIGH_CONF_Peptoniphilus_coxii_GCF_001553115.1	GCF_001553115.1	Peptoniphilus coxii	Fld_Lineage	-	-1	no	Other	WP_232300084.1	58478	59137	-		GntR family transcriptional regulator
FLDCORE|GCF_001553115.1|NZ_KQ960157.1|53952-58403|-|WP_068366474.1,WP_269746505.1,WP_083508457.1,WP_068366471.1	C11_HIGH_CONF_Peptoniphilus_coxii_GCF_001553115.1	GCF_001553115.1	Peptoniphilus coxii	Fld_Lineage	-	-2	no	Other	WP_068366480.1	59520	61031	+		class I adenylate-forming enzyme family protein
FLDCORE|GCF_001553115.1|NZ_KQ960157.1|53952-58403|-|WP_068366474.1,WP_269746505.1,WP_083508457.1,WP_068366471.1	C11_HIGH_CONF_Peptoniphilus_coxii_GCF_001553115.1	GCF_001553115.1	Peptoniphilus coxii	Fld_Lineage	-	-3	no	Other	WP_068366483.1	61157	62503	+		DUF438 domain-containing protein
FLDCORE|GCF_001553115.1|NZ_KQ960157.1|53952-58403|-|WP_068366474.1,WP_269746505.1,WP_083508457.1,WP_068366471.1	C11_HIGH_CONF_Peptoniphilus_coxii_GCF_001553115.1	GCF_001553115.1	Peptoniphilus coxii	Fld_Lineage	-	-4	no	Other	WP_068366486.1	62557	64107	-		acyl CoA:acetate/3-ketoacid CoA transferase
FLDCORE|GCF_001553115.1|NZ_KQ960157.1|53952-58403|-|WP_068366474.1,WP_269746505.1,WP_083508457.1,WP_068366471.1	C11_HIGH_CONF_Peptoniphilus_coxii_GCF_001553115.1	GCF_001553115.1	Peptoniphilus coxii	Fld_Lineage	-	-5	no	Other	WP_068366489.1	64241	64696	-		MaoC/PaaZ C-terminal domain-containing protein
FLDCORE|GCF_001553115.1|NZ_KQ960157.1|53952-58403|-|WP_068366474.1,WP_269746505.1,WP_083508457.1,WP_068366471.1	C11_HIGH_CONF_Peptoniphilus_coxii_GCF_001553115.1	GCF_001553115.1	Peptoniphilus coxii	Fld_Lineage	-	-6	no	Other	WP_068366492.1	64705	65463	-		enoyl-CoA hydratase/isomerase family protein
FLDCORE|GCF_001553115.1|NZ_KQ960157.1|53952-58403|-|WP_068366474.1,WP_269746505.1,WP_083508457.1,WP_068366471.1	C11_HIGH_CONF_Peptoniphilus_coxii_GCF_001553115.1	GCF_001553115.1	Peptoniphilus coxii	Fld_Lineage	-	-7	no	Other	WP_068366495.1	65460	67019	-		acyl CoA:acetate/3-ketoacid CoA transferase
FLDCORE|GCF_001553115.1|NZ_KQ960157.1|53952-58403|-|WP_068366474.1,WP_269746505.1,WP_083508457.1,WP_068366471.1	C11_HIGH_CONF_Peptoniphilus_coxii_GCF_001553115.1	GCF_001553115.1	Peptoniphilus coxii	Fld_Lineage	-	-8	no	Other	WP_068366498.1	67048	68364	-		GntP family permease
FLDCORE|GCF_001553115.1|NZ_KQ960157.1|53952-58403|-|WP_068366474.1,WP_269746505.1,WP_083508457.1,WP_068366471.1	C11_HIGH_CONF_Peptoniphilus_coxii_GCF_001553115.1	GCF_001553115.1	Peptoniphilus coxii	Fld_Lineage	-	-9	no	Other	WP_068366501.1	68600	69514	+		LysR family transcriptional regulator
FLDCORE|GCF_001553115.1|NZ_KQ960157.1|53952-58403|-|WP_068366474.1,WP_269746505.1,WP_083508457.1,WP_068366471.1	C11_HIGH_CONF_Peptoniphilus_coxii_GCF_001553115.1	GCF_001553115.1	Peptoniphilus coxii	Fld_Lineage	-	-10	no	Other	WP_068366504.1	69586	69978	-		SdpI family protein
FLDCORE|GCF_001559865.1|NZ_LOHE01000038.1|135082-141572|-|WP_066497955.1,WP_066497952.1,WP_082759797.1,WP_066497950.1	C12_EXCLUDED_Abyssisolibacter_fermenta_GCF_001559865.1	GCF_001559865.1	Abyssisolibacter fermentans	Had_Lineage	-	14	no	Other	WP_066497931.1	123969	125342	-		hypothetical protein
FLDCORE|GCF_001559865.1|NZ_LOHE01000038.1|135082-141572|-|WP_066497955.1,WP_066497952.1,WP_082759797.1,WP_066497950.1	C12_EXCLUDED_Abyssisolibacter_fermenta_GCF_001559865.1	GCF_001559865.1	Abyssisolibacter fermentans	Had_Lineage	-	13	no	Other	WP_066497933.1	125376	125945	-		PadR family transcriptional regulator
FLDCORE|GCF_001559865.1|NZ_LOHE01000038.1|135082-141572|-|WP_066497955.1,WP_066497952.1,WP_082759797.1,WP_066497950.1	C12_EXCLUDED_Abyssisolibacter_fermenta_GCF_001559865.1	GCF_001559865.1	Abyssisolibacter fermentans	Had_Lineage	-	12	no	Other	WP_066497934.1	126937	127674	-		ABC transporter permease
FLDCORE|GCF_001559865.1|NZ_LOHE01000038.1|135082-141572|-|WP_066497955.1,WP_066497952.1,WP_082759797.1,WP_066497950.1	C12_EXCLUDED_Abyssisolibacter_fermenta_GCF_001559865.1	GCF_001559865.1	Abyssisolibacter fermentans	Had_Lineage	-	11	no	Other	WP_066497935.1	127671	128405	-		ABC transporter ATP-binding protein
FLDCORE|GCF_001559865.1|NZ_LOHE01000038.1|135082-141572|-|WP_066497955.1,WP_066497952.1,WP_082759797.1,WP_066497950.1	C12_EXCLUDED_Abyssisolibacter_fermenta_GCF_001559865.1	GCF_001559865.1	Abyssisolibacter fermentans	Had_Lineage	-	10	no	Other	WP_066497936.1	128383	128703	-		AbrB/MazE/SpoVT family DNA-binding domain-containing protein
FLDCORE|GCF_001559865.1|NZ_LOHE01000038.1|135082-141572|-|WP_066497955.1,WP_066497952.1,WP_082759797.1,WP_066497950.1	C12_EXCLUDED_Abyssisolibacter_fermenta_GCF_001559865.1	GCF_001559865.1	Abyssisolibacter fermentans	Had_Lineage	-	9	no	Other	WP_242866747.1	129055	129642	-		TetR/AcrR family transcriptional regulator
FLDCORE|GCF_001559865.1|NZ_LOHE01000038.1|135082-141572|-|WP_066497955.1,WP_066497952.1,WP_082759797.1,WP_066497950.1	C12_EXCLUDED_Abyssisolibacter_fermenta_GCF_001559865.1	GCF_001559865.1	Abyssisolibacter fermentans	Had_Lineage	-	8	no	Other	WP_066497940.1	129847	131232	+		NAD(P)H-dependent oxidoreductase
FLDCORE|GCF_001559865.1|NZ_LOHE01000038.1|135082-141572|-|WP_066497955.1,WP_066497952.1,WP_082759797.1,WP_066497950.1	C12_EXCLUDED_Abyssisolibacter_fermenta_GCF_001559865.1	GCF_001559865.1	Abyssisolibacter fermentans	Had_Lineage	-	7	no	Other	WP_066497942.1	131859	132419	+		cupin domain-containing protein
FLDCORE|GCF_001559865.1|NZ_LOHE01000038.1|135082-141572|-|WP_066497955.1,WP_066497952.1,WP_082759797.1,WP_066497950.1	C12_EXCLUDED_Abyssisolibacter_fermenta_GCF_001559865.1	GCF_001559865.1	Abyssisolibacter fermentans	Had_Lineage	-	6	no	Other	WP_156456361.1	132582	132728	-		hypothetical protein
FLDCORE|GCF_001559865.1|NZ_LOHE01000038.1|135082-141572|-|WP_066497955.1,WP_066497952.1,WP_082759797.1,WP_066497950.1	C12_EXCLUDED_Abyssisolibacter_fermenta_GCF_001559865.1	GCF_001559865.1	Abyssisolibacter fermentans	Had_Lineage	-	5	no	Other	WP_066497944.1	132791	134122	-		sigma-54 interaction domain-containing protein
FLDCORE|GCF_001559865.1|NZ_LOHE01000038.1|135082-141572|-|WP_066497955.1,WP_066497952.1,WP_082759797.1,WP_066497950.1	C12_EXCLUDED_Abyssisolibacter_fermenta_GCF_001559865.1	GCF_001559865.1	Abyssisolibacter fermentans	Had_Lineage	-	4	yes	FldC	WP_066497950.1	135082	136203	-	PF06050	2-hydroxyacyl-CoA dehydratase subunit D
FLDCORE|GCF_001559865.1|NZ_LOHE01000038.1|135082-141572|-|WP_066497955.1,WP_066497952.1,WP_082759797.1,WP_066497950.1	C12_EXCLUDED_Abyssisolibacter_fermenta_GCF_001559865.1	GCF_001559865.1	Abyssisolibacter fermentans	Had_Lineage	-	3	yes	FldB	WP_082759797.1	136219	137457	-	PF06050	2-hydroxyacyl-CoA dehydratase subunit D
FLDCORE|GCF_001559865.1|NZ_LOHE01000038.1|135082-141572|-|WP_066497955.1,WP_066497952.1,WP_082759797.1,WP_066497950.1	C12_EXCLUDED_Abyssisolibacter_fermenta_GCF_001559865.1	GCF_001559865.1	Abyssisolibacter fermentans	Had_Lineage	-	2	yes	FldI	WP_066497952.1	137454	138251	-	PF01869	acyl-CoA dehydratase activase
FLDCORE|GCF_001559865.1|NZ_LOHE01000038.1|135082-141572|-|WP_066497955.1,WP_066497952.1,WP_082759797.1,WP_066497950.1	C12_EXCLUDED_Abyssisolibacter_fermenta_GCF_001559865.1	GCF_001559865.1	Abyssisolibacter fermentans	Had_Lineage	-	1	no	Other	WP_066497954.1	138462	140075	-		class I adenylate-forming enzyme family protein
FLDCORE|GCF_001559865.1|NZ_LOHE01000038.1|135082-141572|-|WP_066497955.1,WP_066497952.1,WP_082759797.1,WP_066497950.1	C12_EXCLUDED_Abyssisolibacter_fermenta_GCF_001559865.1	GCF_001559865.1	Abyssisolibacter fermentans	Had_Lineage	-	0	yes	FldA	WP_066497955.1	140337	141572	-	PF02515	CaiB/BaiF CoA transferase family protein
FLDCORE|GCF_001559865.1|NZ_LOHE01000038.1|135082-141572|-|WP_066497955.1,WP_066497952.1,WP_082759797.1,WP_066497950.1	C12_EXCLUDED_Abyssisolibacter_fermenta_GCF_001559865.1	GCF_001559865.1	Abyssisolibacter fermentans	Had_Lineage	-	-1	no	EtfA	WP_066497962.1	141668	142678	-	PF00766;PF01012	electron transfer flavoprotein subunit alpha/FixB family protein
FLDCORE|GCF_001559865.1|NZ_LOHE01000038.1|135082-141572|-|WP_066497955.1,WP_066497952.1,WP_082759797.1,WP_066497950.1	C12_EXCLUDED_Abyssisolibacter_fermenta_GCF_001559865.1	GCF_001559865.1	Abyssisolibacter fermentans	Had_Lineage	-	-2	no	EtfB	WP_066497967.1	142691	143488	-	PF01012	electron transfer flavoprotein subunit beta/FixA family protein
FLDCORE|GCF_001559865.1|NZ_LOHE01000038.1|135082-141572|-|WP_066497955.1,WP_066497952.1,WP_082759797.1,WP_066497950.1	C12_EXCLUDED_Abyssisolibacter_fermenta_GCF_001559865.1	GCF_001559865.1	Abyssisolibacter fermentans	Had_Lineage	-	-3	no	AcdA	WP_066497969.1	143504	144631	-	PF00441;PF02770;PF02771	acyl-CoA dehydrogenase family protein
FLDCORE|GCF_001559865.1|NZ_LOHE01000038.1|135082-141572|-|WP_066497955.1,WP_066497952.1,WP_082759797.1,WP_066497950.1	C12_EXCLUDED_Abyssisolibacter_fermenta_GCF_001559865.1	GCF_001559865.1	Abyssisolibacter fermentans	Had_Lineage	-	-4	no	Other	WP_066497971.1	144663	145802	-		hypothetical protein
FLDCORE|GCF_001559865.1|NZ_LOHE01000038.1|135082-141572|-|WP_066497955.1,WP_066497952.1,WP_082759797.1,WP_066497950.1	C12_EXCLUDED_Abyssisolibacter_fermenta_GCF_001559865.1	GCF_001559865.1	Abyssisolibacter fermentans	Had_Lineage	-	-5	no	Other	WP_156456363.1	146854	147363	-		hypothetical protein
FLDCORE|GCF_001559865.1|NZ_LOHE01000038.1|135082-141572|-|WP_066497955.1,WP_066497952.1,WP_082759797.1,WP_066497950.1	C12_EXCLUDED_Abyssisolibacter_fermenta_GCF_001559865.1	GCF_001559865.1	Abyssisolibacter fermentans	Had_Lineage	-	-6	no	Other	WP_082759799.1	148112	148282	+		DUF1413 domain-containing protein
FLDCORE|GCF_001559865.1|NZ_LOHE01000038.1|135082-141572|-|WP_066497955.1,WP_066497952.1,WP_082759797.1,WP_066497950.1	C12_EXCLUDED_Abyssisolibacter_fermenta_GCF_001559865.1	GCF_001559865.1	Abyssisolibacter fermentans	Had_Lineage	-	-7	no	Other	WP_082759800.1	148748	150199	-		(2Fe-2S)-binding protein
FLDCORE|GCF_001559865.1|NZ_LOHE01000038.1|135082-141572|-|WP_066497955.1,WP_066497952.1,WP_082759797.1,WP_066497950.1	C12_EXCLUDED_Abyssisolibacter_fermenta_GCF_001559865.1	GCF_001559865.1	Abyssisolibacter fermentans	Had_Lineage	-	-8	no	Other	WP_066497979.1	150424	150801	-		VOC family protein
FLDCORE|GCF_001559865.1|NZ_LOHE01000038.1|135082-141572|-|WP_066497955.1,WP_066497952.1,WP_082759797.1,WP_066497950.1	C12_EXCLUDED_Abyssisolibacter_fermenta_GCF_001559865.1	GCF_001559865.1	Abyssisolibacter fermentans	Had_Lineage	-	-9	no	Other	WP_066497986.1	151557	151880	-		winged helix-turn-helix transcriptional regulator
FLDCORE|GCF_001559865.1|NZ_LOHE01000038.1|135082-141572|-|WP_066497955.1,WP_066497952.1,WP_082759797.1,WP_066497950.1	C12_EXCLUDED_Abyssisolibacter_fermenta_GCF_001559865.1	GCF_001559865.1	Abyssisolibacter fermentans	Had_Lineage	-	-10	no	Other	WP_066497988.1	152086	152490	+		pyridoxamine 5'-phosphate oxidase family protein
FLDCORE|GCF_001642655.1|NZ_CP014170.1|691027-695429|+|WP_026142669.1,WP_017751532.1,WP_017895938.1,WP_017895939.1	C13_EXCLUDED_Clostridium_tyrobutyricum_GCF_001642655.1	GCF_001642655.1	Clostridium tyrobutyricum	Had_Lineage	+	-10	no	Other	WP_017895929.1	679422	679943	-		Lrp/AsnC ligand binding domain-containing protein
FLDCORE|GCF_001642655.1|NZ_CP014170.1|691027-695429|+|WP_026142669.1,WP_017751532.1,WP_017895938.1,WP_017895939.1	C13_EXCLUDED_Clostridium_tyrobutyricum_GCF_001642655.1	GCF_001642655.1	Clostridium tyrobutyricum	Had_Lineage	+	-9	no	Other	WP_017751522.1	680344	681315	+		asparagine synthetase A
FLDCORE|GCF_001642655.1|NZ_CP014170.1|691027-695429|+|WP_026142669.1,WP_017751532.1,WP_017895938.1,WP_017895939.1	C13_EXCLUDED_Clostridium_tyrobutyricum_GCF_001642655.1	GCF_001642655.1	Clostridium tyrobutyricum	Had_Lineage	+	-8	no	Other	WP_017895930.1	681515	682414	+		DMT family transporter
FLDCORE|GCF_001642655.1|NZ_CP014170.1|691027-695429|+|WP_026142669.1,WP_017751532.1,WP_017895938.1,WP_017895939.1	C13_EXCLUDED_Clostridium_tyrobutyricum_GCF_001642655.1	GCF_001642655.1	Clostridium tyrobutyricum	Had_Lineage	+	-7	no	Other	WP_017895931.1	682600	683007	+		SIS domain-containing protein
FLDCORE|GCF_001642655.1|NZ_CP014170.1|691027-695429|+|WP_026142669.1,WP_017751532.1,WP_017895938.1,WP_017895939.1	C13_EXCLUDED_Clostridium_tyrobutyricum_GCF_001642655.1	GCF_001642655.1	Clostridium tyrobutyricum	Had_Lineage	+	-6	no	Other	WP_207736470.1	682964	683218	+		SDR family NAD(P)-dependent oxidoreductase
FLDCORE|GCF_001642655.1|NZ_CP014170.1|691027-695429|+|WP_026142669.1,WP_017751532.1,WP_017895938.1,WP_017895939.1	C13_EXCLUDED_Clostridium_tyrobutyricum_GCF_001642655.1	GCF_001642655.1	Clostridium tyrobutyricum	Had_Lineage	+	-5	no	Other	WP_017895933.1	683187	683432	+		hypothetical protein
FLDCORE|GCF_001642655.1|NZ_CP014170.1|691027-695429|+|WP_026142669.1,WP_017751532.1,WP_017895938.1,WP_017895939.1	C13_EXCLUDED_Clostridium_tyrobutyricum_GCF_001642655.1	GCF_001642655.1	Clostridium tyrobutyricum	Had_Lineage	+	-4	no	Other	WP_017751527.1	683696	684844	+		aldo/keto reductase
FLDCORE|GCF_001642655.1|NZ_CP014170.1|691027-695429|+|WP_026142669.1,WP_017751532.1,WP_017895938.1,WP_017895939.1	C13_EXCLUDED_Clostridium_tyrobutyricum_GCF_001642655.1	GCF_001642655.1	Clostridium tyrobutyricum	Had_Lineage	+	-3	no	Other	WP_017895934.1	684876	685220	+		hypothetical protein
FLDCORE|GCF_001642655.1|NZ_CP014170.1|691027-695429|+|WP_026142669.1,WP_017751532.1,WP_017895938.1,WP_017895939.1	C13_EXCLUDED_Clostridium_tyrobutyricum_GCF_001642655.1	GCF_001642655.1	Clostridium tyrobutyricum	Had_Lineage	+	-2	no	Other	WP_017895935.1	685683	688724	-		vitamin B12-dependent ribonucleotide reductase
FLDCORE|GCF_001642655.1|NZ_CP014170.1|691027-695429|+|WP_026142669.1,WP_017751532.1,WP_017895938.1,WP_017895939.1	C13_EXCLUDED_Clostridium_tyrobutyricum_GCF_001642655.1	GCF_001642655.1	Clostridium tyrobutyricum	Had_Lineage	+	-1	no	Other	WP_017895936.1	689138	690772	+		sigma-54 interaction domain-containing protein
FLDCORE|GCF_001642655.1|NZ_CP014170.1|691027-695429|+|WP_026142669.1,WP_017751532.1,WP_017895938.1,WP_017895939.1	C13_EXCLUDED_Clostridium_tyrobutyricum_GCF_001642655.1	GCF_001642655.1	Clostridium tyrobutyricum	Had_Lineage	+	0	yes	FldA	WP_026142669.1	691027	692250	+	PF02515	CaiB/BaiF CoA transferase family protein
FLDCORE|GCF_001642655.1|NZ_CP014170.1|691027-695429|+|WP_026142669.1,WP_017751532.1,WP_017895938.1,WP_017895939.1	C13_EXCLUDED_Clostridium_tyrobutyricum_GCF_001642655.1	GCF_001642655.1	Clostridium tyrobutyricum	Had_Lineage	+	1	yes	FldI	WP_017751532.1	692285	693061	+	PF01869	acyl-CoA dehydratase activase
FLDCORE|GCF_001642655.1|NZ_CP014170.1|691027-695429|+|WP_026142669.1,WP_017751532.1,WP_017895938.1,WP_017895939.1	C13_EXCLUDED_Clostridium_tyrobutyricum_GCF_001642655.1	GCF_001642655.1	Clostridium tyrobutyricum	Had_Lineage	+	2	yes	FldB	WP_017895938.1	693083	694306	+	PF06050	2-hydroxyacyl-CoA dehydratase subunit D
FLDCORE|GCF_001642655.1|NZ_CP014170.1|691027-695429|+|WP_026142669.1,WP_017751532.1,WP_017895938.1,WP_017895939.1	C13_EXCLUDED_Clostridium_tyrobutyricum_GCF_001642655.1	GCF_001642655.1	Clostridium tyrobutyricum	Had_Lineage	+	3	yes	FldC	WP_017895939.1	694299	695429	+	PF06050	2-hydroxyacyl-CoA dehydratase subunit D
FLDCORE|GCF_001642655.1|NZ_CP014170.1|691027-695429|+|WP_026142669.1,WP_017751532.1,WP_017895938.1,WP_017895939.1	C13_EXCLUDED_Clostridium_tyrobutyricum_GCF_001642655.1	GCF_001642655.1	Clostridium tyrobutyricum	Had_Lineage	+	4	no	AcdA	WP_039653528.1	695658	696797	+	PF00441;PF02770;PF02771	acyl-CoA dehydrogenase family protein
FLDCORE|GCF_001642655.1|NZ_CP014170.1|691027-695429|+|WP_026142669.1,WP_017751532.1,WP_017895938.1,WP_017895939.1	C13_EXCLUDED_Clostridium_tyrobutyricum_GCF_001642655.1	GCF_001642655.1	Clostridium tyrobutyricum	Had_Lineage	+	5	no	Other	WP_017750403.1	696930	697448	+		gamma carbonic anhydrase family protein
FLDCORE|GCF_001642655.1|NZ_CP014170.1|691027-695429|+|WP_026142669.1,WP_017751532.1,WP_017895938.1,WP_017895939.1	C13_EXCLUDED_Clostridium_tyrobutyricum_GCF_001642655.1	GCF_001642655.1	Clostridium tyrobutyricum	Had_Lineage	+	6	no	Other	WP_017895956.1	697468	697905	+		Fur family transcriptional regulator
FLDCORE|GCF_001642655.1|NZ_CP014170.1|691027-695429|+|WP_026142669.1,WP_017751532.1,WP_017895938.1,WP_017895939.1	C13_EXCLUDED_Clostridium_tyrobutyricum_GCF_001642655.1	GCF_001642655.1	Clostridium tyrobutyricum	Had_Lineage	+	7	no	Other	WP_017895957.1	697971	699242	+		M14 family metallopeptidase
FLDCORE|GCF_001642655.1|NZ_CP014170.1|691027-695429|+|WP_026142669.1,WP_017751532.1,WP_017895938.1,WP_017895939.1	C13_EXCLUDED_Clostridium_tyrobutyricum_GCF_001642655.1	GCF_001642655.1	Clostridium tyrobutyricum	Had_Lineage	+	8	no	Other	WP_017895958.1	699299	699721	-		YaaR family protein
FLDCORE|GCF_001642655.1|NZ_CP014170.1|691027-695429|+|WP_026142669.1,WP_017751532.1,WP_017895938.1,WP_017895939.1	C13_EXCLUDED_Clostridium_tyrobutyricum_GCF_001642655.1	GCF_001642655.1	Clostridium tyrobutyricum	Had_Lineage	+	9	no	Other	WP_017895959.1	700021	702648	+		calcium-translocating P-type ATPase, PMCA-type
FLDCORE|GCF_001642655.1|NZ_CP014170.1|691027-695429|+|WP_026142669.1,WP_017751532.1,WP_017895938.1,WP_017895939.1	C13_EXCLUDED_Clostridium_tyrobutyricum_GCF_001642655.1	GCF_001642655.1	Clostridium tyrobutyricum	Had_Lineage	+	10	no	Other	WP_017895960.1	702635	703483	-		ComEC/Rec2 family competence protein
FLDCORE|GCF_001642655.1|NZ_CP014170.1|691027-695429|+|WP_026142669.1,WP_017751532.1,WP_017895938.1,WP_017895939.1	C13_EXCLUDED_Clostridium_tyrobutyricum_GCF_001642655.1	GCF_001642655.1	Clostridium tyrobutyricum	Had_Lineage	+	11	no	Other	WP_017895961.1	703559	704428	-		S1 RNA-binding domain-containing protein
FLDCORE|GCF_001642655.1|NZ_CP014170.1|691027-695429|+|WP_026142669.1,WP_017751532.1,WP_017895938.1,WP_017895939.1	C13_EXCLUDED_Clostridium_tyrobutyricum_GCF_001642655.1	GCF_001642655.1	Clostridium tyrobutyricum	Had_Lineage	+	12	no	Other	WP_017895962.1	704507	705619	-		Ger(x)C family spore germination protein
FLDCORE|GCF_001642655.1|NZ_CP014170.1|691027-695429|+|WP_026142669.1,WP_017751532.1,WP_017895938.1,WP_017895939.1	C13_EXCLUDED_Clostridium_tyrobutyricum_GCF_001642655.1	GCF_001642655.1	Clostridium tyrobutyricum	Had_Lineage	+	13	no	Other	WP_017895963.1	705616	707019	-		spore germination protein
FLDCORE|GCF_001652275.1|NZ_LVZK01000001.1|280354-284886|+|WP_064230794.1,WP_009198303.1,WP_156510199.1,WP_064230795.1	C14_EXCLUDED_Peptidiphaga_gingivicola_GCF_001652275.1	GCF_001652275.1	Peptidiphaga gingivicola	Fld_Lineage	+	-10	no	Other	WP_064230788.1	269995	270660	-		LemA family protein
FLDCORE|GCF_001652275.1|NZ_LVZK01000001.1|280354-284886|+|WP_064230794.1,WP_009198303.1,WP_156510199.1,WP_064230795.1	C14_EXCLUDED_Peptidiphaga_gingivicola_GCF_001652275.1	GCF_001652275.1	Peptidiphaga gingivicola	Fld_Lineage	+	-9	no	Other	WP_064230789.1	271141	271911	-		SDR family NAD(P)-dependent oxidoreductase
FLDCORE|GCF_001652275.1|NZ_LVZK01000001.1|280354-284886|+|WP_064230794.1,WP_009198303.1,WP_156510199.1,WP_064230795.1	C14_EXCLUDED_Peptidiphaga_gingivicola_GCF_001652275.1	GCF_001652275.1	Peptidiphaga gingivicola	Fld_Lineage	+	-8	no	Other	WP_231870908.1	272094	273698	+		Eco57I restriction-modification methylase domain-containing protein
FLDCORE|GCF_001652275.1|NZ_LVZK01000001.1|280354-284886|+|WP_064230794.1,WP_009198303.1,WP_156510199.1,WP_064230795.1	C14_EXCLUDED_Peptidiphaga_gingivicola_GCF_001652275.1	GCF_001652275.1	Peptidiphaga gingivicola	Fld_Lineage	+	-7	no	Other	WP_064230791.1	273695	274615	+		XamI family restriction endonuclease
FLDCORE|GCF_001652275.1|NZ_LVZK01000001.1|280354-284886|+|WP_064230794.1,WP_009198303.1,WP_156510199.1,WP_064230795.1	C14_EXCLUDED_Peptidiphaga_gingivicola_GCF_001652275.1	GCF_001652275.1	Peptidiphaga gingivicola	Fld_Lineage	+	-6	no	Other	WP_009198312.1	274635	275426	+		exodeoxyribonuclease III
FLDCORE|GCF_001652275.1|NZ_LVZK01000001.1|280354-284886|+|WP_064230794.1,WP_009198303.1,WP_156510199.1,WP_064230795.1	C14_EXCLUDED_Peptidiphaga_gingivicola_GCF_001652275.1	GCF_001652275.1	Peptidiphaga gingivicola	Fld_Lineage	+	-5	no	Other	WP_064230792.1	275843	277294	+		amidase family protein
FLDCORE|GCF_001652275.1|NZ_LVZK01000001.1|280354-284886|+|WP_064230794.1,WP_009198303.1,WP_156510199.1,WP_064230795.1	C14_EXCLUDED_Peptidiphaga_gingivicola_GCF_001652275.1	GCF_001652275.1	Peptidiphaga gingivicola	Fld_Lineage	+	-4	no	Other	WP_009198310.1	277329	277919	-		hypothetical protein
FLDCORE|GCF_001652275.1|NZ_LVZK01000001.1|280354-284886|+|WP_064230794.1,WP_009198303.1,WP_156510199.1,WP_064230795.1	C14_EXCLUDED_Peptidiphaga_gingivicola_GCF_001652275.1	GCF_001652275.1	Peptidiphaga gingivicola	Fld_Lineage	+	-3	no	Other	WP_064230793.1	278182	278766	+		LURP-one-related/scramblase family protein
FLDCORE|GCF_001652275.1|NZ_LVZK01000001.1|280354-284886|+|WP_064230794.1,WP_009198303.1,WP_156510199.1,WP_064230795.1	C14_EXCLUDED_Peptidiphaga_gingivicola_GCF_001652275.1	GCF_001652275.1	Peptidiphaga gingivicola	Fld_Lineage	+	-2	no	Other	WP_231870909.1	279049	279366	-		type II toxin-antitoxin system PemK/MazF family toxin
FLDCORE|GCF_001652275.1|NZ_LVZK01000001.1|280354-284886|+|WP_064230794.1,WP_009198303.1,WP_156510199.1,WP_064230795.1	C14_EXCLUDED_Peptidiphaga_gingivicola_GCF_001652275.1	GCF_001652275.1	Peptidiphaga gingivicola	Fld_Lineage	+	-1	no	Other	WP_009198306.1	279398	279613	-		ribbon-helix-helix domain-containing protein
FLDCORE|GCF_001652275.1|NZ_LVZK01000001.1|280354-284886|+|WP_064230794.1,WP_009198303.1,WP_156510199.1,WP_064230795.1	C14_EXCLUDED_Peptidiphaga_gingivicola_GCF_001652275.1	GCF_001652275.1	Peptidiphaga gingivicola	Fld_Lineage	+	0	yes	FldA	WP_064230794.1	280354	281586	+	PF02515	CaiB/BaiF CoA transferase family protein
FLDCORE|GCF_001652275.1|NZ_LVZK01000001.1|280354-284886|+|WP_064230794.1,WP_009198303.1,WP_156510199.1,WP_064230795.1	C14_EXCLUDED_Peptidiphaga_gingivicola_GCF_001652275.1	GCF_001652275.1	Peptidiphaga gingivicola	Fld_Lineage	+	1	yes	FldI	WP_009198303.1	281616	282410	+	PF01869	acyl-CoA dehydratase activase
FLDCORE|GCF_001652275.1|NZ_LVZK01000001.1|280354-284886|+|WP_064230794.1,WP_009198303.1,WP_156510199.1,WP_064230795.1	C14_EXCLUDED_Peptidiphaga_gingivicola_GCF_001652275.1	GCF_001652275.1	Peptidiphaga gingivicola	Fld_Lineage	+	2	yes	FldB	WP_156510199.1	282422	283753	+	PF06050	2-hydroxyacyl-CoA dehydratase subunit D
FLDCORE|GCF_001652275.1|NZ_LVZK01000001.1|280354-284886|+|WP_064230794.1,WP_009198303.1,WP_156510199.1,WP_064230795.1	C14_EXCLUDED_Peptidiphaga_gingivicola_GCF_001652275.1	GCF_001652275.1	Peptidiphaga gingivicola	Fld_Lineage	+	3	yes	FldC	WP_064230795.1	283756	284886	+	PF06050	2-hydroxyacyl-CoA dehydratase subunit D
FLDCORE|GCF_001652275.1|NZ_LVZK01000001.1|280354-284886|+|WP_064230794.1,WP_009198303.1,WP_156510199.1,WP_064230795.1	C14_EXCLUDED_Peptidiphaga_gingivicola_GCF_001652275.1	GCF_001652275.1	Peptidiphaga gingivicola	Fld_Lineage	+	4	no	Other	WP_064230796.1	285202	286167	+		aldo/keto reductase
FLDCORE|GCF_001652275.1|NZ_LVZK01000001.1|280354-284886|+|WP_064230794.1,WP_009198303.1,WP_156510199.1,WP_064230795.1	C14_EXCLUDED_Peptidiphaga_gingivicola_GCF_001652275.1	GCF_001652275.1	Peptidiphaga gingivicola	Fld_Lineage	+	5	no	FldX	WP_009198297.1	286865	288115	-	PF07690	L-lactate MFS transporter
FLDCORE|GCF_001652275.1|NZ_LVZK01000001.1|280354-284886|+|WP_064230794.1,WP_009198303.1,WP_156510199.1,WP_064230795.1	C14_EXCLUDED_Peptidiphaga_gingivicola_GCF_001652275.1	GCF_001652275.1	Peptidiphaga gingivicola	Fld_Lineage	+	6	no	Other	WP_064230797.1	288144	288707	-		hypothetical protein
FLDCORE|GCF_001652275.1|NZ_LVZK01000001.1|280354-284886|+|WP_064230794.1,WP_009198303.1,WP_156510199.1,WP_064230795.1	C14_EXCLUDED_Peptidiphaga_gingivicola_GCF_001652275.1	GCF_001652275.1	Peptidiphaga gingivicola	Fld_Lineage	+	7	no	AcdA	WP_009198295.1	288712	289857	-	PF00441;PF02770;PF02771	acyl-CoA dehydrogenase family protein
FLDCORE|GCF_001652275.1|NZ_LVZK01000001.1|280354-284886|+|WP_064230794.1,WP_009198303.1,WP_156510199.1,WP_064230795.1	C14_EXCLUDED_Peptidiphaga_gingivicola_GCF_001652275.1	GCF_001652275.1	Peptidiphaga gingivicola	Fld_Lineage	+	8	no	Other	WP_064230798.1	290153	291781	+		acyl CoA:acetate/3-ketoacid CoA transferase
FLDCORE|GCF_001652275.1|NZ_LVZK01000001.1|280354-284886|+|WP_064230794.1,WP_009198303.1,WP_156510199.1,WP_064230795.1	C14_EXCLUDED_Peptidiphaga_gingivicola_GCF_001652275.1	GCF_001652275.1	Peptidiphaga gingivicola	Fld_Lineage	+	9	no	Other	WP_064230799.1	291778	293400	+		class I adenylate-forming enzyme family protein
FLDCORE|GCF_001652275.1|NZ_LVZK01000001.1|280354-284886|+|WP_064230794.1,WP_009198303.1,WP_156510199.1,WP_064230795.1	C14_EXCLUDED_Peptidiphaga_gingivicola_GCF_001652275.1	GCF_001652275.1	Peptidiphaga gingivicola	Fld_Lineage	+	10	no	Other	WP_064230800.1	293632	294012	+		hypothetical protein
FLDCORE|GCF_001652275.1|NZ_LVZK01000001.1|280354-284886|+|WP_064230794.1,WP_009198303.1,WP_156510199.1,WP_064230795.1	C14_EXCLUDED_Peptidiphaga_gingivicola_GCF_001652275.1	GCF_001652275.1	Peptidiphaga gingivicola	Fld_Lineage	+	11	no	Other	WP_064230801.1	294019	295359	+		calpain family cysteine peptidase
FLDCORE|GCF_001652275.1|NZ_LVZK01000001.1|280354-284886|+|WP_064230794.1,WP_009198303.1,WP_156510199.1,WP_064230795.1	C14_EXCLUDED_Peptidiphaga_gingivicola_GCF_001652275.1	GCF_001652275.1	Peptidiphaga gingivicola	Fld_Lineage	+	12	no	Other	WP_138587112.1	295356	295826	+		hypothetical protein
FLDCORE|GCF_001652275.1|NZ_LVZK01000001.1|280354-284886|+|WP_064230794.1,WP_009198303.1,WP_156510199.1,WP_064230795.1	C14_EXCLUDED_Peptidiphaga_gingivicola_GCF_001652275.1	GCF_001652275.1	Peptidiphaga gingivicola	Fld_Lineage	+	13	no	Other	WP_231870910.1	295884	296021	-		hypothetical protein
FLDCORE|GCF_002008345.1|NZ_MRAE01000023.1|30261-34647|-|WP_078024086.1,WP_078024085.1,WP_078024219.1,WP_078024084.1	C15_HIGH_CONF_Clostridium_tepidum_GCF_002008345.1	GCF_002008345.1	Clostridium tepidum	Fld_Lineage	-	13	no	Other	WP_078024074.1	19451	19885	-		YaiI/YqxD family protein
FLDCORE|GCF_002008345.1|NZ_MRAE01000023.1|30261-34647|-|WP_078024086.1,WP_078024085.1,WP_078024219.1,WP_078024084.1	C15_HIGH_CONF_Clostridium_tepidum_GCF_002008345.1	GCF_002008345.1	Clostridium tepidum	Fld_Lineage	-	12	no	Other	WP_078054663.1	19896	21248	-		glucose-6-phosphate isomerase
FLDCORE|GCF_002008345.1|NZ_MRAE01000023.1|30261-34647|-|WP_078024086.1,WP_078024085.1,WP_078024219.1,WP_078024084.1	C15_HIGH_CONF_Clostridium_tepidum_GCF_002008345.1	GCF_002008345.1	Clostridium tepidum	Fld_Lineage	-	11	no	Other	WP_078024076.1	21332	21499	-		zinc-ribbon domain-containing protein
FLDCORE|GCF_002008345.1|NZ_MRAE01000023.1|30261-34647|-|WP_078024086.1,WP_078024085.1,WP_078024219.1,WP_078024084.1	C15_HIGH_CONF_Clostridium_tepidum_GCF_002008345.1	GCF_002008345.1	Clostridium tepidum	Fld_Lineage	-	10	no	Other	WP_078024077.1	21790	22443	-		TetR/AcrR family transcriptional regulator
FLDCORE|GCF_002008345.1|NZ_MRAE01000023.1|30261-34647|-|WP_078024086.1,WP_078024085.1,WP_078024219.1,WP_078024084.1	C15_HIGH_CONF_Clostridium_tepidum_GCF_002008345.1	GCF_002008345.1	Clostridium tepidum	Fld_Lineage	-	9	no	FldH	WP_078024078.1	23113	24117	+	PF00389;PF02826	D-2-hydroxyacid dehydrogenase
FLDCORE|GCF_002008345.1|NZ_MRAE01000023.1|30261-34647|-|WP_078024086.1,WP_078024085.1,WP_078024219.1,WP_078024084.1	C15_HIGH_CONF_Clostridium_tepidum_GCF_002008345.1	GCF_002008345.1	Clostridium tepidum	Fld_Lineage	-	8	no	FldH	WP_078024079.1	24308	25303	-	PF00389;PF02826	D-isomer specific 2-hydroxyacid dehydrogenase family protein
FLDCORE|GCF_002008345.1|NZ_MRAE01000023.1|30261-34647|-|WP_078024086.1,WP_078024085.1,WP_078024219.1,WP_078024084.1	C15_HIGH_CONF_Clostridium_tepidum_GCF_002008345.1	GCF_002008345.1	Clostridium tepidum	Fld_Lineage	-	7	no	Other	WP_078024080.1	25581	26744	-		amino acid permease
FLDCORE|GCF_002008345.1|NZ_MRAE01000023.1|30261-34647|-|WP_078024086.1,WP_078024085.1,WP_078024219.1,WP_078024084.1	C15_HIGH_CONF_Clostridium_tepidum_GCF_002008345.1	GCF_002008345.1	Clostridium tepidum	Fld_Lineage	-	6	no	EtfA	WP_078024081.1	26942	28138	-	PF00766;PF01012	electron transfer flavoprotein subunit alpha/FixB family protein
FLDCORE|GCF_002008345.1|NZ_MRAE01000023.1|30261-34647|-|WP_078024086.1,WP_078024085.1,WP_078024219.1,WP_078024084.1	C15_HIGH_CONF_Clostridium_tepidum_GCF_002008345.1	GCF_002008345.1	Clostridium tepidum	Fld_Lineage	-	5	no	EtfB	WP_078024082.1	28156	28950	-	PF01012	electron transfer flavoprotein subunit beta
FLDCORE|GCF_002008345.1|NZ_MRAE01000023.1|30261-34647|-|WP_078024086.1,WP_078024085.1,WP_078024219.1,WP_078024084.1	C15_HIGH_CONF_Clostridium_tepidum_GCF_002008345.1	GCF_002008345.1	Clostridium tepidum	Fld_Lineage	-	4	no	AcdA	WP_078024083.1	28963	30096	-	PF00441;PF02770;PF02771	3-(aryl)acrylate reductase AcdA
FLDCORE|GCF_002008345.1|NZ_MRAE01000023.1|30261-34647|-|WP_078024086.1,WP_078024085.1,WP_078024219.1,WP_078024084.1	C15_HIGH_CONF_Clostridium_tepidum_GCF_002008345.1	GCF_002008345.1	Clostridium tepidum	Fld_Lineage	-	3	yes	FldC	WP_078024084.1	30261	31385	-	PF06050	phenyllactyl-CoA dehydratase subunit FldC
FLDCORE|GCF_002008345.1|NZ_MRAE01000023.1|30261-34647|-|WP_078024086.1,WP_078024085.1,WP_078024219.1,WP_078024084.1	C15_HIGH_CONF_Clostridium_tepidum_GCF_002008345.1	GCF_002008345.1	Clostridium tepidum	Fld_Lineage	-	2	yes	FldB	WP_078024219.1	31387	32610	-	PF06050	phenyllactyl-CoA dehydratase subunit FldB
FLDCORE|GCF_002008345.1|NZ_MRAE01000023.1|30261-34647|-|WP_078024086.1,WP_078024085.1,WP_078024219.1,WP_078024084.1	C15_HIGH_CONF_Clostridium_tepidum_GCF_002008345.1	GCF_002008345.1	Clostridium tepidum	Fld_Lineage	-	1	yes	FldI	WP_078024085.1	32615	33409	-	PF01869	phenyllactyl-CoA dehydratase activase FldI
FLDCORE|GCF_002008345.1|NZ_MRAE01000023.1|30261-34647|-|WP_078024086.1,WP_078024085.1,WP_078024219.1,WP_078024084.1	C15_HIGH_CONF_Clostridium_tepidum_GCF_002008345.1	GCF_002008345.1	Clostridium tepidum	Fld_Lineage	-	0	yes	FldA	WP_078024086.1	33409	34647	-	PF02515	3-(aryl)acryloyl-CoA:(R)-3-(aryl)lactate CoA-transferase FldA
FLDCORE|GCF_002008345.1|NZ_MRAE01000023.1|30261-34647|-|WP_078024086.1,WP_078024085.1,WP_078024219.1,WP_078024084.1	C15_HIGH_CONF_Clostridium_tepidum_GCF_002008345.1	GCF_002008345.1	Clostridium tepidum	Fld_Lineage	-	-1	no	Other	WP_078024087.1	34700	36331	-		AMP-binding protein
FLDCORE|GCF_002008345.1|NZ_MRAE01000023.1|30261-34647|-|WP_078024086.1,WP_078024085.1,WP_078024219.1,WP_078024084.1	C15_HIGH_CONF_Clostridium_tepidum_GCF_002008345.1	GCF_002008345.1	Clostridium tepidum	Fld_Lineage	-	-2	no	Other	WP_078024088.1	36796	38118	-		branched-chain amino acid transport system II carrier protein
FLDCORE|GCF_002008345.1|NZ_MRAE01000023.1|30261-34647|-|WP_078024086.1,WP_078024085.1,WP_078024219.1,WP_078024084.1	C15_HIGH_CONF_Clostridium_tepidum_GCF_002008345.1	GCF_002008345.1	Clostridium tepidum	Fld_Lineage	-	-3	no	Other	WP_078024089.1	38574	40106	-		glutamine-hydrolyzing GMP synthase
FLDCORE|GCF_002008345.1|NZ_MRAE01000023.1|30261-34647|-|WP_078024086.1,WP_078024085.1,WP_078024219.1,WP_078024084.1	C15_HIGH_CONF_Clostridium_tepidum_GCF_002008345.1	GCF_002008345.1	Clostridium tepidum	Fld_Lineage	-	-4	no	Other	WP_078024090.1	40119	41573	-		IMP dehydrogenase
FLDCORE|GCF_002607735.1|NZ_NBVR01000020.1|271241-275711|-|WP_099074583.1,WP_099074582.1,WP_099074581.1,WP_099074580.1	C16_EXCLUDED_Proteus_alimentorum_GCF_002607735.1	GCF_002607735.1	Proteus alimentorum	Fld_Lineage	-	13	no	Other	WP_099074571.1	255502	256131	+		OB-fold-containig protein
FLDCORE|GCF_002607735.1|NZ_NBVR01000020.1|271241-275711|-|WP_099074583.1,WP_099074582.1,WP_099074581.1,WP_099074580.1	C16_EXCLUDED_Proteus_alimentorum_GCF_002607735.1	GCF_002607735.1	Proteus alimentorum	Fld_Lineage	-	12	no	Other	WP_099074572.1	256221	258416	+		flotillin family protein
FLDCORE|GCF_002607735.1|NZ_NBVR01000020.1|271241-275711|-|WP_099074583.1,WP_099074582.1,WP_099074581.1,WP_099074580.1	C16_EXCLUDED_Proteus_alimentorum_GCF_002607735.1	GCF_002607735.1	Proteus alimentorum	Fld_Lineage	-	11	no	Other	WP_099074573.1	258507	263441	+		DNA repair ATPase
FLDCORE|GCF_002607735.1|NZ_NBVR01000020.1|271241-275711|-|WP_099074583.1,WP_099074582.1,WP_099074581.1,WP_099074580.1	C16_EXCLUDED_Proteus_alimentorum_GCF_002607735.1	GCF_002607735.1	Proteus alimentorum	Fld_Lineage	-	10	no	Other	WP_099074574.1	264156	265121	+		helix-turn-helix domain-containing protein
FLDCORE|GCF_002607735.1|NZ_NBVR01000020.1|271241-275711|-|WP_099074583.1,WP_099074582.1,WP_099074581.1,WP_099074580.1	C16_EXCLUDED_Proteus_alimentorum_GCF_002607735.1	GCF_002607735.1	Proteus alimentorum	Fld_Lineage	-	9	no	Other	WP_099074575.1	265192	265476	-		ferredoxin family protein
FLDCORE|GCF_002607735.1|NZ_NBVR01000020.1|271241-275711|-|WP_099074583.1,WP_099074582.1,WP_099074581.1,WP_099074580.1	C16_EXCLUDED_Proteus_alimentorum_GCF_002607735.1	GCF_002607735.1	Proteus alimentorum	Fld_Lineage	-	8	no	Other	WP_099074576.1	265473	266759	-		FAD-dependent oxidoreductase
FLDCORE|GCF_002607735.1|NZ_NBVR01000020.1|271241-275711|-|WP_099074583.1,WP_099074582.1,WP_099074581.1,WP_099074580.1	C16_EXCLUDED_Proteus_alimentorum_GCF_002607735.1	GCF_002607735.1	Proteus alimentorum	Fld_Lineage	-	7	no	EtfA	WP_099074577.1	266823	267764	-	PF00766;PF01012	FAD-binding protein
FLDCORE|GCF_002607735.1|NZ_NBVR01000020.1|271241-275711|-|WP_099074583.1,WP_099074582.1,WP_099074581.1,WP_099074580.1	C16_EXCLUDED_Proteus_alimentorum_GCF_002607735.1	GCF_002607735.1	Proteus alimentorum	Fld_Lineage	-	6	no	EtfB	WP_099074578.1	267776	268552	-	PF01012	putative electron transfer flavoprotein FixA
FLDCORE|GCF_002607735.1|NZ_NBVR01000020.1|271241-275711|-|WP_099074583.1,WP_099074582.1,WP_099074581.1,WP_099074580.1	C16_EXCLUDED_Proteus_alimentorum_GCF_002607735.1	GCF_002607735.1	Proteus alimentorum	Fld_Lineage	-	5	no	AcdA	WP_099074579.1	268606	269745	-	PF00441;PF02770;PF02771	acyl-CoA dehydrogenase family protein
FLDCORE|GCF_002607735.1|NZ_NBVR01000020.1|271241-275711|-|WP_099074583.1,WP_099074582.1,WP_099074581.1,WP_099074580.1	C16_EXCLUDED_Proteus_alimentorum_GCF_002607735.1	GCF_002607735.1	Proteus alimentorum	Fld_Lineage	-	4	no	Other	WP_072069069.1	269841	271160	-		GntP family permease
FLDCORE|GCF_002607735.1|NZ_NBVR01000020.1|271241-275711|-|WP_099074583.1,WP_099074582.1,WP_099074581.1,WP_099074580.1	C16_EXCLUDED_Proteus_alimentorum_GCF_002607735.1	GCF_002607735.1	Proteus alimentorum	Fld_Lineage	-	3	yes	FldC	WP_099074580.1	271241	272374	-	PF06050	2-hydroxyacyl-CoA dehydratase subunit D
FLDCORE|GCF_002607735.1|NZ_NBVR01000020.1|271241-275711|-|WP_099074583.1,WP_099074582.1,WP_099074581.1,WP_099074580.1	C16_EXCLUDED_Proteus_alimentorum_GCF_002607735.1	GCF_002607735.1	Proteus alimentorum	Fld_Lineage	-	2	yes	FldB	WP_099074581.1	272374	273615	-	PF06050	2-hydroxyacyl-CoA dehydratase subunit D
FLDCORE|GCF_002607735.1|NZ_NBVR01000020.1|271241-275711|-|WP_099074583.1,WP_099074582.1,WP_099074581.1,WP_099074580.1	C16_EXCLUDED_Proteus_alimentorum_GCF_002607735.1	GCF_002607735.1	Proteus alimentorum	Fld_Lineage	-	1	yes	FldI	WP_099074582.1	273612	274439	-	PF01869	acyl-CoA dehydratase activase
FLDCORE|GCF_002607735.1|NZ_NBVR01000020.1|271241-275711|-|WP_099074583.1,WP_099074582.1,WP_099074581.1,WP_099074580.1	C16_EXCLUDED_Proteus_alimentorum_GCF_002607735.1	GCF_002607735.1	Proteus alimentorum	Fld_Lineage	-	0	yes	FldA	WP_099074583.1	274476	275711	-	PF02515	CaiB/BaiF CoA transferase family protein
FLDCORE|GCF_002607735.1|NZ_NBVR01000020.1|271241-275711|-|WP_099074583.1,WP_099074582.1,WP_099074581.1,WP_099074580.1	C16_EXCLUDED_Proteus_alimentorum_GCF_002607735.1	GCF_002607735.1	Proteus alimentorum	Fld_Lineage	-	-1	no	Other	WP_099074584.1	275778	277415	-		AMP-binding protein
FLDCORE|GCF_002607735.1|NZ_NBVR01000020.1|271241-275711|-|WP_099074583.1,WP_099074582.1,WP_099074581.1,WP_099074580.1	C16_EXCLUDED_Proteus_alimentorum_GCF_002607735.1	GCF_002607735.1	Proteus alimentorum	Fld_Lineage	-	-2	no	FldX	WP_099074585.1	277886	279208	-	PF07690	MFS transporter
FLDCORE|GCF_002607735.1|NZ_NBVR01000020.1|271241-275711|-|WP_099074583.1,WP_099074582.1,WP_099074581.1,WP_099074580.1	C16_EXCLUDED_Proteus_alimentorum_GCF_002607735.1	GCF_002607735.1	Proteus alimentorum	Fld_Lineage	-	-3	no	Other	WP_023582978.1	279295	279582	-		ferredoxin-like protein FixX
FLDCORE|GCF_002607735.1|NZ_NBVR01000020.1|271241-275711|-|WP_099074583.1,WP_099074582.1,WP_099074581.1,WP_099074580.1	C16_EXCLUDED_Proteus_alimentorum_GCF_002607735.1	GCF_002607735.1	Proteus alimentorum	Fld_Lineage	-	-4	no	Other	WP_099074586.1	279579	280871	-		FAD-dependent oxidoreductase FixC
FLDCORE|GCF_002607735.1|NZ_NBVR01000020.1|271241-275711|-|WP_099074583.1,WP_099074582.1,WP_099074581.1,WP_099074580.1	C16_EXCLUDED_Proteus_alimentorum_GCF_002607735.1	GCF_002607735.1	Proteus alimentorum	Fld_Lineage	-	-5	no	EtfA	WP_099074587.1	280929	281867	-	PF00766;PF01012	FAD-binding protein
FLDCORE|GCF_002607735.1|NZ_NBVR01000020.1|271241-275711|-|WP_099074583.1,WP_099074582.1,WP_099074581.1,WP_099074580.1	C16_EXCLUDED_Proteus_alimentorum_GCF_002607735.1	GCF_002607735.1	Proteus alimentorum	Fld_Lineage	-	-6	no	EtfB	WP_099074588.1	281879	282652	-	PF01012	putative electron transfer flavoprotein FixA
FLDCORE|GCF_002607735.1|NZ_NBVR01000020.1|271241-275711|-|WP_099074583.1,WP_099074582.1,WP_099074581.1,WP_099074580.1	C16_EXCLUDED_Proteus_alimentorum_GCF_002607735.1	GCF_002607735.1	Proteus alimentorum	Fld_Lineage	-	-7	no	Other	WP_099074589.1	283253	284767	+		L-carnitine/gamma-butyrobetaine antiporter
FLDCORE|GCF_002607735.1|NZ_NBVR01000020.1|271241-275711|-|WP_099074583.1,WP_099074582.1,WP_099074581.1,WP_099074580.1	C16_EXCLUDED_Proteus_alimentorum_GCF_002607735.1	GCF_002607735.1	Proteus alimentorum	Fld_Lineage	-	-8	no	AcdA	WP_099074590.1	284809	285951	+	PF00441;PF02770;PF02771	crotonobetainyl-CoA dehydrogenase
FLDCORE|GCF_002607735.1|NZ_NBVR01000020.1|271241-275711|-|WP_099074583.1,WP_099074582.1,WP_099074581.1,WP_099074580.1	C16_EXCLUDED_Proteus_alimentorum_GCF_002607735.1	GCF_002607735.1	Proteus alimentorum	Fld_Lineage	-	-9	no	FldA	WP_023582984.1	286021	287241	+	PF02515	L-carnitine CoA-transferase
FLDCORE|GCF_002607735.1|NZ_NBVR01000020.1|271241-275711|-|WP_099074583.1,WP_099074582.1,WP_099074581.1,WP_099074580.1	C16_EXCLUDED_Proteus_alimentorum_GCF_002607735.1	GCF_002607735.1	Proteus alimentorum	Fld_Lineage	-	-10	no	Other	WP_099074591.1	287316	288872	+		crotonobetaine/carnitine-CoA ligase
FLDCORE|GCF_002749945.1|NZ_PEIK01000006.1|21419-25805|-|WP_003357674.1,WP_099839231.1,WP_003357515.1,WP_099839230.1	C17_HIGH_CONF_Clostridium_combesii_GCF_002749945.1	GCF_002749945.1	Clostridium combesii	Fld_Lineage	-	13	no	Other	WP_099839227.1	9825	11177	-		glucose-6-phosphate isomerase
FLDCORE|GCF_002749945.1|NZ_PEIK01000006.1|21419-25805|-|WP_003357674.1,WP_099839231.1,WP_003357515.1,WP_099839230.1	C17_HIGH_CONF_Clostridium_combesii_GCF_002749945.1	GCF_002749945.1	Clostridium combesii	Fld_Lineage	-	12	no	Other	WP_003387504.1	11261	11431	-		zinc-ribbon domain-containing protein
FLDCORE|GCF_002749945.1|NZ_PEIK01000006.1|21419-25805|-|WP_003357674.1,WP_099839231.1,WP_003357515.1,WP_099839230.1	C17_HIGH_CONF_Clostridium_combesii_GCF_002749945.1	GCF_002749945.1	Clostridium combesii	Fld_Lineage	-	11	no	Other	WP_003400667.1	11762	12406	-		TetR/AcrR family transcriptional regulator
FLDCORE|GCF_002749945.1|NZ_PEIK01000006.1|21419-25805|-|WP_003357674.1,WP_099839231.1,WP_003357515.1,WP_099839230.1	C17_HIGH_CONF_Clostridium_combesii_GCF_002749945.1	GCF_002749945.1	Clostridium combesii	Fld_Lineage	-	10	no	Other	WP_003400668.1	12637	13170	+		GNAT family N-acetyltransferase
FLDCORE|GCF_002749945.1|NZ_PEIK01000006.1|21419-25805|-|WP_003357674.1,WP_099839231.1,WP_003357515.1,WP_099839230.1	C17_HIGH_CONF_Clostridium_combesii_GCF_002749945.1	GCF_002749945.1	Clostridium combesii	Fld_Lineage	-	9	no	FldH	WP_099839228.1	13714	14718	+	PF00389;PF02826	D-2-hydroxyacid dehydrogenase
FLDCORE|GCF_002749945.1|NZ_PEIK01000006.1|21419-25805|-|WP_003357674.1,WP_099839231.1,WP_003357515.1,WP_099839230.1	C17_HIGH_CONF_Clostridium_combesii_GCF_002749945.1	GCF_002749945.1	Clostridium combesii	Fld_Lineage	-	8	no	FldH	WP_003400670.1	14894	15889	-	PF00389;PF02826	D-isomer specific 2-hydroxyacid dehydrogenase family protein
FLDCORE|GCF_002749945.1|NZ_PEIK01000006.1|21419-25805|-|WP_003357674.1,WP_099839231.1,WP_003357515.1,WP_099839230.1	C17_HIGH_CONF_Clostridium_combesii_GCF_002749945.1	GCF_002749945.1	Clostridium combesii	Fld_Lineage	-	7	no	Other	WP_099839229.1	16704	17882	-		hypothetical protein
FLDCORE|GCF_002749945.1|NZ_PEIK01000006.1|21419-25805|-|WP_003357674.1,WP_099839231.1,WP_003357515.1,WP_099839230.1	C17_HIGH_CONF_Clostridium_combesii_GCF_002749945.1	GCF_002749945.1	Clostridium combesii	Fld_Lineage	-	6	no	EtfA	WP_003400672.1	18098	19294	-	PF00766;PF01012	electron transfer flavoprotein subunit alpha
FLDCORE|GCF_002749945.1|NZ_PEIK01000006.1|21419-25805|-|WP_003357674.1,WP_099839231.1,WP_003357515.1,WP_099839230.1	C17_HIGH_CONF_Clostridium_combesii_GCF_002749945.1	GCF_002749945.1	Clostridium combesii	Fld_Lineage	-	5	no	EtfB	WP_003400673.1	19312	20106	-	PF01012	electron transfer flavoprotein subunit beta
FLDCORE|GCF_002749945.1|NZ_PEIK01000006.1|21419-25805|-|WP_003357674.1,WP_099839231.1,WP_003357515.1,WP_099839230.1	C17_HIGH_CONF_Clostridium_combesii_GCF_002749945.1	GCF_002749945.1	Clostridium combesii	Fld_Lineage	-	4	no	AcdA	WP_003357672.1	20119	21252	-	PF00441;PF02770;PF02771	3-(aryl)acrylate reductase AcdA
FLDCORE|GCF_002749945.1|NZ_PEIK01000006.1|21419-25805|-|WP_003357674.1,WP_099839231.1,WP_003357515.1,WP_099839230.1	C17_HIGH_CONF_Clostridium_combesii_GCF_002749945.1	GCF_002749945.1	Clostridium combesii	Fld_Lineage	-	3	yes	FldC	WP_099839230.1	21419	22543	-	PF06050	phenyllactyl-CoA dehydratase subunit FldC
FLDCORE|GCF_002749945.1|NZ_PEIK01000006.1|21419-25805|-|WP_003357674.1,WP_099839231.1,WP_003357515.1,WP_099839230.1	C17_HIGH_CONF_Clostridium_combesii_GCF_002749945.1	GCF_002749945.1	Clostridium combesii	Fld_Lineage	-	2	yes	FldB	WP_003357515.1	22545	23768	-	PF06050	phenyllactyl-CoA dehydratase subunit FldB
FLDCORE|GCF_002749945.1|NZ_PEIK01000006.1|21419-25805|-|WP_003357674.1,WP_099839231.1,WP_003357515.1,WP_099839230.1	C17_HIGH_CONF_Clostridium_combesii_GCF_002749945.1	GCF_002749945.1	Clostridium combesii	Fld_Lineage	-	1	yes	FldI	WP_099839231.1	23773	24567	-	PF01869	phenyllactyl-CoA dehydratase activase FldI
FLDCORE|GCF_002749945.1|NZ_PEIK01000006.1|21419-25805|-|WP_003357674.1,WP_099839231.1,WP_003357515.1,WP_099839230.1	C17_HIGH_CONF_Clostridium_combesii_GCF_002749945.1	GCF_002749945.1	Clostridium combesii	Fld_Lineage	-	0	yes	FldA	WP_003357674.1	24567	25805	-	PF02515	3-(aryl)acryloyl-CoA:(R)-3-(aryl)lactate CoA-transferase FldA
FLDCORE|GCF_002749945.1|NZ_PEIK01000006.1|21419-25805|-|WP_003357674.1,WP_099839231.1,WP_003357515.1,WP_099839230.1	C17_HIGH_CONF_Clostridium_combesii_GCF_002749945.1	GCF_002749945.1	Clostridium combesii	Fld_Lineage	-	-1	no	Other	WP_058010284.1	25860	27491	-		AMP-binding protein
FLDCORE|GCF_002749945.1|NZ_PEIK01000006.1|21419-25805|-|WP_003357674.1,WP_099839231.1,WP_003357515.1,WP_099839230.1	C17_HIGH_CONF_Clostridium_combesii_GCF_002749945.1	GCF_002749945.1	Clostridium combesii	Fld_Lineage	-	-2	no	Other	WP_003357536.1	27957	29279	-		branched-chain amino acid transport system II carrier protein
FLDCORE|GCF_002749945.1|NZ_PEIK01000006.1|21419-25805|-|WP_003357674.1,WP_099839231.1,WP_003357515.1,WP_099839230.1	C17_HIGH_CONF_Clostridium_combesii_GCF_002749945.1	GCF_002749945.1	Clostridium combesii	Fld_Lineage	-	-3	no	Other	WP_099839232.1	29737	31269	-		glutamine-hydrolyzing GMP synthase
FLDCORE|GCF_002749945.1|NZ_PEIK01000006.1|21419-25805|-|WP_003357674.1,WP_099839231.1,WP_003357515.1,WP_099839230.1	C17_HIGH_CONF_Clostridium_combesii_GCF_002749945.1	GCF_002749945.1	Clostridium combesii	Fld_Lineage	-	-4	no	Other	WP_099839233.1	31282	32736	-		IMP dehydrogenase
FLDCORE|GCF_002749945.1|NZ_PEIK01000006.1|21419-25805|-|WP_003357674.1,WP_099839231.1,WP_003357515.1,WP_099839230.1	C17_HIGH_CONF_Clostridium_combesii_GCF_002749945.1	GCF_002749945.1	Clostridium combesii	Fld_Lineage	-	-5	no	Other	WP_099839234.1	33177	33926	+		ATP-binding protein
FLDCORE|GCF_002749945.1|NZ_PEIK01000006.1|21419-25805|-|WP_003357674.1,WP_099839231.1,WP_003357515.1,WP_099839230.1	C17_HIGH_CONF_Clostridium_combesii_GCF_002749945.1	GCF_002749945.1	Clostridium combesii	Fld_Lineage	-	-6	no	Other	WP_099839235.1	34005	35630	-		chaperonin GroEL
FLDCORE|GCF_002749945.1|NZ_PEIK01000006.1|21419-25805|-|WP_003357674.1,WP_099839231.1,WP_003357515.1,WP_099839230.1	C17_HIGH_CONF_Clostridium_combesii_GCF_002749945.1	GCF_002749945.1	Clostridium combesii	Fld_Lineage	-	-7	no	Other	WP_003357350.1	35660	35947	-		co-chaperone GroES
FLDCORE|GCF_002749945.1|NZ_PEIK01000006.1|21419-25805|-|WP_003357674.1,WP_099839231.1,WP_003357515.1,WP_099839230.1	C17_HIGH_CONF_Clostridium_combesii_GCF_002749945.1	GCF_002749945.1	Clostridium combesii	Fld_Lineage	-	-8	no	Other	WP_099839236.1	36264	36908	+		TIGR01906 family membrane protein
FLDCORE|GCF_002749945.1|NZ_PEIK01000006.1|21419-25805|-|WP_003357674.1,WP_099839231.1,WP_003357515.1,WP_099839230.1	C17_HIGH_CONF_Clostridium_combesii_GCF_002749945.1	GCF_002749945.1	Clostridium combesii	Fld_Lineage	-	-9	no	Other		36903	37544	-		TVP38/TMEM64 family protein
FLDCORE|GCF_002749945.1|NZ_PEIK01000006.1|21419-25805|-|WP_003357674.1,WP_099839231.1,WP_003357515.1,WP_099839230.1	C17_HIGH_CONF_Clostridium_combesii_GCF_002749945.1	GCF_002749945.1	Clostridium combesii	Fld_Lineage	-	-10	no	Other	WP_099839237.1	37749	39242	-		4Fe-4S dicluster domain-containing protein
FLDCORE|GCF_002777965.1|NZ_NGVR01000017.1|267721-272191|-|WP_023582975.1,WP_100158908.1,WP_069369783.1,WP_100158907.1	C18_EXCLUDED_Proteus_columbae_GCF_002777965.1	GCF_002777965.1	Proteus columbae	Fld_Lineage	-	13	no	Other	WP_100158900.1	257666	258238	+		division control transcriptional repressor DicD
FLDCORE|GCF_002777965.1|NZ_NGVR01000017.1|267721-272191|-|WP_023582975.1,WP_100158908.1,WP_069369783.1,WP_100158907.1	C18_EXCLUDED_Proteus_columbae_GCF_002777965.1	GCF_002777965.1	Proteus columbae	Fld_Lineage	-	12	no	Other		258725	258937	-		Fic family protein
FLDCORE|GCF_002777965.1|NZ_NGVR01000017.1|267721-272191|-|WP_023582975.1,WP_100158908.1,WP_069369783.1,WP_100158907.1	C18_EXCLUDED_Proteus_columbae_GCF_002777965.1	GCF_002777965.1	Proteus columbae	Fld_Lineage	-	11	no	Other	WP_100158901.1	259278	259925	+		CPBP family intramembrane glutamic endopeptidase
FLDCORE|GCF_002777965.1|NZ_NGVR01000017.1|267721-272191|-|WP_023582975.1,WP_100158908.1,WP_069369783.1,WP_100158907.1	C18_EXCLUDED_Proteus_columbae_GCF_002777965.1	GCF_002777965.1	Proteus columbae	Fld_Lineage	-	10	no	Other	WP_100158902.1	260636	261601	+		helix-turn-helix domain-containing protein
FLDCORE|GCF_002777965.1|NZ_NGVR01000017.1|267721-272191|-|WP_023582975.1,WP_100158908.1,WP_069369783.1,WP_100158907.1	C18_EXCLUDED_Proteus_columbae_GCF_002777965.1	GCF_002777965.1	Proteus columbae	Fld_Lineage	-	9	no	Other	WP_060556296.1	261672	261956	-		ferredoxin
FLDCORE|GCF_002777965.1|NZ_NGVR01000017.1|267721-272191|-|WP_023582975.1,WP_100158908.1,WP_069369783.1,WP_100158907.1	C18_EXCLUDED_Proteus_columbae_GCF_002777965.1	GCF_002777965.1	Proteus columbae	Fld_Lineage	-	8	no	Other	WP_100158903.1	261953	263239	-		FAD-dependent oxidoreductase
FLDCORE|GCF_002777965.1|NZ_NGVR01000017.1|267721-272191|-|WP_023582975.1,WP_100158908.1,WP_069369783.1,WP_100158907.1	C18_EXCLUDED_Proteus_columbae_GCF_002777965.1	GCF_002777965.1	Proteus columbae	Fld_Lineage	-	7	no	EtfA	WP_100158904.1	263303	264244	-	PF00766;PF01012	FAD-binding protein
FLDCORE|GCF_002777965.1|NZ_NGVR01000017.1|267721-272191|-|WP_023582975.1,WP_100158908.1,WP_069369783.1,WP_100158907.1	C18_EXCLUDED_Proteus_columbae_GCF_002777965.1	GCF_002777965.1	Proteus columbae	Fld_Lineage	-	6	no	EtfB	WP_100158905.1	264256	265032	-	PF01012	putative electron transfer flavoprotein FixA
FLDCORE|GCF_002777965.1|NZ_NGVR01000017.1|267721-272191|-|WP_023582975.1,WP_100158908.1,WP_069369783.1,WP_100158907.1	C18_EXCLUDED_Proteus_columbae_GCF_002777965.1	GCF_002777965.1	Proteus columbae	Fld_Lineage	-	5	no	AcdA	WP_100158906.1	265086	266225	-	PF00441;PF02770;PF02771	acyl-CoA dehydrogenase family protein
FLDCORE|GCF_002777965.1|NZ_NGVR01000017.1|267721-272191|-|WP_023582975.1,WP_100158908.1,WP_069369783.1,WP_100158907.1	C18_EXCLUDED_Proteus_columbae_GCF_002777965.1	GCF_002777965.1	Proteus columbae	Fld_Lineage	-	4	no	Other	WP_072069069.1	266321	267640	-		GntP family permease
FLDCORE|GCF_002777965.1|NZ_NGVR01000017.1|267721-272191|-|WP_023582975.1,WP_100158908.1,WP_069369783.1,WP_100158907.1	C18_EXCLUDED_Proteus_columbae_GCF_002777965.1	GCF_002777965.1	Proteus columbae	Fld_Lineage	-	3	yes	FldC	WP_100158907.1	267721	268854	-	PF06050	2-hydroxyacyl-CoA dehydratase subunit D
FLDCORE|GCF_002777965.1|NZ_NGVR01000017.1|267721-272191|-|WP_023582975.1,WP_100158908.1,WP_069369783.1,WP_100158907.1	C18_EXCLUDED_Proteus_columbae_GCF_002777965.1	GCF_002777965.1	Proteus columbae	Fld_Lineage	-	2	yes	FldB	WP_069369783.1	268854	270095	-	PF06050	2-hydroxyacyl-CoA dehydratase subunit D
FLDCORE|GCF_002777965.1|NZ_NGVR01000017.1|267721-272191|-|WP_023582975.1,WP_100158908.1,WP_069369783.1,WP_100158907.1	C18_EXCLUDED_Proteus_columbae_GCF_002777965.1	GCF_002777965.1	Proteus columbae	Fld_Lineage	-	1	yes	FldI	WP_100158908.1	270092	270919	-	PF01869	acyl-CoA dehydratase activase
FLDCORE|GCF_002777965.1|NZ_NGVR01000017.1|267721-272191|-|WP_023582975.1,WP_100158908.1,WP_069369783.1,WP_100158907.1	C18_EXCLUDED_Proteus_columbae_GCF_002777965.1	GCF_002777965.1	Proteus columbae	Fld_Lineage	-	0	yes	FldA	WP_023582975.1	270956	272191	-	PF02515	CaiB/BaiF CoA transferase family protein
FLDCORE|GCF_002777965.1|NZ_NGVR01000017.1|267721-272191|-|WP_023582975.1,WP_100158908.1,WP_069369783.1,WP_100158907.1	C18_EXCLUDED_Proteus_columbae_GCF_002777965.1	GCF_002777965.1	Proteus columbae	Fld_Lineage	-	-1	no	Other	WP_100158909.1	272258	273895	-		AMP-binding protein
FLDCORE|GCF_002777965.1|NZ_NGVR01000017.1|267721-272191|-|WP_023582975.1,WP_100158908.1,WP_069369783.1,WP_100158907.1	C18_EXCLUDED_Proteus_columbae_GCF_002777965.1	GCF_002777965.1	Proteus columbae	Fld_Lineage	-	-2	no	FldX	WP_100158910.1	274402	275733	-	PF07690	MFS transporter
FLDCORE|GCF_002777965.1|NZ_NGVR01000017.1|267721-272191|-|WP_023582975.1,WP_100158908.1,WP_069369783.1,WP_100158907.1	C18_EXCLUDED_Proteus_columbae_GCF_002777965.1	GCF_002777965.1	Proteus columbae	Fld_Lineage	-	-3	no	Other	WP_023582978.1	275820	276107	-		ferredoxin-like protein FixX
FLDCORE|GCF_002777965.1|NZ_NGVR01000017.1|267721-272191|-|WP_023582975.1,WP_100158908.1,WP_069369783.1,WP_100158907.1	C18_EXCLUDED_Proteus_columbae_GCF_002777965.1	GCF_002777965.1	Proteus columbae	Fld_Lineage	-	-4	no	Other	WP_100158911.1	276104	277396	-		FAD-dependent oxidoreductase FixC
FLDCORE|GCF_002777965.1|NZ_NGVR01000017.1|267721-272191|-|WP_023582975.1,WP_100158908.1,WP_069369783.1,WP_100158907.1	C18_EXCLUDED_Proteus_columbae_GCF_002777965.1	GCF_002777965.1	Proteus columbae	Fld_Lineage	-	-5	no	EtfA	WP_100158912.1	277454	278392	-	PF00766;PF01012	FAD-binding protein
FLDCORE|GCF_002777965.1|NZ_NGVR01000017.1|267721-272191|-|WP_023582975.1,WP_100158908.1,WP_069369783.1,WP_100158907.1	C18_EXCLUDED_Proteus_columbae_GCF_002777965.1	GCF_002777965.1	Proteus columbae	Fld_Lineage	-	-6	no	EtfB	WP_100158913.1	278404	279177	-	PF01012	putative electron transfer flavoprotein FixA
FLDCORE|GCF_002777965.1|NZ_NGVR01000017.1|267721-272191|-|WP_023582975.1,WP_100158908.1,WP_069369783.1,WP_100158907.1	C18_EXCLUDED_Proteus_columbae_GCF_002777965.1	GCF_002777965.1	Proteus columbae	Fld_Lineage	-	-7	no	Other	WP_100158914.1	279778	281292	+		L-carnitine/gamma-butyrobetaine antiporter
FLDCORE|GCF_002777965.1|NZ_NGVR01000017.1|267721-272191|-|WP_023582975.1,WP_100158908.1,WP_069369783.1,WP_100158907.1	C18_EXCLUDED_Proteus_columbae_GCF_002777965.1	GCF_002777965.1	Proteus columbae	Fld_Lineage	-	-8	no	AcdA	WP_100158915.1	281334	282476	+	PF00441;PF02770;PF02771	crotonobetainyl-CoA dehydrogenase
FLDCORE|GCF_002777965.1|NZ_NGVR01000017.1|267721-272191|-|WP_023582975.1,WP_100158908.1,WP_069369783.1,WP_100158907.1	C18_EXCLUDED_Proteus_columbae_GCF_002777965.1	GCF_002777965.1	Proteus columbae	Fld_Lineage	-	-9	no	FldA	WP_100158916.1	282546	283766	+	PF02515	L-carnitine CoA-transferase
FLDCORE|GCF_002777965.1|NZ_NGVR01000017.1|267721-272191|-|WP_023582975.1,WP_100158908.1,WP_069369783.1,WP_100158907.1	C18_EXCLUDED_Proteus_columbae_GCF_002777965.1	GCF_002777965.1	Proteus columbae	Fld_Lineage	-	-10	no	Other	WP_100158917.1	283842	285398	+		crotonobetaine/carnitine-CoA ligase
FLDCORE|GCF_002865995.1|NZ_CP014150.1|3247204-3251608|-|WP_055337448.1,WP_055332792.1,WP_021127658.1,WP_101509292.1	C19_EXCLUDED_Paraclostridium_sordellii_GCF_002865995.1	GCF_002865995.1	Paraclostridium sordellii	Had_Lineage	-	13	no	Other	WP_057541221.1	3234540	3235259	-		PrsW family intramembrane metalloprotease
FLDCORE|GCF_002865995.1|NZ_CP014150.1|3247204-3251608|-|WP_055337448.1,WP_055332792.1,WP_021127658.1,WP_101509292.1	C19_EXCLUDED_Paraclostridium_sordellii_GCF_002865995.1	GCF_002865995.1	Paraclostridium sordellii	Had_Lineage	-	12	no	Other	WP_057566075.1	3235388	3236659	+		spore cortex-lytic germination protein SleC
FLDCORE|GCF_002865995.1|NZ_CP014150.1|3247204-3251608|-|WP_055337448.1,WP_055332792.1,WP_021127658.1,WP_101509292.1	C19_EXCLUDED_Paraclostridium_sordellii_GCF_002865995.1	GCF_002865995.1	Paraclostridium sordellii	Had_Lineage	-	11	no	Other	WP_055330627.1	3236690	3238054	-		DUF3298 domain-containing protein
FLDCORE|GCF_002865995.1|NZ_CP014150.1|3247204-3251608|-|WP_055337448.1,WP_055332792.1,WP_021127658.1,WP_101509292.1	C19_EXCLUDED_Paraclostridium_sordellii_GCF_002865995.1	GCF_002865995.1	Paraclostridium sordellii	Had_Lineage	-	10	no	Other	WP_101509290.1	3238195	3239853	-		PTS transporter subunit EIIC
FLDCORE|GCF_002865995.1|NZ_CP014150.1|3247204-3251608|-|WP_055337448.1,WP_055332792.1,WP_021127658.1,WP_101509292.1	C19_EXCLUDED_Paraclostridium_sordellii_GCF_002865995.1	GCF_002865995.1	Paraclostridium sordellii	Had_Lineage	-	9	no	Other	WP_021127665.1	3240093	3240926	-		PRD domain-containing protein
FLDCORE|GCF_002865995.1|NZ_CP014150.1|3247204-3251608|-|WP_055337448.1,WP_055332792.1,WP_021127658.1,WP_101509292.1	C19_EXCLUDED_Paraclostridium_sordellii_GCF_002865995.1	GCF_002865995.1	Paraclostridium sordellii	Had_Lineage	-	8	no	Other	WP_055330622.1	3241223	3242086	+		class II fructose-1,6-bisphosphate aldolase
FLDCORE|GCF_002865995.1|NZ_CP014150.1|3247204-3251608|-|WP_055337448.1,WP_055332792.1,WP_021127658.1,WP_101509292.1	C19_EXCLUDED_Paraclostridium_sordellii_GCF_002865995.1	GCF_002865995.1	Paraclostridium sordellii	Had_Lineage	-	7	no	Other	WP_057547818.1	3242128	3243759	-		sigma-54 interaction domain-containing protein
FLDCORE|GCF_002865995.1|NZ_CP014150.1|3247204-3251608|-|WP_055337448.1,WP_055332792.1,WP_021127658.1,WP_101509292.1	C19_EXCLUDED_Paraclostridium_sordellii_GCF_002865995.1	GCF_002865995.1	Paraclostridium sordellii	Had_Lineage	-	6	no	EtfA	WP_057541225.1	3244065	3245117	-	PF00766;PF01012	electron transfer flavoprotein subunit alpha/FixB family protein
FLDCORE|GCF_002865995.1|NZ_CP014150.1|3247204-3251608|-|WP_055337448.1,WP_055332792.1,WP_021127658.1,WP_101509292.1	C19_EXCLUDED_Paraclostridium_sordellii_GCF_002865995.1	GCF_002865995.1	Paraclostridium sordellii	Had_Lineage	-	5	no	EtfB	WP_057559255.1	3245131	3245916	-	PF01012	electron transfer flavoprotein subunit beta
FLDCORE|GCF_002865995.1|NZ_CP014150.1|3247204-3251608|-|WP_055337448.1,WP_055332792.1,WP_021127658.1,WP_101509292.1	C19_EXCLUDED_Paraclostridium_sordellii_GCF_002865995.1	GCF_002865995.1	Paraclostridium sordellii	Had_Lineage	-	4	no	AcdA	WP_101509291.1	3245965	3247098	-	PF00441;PF02770;PF02771	putative isocaproyl-CoA dehydrogenase AcdB
FLDCORE|GCF_002865995.1|NZ_CP014150.1|3247204-3251608|-|WP_055337448.1,WP_055332792.1,WP_021127658.1,WP_101509292.1	C19_EXCLUDED_Paraclostridium_sordellii_GCF_002865995.1	GCF_002865995.1	Paraclostridium sordellii	Had_Lineage	-	3	yes	FldC	WP_101509292.1	3247204	3248331	-	PF06050	2-hydroxyacyl-CoA dehydratase subunit D
FLDCORE|GCF_002865995.1|NZ_CP014150.1|3247204-3251608|-|WP_055337448.1,WP_055332792.1,WP_021127658.1,WP_101509292.1	C19_EXCLUDED_Paraclostridium_sordellii_GCF_002865995.1	GCF_002865995.1	Paraclostridium sordellii	Had_Lineage	-	2	yes	FldB	WP_021127658.1	3248331	3249557	-	PF06050	(R)-2-hydroxyisocaproyl-CoA dehydratase subunit alpha
FLDCORE|GCF_002865995.1|NZ_CP014150.1|3247204-3251608|-|WP_055337448.1,WP_055332792.1,WP_021127658.1,WP_101509292.1	C19_EXCLUDED_Paraclostridium_sordellii_GCF_002865995.1	GCF_002865995.1	Paraclostridium sordellii	Had_Lineage	-	1	yes	FldI	WP_055332792.1	3249576	3250352	-	PF01869	acyl-CoA dehydratase activase
FLDCORE|GCF_002865995.1|NZ_CP014150.1|3247204-3251608|-|WP_055337448.1,WP_055332792.1,WP_021127658.1,WP_101509292.1	C19_EXCLUDED_Paraclostridium_sordellii_GCF_002865995.1	GCF_002865995.1	Paraclostridium sordellii	Had_Lineage	-	0	yes	FldA	WP_055337448.1	3250376	3251608	-	PF02515	CaiB/BaiF CoA transferase family protein
FLDCORE|GCF_002865995.1|NZ_CP014150.1|3247204-3251608|-|WP_055337448.1,WP_055332792.1,WP_021127658.1,WP_101509292.1	C19_EXCLUDED_Paraclostridium_sordellii_GCF_002865995.1	GCF_002865995.1	Paraclostridium sordellii	Had_Lineage	-	-1	no	FldH	WP_101509293.1	3252147	3253166	+	PF00389;PF02826	D-2-hydroxyacid dehydrogenase
FLDCORE|GCF_002865995.1|NZ_CP014150.1|3247204-3251608|-|WP_055337448.1,WP_055332792.1,WP_021127658.1,WP_101509292.1	C19_EXCLUDED_Paraclostridium_sordellii_GCF_002865995.1	GCF_002865995.1	Paraclostridium sordellii	Had_Lineage	-	-2	no	Other	WP_055330605.1	3253244	3254605	-		23S rRNA (uracil(1939)-C(5))-methyltransferase RlmD
FLDCORE|GCF_002865995.1|NZ_CP014150.1|3247204-3251608|-|WP_055337448.1,WP_055332792.1,WP_021127658.1,WP_101509292.1	C19_EXCLUDED_Paraclostridium_sordellii_GCF_002865995.1	GCF_002865995.1	Paraclostridium sordellii	Had_Lineage	-	-3	no	Other	WP_101509446.1	3254629	3255351	-		pseudouridine synthase
FLDCORE|GCF_002865995.1|NZ_CP014150.1|3247204-3251608|-|WP_055337448.1,WP_055332792.1,WP_021127658.1,WP_101509292.1	C19_EXCLUDED_Paraclostridium_sordellii_GCF_002865995.1	GCF_002865995.1	Paraclostridium sordellii	Had_Lineage	-	-4	no	Other	WP_057564999.1	3255368	3255697	-		DUF1904 domain-containing protein
FLDCORE|GCF_002865995.1|NZ_CP014150.1|3247204-3251608|-|WP_055337448.1,WP_055332792.1,WP_021127658.1,WP_101509292.1	C19_EXCLUDED_Paraclostridium_sordellii_GCF_002865995.1	GCF_002865995.1	Paraclostridium sordellii	Had_Lineage	-	-5	no	Other	WP_054631328.1	3255856	3256341	-		hypothetical protein
FLDCORE|GCF_002865995.1|NZ_CP014150.1|3247204-3251608|-|WP_055337448.1,WP_055332792.1,WP_021127658.1,WP_101509292.1	C19_EXCLUDED_Paraclostridium_sordellii_GCF_002865995.1	GCF_002865995.1	Paraclostridium sordellii	Had_Lineage	-	-6	no	Other	WP_021127650.1	3256368	3256925	-		5' nucleotidase, NT5C type
FLDCORE|GCF_002865995.1|NZ_CP014150.1|3247204-3251608|-|WP_055337448.1,WP_055332792.1,WP_021127658.1,WP_101509292.1	C19_EXCLUDED_Paraclostridium_sordellii_GCF_002865995.1	GCF_002865995.1	Paraclostridium sordellii	Had_Lineage	-	-7	no	Other	WP_057537309.1	3257084	3257836	-		hypothetical protein
FLDCORE|GCF_002865995.1|NZ_CP014150.1|3247204-3251608|-|WP_055337448.1,WP_055332792.1,WP_021127658.1,WP_101509292.1	C19_EXCLUDED_Paraclostridium_sordellii_GCF_002865995.1	GCF_002865995.1	Paraclostridium sordellii	Had_Lineage	-	-8	no	Other	WP_021127648.1	3257910	3258602	-		metallophosphoesterase
FLDCORE|GCF_002865995.1|NZ_CP014150.1|3247204-3251608|-|WP_055337448.1,WP_055332792.1,WP_021127658.1,WP_101509292.1	C19_EXCLUDED_Paraclostridium_sordellii_GCF_002865995.1	GCF_002865995.1	Paraclostridium sordellii	Had_Lineage	-	-9	no	Other	WP_021127647.1	3258652	3259446	-		GTP pyrophosphokinase
FLDCORE|GCF_002865995.1|NZ_CP014150.1|3247204-3251608|-|WP_055337448.1,WP_055332792.1,WP_021127658.1,WP_101509292.1	C19_EXCLUDED_Paraclostridium_sordellii_GCF_002865995.1	GCF_002865995.1	Paraclostridium sordellii	Had_Lineage	-	-10	no	Other	WP_057537310.1	3259499	3260410	-		MBL fold metallo-hydrolase
FLDCORE|GCF_003012055.1|NZ_JYGE01000003.1|44276-48757|+|WP_106776217.1,WP_106776218.1,WP_106776219.1,WP_106776220.1	C20_HIGH_CONF_Peptostreptococcus_russel_GCF_003012055.1	GCF_003012055.1	Peptostreptococcus russellii	Fld_Lineage	+	-10	no	Other	WP_106776207.1	30673	30891	+		YdbC family protein
FLDCORE|GCF_003012055.1|NZ_JYGE01000003.1|44276-48757|+|WP_106776217.1,WP_106776218.1,WP_106776219.1,WP_106776220.1	C20_HIGH_CONF_Peptostreptococcus_russel_GCF_003012055.1	GCF_003012055.1	Peptostreptococcus russellii	Fld_Lineage	+	-9	no	Other	WP_106776208.1	31246	33039	+		oleate hydratase
FLDCORE|GCF_003012055.1|NZ_JYGE01000003.1|44276-48757|+|WP_106776217.1,WP_106776218.1,WP_106776219.1,WP_106776220.1	C20_HIGH_CONF_Peptostreptococcus_russel_GCF_003012055.1	GCF_003012055.1	Peptostreptococcus russellii	Fld_Lineage	+	-8	no	Other	WP_106776209.1	33144	35243	+		P-loop NTPase family protein
FLDCORE|GCF_003012055.1|NZ_JYGE01000003.1|44276-48757|+|WP_106776217.1,WP_106776218.1,WP_106776219.1,WP_106776220.1	C20_HIGH_CONF_Peptostreptococcus_russel_GCF_003012055.1	GCF_003012055.1	Peptostreptococcus russellii	Fld_Lineage	+	-7	no	Other	WP_106776210.1	35233	36429	+		hypothetical protein
FLDCORE|GCF_003012055.1|NZ_JYGE01000003.1|44276-48757|+|WP_106776217.1,WP_106776218.1,WP_106776219.1,WP_106776220.1	C20_HIGH_CONF_Peptostreptococcus_russel_GCF_003012055.1	GCF_003012055.1	Peptostreptococcus russellii	Fld_Lineage	+	-6	no	Other	WP_106776211.1	36438	38366	+		vWA domain-containing protein
FLDCORE|GCF_003012055.1|NZ_JYGE01000003.1|44276-48757|+|WP_106776217.1,WP_106776218.1,WP_106776219.1,WP_106776220.1	C20_HIGH_CONF_Peptostreptococcus_russel_GCF_003012055.1	GCF_003012055.1	Peptostreptococcus russellii	Fld_Lineage	+	-5	no	Other	WP_106776212.1	38559	39149	+		TetR/AcrR family transcriptional regulator
FLDCORE|GCF_003012055.1|NZ_JYGE01000003.1|44276-48757|+|WP_106776217.1,WP_106776218.1,WP_106776219.1,WP_106776220.1	C20_HIGH_CONF_Peptostreptococcus_russel_GCF_003012055.1	GCF_003012055.1	Peptostreptococcus russellii	Fld_Lineage	+	-4	no	Other	WP_106776213.1	39187	40152	+		O-acetyl-ADP-ribose deacetylase
FLDCORE|GCF_003012055.1|NZ_JYGE01000003.1|44276-48757|+|WP_106776217.1,WP_106776218.1,WP_106776219.1,WP_106776220.1	C20_HIGH_CONF_Peptostreptococcus_russel_GCF_003012055.1	GCF_003012055.1	Peptostreptococcus russellii	Fld_Lineage	+	-3	no	Other	WP_106776214.1	40487	41074	+		helix-turn-helix domain-containing protein
FLDCORE|GCF_003012055.1|NZ_JYGE01000003.1|44276-48757|+|WP_106776217.1,WP_106776218.1,WP_106776219.1,WP_106776220.1	C20_HIGH_CONF_Peptostreptococcus_russel_GCF_003012055.1	GCF_003012055.1	Peptostreptococcus russellii	Fld_Lineage	+	-2	no	Other	WP_106776215.1	41472	42155	+		GntR family transcriptional regulator
FLDCORE|GCF_003012055.1|NZ_JYGE01000003.1|44276-48757|+|WP_106776217.1,WP_106776218.1,WP_106776219.1,WP_106776220.1	C20_HIGH_CONF_Peptostreptococcus_russel_GCF_003012055.1	GCF_003012055.1	Peptostreptococcus russellii	Fld_Lineage	+	-1	no	Other	WP_106776216.1	42379	44061	+		class I adenylate-forming enzyme family protein
FLDCORE|GCF_003012055.1|NZ_JYGE01000003.1|44276-48757|+|WP_106776217.1,WP_106776218.1,WP_106776219.1,WP_106776220.1	C20_HIGH_CONF_Peptostreptococcus_russel_GCF_003012055.1	GCF_003012055.1	Peptostreptococcus russellii	Fld_Lineage	+	0	yes	FldA	WP_106776217.1	44276	45514	+	PF02515	CaiB/BaiF CoA transferase family protein
FLDCORE|GCF_003012055.1|NZ_JYGE01000003.1|44276-48757|+|WP_106776217.1,WP_106776218.1,WP_106776219.1,WP_106776220.1	C20_HIGH_CONF_Peptostreptococcus_russel_GCF_003012055.1	GCF_003012055.1	Peptostreptococcus russellii	Fld_Lineage	+	1	yes	FldI	WP_106776218.1	45606	46394	+	PF01869	acyl-CoA dehydratase activase
FLDCORE|GCF_003012055.1|NZ_JYGE01000003.1|44276-48757|+|WP_106776217.1,WP_106776218.1,WP_106776219.1,WP_106776220.1	C20_HIGH_CONF_Peptostreptococcus_russel_GCF_003012055.1	GCF_003012055.1	Peptostreptococcus russellii	Fld_Lineage	+	2	yes	FldB	WP_106776219.1	46408	47646	+	PF06050	2-hydroxyacyl-CoA dehydratase subunit D
FLDCORE|GCF_003012055.1|NZ_JYGE01000003.1|44276-48757|+|WP_106776217.1,WP_106776218.1,WP_106776219.1,WP_106776220.1	C20_HIGH_CONF_Peptostreptococcus_russel_GCF_003012055.1	GCF_003012055.1	Peptostreptococcus russellii	Fld_Lineage	+	3	yes	FldC	WP_106776220.1	47639	48757	+	PF06050	2-hydroxyacyl-CoA dehydratase subunit D
FLDCORE|GCF_003012055.1|NZ_JYGE01000003.1|44276-48757|+|WP_106776217.1,WP_106776218.1,WP_106776219.1,WP_106776220.1	C20_HIGH_CONF_Peptostreptococcus_russel_GCF_003012055.1	GCF_003012055.1	Peptostreptococcus russellii	Fld_Lineage	+	4	no	AcdA	WP_106776221.1	48789	49922	+	PF00441;PF02770;PF02771	acyl-CoA dehydrogenase family protein
FLDCORE|GCF_003012055.1|NZ_JYGE01000003.1|44276-48757|+|WP_106776217.1,WP_106776218.1,WP_106776219.1,WP_106776220.1	C20_HIGH_CONF_Peptostreptococcus_russel_GCF_003012055.1	GCF_003012055.1	Peptostreptococcus russellii	Fld_Lineage	+	5	no	EtfB	WP_106776222.1	49938	50729	+	PF01012	electron transfer flavoprotein subunit beta/FixA family protein
FLDCORE|GCF_003012055.1|NZ_JYGE01000003.1|44276-48757|+|WP_106776217.1,WP_106776218.1,WP_106776219.1,WP_106776220.1	C20_HIGH_CONF_Peptostreptococcus_russel_GCF_003012055.1	GCF_003012055.1	Peptostreptococcus russellii	Fld_Lineage	+	6	no	EtfA	WP_106776223.1	50786	51796	+	PF00766;PF01012	electron transfer flavoprotein subunit alpha/FixB family protein
FLDCORE|GCF_003012055.1|NZ_JYGE01000003.1|44276-48757|+|WP_106776217.1,WP_106776218.1,WP_106776219.1,WP_106776220.1	C20_HIGH_CONF_Peptostreptococcus_russel_GCF_003012055.1	GCF_003012055.1	Peptostreptococcus russellii	Fld_Lineage	+	7	no	FldH	WP_106776224.1	52124	53113	+	PF00389;PF02826	2-hydroxyacid dehydrogenase
FLDCORE|GCF_003012055.1|NZ_JYGE01000003.1|44276-48757|+|WP_106776217.1,WP_106776218.1,WP_106776219.1,WP_106776220.1	C20_HIGH_CONF_Peptostreptococcus_russel_GCF_003012055.1	GCF_003012055.1	Peptostreptococcus russellii	Fld_Lineage	+	8	no	Other	WP_106776225.1	53189	54511	+		branched-chain amino acid transport system II carrier protein
FLDCORE|GCF_003012055.1|NZ_JYGE01000003.1|44276-48757|+|WP_106776217.1,WP_106776218.1,WP_106776219.1,WP_106776220.1	C20_HIGH_CONF_Peptostreptococcus_russel_GCF_003012055.1	GCF_003012055.1	Peptostreptococcus russellii	Fld_Lineage	+	9	no	Other	WP_106776226.1	54655	55839	+		pyridoxal phosphate-dependent aminotransferase
FLDCORE|GCF_003012055.1|NZ_JYGE01000003.1|44276-48757|+|WP_106776217.1,WP_106776218.1,WP_106776219.1,WP_106776220.1	C20_HIGH_CONF_Peptostreptococcus_russel_GCF_003012055.1	GCF_003012055.1	Peptostreptococcus russellii	Fld_Lineage	+	10	no	Other	WP_106776227.1	57459	58784	+		branched-chain amino acid transport system II carrier protein
FLDCORE|GCF_003012055.1|NZ_JYGE01000003.1|44276-48757|+|WP_106776217.1,WP_106776218.1,WP_106776219.1,WP_106776220.1	C20_HIGH_CONF_Peptostreptococcus_russel_GCF_003012055.1	GCF_003012055.1	Peptostreptococcus russellii	Fld_Lineage	+	11	no	Other	WP_106776228.1	58956	60140	+		pyridoxal phosphate-dependent aminotransferase
FLDCORE|GCF_003012055.1|NZ_JYGE01000003.1|44276-48757|+|WP_106776217.1,WP_106776218.1,WP_106776219.1,WP_106776220.1	C20_HIGH_CONF_Peptostreptococcus_russel_GCF_003012055.1	GCF_003012055.1	Peptostreptococcus russellii	Fld_Lineage	+	12	no	Other	WP_106776229.1	60281	61411	-		AI-2E family transporter
FLDCORE|GCF_003012055.1|NZ_JYGE01000003.1|44276-48757|+|WP_106776217.1,WP_106776218.1,WP_106776219.1,WP_106776220.1	C20_HIGH_CONF_Peptostreptococcus_russel_GCF_003012055.1	GCF_003012055.1	Peptostreptococcus russellii	Fld_Lineage	+	13	no	Other	WP_106776230.1	61528	61932	+		hypothetical protein
FLDCORE|GCF_003024655.1|NZ_PYII01000014.1|201045-205564|+|WP_166434545.1,WP_107435545.1,WP_007707150.1,WP_107435546.1	C21_EXCLUDED_Enterocloster_lavalensis_GCF_003024655.1	GCF_003024655.1	Enterocloster lavalensis	Had_Lineage	+	-10	no	Other	WP_063856772.1	190550	191158	+		D-Ala-D-Ala dipeptidase VanX-B
FLDCORE|GCF_003024655.1|NZ_PYII01000014.1|201045-205564|+|WP_166434545.1,WP_107435545.1,WP_007707150.1,WP_107435546.1	C21_EXCLUDED_Enterocloster_lavalensis_GCF_003024655.1	GCF_003024655.1	Enterocloster lavalensis	Had_Lineage	+	-9	no	Other	WP_002317264.1	191746	192177	+		sigma-70 family RNA polymerase sigma factor
FLDCORE|GCF_003024655.1|NZ_PYII01000014.1|201045-205564|+|WP_166434545.1,WP_107435545.1,WP_007707150.1,WP_107435546.1	C21_EXCLUDED_Enterocloster_lavalensis_GCF_003024655.1	GCF_003024655.1	Enterocloster lavalensis	Had_Lineage	+	-8	no	Other	WP_002317263.1	192184	192417	+		helix-turn-helix domain-containing protein
FLDCORE|GCF_003024655.1|NZ_PYII01000014.1|201045-205564|+|WP_166434545.1,WP_107435545.1,WP_007707150.1,WP_107435546.1	C21_EXCLUDED_Enterocloster_lavalensis_GCF_003024655.1	GCF_003024655.1	Enterocloster lavalensis	Had_Lineage	+	-7	no	Other	WP_033624090.1	192838	193041	+		excisionase
FLDCORE|GCF_003024655.1|NZ_PYII01000014.1|201045-205564|+|WP_166434545.1,WP_107435545.1,WP_007707150.1,WP_107435546.1	C21_EXCLUDED_Enterocloster_lavalensis_GCF_003024655.1	GCF_003024655.1	Enterocloster lavalensis	Had_Lineage	+	-6	no	Other	WP_002317260.1	193125	194318	+		site-specific integrase
FLDCORE|GCF_003024655.1|NZ_PYII01000014.1|201045-205564|+|WP_166434545.1,WP_107435545.1,WP_007707150.1,WP_107435546.1	C21_EXCLUDED_Enterocloster_lavalensis_GCF_003024655.1	GCF_003024655.1	Enterocloster lavalensis	Had_Lineage	+	-5	no	Other	WP_107435540.1	194548	194943	+		nuclear transport factor 2 family protein
FLDCORE|GCF_003024655.1|NZ_PYII01000014.1|201045-205564|+|WP_166434545.1,WP_107435545.1,WP_007707150.1,WP_107435546.1	C21_EXCLUDED_Enterocloster_lavalensis_GCF_003024655.1	GCF_003024655.1	Enterocloster lavalensis	Had_Lineage	+	-4	no	Other	WP_107435541.1	194947	195708	-		GNAT family N-acetyltransferase
FLDCORE|GCF_003024655.1|NZ_PYII01000014.1|201045-205564|+|WP_166434545.1,WP_107435545.1,WP_007707150.1,WP_107435546.1	C21_EXCLUDED_Enterocloster_lavalensis_GCF_003024655.1	GCF_003024655.1	Enterocloster lavalensis	Had_Lineage	+	-3	no	Other	WP_107435542.1	195868	197463	-		class I adenylate-forming enzyme family protein
FLDCORE|GCF_003024655.1|NZ_PYII01000014.1|201045-205564|+|WP_166434545.1,WP_107435545.1,WP_007707150.1,WP_107435546.1	C21_EXCLUDED_Enterocloster_lavalensis_GCF_003024655.1	GCF_003024655.1	Enterocloster lavalensis	Had_Lineage	+	-2	no	Other	WP_107435543.1	197496	198950	-		SLC13 family permease
FLDCORE|GCF_003024655.1|NZ_PYII01000014.1|201045-205564|+|WP_166434545.1,WP_107435545.1,WP_007707150.1,WP_107435546.1	C21_EXCLUDED_Enterocloster_lavalensis_GCF_003024655.1	GCF_003024655.1	Enterocloster lavalensis	Had_Lineage	+	-1	no	Other	WP_166434544.1	199396	200745	+		sigma-54 interaction domain-containing protein
FLDCORE|GCF_003024655.1|NZ_PYII01000014.1|201045-205564|+|WP_166434545.1,WP_107435545.1,WP_007707150.1,WP_107435546.1	C21_EXCLUDED_Enterocloster_lavalensis_GCF_003024655.1	GCF_003024655.1	Enterocloster lavalensis	Had_Lineage	+	0	yes	FldA	WP_166434545.1	201045	202250	+	PF02515	CaiB/BaiF CoA transferase family protein
FLDCORE|GCF_003024655.1|NZ_PYII01000014.1|201045-205564|+|WP_166434545.1,WP_107435545.1,WP_007707150.1,WP_107435546.1	C21_EXCLUDED_Enterocloster_lavalensis_GCF_003024655.1	GCF_003024655.1	Enterocloster lavalensis	Had_Lineage	+	1	yes	FldI	WP_107435545.1	202339	203130	+	PF01869	acyl-CoA dehydratase activase
FLDCORE|GCF_003024655.1|NZ_PYII01000014.1|201045-205564|+|WP_166434545.1,WP_107435545.1,WP_007707150.1,WP_107435546.1	C21_EXCLUDED_Enterocloster_lavalensis_GCF_003024655.1	GCF_003024655.1	Enterocloster lavalensis	Had_Lineage	+	2	yes	FldB	WP_007707150.1	203176	204450	+	PF06050	2-hydroxyacyl-CoA dehydratase subunit D
FLDCORE|GCF_003024655.1|NZ_PYII01000014.1|201045-205564|+|WP_166434545.1,WP_107435545.1,WP_007707150.1,WP_107435546.1	C21_EXCLUDED_Enterocloster_lavalensis_GCF_003024655.1	GCF_003024655.1	Enterocloster lavalensis	Had_Lineage	+	3	yes	FldC	WP_107435546.1	204443	205564	+	PF06050	2-hydroxyacyl-CoA dehydratase subunit D
FLDCORE|GCF_003024655.1|NZ_PYII01000014.1|201045-205564|+|WP_166434545.1,WP_107435545.1,WP_007707150.1,WP_107435546.1	C21_EXCLUDED_Enterocloster_lavalensis_GCF_003024655.1	GCF_003024655.1	Enterocloster lavalensis	Had_Lineage	+	4	no	AcdA	WP_146153758.1	205730	206872	+	PF00441;PF02770;PF02771	acyl-CoA dehydrogenase family protein
FLDCORE|GCF_003024655.1|NZ_PYII01000014.1|201045-205564|+|WP_166434545.1,WP_107435545.1,WP_007707150.1,WP_107435546.1	C21_EXCLUDED_Enterocloster_lavalensis_GCF_003024655.1	GCF_003024655.1	Enterocloster lavalensis	Had_Lineage	+	5	no	EtfB	WP_107435548.1	206889	207689	+	PF01012	acryloyl-CoA reductase electron transfer subunit gamma
FLDCORE|GCF_003024655.1|NZ_PYII01000014.1|201045-205564|+|WP_166434545.1,WP_107435545.1,WP_007707150.1,WP_107435546.1	C21_EXCLUDED_Enterocloster_lavalensis_GCF_003024655.1	GCF_003024655.1	Enterocloster lavalensis	Had_Lineage	+	6	no	EtfB	WP_107435549.1	207709	208815	+	PF00766;PF01012	acryloyl-CoA reductase electron transfer subunit beta
FLDCORE|GCF_003024655.1|NZ_PYII01000014.1|201045-205564|+|WP_166434545.1,WP_107435545.1,WP_007707150.1,WP_107435546.1	C21_EXCLUDED_Enterocloster_lavalensis_GCF_003024655.1	GCF_003024655.1	Enterocloster lavalensis	Had_Lineage	+	7	no	Other	WP_024736577.1	208812	209009	-		type II toxin-antitoxin system HicA family toxin
FLDCORE|GCF_003024655.1|NZ_PYII01000014.1|201045-205564|+|WP_166434545.1,WP_107435545.1,WP_007707150.1,WP_107435546.1	C21_EXCLUDED_Enterocloster_lavalensis_GCF_003024655.1	GCF_003024655.1	Enterocloster lavalensis	Had_Lineage	+	8	no	Other	WP_092365830.1	209263	209703	+		type II toxin-antitoxin system HicB family antitoxin
FLDCORE|GCF_003024655.1|NZ_PYII01000014.1|201045-205564|+|WP_166434545.1,WP_107435545.1,WP_007707150.1,WP_107435546.1	C21_EXCLUDED_Enterocloster_lavalensis_GCF_003024655.1	GCF_003024655.1	Enterocloster lavalensis	Had_Lineage	+	9	no	Other	WP_166434546.1	209830	210003	+		hypothetical protein
FLDCORE|GCF_003024655.1|NZ_PYII01000014.1|201045-205564|+|WP_166434545.1,WP_107435545.1,WP_007707150.1,WP_107435546.1	C21_EXCLUDED_Enterocloster_lavalensis_GCF_003024655.1	GCF_003024655.1	Enterocloster lavalensis	Had_Lineage	+	10	no	Other	WP_166434547.1	210018	210191	+		hypothetical protein
FLDCORE|GCF_003024655.1|NZ_PYII01000014.1|201045-205564|+|WP_166434545.1,WP_107435545.1,WP_007707150.1,WP_107435546.1	C21_EXCLUDED_Enterocloster_lavalensis_GCF_003024655.1	GCF_003024655.1	Enterocloster lavalensis	Had_Lineage	+	11	no	Other	WP_092365833.1	210279	212300	+		hypothetical protein
FLDCORE|GCF_003024655.1|NZ_PYII01000014.1|201045-205564|+|WP_166434545.1,WP_107435545.1,WP_007707150.1,WP_107435546.1	C21_EXCLUDED_Enterocloster_lavalensis_GCF_003024655.1	GCF_003024655.1	Enterocloster lavalensis	Had_Lineage	+	12	no	Other	WP_139201170.1	212297	214030	+		hypothetical protein
FLDCORE|GCF_003024655.1|NZ_PYII01000014.1|201045-205564|+|WP_166434545.1,WP_107435545.1,WP_007707150.1,WP_107435546.1	C21_EXCLUDED_Enterocloster_lavalensis_GCF_003024655.1	GCF_003024655.1	Enterocloster lavalensis	Had_Lineage	+	13	no	Other	WP_007707192.1	214141	214689	+		stage V sporulation protein T
FLDCORE|GCF_003115815.1|NZ_QDKJ01000008.1|229640-234244|+|WP_109054665.1,WP_109054666.1,WP_109054667.1,WP_109054668.1	C22_EXCLUDED_Brenneria_roseae_subsp._a_GCF_003115815.1	GCF_003115815.1	Brenneria roseae subsp. americana	Fld_Lineage	+	-10	no	Other	WP_109054656.1	215856	216740	-		lipoprotein NlpI
FLDCORE|GCF_003115815.1|NZ_QDKJ01000008.1|229640-234244|+|WP_109054665.1,WP_109054666.1,WP_109054667.1,WP_109054668.1	C22_EXCLUDED_Brenneria_roseae_subsp._a_GCF_003115815.1	GCF_003115815.1	Brenneria roseae subsp. americana	Fld_Lineage	+	-9	no	Other	WP_109054657.1	216879	219002	-		polyribonucleotide nucleotidyltransferase
FLDCORE|GCF_003115815.1|NZ_QDKJ01000008.1|229640-234244|+|WP_109054665.1,WP_109054666.1,WP_109054667.1,WP_109054668.1	C22_EXCLUDED_Brenneria_roseae_subsp._a_GCF_003115815.1	GCF_003115815.1	Brenneria roseae subsp. americana	Fld_Lineage	+	-8	no	Other	WP_009114440.1	219254	219523	-		30S ribosomal protein S15
FLDCORE|GCF_003115815.1|NZ_QDKJ01000008.1|229640-234244|+|WP_109054665.1,WP_109054666.1,WP_109054667.1,WP_109054668.1	C22_EXCLUDED_Brenneria_roseae_subsp._a_GCF_003115815.1	GCF_003115815.1	Brenneria roseae subsp. americana	Fld_Lineage	+	-7	no	Other	WP_109054658.1	219646	220590	-		tRNA pseudouridine(55) synthase TruB
FLDCORE|GCF_003115815.1|NZ_QDKJ01000008.1|229640-234244|+|WP_109054665.1,WP_109054666.1,WP_109054667.1,WP_109054668.1	C22_EXCLUDED_Brenneria_roseae_subsp._a_GCF_003115815.1	GCF_003115815.1	Brenneria roseae subsp. americana	Fld_Lineage	+	-6	no	Other	WP_109054659.1	220590	220988	-		30S ribosome-binding factor RbfA
FLDCORE|GCF_003115815.1|NZ_QDKJ01000008.1|229640-234244|+|WP_109054665.1,WP_109054666.1,WP_109054667.1,WP_109054668.1	C22_EXCLUDED_Brenneria_roseae_subsp._a_GCF_003115815.1	GCF_003115815.1	Brenneria roseae subsp. americana	Fld_Lineage	+	-5	no	Other	WP_109054660.1	221065	223770	-		translation initiation factor IF-2
FLDCORE|GCF_003115815.1|NZ_QDKJ01000008.1|229640-234244|+|WP_109054665.1,WP_109054666.1,WP_109054667.1,WP_109054668.1	C22_EXCLUDED_Brenneria_roseae_subsp._a_GCF_003115815.1	GCF_003115815.1	Brenneria roseae subsp. americana	Fld_Lineage	+	-4	no	Other	WP_109054661.1	223796	225325	-		transcription termination factor NusA
FLDCORE|GCF_003115815.1|NZ_QDKJ01000008.1|229640-234244|+|WP_109054665.1,WP_109054666.1,WP_109054667.1,WP_109054668.1	C22_EXCLUDED_Brenneria_roseae_subsp._a_GCF_003115815.1	GCF_003115815.1	Brenneria roseae subsp. americana	Fld_Lineage	+	-3	no	Other	WP_136157026.1	225347	225799	-		ribosome maturation factor RimP
FLDCORE|GCF_003115815.1|NZ_QDKJ01000008.1|229640-234244|+|WP_109054665.1,WP_109054666.1,WP_109054667.1,WP_109054668.1	C22_EXCLUDED_Brenneria_roseae_subsp._a_GCF_003115815.1	GCF_003115815.1	Brenneria roseae subsp. americana	Fld_Lineage	+	-2	no	Other	WP_245929571.1	226493	227368	-		helix-turn-helix domain-containing protein
FLDCORE|GCF_003115815.1|NZ_QDKJ01000008.1|229640-234244|+|WP_109054665.1,WP_109054666.1,WP_109054667.1,WP_109054668.1	C22_EXCLUDED_Brenneria_roseae_subsp._a_GCF_003115815.1	GCF_003115815.1	Brenneria roseae subsp. americana	Fld_Lineage	+	-1	no	Other	WP_109054664.1	227934	229583	+		AMP-binding protein
FLDCORE|GCF_003115815.1|NZ_QDKJ01000008.1|229640-234244|+|WP_109054665.1,WP_109054666.1,WP_109054667.1,WP_109054668.1	C22_EXCLUDED_Brenneria_roseae_subsp._a_GCF_003115815.1	GCF_003115815.1	Brenneria roseae subsp. americana	Fld_Lineage	+	0	yes	FldA	WP_109054665.1	229640	230875	+	PF02515	CaiB/BaiF CoA transferase family protein
FLDCORE|GCF_003115815.1|NZ_QDKJ01000008.1|229640-234244|+|WP_109054665.1,WP_109054666.1,WP_109054667.1,WP_109054668.1	C22_EXCLUDED_Brenneria_roseae_subsp._a_GCF_003115815.1	GCF_003115815.1	Brenneria roseae subsp. americana	Fld_Lineage	+	1	yes	FldI	WP_109054666.1	231046	231873	+	PF01869	acyl-CoA dehydratase activase
FLDCORE|GCF_003115815.1|NZ_QDKJ01000008.1|229640-234244|+|WP_109054665.1,WP_109054666.1,WP_109054667.1,WP_109054668.1	C22_EXCLUDED_Brenneria_roseae_subsp._a_GCF_003115815.1	GCF_003115815.1	Brenneria roseae subsp. americana	Fld_Lineage	+	2	yes	FldB	WP_109054667.1	231870	233111	+	PF06050	2-hydroxyacyl-CoA dehydratase subunit D
FLDCORE|GCF_003115815.1|NZ_QDKJ01000008.1|229640-234244|+|WP_109054665.1,WP_109054666.1,WP_109054667.1,WP_109054668.1	C22_EXCLUDED_Brenneria_roseae_subsp._a_GCF_003115815.1	GCF_003115815.1	Brenneria roseae subsp. americana	Fld_Lineage	+	3	yes	FldC	WP_109054668.1	233111	234244	+	PF06050	2-hydroxyacyl-CoA dehydratase subunit D
FLDCORE|GCF_003115815.1|NZ_QDKJ01000008.1|229640-234244|+|WP_109054665.1,WP_109054666.1,WP_109054667.1,WP_109054668.1	C22_EXCLUDED_Brenneria_roseae_subsp._a_GCF_003115815.1	GCF_003115815.1	Brenneria roseae subsp. americana	Fld_Lineage	+	4	no	Other	WP_109054669.1	234350	235675	+		GntP family permease
FLDCORE|GCF_003115815.1|NZ_QDKJ01000008.1|229640-234244|+|WP_109054665.1,WP_109054666.1,WP_109054667.1,WP_109054668.1	C22_EXCLUDED_Brenneria_roseae_subsp._a_GCF_003115815.1	GCF_003115815.1	Brenneria roseae subsp. americana	Fld_Lineage	+	5	no	AcdA	WP_109054670.1	235818	236957	+	PF00441;PF02770;PF02771	acyl-CoA dehydrogenase family protein
FLDCORE|GCF_003115815.1|NZ_QDKJ01000008.1|229640-234244|+|WP_109054665.1,WP_109054666.1,WP_109054667.1,WP_109054668.1	C22_EXCLUDED_Brenneria_roseae_subsp._a_GCF_003115815.1	GCF_003115815.1	Brenneria roseae subsp. americana	Fld_Lineage	+	6	no	EtfB	WP_109054671.1	237056	237832	+	PF01012	putative electron transfer flavoprotein FixA
FLDCORE|GCF_003115815.1|NZ_QDKJ01000008.1|229640-234244|+|WP_109054665.1,WP_109054666.1,WP_109054667.1,WP_109054668.1	C22_EXCLUDED_Brenneria_roseae_subsp._a_GCF_003115815.1	GCF_003115815.1	Brenneria roseae subsp. americana	Fld_Lineage	+	7	no	EtfA	WP_109054672.1	237854	238798	+	PF00766;PF01012	FAD-binding protein
FLDCORE|GCF_003115815.1|NZ_QDKJ01000008.1|229640-234244|+|WP_109054665.1,WP_109054666.1,WP_109054667.1,WP_109054668.1	C22_EXCLUDED_Brenneria_roseae_subsp._a_GCF_003115815.1	GCF_003115815.1	Brenneria roseae subsp. americana	Fld_Lineage	+	8	no	Other		238854	240158	+		FAD-dependent oxidoreductase
FLDCORE|GCF_003115815.1|NZ_QDKJ01000008.1|229640-234244|+|WP_109054665.1,WP_109054666.1,WP_109054667.1,WP_109054668.1	C22_EXCLUDED_Brenneria_roseae_subsp._a_GCF_003115815.1	GCF_003115815.1	Brenneria roseae subsp. americana	Fld_Lineage	+	9	no	Other	WP_109054674.1	240155	240439	+		ferredoxin family protein
FLDCORE|GCF_003115815.1|NZ_QDKJ01000008.1|229640-234244|+|WP_109054665.1,WP_109054666.1,WP_109054667.1,WP_109054668.1	C22_EXCLUDED_Brenneria_roseae_subsp._a_GCF_003115815.1	GCF_003115815.1	Brenneria roseae subsp. americana	Fld_Lineage	+	10	no	Other	WP_109054675.1	240870	241209	+		Hcp family type VI secretion system effector
FLDCORE|GCF_003144405.1|NZ_PENW01000034.1|169082-173552|-|WP_023582975.1,WP_109392469.1,WP_023582973.1,WP_109392468.1	C23_EXCLUDED_Proteus_cibi_GCF_003144405.1	GCF_003144405.1	Proteus cibi	Fld_Lineage	-	13	no	Other	WP_109392461.1	158735	159556	-		nucleotidyl transferase AbiEii/AbiGii toxin family protein
FLDCORE|GCF_003144405.1|NZ_PENW01000034.1|169082-173552|-|WP_023582975.1,WP_109392469.1,WP_023582973.1,WP_109392468.1	C23_EXCLUDED_Proteus_cibi_GCF_003144405.1	GCF_003144405.1	Proteus cibi	Fld_Lineage	-	12	no	Other	WP_109392462.1	159519	160517	-		type IV toxin-antitoxin system AbiEi family antitoxin
FLDCORE|GCF_003144405.1|NZ_PENW01000034.1|169082-173552|-|WP_023582975.1,WP_109392469.1,WP_023582973.1,WP_109392468.1	C23_EXCLUDED_Proteus_cibi_GCF_003144405.1	GCF_003144405.1	Proteus cibi	Fld_Lineage	-	11	no	Other	WP_162556641.1	160656	161342	+		metallophosphoesterase
FLDCORE|GCF_003144405.1|NZ_PENW01000034.1|169082-173552|-|WP_023582975.1,WP_109392469.1,WP_023582973.1,WP_109392468.1	C23_EXCLUDED_Proteus_cibi_GCF_003144405.1	GCF_003144405.1	Proteus cibi	Fld_Lineage	-	10	no	Other	WP_023582965.1	161993	162958	+		helix-turn-helix domain-containing protein
FLDCORE|GCF_003144405.1|NZ_PENW01000034.1|169082-173552|-|WP_023582975.1,WP_109392469.1,WP_023582973.1,WP_109392468.1	C23_EXCLUDED_Proteus_cibi_GCF_003144405.1	GCF_003144405.1	Proteus cibi	Fld_Lineage	-	9	no	Other	WP_023582966.1	163033	163317	-		ferredoxin subunit for carnitine metabolism
FLDCORE|GCF_003144405.1|NZ_PENW01000034.1|169082-173552|-|WP_023582975.1,WP_109392469.1,WP_023582973.1,WP_109392468.1	C23_EXCLUDED_Proteus_cibi_GCF_003144405.1	GCF_003144405.1	Proteus cibi	Fld_Lineage	-	8	no	Other	WP_109392464.1	163314	164600	-		FAD-dependent oxidoreductase
FLDCORE|GCF_003144405.1|NZ_PENW01000034.1|169082-173552|-|WP_023582975.1,WP_109392469.1,WP_023582973.1,WP_109392468.1	C23_EXCLUDED_Proteus_cibi_GCF_003144405.1	GCF_003144405.1	Proteus cibi	Fld_Lineage	-	7	no	EtfA	WP_109392465.1	164664	165605	-	PF00766;PF01012	FAD-binding protein
FLDCORE|GCF_003144405.1|NZ_PENW01000034.1|169082-173552|-|WP_023582975.1,WP_109392469.1,WP_023582973.1,WP_109392468.1	C23_EXCLUDED_Proteus_cibi_GCF_003144405.1	GCF_003144405.1	Proteus cibi	Fld_Lineage	-	6	no	EtfB	WP_109392466.1	165617	166393	-	PF01012	putative electron transfer flavoprotein FixA
FLDCORE|GCF_003144405.1|NZ_PENW01000034.1|169082-173552|-|WP_023582975.1,WP_109392469.1,WP_023582973.1,WP_109392468.1	C23_EXCLUDED_Proteus_cibi_GCF_003144405.1	GCF_003144405.1	Proteus cibi	Fld_Lineage	-	5	no	AcdA	WP_109392467.1	166447	167586	-	PF00441;PF02770;PF02771	acyl-CoA dehydrogenase family protein
FLDCORE|GCF_003144405.1|NZ_PENW01000034.1|169082-173552|-|WP_023582975.1,WP_109392469.1,WP_023582973.1,WP_109392468.1	C23_EXCLUDED_Proteus_cibi_GCF_003144405.1	GCF_003144405.1	Proteus cibi	Fld_Lineage	-	4	no	Other	WP_023582971.1	167682	169001	-		GntP family permease
FLDCORE|GCF_003144405.1|NZ_PENW01000034.1|169082-173552|-|WP_023582975.1,WP_109392469.1,WP_023582973.1,WP_109392468.1	C23_EXCLUDED_Proteus_cibi_GCF_003144405.1	GCF_003144405.1	Proteus cibi	Fld_Lineage	-	3	yes	FldC	WP_109392468.1	169082	170215	-	PF06050	2-hydroxyacyl-CoA dehydratase subunit D
FLDCORE|GCF_003144405.1|NZ_PENW01000034.1|169082-173552|-|WP_023582975.1,WP_109392469.1,WP_023582973.1,WP_109392468.1	C23_EXCLUDED_Proteus_cibi_GCF_003144405.1	GCF_003144405.1	Proteus cibi	Fld_Lineage	-	2	yes	FldB	WP_023582973.1	170215	171456	-	PF06050	2-hydroxyacyl-CoA dehydratase subunit D
FLDCORE|GCF_003144405.1|NZ_PENW01000034.1|169082-173552|-|WP_023582975.1,WP_109392469.1,WP_023582973.1,WP_109392468.1	C23_EXCLUDED_Proteus_cibi_GCF_003144405.1	GCF_003144405.1	Proteus cibi	Fld_Lineage	-	1	yes	FldI	WP_109392469.1	171492	172280	-	PF01869	acyl-CoA dehydratase activase
FLDCORE|GCF_003144405.1|NZ_PENW01000034.1|169082-173552|-|WP_023582975.1,WP_109392469.1,WP_023582973.1,WP_109392468.1	C23_EXCLUDED_Proteus_cibi_GCF_003144405.1	GCF_003144405.1	Proteus cibi	Fld_Lineage	-	0	yes	FldA	WP_023582975.1	172317	173552	-	PF02515	CaiB/BaiF CoA transferase family protein
FLDCORE|GCF_003144405.1|NZ_PENW01000034.1|169082-173552|-|WP_023582975.1,WP_109392469.1,WP_023582973.1,WP_109392468.1	C23_EXCLUDED_Proteus_cibi_GCF_003144405.1	GCF_003144405.1	Proteus cibi	Fld_Lineage	-	-1	no	Other	WP_109392470.1	173619	175256	-		AMP-binding protein
FLDCORE|GCF_003144405.1|NZ_PENW01000034.1|169082-173552|-|WP_023582975.1,WP_109392469.1,WP_023582973.1,WP_109392468.1	C23_EXCLUDED_Proteus_cibi_GCF_003144405.1	GCF_003144405.1	Proteus cibi	Fld_Lineage	-	-2	no	Other	WP_109392471.1	175746	176900	+		AAA family ATPase
FLDCORE|GCF_003144405.1|NZ_PENW01000034.1|169082-173552|-|WP_023582975.1,WP_109392469.1,WP_023582973.1,WP_109392468.1	C23_EXCLUDED_Proteus_cibi_GCF_003144405.1	GCF_003144405.1	Proteus cibi	Fld_Lineage	-	-3	no	Other	WP_109392472.1	176905	177654	+		hypothetical protein
FLDCORE|GCF_003144405.1|NZ_PENW01000034.1|169082-173552|-|WP_023582975.1,WP_109392469.1,WP_023582973.1,WP_109392468.1	C23_EXCLUDED_Proteus_cibi_GCF_003144405.1	GCF_003144405.1	Proteus cibi	Fld_Lineage	-	-4	no	FldX	WP_109392473.1	177697	179022	-	PF07690	MFS transporter
FLDCORE|GCF_003144405.1|NZ_PENW01000034.1|169082-173552|-|WP_023582975.1,WP_109392469.1,WP_023582973.1,WP_109392468.1	C23_EXCLUDED_Proteus_cibi_GCF_003144405.1	GCF_003144405.1	Proteus cibi	Fld_Lineage	-	-5	no	Other	WP_023582978.1	179109	179396	-		ferredoxin-like protein FixX
FLDCORE|GCF_003144405.1|NZ_PENW01000034.1|169082-173552|-|WP_023582975.1,WP_109392469.1,WP_023582973.1,WP_109392468.1	C23_EXCLUDED_Proteus_cibi_GCF_003144405.1	GCF_003144405.1	Proteus cibi	Fld_Lineage	-	-6	no	Other	WP_109392474.1	179393	180685	-		FAD-dependent oxidoreductase FixC
FLDCORE|GCF_003144405.1|NZ_PENW01000034.1|169082-173552|-|WP_023582975.1,WP_109392469.1,WP_023582973.1,WP_109392468.1	C23_EXCLUDED_Proteus_cibi_GCF_003144405.1	GCF_003144405.1	Proteus cibi	Fld_Lineage	-	-7	no	EtfA	WP_023582980.1	180743	181684	-	PF00766;PF01012	FAD-binding protein
FLDCORE|GCF_003144405.1|NZ_PENW01000034.1|169082-173552|-|WP_023582975.1,WP_109392469.1,WP_023582973.1,WP_109392468.1	C23_EXCLUDED_Proteus_cibi_GCF_003144405.1	GCF_003144405.1	Proteus cibi	Fld_Lineage	-	-8	no	EtfB	WP_109392475.1	181696	182469	-	PF01012	putative electron transfer flavoprotein FixA
FLDCORE|GCF_003144405.1|NZ_PENW01000034.1|169082-173552|-|WP_023582975.1,WP_109392469.1,WP_023582973.1,WP_109392468.1	C23_EXCLUDED_Proteus_cibi_GCF_003144405.1	GCF_003144405.1	Proteus cibi	Fld_Lineage	-	-9	no	Other	WP_023582982.1	183070	184584	+		L-carnitine/gamma-butyrobetaine antiporter
FLDCORE|GCF_003144405.1|NZ_PENW01000034.1|169082-173552|-|WP_023582975.1,WP_109392469.1,WP_023582973.1,WP_109392468.1	C23_EXCLUDED_Proteus_cibi_GCF_003144405.1	GCF_003144405.1	Proteus cibi	Fld_Lineage	-	-10	no	AcdA	WP_109392476.1	184626	185768	+	PF00441;PF02770;PF02771	crotonobetainyl-CoA dehydrogenase
FLDCORE|GCF_003862475.1|NZ_RRCO01000002.1|441398-445784|-|WP_128673923.1,WP_207667132.1,WP_009663532.1,WP_128673922.1	C24_EXCLUDED_Lachnoanaerobaculum_gingi_GCF_003862475.1	GCF_003862475.1	Lachnoanaerobaculum gingivalis	Had_Lineage	-	13	no	Other	WP_007592302.1	430561	430869	-		50S ribosomal protein L21
FLDCORE|GCF_003862475.1|NZ_RRCO01000002.1|441398-445784|-|WP_128673923.1,WP_207667132.1,WP_009663532.1,WP_128673922.1	C24_EXCLUDED_Lachnoanaerobaculum_gingi_GCF_003862475.1	GCF_003862475.1	Lachnoanaerobaculum gingivalis	Had_Lineage	-	12	no	Other	WP_034213615.1	430978	431385	-		GerW family sporulation protein
FLDCORE|GCF_003862475.1|NZ_RRCO01000002.1|441398-445784|-|WP_128673923.1,WP_207667132.1,WP_009663532.1,WP_128673922.1	C24_EXCLUDED_Lachnoanaerobaculum_gingi_GCF_003862475.1	GCF_003862475.1	Lachnoanaerobaculum gingivalis	Had_Lineage	-	11	no	Other	WP_128673916.1	431632	432099	+		RrF2 family transcriptional regulator
FLDCORE|GCF_003862475.1|NZ_RRCO01000002.1|441398-445784|-|WP_128673923.1,WP_207667132.1,WP_009663532.1,WP_128673922.1	C24_EXCLUDED_Lachnoanaerobaculum_gingi_GCF_003862475.1	GCF_003862475.1	Lachnoanaerobaculum gingivalis	Had_Lineage	-	10	no	Other	WP_128673917.1	432818	433537	+		elongation factor P 5-aminopentanone reductase
FLDCORE|GCF_003862475.1|NZ_RRCO01000002.1|441398-445784|-|WP_128673923.1,WP_207667132.1,WP_009663532.1,WP_128673922.1	C24_EXCLUDED_Lachnoanaerobaculum_gingi_GCF_003862475.1	GCF_003862475.1	Lachnoanaerobaculum gingivalis	Had_Lineage	-	9	no	Other	WP_128673918.1	433983	435614	-		amidohydrolase
FLDCORE|GCF_003862475.1|NZ_RRCO01000002.1|441398-445784|-|WP_128673923.1,WP_207667132.1,WP_009663532.1,WP_128673922.1	C24_EXCLUDED_Lachnoanaerobaculum_gingi_GCF_003862475.1	GCF_003862475.1	Lachnoanaerobaculum gingivalis	Had_Lineage	-	8	no	Other	WP_128673919.1	435616	437004	-		APC family permease
FLDCORE|GCF_003862475.1|NZ_RRCO01000002.1|441398-445784|-|WP_128673923.1,WP_207667132.1,WP_009663532.1,WP_128673922.1	C24_EXCLUDED_Lachnoanaerobaculum_gingi_GCF_003862475.1	GCF_003862475.1	Lachnoanaerobaculum gingivalis	Had_Lineage	-	7	no	Other	WP_060930107.1	437205	438347	-		YkvI family membrane protein
FLDCORE|GCF_003862475.1|NZ_RRCO01000002.1|441398-445784|-|WP_128673923.1,WP_207667132.1,WP_009663532.1,WP_128673922.1	C24_EXCLUDED_Lachnoanaerobaculum_gingi_GCF_003862475.1	GCF_003862475.1	Lachnoanaerobaculum gingivalis	Had_Lineage	-	6	no	EtfA	WP_128673920.1	438359	439396	-	PF00766;PF01012	electron transfer flavoprotein subunit alpha/FixB family protein
FLDCORE|GCF_003862475.1|NZ_RRCO01000002.1|441398-445784|-|WP_128673923.1,WP_207667132.1,WP_009663532.1,WP_128673922.1	C24_EXCLUDED_Lachnoanaerobaculum_gingi_GCF_003862475.1	GCF_003862475.1	Lachnoanaerobaculum gingivalis	Had_Lineage	-	5	no	EtfB	WP_128673921.1	439409	440197	-	PF01012	electron transfer flavoprotein subunit beta
FLDCORE|GCF_003862475.1|NZ_RRCO01000002.1|441398-445784|-|WP_128673923.1,WP_207667132.1,WP_009663532.1,WP_128673922.1	C24_EXCLUDED_Lachnoanaerobaculum_gingi_GCF_003862475.1	GCF_003862475.1	Lachnoanaerobaculum gingivalis	Had_Lineage	-	4	no	AcdA	WP_060930109.1	440246	441382	-	PF00441;PF02770;PF02771	putative isocaproyl-CoA dehydrogenase AcdB
FLDCORE|GCF_003862475.1|NZ_RRCO01000002.1|441398-445784|-|WP_128673923.1,WP_207667132.1,WP_009663532.1,WP_128673922.1	C24_EXCLUDED_Lachnoanaerobaculum_gingi_GCF_003862475.1	GCF_003862475.1	Lachnoanaerobaculum gingivalis	Had_Lineage	-	3	yes	FldC	WP_128673922.1	441398	442528	-	PF06050	2-hydroxyacyl-CoA dehydratase subunit D
FLDCORE|GCF_003862475.1|NZ_RRCO01000002.1|441398-445784|-|WP_128673923.1,WP_207667132.1,WP_009663532.1,WP_128673922.1	C24_EXCLUDED_Lachnoanaerobaculum_gingi_GCF_003862475.1	GCF_003862475.1	Lachnoanaerobaculum gingivalis	Had_Lineage	-	2	yes	FldB	WP_009663532.1	442515	443756	-	PF06050	(R)-2-hydroxyisocaproyl-CoA dehydratase subunit alpha
FLDCORE|GCF_003862475.1|NZ_RRCO01000002.1|441398-445784|-|WP_128673923.1,WP_207667132.1,WP_009663532.1,WP_128673922.1	C24_EXCLUDED_Lachnoanaerobaculum_gingi_GCF_003862475.1	GCF_003862475.1	Lachnoanaerobaculum gingivalis	Had_Lineage	-	1	yes	FldI	WP_207667132.1	443777	444553	-	PF01869	acyl-CoA dehydratase activase
FLDCORE|GCF_003862475.1|NZ_RRCO01000002.1|441398-445784|-|WP_128673923.1,WP_207667132.1,WP_009663532.1,WP_128673922.1	C24_EXCLUDED_Lachnoanaerobaculum_gingi_GCF_003862475.1	GCF_003862475.1	Lachnoanaerobaculum gingivalis	Had_Lineage	-	0	yes	FldA	WP_128673923.1	444576	445784	-	PF02515	CaiB/BaiF CoA transferase family protein
FLDCORE|GCF_003862475.1|NZ_RRCO01000002.1|441398-445784|-|WP_128673923.1,WP_207667132.1,WP_009663532.1,WP_128673922.1	C24_EXCLUDED_Lachnoanaerobaculum_gingi_GCF_003862475.1	GCF_003862475.1	Lachnoanaerobaculum gingivalis	Had_Lineage	-	-1	no	Other	WP_128673924.1	446135	446587	-		DUF5684 domain-containing protein
FLDCORE|GCF_003862475.1|NZ_RRCO01000002.1|441398-445784|-|WP_128673923.1,WP_207667132.1,WP_009663532.1,WP_128673922.1	C24_EXCLUDED_Lachnoanaerobaculum_gingi_GCF_003862475.1	GCF_003862475.1	Lachnoanaerobaculum gingivalis	Had_Lineage	-	-2	no	Other	WP_128673925.1	446767	447696	-		tRNA dihydrouridine synthase
FLDCORE|GCF_003862475.1|NZ_RRCO01000002.1|441398-445784|-|WP_128673923.1,WP_207667132.1,WP_009663532.1,WP_128673922.1	C24_EXCLUDED_Lachnoanaerobaculum_gingi_GCF_003862475.1	GCF_003862475.1	Lachnoanaerobaculum gingivalis	Had_Lineage	-	-3	no	Other	WP_128673926.1	447834	449345	-		carbohydrate-binding domain-containing protein
FLDCORE|GCF_003862475.1|NZ_RRCO01000002.1|441398-445784|-|WP_128673923.1,WP_207667132.1,WP_009663532.1,WP_128673922.1	C24_EXCLUDED_Lachnoanaerobaculum_gingi_GCF_003862475.1	GCF_003862475.1	Lachnoanaerobaculum gingivalis	Had_Lineage	-	-4	no	Other	WP_128673927.1	449519	450103	-		cell wall-binding protein
FLDCORE|GCF_003862475.1|NZ_RRCO01000002.1|441398-445784|-|WP_128673923.1,WP_207667132.1,WP_009663532.1,WP_128673922.1	C24_EXCLUDED_Lachnoanaerobaculum_gingi_GCF_003862475.1	GCF_003862475.1	Lachnoanaerobaculum gingivalis	Had_Lineage	-	-5	no	Other	WP_128673928.1	450304	451371	-		mannonate dehydratase
FLDCORE|GCF_003862475.1|NZ_RRCO01000002.1|441398-445784|-|WP_128673923.1,WP_207667132.1,WP_009663532.1,WP_128673922.1	C24_EXCLUDED_Lachnoanaerobaculum_gingi_GCF_003862475.1	GCF_003862475.1	Lachnoanaerobaculum gingivalis	Had_Lineage	-	-6	no	Other	WP_128673929.1	451425	453035	-		mannitol dehydrogenase family protein
FLDCORE|GCF_003862475.1|NZ_RRCO01000002.1|441398-445784|-|WP_128673923.1,WP_207667132.1,WP_009663532.1,WP_128673922.1	C24_EXCLUDED_Lachnoanaerobaculum_gingi_GCF_003862475.1	GCF_003862475.1	Lachnoanaerobaculum gingivalis	Had_Lineage	-	-7	no	Other	WP_128673930.1	453236	454846	-		FAD-dependent oxidoreductase
FLDCORE|GCF_003862475.1|NZ_RRCO01000002.1|441398-445784|-|WP_128673923.1,WP_207667132.1,WP_009663532.1,WP_128673922.1	C24_EXCLUDED_Lachnoanaerobaculum_gingi_GCF_003862475.1	GCF_003862475.1	Lachnoanaerobaculum gingivalis	Had_Lineage	-	-8	no	Other	WP_009663512.1	454861	455424	-		alkyl hydroperoxide reductase subunit C
FLDCORE|GCF_003862475.1|NZ_RRCO01000002.1|441398-445784|-|WP_128673923.1,WP_207667132.1,WP_009663532.1,WP_128673922.1	C24_EXCLUDED_Lachnoanaerobaculum_gingi_GCF_003862475.1	GCF_003862475.1	Lachnoanaerobaculum gingivalis	Had_Lineage	-	-9	no	Other	WP_128673931.1	455737	456474	-		tRNA pseudouridine(38-40) synthase TruA
FLDCORE|GCF_003862475.1|NZ_RRCO01000002.1|441398-445784|-|WP_128673923.1,WP_207667132.1,WP_009663532.1,WP_128673922.1	C24_EXCLUDED_Lachnoanaerobaculum_gingi_GCF_003862475.1	GCF_003862475.1	Lachnoanaerobaculum gingivalis	Had_Lineage	-	-10	no	Other	WP_128673932.1	456479	457285	-		energy-coupling factor transporter transmembrane component T family protein
FLDCORE|GCF_003862485.1|NZ_RRCM01000001.1|1845378-1849764|-|WP_124952409.1,WP_009663507.1,WP_009663532.1,WP_124952408.1	C25_EXCLUDED_Lachnoanaerobaculum_orale_GCF_003862485.1	GCF_003862485.1	Lachnoanaerobaculum orale	Had_Lineage	-	13	no	Other	WP_060930101.1	1836792	1837091	-		50S ribosomal protein L23
FLDCORE|GCF_003862485.1|NZ_RRCM01000001.1|1845378-1849764|-|WP_124952409.1,WP_009663507.1,WP_009663532.1,WP_124952408.1	C25_EXCLUDED_Lachnoanaerobaculum_orale_GCF_003862485.1	GCF_003862485.1	Lachnoanaerobaculum orale	Had_Lineage	-	12	no	Other	WP_007593364.1	1837091	1837711	-		50S ribosomal protein L4
FLDCORE|GCF_003862485.1|NZ_RRCM01000001.1|1845378-1849764|-|WP_124952409.1,WP_009663507.1,WP_009663532.1,WP_124952408.1	C25_EXCLUDED_Lachnoanaerobaculum_orale_GCF_003862485.1	GCF_003862485.1	Lachnoanaerobaculum orale	Had_Lineage	-	11	no	Other	WP_124952404.1	1837734	1838411	-		50S ribosomal protein L3
FLDCORE|GCF_003862485.1|NZ_RRCM01000001.1|1845378-1849764|-|WP_124952409.1,WP_009663507.1,WP_009663532.1,WP_124952408.1	C25_EXCLUDED_Lachnoanaerobaculum_orale_GCF_003862485.1	GCF_003862485.1	Lachnoanaerobaculum orale	Had_Lineage	-	10	no	Other	WP_007593367.1	1838487	1838804	-		30S ribosomal protein S10
FLDCORE|GCF_003862485.1|NZ_RRCM01000001.1|1845378-1849764|-|WP_124952409.1,WP_009663507.1,WP_009663532.1,WP_124952408.1	C25_EXCLUDED_Lachnoanaerobaculum_orale_GCF_003862485.1	GCF_003862485.1	Lachnoanaerobaculum orale	Had_Lineage	-	9	no	Other	WP_124952405.1	1839067	1839609	-		folate family ECF transporter S component
FLDCORE|GCF_003862485.1|NZ_RRCM01000001.1|1845378-1849764|-|WP_124952409.1,WP_009663507.1,WP_009663532.1,WP_124952408.1	C25_EXCLUDED_Lachnoanaerobaculum_orale_GCF_003862485.1	GCF_003862485.1	Lachnoanaerobaculum orale	Had_Lineage	-	8	no	Other	WP_124952406.1	1839612	1840787	-		NAD(P)-dependent malic enzyme
FLDCORE|GCF_003862485.1|NZ_RRCM01000001.1|1845378-1849764|-|WP_124952409.1,WP_009663507.1,WP_009663532.1,WP_124952408.1	C25_EXCLUDED_Lachnoanaerobaculum_orale_GCF_003862485.1	GCF_003862485.1	Lachnoanaerobaculum orale	Had_Lineage	-	7	no	Other	WP_124952407.1	1841185	1842327	-		YkvI family membrane protein
FLDCORE|GCF_003862485.1|NZ_RRCM01000001.1|1845378-1849764|-|WP_124952409.1,WP_009663507.1,WP_009663532.1,WP_124952408.1	C25_EXCLUDED_Lachnoanaerobaculum_orale_GCF_003862485.1	GCF_003862485.1	Lachnoanaerobaculum orale	Had_Lineage	-	6	no	EtfA	WP_034213631.1	1842339	1843376	-	PF00766;PF01012	electron transfer flavoprotein subunit alpha/FixB family protein
FLDCORE|GCF_003862485.1|NZ_RRCM01000001.1|1845378-1849764|-|WP_124952409.1,WP_009663507.1,WP_009663532.1,WP_124952408.1	C25_EXCLUDED_Lachnoanaerobaculum_orale_GCF_003862485.1	GCF_003862485.1	Lachnoanaerobaculum orale	Had_Lineage	-	5	no	EtfB	WP_009445644.1	1843389	1844177	-	PF01012	electron transfer flavoprotein subunit beta
FLDCORE|GCF_003862485.1|NZ_RRCM01000001.1|1845378-1849764|-|WP_124952409.1,WP_009663507.1,WP_009663532.1,WP_124952408.1	C25_EXCLUDED_Lachnoanaerobaculum_orale_GCF_003862485.1	GCF_003862485.1	Lachnoanaerobaculum orale	Had_Lineage	-	4	no	AcdA	WP_060930109.1	1844226	1845362	-	PF00441;PF02770;PF02771	putative isocaproyl-CoA dehydrogenase AcdB
FLDCORE|GCF_003862485.1|NZ_RRCM01000001.1|1845378-1849764|-|WP_124952409.1,WP_009663507.1,WP_009663532.1,WP_124952408.1	C25_EXCLUDED_Lachnoanaerobaculum_orale_GCF_003862485.1	GCF_003862485.1	Lachnoanaerobaculum orale	Had_Lineage	-	3	yes	FldC	WP_124952408.1	1845378	1846508	-	PF06050	2-hydroxyacyl-CoA dehydratase subunit D
FLDCORE|GCF_003862485.1|NZ_RRCM01000001.1|1845378-1849764|-|WP_124952409.1,WP_009663507.1,WP_009663532.1,WP_124952408.1	C25_EXCLUDED_Lachnoanaerobaculum_orale_GCF_003862485.1	GCF_003862485.1	Lachnoanaerobaculum orale	Had_Lineage	-	2	yes	FldB	WP_009663532.1	1846495	1847736	-	PF06050	(R)-2-hydroxyisocaproyl-CoA dehydratase subunit alpha
FLDCORE|GCF_003862485.1|NZ_RRCM01000001.1|1845378-1849764|-|WP_124952409.1,WP_009663507.1,WP_009663532.1,WP_124952408.1	C25_EXCLUDED_Lachnoanaerobaculum_orale_GCF_003862485.1	GCF_003862485.1	Lachnoanaerobaculum orale	Had_Lineage	-	1	yes	FldI	WP_009663507.1	1847757	1848533	-	PF01869	acyl-CoA dehydratase activase
FLDCORE|GCF_003862485.1|NZ_RRCM01000001.1|1845378-1849764|-|WP_124952409.1,WP_009663507.1,WP_009663532.1,WP_124952408.1	C25_EXCLUDED_Lachnoanaerobaculum_orale_GCF_003862485.1	GCF_003862485.1	Lachnoanaerobaculum orale	Had_Lineage	-	0	yes	FldA	WP_124952409.1	1848556	1849764	-	PF02515	CaiB/BaiF CoA transferase family protein
FLDCORE|GCF_003862485.1|NZ_RRCM01000001.1|1845378-1849764|-|WP_124952409.1,WP_009663507.1,WP_009663532.1,WP_124952408.1	C25_EXCLUDED_Lachnoanaerobaculum_orale_GCF_003862485.1	GCF_003862485.1	Lachnoanaerobaculum orale	Had_Lineage	-	-1	no	Other	WP_040458130.1	1850150	1851103	-		L-lactate dehydrogenase
FLDCORE|GCF_003862485.1|NZ_RRCM01000001.1|1845378-1849764|-|WP_124952409.1,WP_009663507.1,WP_009663532.1,WP_124952408.1	C25_EXCLUDED_Lachnoanaerobaculum_orale_GCF_003862485.1	GCF_003862485.1	Lachnoanaerobaculum orale	Had_Lineage	-	-2	no	Other	WP_124952410.1	1851093	1851848	-		23S rRNA (guanosine(2251)-2'-O)-methyltransferase RlmB
FLDCORE|GCF_003862485.1|NZ_RRCM01000001.1|1845378-1849764|-|WP_124952409.1,WP_009663507.1,WP_009663532.1,WP_124952408.1	C25_EXCLUDED_Lachnoanaerobaculum_orale_GCF_003862485.1	GCF_003862485.1	Lachnoanaerobaculum orale	Had_Lineage	-	-3	no	Other	WP_124952411.1	1851845	1852294	-		Mini-ribonuclease 3
FLDCORE|GCF_003862485.1|NZ_RRCM01000001.1|1845378-1849764|-|WP_124952409.1,WP_009663507.1,WP_009663532.1,WP_124952408.1	C25_EXCLUDED_Lachnoanaerobaculum_orale_GCF_003862485.1	GCF_003862485.1	Lachnoanaerobaculum orale	Had_Lineage	-	-4	no	Other	WP_124952412.1	1852279	1853688	-		cysteine--tRNA ligase
FLDCORE|GCF_003862485.1|NZ_RRCM01000001.1|1845378-1849764|-|WP_124952409.1,WP_009663507.1,WP_009663532.1,WP_124952408.1	C25_EXCLUDED_Lachnoanaerobaculum_orale_GCF_003862485.1	GCF_003862485.1	Lachnoanaerobaculum orale	Had_Lineage	-	-5	no	Other	WP_124952413.1	1853703	1854242	-		2-C-methyl-D-erythritol 2,4-cyclodiphosphate synthase
FLDCORE|GCF_003862485.1|NZ_RRCM01000001.1|1845378-1849764|-|WP_124952409.1,WP_009663507.1,WP_009663532.1,WP_124952408.1	C25_EXCLUDED_Lachnoanaerobaculum_orale_GCF_003862485.1	GCF_003862485.1	Lachnoanaerobaculum orale	Had_Lineage	-	-6	no	Other	WP_040457813.1	1854334	1854576	-		HPr family phosphocarrier protein
FLDCORE|GCF_003862485.1|NZ_RRCM01000001.1|1845378-1849764|-|WP_124952409.1,WP_009663507.1,WP_009663532.1,WP_124952408.1	C25_EXCLUDED_Lachnoanaerobaculum_orale_GCF_003862485.1	GCF_003862485.1	Lachnoanaerobaculum orale	Had_Lineage	-	-7	no	Other	WP_009444566.1	1854678	1854944	-		HPr family phosphocarrier protein
FLDCORE|GCF_003862485.1|NZ_RRCM01000001.1|1845378-1849764|-|WP_124952409.1,WP_009663507.1,WP_009663532.1,WP_124952408.1	C25_EXCLUDED_Lachnoanaerobaculum_orale_GCF_003862485.1	GCF_003862485.1	Lachnoanaerobaculum orale	Had_Lineage	-	-8	no	Other	WP_207667038.1	1855025	1855672	-		epoxyqueuosine reductase QueH
FLDCORE|GCF_003862485.1|NZ_RRCM01000001.1|1845378-1849764|-|WP_124952409.1,WP_009663507.1,WP_009663532.1,WP_124952408.1	C25_EXCLUDED_Lachnoanaerobaculum_orale_GCF_003862485.1	GCF_003862485.1	Lachnoanaerobaculum orale	Had_Lineage	-	-9	no	Other	WP_124952414.1	1855669	1856901	-		RNA polymerase sigma factor RpoD
FLDCORE|GCF_003862485.1|NZ_RRCM01000001.1|1845378-1849764|-|WP_124952409.1,WP_009663507.1,WP_009663532.1,WP_124952408.1	C25_EXCLUDED_Lachnoanaerobaculum_orale_GCF_003862485.1	GCF_003862485.1	Lachnoanaerobaculum orale	Had_Lineage	-	-10	no	Other	WP_009444569.1	1857116	1857973	-		MurR/RpiR family transcriptional regulator
FLDCORE|GCF_004116975.1|NZ_CP026364.1|1009426-1013896|-|WP_129038121.1,WP_129038119.1,WP_129038117.1,WP_129038115.1	C26_EXCLUDED_Proteus_hauseri_GCF_004116975.1	GCF_004116975.1	Proteus hauseri	Fld_Lineage	-	13	no	Other	WP_129038095.1	993735	994370	+		OB-fold-containig protein
FLDCORE|GCF_004116975.1|NZ_CP026364.1|1009426-1013896|-|WP_129038121.1,WP_129038119.1,WP_129038117.1,WP_129038115.1	C26_EXCLUDED_Proteus_hauseri_GCF_004116975.1	GCF_004116975.1	Proteus hauseri	Fld_Lineage	-	12	no	Other	WP_129038097.1	994451	996652	+		flotillin family protein
FLDCORE|GCF_004116975.1|NZ_CP026364.1|1009426-1013896|-|WP_129038121.1,WP_129038119.1,WP_129038117.1,WP_129038115.1	C26_EXCLUDED_Proteus_hauseri_GCF_004116975.1	GCF_004116975.1	Proteus hauseri	Fld_Lineage	-	11	no	Other	WP_129038099.1	996736	1001679	+		DNA repair ATPase
FLDCORE|GCF_004116975.1|NZ_CP026364.1|1009426-1013896|-|WP_129038121.1,WP_129038119.1,WP_129038117.1,WP_129038115.1	C26_EXCLUDED_Proteus_hauseri_GCF_004116975.1	GCF_004116975.1	Proteus hauseri	Fld_Lineage	-	10	no	Other	WP_129038101.1	1002321	1003286	+		helix-turn-helix domain-containing protein
FLDCORE|GCF_004116975.1|NZ_CP026364.1|1009426-1013896|-|WP_129038121.1,WP_129038119.1,WP_129038117.1,WP_129038115.1	C26_EXCLUDED_Proteus_hauseri_GCF_004116975.1	GCF_004116975.1	Proteus hauseri	Fld_Lineage	-	9	no	Other	WP_129038104.1	1003380	1003664	-		ferredoxin family protein
FLDCORE|GCF_004116975.1|NZ_CP026364.1|1009426-1013896|-|WP_129038121.1,WP_129038119.1,WP_129038117.1,WP_129038115.1	C26_EXCLUDED_Proteus_hauseri_GCF_004116975.1	GCF_004116975.1	Proteus hauseri	Fld_Lineage	-	8	no	Other	WP_129038106.1	1003661	1004947	-		FAD-dependent oxidoreductase
FLDCORE|GCF_004116975.1|NZ_CP026364.1|1009426-1013896|-|WP_129038121.1,WP_129038119.1,WP_129038117.1,WP_129038115.1	C26_EXCLUDED_Proteus_hauseri_GCF_004116975.1	GCF_004116975.1	Proteus hauseri	Fld_Lineage	-	7	no	EtfA	WP_129038108.1	1005011	1005952	-	PF00766;PF01012	FAD-binding protein
FLDCORE|GCF_004116975.1|NZ_CP026364.1|1009426-1013896|-|WP_129038121.1,WP_129038119.1,WP_129038117.1,WP_129038115.1	C26_EXCLUDED_Proteus_hauseri_GCF_004116975.1	GCF_004116975.1	Proteus hauseri	Fld_Lineage	-	6	no	EtfB	WP_129038110.1	1005965	1006741	-	PF01012	putative electron transfer flavoprotein FixA
FLDCORE|GCF_004116975.1|NZ_CP026364.1|1009426-1013896|-|WP_129038121.1,WP_129038119.1,WP_129038117.1,WP_129038115.1	C26_EXCLUDED_Proteus_hauseri_GCF_004116975.1	GCF_004116975.1	Proteus hauseri	Fld_Lineage	-	5	no	AcdA	WP_129038113.1	1006795	1007934	-	PF00441;PF02770;PF02771	acyl-CoA dehydrogenase family protein
FLDCORE|GCF_004116975.1|NZ_CP026364.1|1009426-1013896|-|WP_129038121.1,WP_129038119.1,WP_129038117.1,WP_129038115.1	C26_EXCLUDED_Proteus_hauseri_GCF_004116975.1	GCF_004116975.1	Proteus hauseri	Fld_Lineage	-	4	no	Other	WP_064721172.1	1008026	1009345	-		GntP family permease
FLDCORE|GCF_004116975.1|NZ_CP026364.1|1009426-1013896|-|WP_129038121.1,WP_129038119.1,WP_129038117.1,WP_129038115.1	C26_EXCLUDED_Proteus_hauseri_GCF_004116975.1	GCF_004116975.1	Proteus hauseri	Fld_Lineage	-	3	yes	FldC	WP_129038115.1	1009426	1010559	-	PF06050	2-hydroxyacyl-CoA dehydratase subunit D
FLDCORE|GCF_004116975.1|NZ_CP026364.1|1009426-1013896|-|WP_129038121.1,WP_129038119.1,WP_129038117.1,WP_129038115.1	C26_EXCLUDED_Proteus_hauseri_GCF_004116975.1	GCF_004116975.1	Proteus hauseri	Fld_Lineage	-	2	yes	FldB	WP_129038117.1	1010559	1011800	-	PF06050	2-hydroxyacyl-CoA dehydratase subunit D
FLDCORE|GCF_004116975.1|NZ_CP026364.1|1009426-1013896|-|WP_129038121.1,WP_129038119.1,WP_129038117.1,WP_129038115.1	C26_EXCLUDED_Proteus_hauseri_GCF_004116975.1	GCF_004116975.1	Proteus hauseri	Fld_Lineage	-	1	yes	FldI	WP_129038119.1	1011797	1012624	-	PF01869	acyl-CoA dehydratase activase
FLDCORE|GCF_004116975.1|NZ_CP026364.1|1009426-1013896|-|WP_129038121.1,WP_129038119.1,WP_129038117.1,WP_129038115.1	C26_EXCLUDED_Proteus_hauseri_GCF_004116975.1	GCF_004116975.1	Proteus hauseri	Fld_Lineage	-	0	yes	FldA	WP_129038121.1	1012661	1013896	-	PF02515	CaiB/BaiF CoA transferase family protein
FLDCORE|GCF_004116975.1|NZ_CP026364.1|1009426-1013896|-|WP_129038121.1,WP_129038119.1,WP_129038117.1,WP_129038115.1	C26_EXCLUDED_Proteus_hauseri_GCF_004116975.1	GCF_004116975.1	Proteus hauseri	Fld_Lineage	-	-1	no	Other	WP_129038123.1	1013961	1015598	-		AMP-binding protein
FLDCORE|GCF_004116975.1|NZ_CP026364.1|1009426-1013896|-|WP_129038121.1,WP_129038119.1,WP_129038117.1,WP_129038115.1	C26_EXCLUDED_Proteus_hauseri_GCF_004116975.1	GCF_004116975.1	Proteus hauseri	Fld_Lineage	-	-2	no	FldX	WP_129038125.1	1016245	1017570	-	PF07690	MFS transporter
FLDCORE|GCF_004116975.1|NZ_CP026364.1|1009426-1013896|-|WP_129038121.1,WP_129038119.1,WP_129038117.1,WP_129038115.1	C26_EXCLUDED_Proteus_hauseri_GCF_004116975.1	GCF_004116975.1	Proteus hauseri	Fld_Lineage	-	-3	no	Other	WP_023582978.1	1017654	1017941	-		ferredoxin-like protein FixX
FLDCORE|GCF_004116975.1|NZ_CP026364.1|1009426-1013896|-|WP_129038121.1,WP_129038119.1,WP_129038117.1,WP_129038115.1	C26_EXCLUDED_Proteus_hauseri_GCF_004116975.1	GCF_004116975.1	Proteus hauseri	Fld_Lineage	-	-4	no	Other	WP_064721179.1	1017938	1019230	-		FAD-dependent oxidoreductase FixC
FLDCORE|GCF_004116975.1|NZ_CP026364.1|1009426-1013896|-|WP_129038121.1,WP_129038119.1,WP_129038117.1,WP_129038115.1	C26_EXCLUDED_Proteus_hauseri_GCF_004116975.1	GCF_004116975.1	Proteus hauseri	Fld_Lineage	-	-5	no	EtfA	WP_129038127.1	1019287	1020228	-	PF00766;PF01012	FAD-binding protein
FLDCORE|GCF_004116975.1|NZ_CP026364.1|1009426-1013896|-|WP_129038121.1,WP_129038119.1,WP_129038117.1,WP_129038115.1	C26_EXCLUDED_Proteus_hauseri_GCF_004116975.1	GCF_004116975.1	Proteus hauseri	Fld_Lineage	-	-6	no	EtfB	WP_129038129.1	1020240	1021013	-	PF01012	putative electron transfer flavoprotein FixA
FLDCORE|GCF_004116975.1|NZ_CP026364.1|1009426-1013896|-|WP_129038121.1,WP_129038119.1,WP_129038117.1,WP_129038115.1	C26_EXCLUDED_Proteus_hauseri_GCF_004116975.1	GCF_004116975.1	Proteus hauseri	Fld_Lineage	-	-7	no	Other	WP_129038131.1	1021614	1023128	+		L-carnitine/gamma-butyrobetaine antiporter
FLDCORE|GCF_004116975.1|NZ_CP026364.1|1009426-1013896|-|WP_129038121.1,WP_129038119.1,WP_129038117.1,WP_129038115.1	C26_EXCLUDED_Proteus_hauseri_GCF_004116975.1	GCF_004116975.1	Proteus hauseri	Fld_Lineage	-	-8	no	AcdA	WP_064721183.1	1023165	1024307	+	PF00441;PF02770;PF02771	crotonobetainyl-CoA dehydrogenase
FLDCORE|GCF_004116975.1|NZ_CP026364.1|1009426-1013896|-|WP_129038121.1,WP_129038119.1,WP_129038117.1,WP_129038115.1	C26_EXCLUDED_Proteus_hauseri_GCF_004116975.1	GCF_004116975.1	Proteus hauseri	Fld_Lineage	-	-9	no	FldA	WP_129038133.1	1024377	1025597	+	PF02515	L-carnitine CoA-transferase
FLDCORE|GCF_004116975.1|NZ_CP026364.1|1009426-1013896|-|WP_129038121.1,WP_129038119.1,WP_129038117.1,WP_129038115.1	C26_EXCLUDED_Proteus_hauseri_GCF_004116975.1	GCF_004116975.1	Proteus hauseri	Fld_Lineage	-	-10	no	Other	WP_129041802.1	1025675	1027231	+		crotonobetaine/carnitine-CoA ligase
FLDCORE|GCF_004154955.1|NZ_CP011524.1|864478-868914|+|WP_165816308.1,WP_116722260.1,WP_058118142.1,WP_075704340.1	C27_EXCLUDED_Intestinimonas_butyricipr_GCF_004154955.1	GCF_004154955.1	Intestinimonas butyriciproducens	Had_Lineage	+	-10	no	Other	WP_082636086.1	853959	854870	+		AraC family transcriptional regulator
FLDCORE|GCF_004154955.1|NZ_CP011524.1|864478-868914|+|WP_165816308.1,WP_116722260.1,WP_058118142.1,WP_075704340.1	C27_EXCLUDED_Intestinimonas_butyricipr_GCF_004154955.1	GCF_004154955.1	Intestinimonas butyriciproducens	Had_Lineage	+	-9	no	Other	WP_075704346.1	854934	855950	+		UDP-glucose 4-epimerase GalE
FLDCORE|GCF_004154955.1|NZ_CP011524.1|864478-868914|+|WP_165816308.1,WP_116722260.1,WP_058118142.1,WP_075704340.1	C27_EXCLUDED_Intestinimonas_butyricipr_GCF_004154955.1	GCF_004154955.1	Intestinimonas butyriciproducens	Had_Lineage	+	-8	no	Other	WP_083630940.1	855963	856895	+		sugar phosphate nucleotidyltransferase
FLDCORE|GCF_004154955.1|NZ_CP011524.1|864478-868914|+|WP_165816308.1,WP_116722260.1,WP_058118142.1,WP_075704340.1	C27_EXCLUDED_Intestinimonas_butyricipr_GCF_004154955.1	GCF_004154955.1	Intestinimonas butyriciproducens	Had_Lineage	+	-7	no	Other	WP_116722259.1	856896	858005	+		phosphotransferase enzyme family protein
FLDCORE|GCF_004154955.1|NZ_CP011524.1|864478-868914|+|WP_165816308.1,WP_116722260.1,WP_058118142.1,WP_075704340.1	C27_EXCLUDED_Intestinimonas_butyricipr_GCF_004154955.1	GCF_004154955.1	Intestinimonas butyriciproducens	Had_Lineage	+	-6	no	Other	WP_058118147.1	858204	858617	+		RrF2 family transcriptional regulator
FLDCORE|GCF_004154955.1|NZ_CP011524.1|864478-868914|+|WP_165816308.1,WP_116722260.1,WP_058118142.1,WP_075704340.1	C27_EXCLUDED_Intestinimonas_butyricipr_GCF_004154955.1	GCF_004154955.1	Intestinimonas butyriciproducens	Had_Lineage	+	-5	no	AcdA	WP_075704345.1	858682	860589	+	PF00441;PF00766;PF02770;PF02771	acyl-CoA dehydrogenase family protein
FLDCORE|GCF_004154955.1|NZ_CP011524.1|864478-868914|+|WP_165816308.1,WP_116722260.1,WP_058118142.1,WP_075704340.1	C27_EXCLUDED_Intestinimonas_butyricipr_GCF_004154955.1	GCF_004154955.1	Intestinimonas butyriciproducens	Had_Lineage	+	-4	no	Other	WP_075704344.1	860609	861814	+		FprA family A-type flavoprotein
FLDCORE|GCF_004154955.1|NZ_CP011524.1|864478-868914|+|WP_165816308.1,WP_116722260.1,WP_058118142.1,WP_075704340.1	C27_EXCLUDED_Intestinimonas_butyricipr_GCF_004154955.1	GCF_004154955.1	Intestinimonas butyriciproducens	Had_Lineage	+	-3	no	Other	WP_075704343.1	861966	862748	-		SDR family NAD(P)-dependent oxidoreductase
FLDCORE|GCF_004154955.1|NZ_CP011524.1|864478-868914|+|WP_165816308.1,WP_116722260.1,WP_058118142.1,WP_075704340.1	C27_EXCLUDED_Intestinimonas_butyricipr_GCF_004154955.1	GCF_004154955.1	Intestinimonas butyriciproducens	Had_Lineage	+	-2	no	Other	WP_075704342.1	862793	863626	-		MBL fold metallo-hydrolase
FLDCORE|GCF_004154955.1|NZ_CP011524.1|864478-868914|+|WP_165816308.1,WP_116722260.1,WP_058118142.1,WP_075704340.1	C27_EXCLUDED_Intestinimonas_butyricipr_GCF_004154955.1	GCF_004154955.1	Intestinimonas butyriciproducens	Had_Lineage	+	-1	no	Other	WP_033118673.1	863939	864412	+		MaoC/PaaZ C-terminal domain-containing protein
FLDCORE|GCF_004154955.1|NZ_CP011524.1|864478-868914|+|WP_165816308.1,WP_116722260.1,WP_058118142.1,WP_075704340.1	C27_EXCLUDED_Intestinimonas_butyricipr_GCF_004154955.1	GCF_004154955.1	Intestinimonas butyriciproducens	Had_Lineage	+	0	yes	FldA	WP_165816308.1	864478	865641	+	PF02515	CaiB/BaiF CoA transferase family protein
FLDCORE|GCF_004154955.1|NZ_CP011524.1|864478-868914|+|WP_165816308.1,WP_116722260.1,WP_058118142.1,WP_075704340.1	C27_EXCLUDED_Intestinimonas_butyricipr_GCF_004154955.1	GCF_004154955.1	Intestinimonas butyriciproducens	Had_Lineage	+	1	yes	FldI	WP_116722260.1	865688	866470	+	PF01869	acyl-CoA dehydratase activase
FLDCORE|GCF_004154955.1|NZ_CP011524.1|864478-868914|+|WP_165816308.1,WP_116722260.1,WP_058118142.1,WP_075704340.1	C27_EXCLUDED_Intestinimonas_butyricipr_GCF_004154955.1	GCF_004154955.1	Intestinimonas butyriciproducens	Had_Lineage	+	2	yes	FldB	WP_058118142.1	866516	867790	+	PF06050	2-hydroxyacyl-CoA dehydratase subunit D
FLDCORE|GCF_004154955.1|NZ_CP011524.1|864478-868914|+|WP_165816308.1,WP_116722260.1,WP_058118142.1,WP_075704340.1	C27_EXCLUDED_Intestinimonas_butyricipr_GCF_004154955.1	GCF_004154955.1	Intestinimonas butyriciproducens	Had_Lineage	+	3	yes	FldC	WP_075704340.1	867790	868914	+	PF06050	2-hydroxyacyl-CoA dehydratase subunit D
FLDCORE|GCF_004154955.1|NZ_CP011524.1|864478-868914|+|WP_165816308.1,WP_116722260.1,WP_058118142.1,WP_075704340.1	C27_EXCLUDED_Intestinimonas_butyricipr_GCF_004154955.1	GCF_004154955.1	Intestinimonas butyriciproducens	Had_Lineage	+	4	no	Other	WP_207215999.1	869225	870136	-		LysR family transcriptional regulator
FLDCORE|GCF_004154955.1|NZ_CP011524.1|864478-868914|+|WP_165816308.1,WP_116722260.1,WP_058118142.1,WP_075704340.1	C27_EXCLUDED_Intestinimonas_butyricipr_GCF_004154955.1	GCF_004154955.1	Intestinimonas butyriciproducens	Had_Lineage	+	5	no	Other	WP_075704338.1	870432	871769	+		SLC13 family permease
FLDCORE|GCF_004154955.1|NZ_CP011524.1|864478-868914|+|WP_165816308.1,WP_116722260.1,WP_058118142.1,WP_075704340.1	C27_EXCLUDED_Intestinimonas_butyricipr_GCF_004154955.1	GCF_004154955.1	Intestinimonas butyriciproducens	Had_Lineage	+	6	no	Other	WP_075704337.1	871959	873464	-		glycerol kinase GlpK
FLDCORE|GCF_004154955.1|NZ_CP011524.1|864478-868914|+|WP_165816308.1,WP_116722260.1,WP_058118142.1,WP_075704340.1	C27_EXCLUDED_Intestinimonas_butyricipr_GCF_004154955.1	GCF_004154955.1	Intestinimonas butyriciproducens	Had_Lineage	+	7	no	Other	WP_075704336.1	873483	873827	-		DUF1667 domain-containing protein
FLDCORE|GCF_004154955.1|NZ_CP011524.1|864478-868914|+|WP_165816308.1,WP_116722260.1,WP_058118142.1,WP_075704340.1	C27_EXCLUDED_Intestinimonas_butyricipr_GCF_004154955.1	GCF_004154955.1	Intestinimonas butyriciproducens	Had_Lineage	+	8	no	Other	WP_075704335.1	873824	875080	-		NAD(P)/FAD-dependent oxidoreductase
FLDCORE|GCF_004154955.1|NZ_CP011524.1|864478-868914|+|WP_165816308.1,WP_116722260.1,WP_058118142.1,WP_075704340.1	C27_EXCLUDED_Intestinimonas_butyricipr_GCF_004154955.1	GCF_004154955.1	Intestinimonas butyriciproducens	Had_Lineage	+	9	no	Other	WP_116722261.1	875073	876515	-		NAD(P)/FAD-dependent oxidoreductase
FLDCORE|GCF_004154955.1|NZ_CP011524.1|864478-868914|+|WP_165816308.1,WP_116722260.1,WP_058118142.1,WP_075704340.1	C27_EXCLUDED_Intestinimonas_butyricipr_GCF_004154955.1	GCF_004154955.1	Intestinimonas butyriciproducens	Had_Lineage	+	10	no	Other	WP_116722262.1	876695	877246	+		DUF2284 domain-containing protein
FLDCORE|GCF_004154955.1|NZ_CP011524.1|864478-868914|+|WP_165816308.1,WP_116722260.1,WP_058118142.1,WP_075704340.1	C27_EXCLUDED_Intestinimonas_butyricipr_GCF_004154955.1	GCF_004154955.1	Intestinimonas butyriciproducens	Had_Lineage	+	11	no	Other	WP_075704332.1	877251	877913	+		CYTH domain-containing protein
FLDCORE|GCF_004154955.1|NZ_CP011524.1|864478-868914|+|WP_165816308.1,WP_116722260.1,WP_058118142.1,WP_075704340.1	C27_EXCLUDED_Intestinimonas_butyricipr_GCF_004154955.1	GCF_004154955.1	Intestinimonas butyriciproducens	Had_Lineage	+	12	no	Other	WP_083630936.1	877943	878419	-		GNAT family N-acetyltransferase
FLDCORE|GCF_004154955.1|NZ_CP011524.1|864478-868914|+|WP_165816308.1,WP_116722260.1,WP_058118142.1,WP_075704340.1	C27_EXCLUDED_Intestinimonas_butyricipr_GCF_004154955.1	GCF_004154955.1	Intestinimonas butyriciproducens	Had_Lineage	+	13	no	Other	WP_075704330.1	878428	879660	-		GNAT family N-acetyltransferase
FLDCORE|GCF_009695815.1|NZ_VUNE01000001.1|223349-227884|+|WP_154536971.1,WP_154536972.1,WP_154536973.1,WP_154536974.1	C28_HIGH_CONF_Peptostreptococcus_porci_GCF_009695815.1	GCF_009695815.1	Peptostreptococcus porci	Fld_Lineage	+	-10	no	Other	WP_154536962.1	211536	212591	+		prealbumin-like fold domain-containing protein
FLDCORE|GCF_009695815.1|NZ_VUNE01000001.1|223349-227884|+|WP_154536971.1,WP_154536972.1,WP_154536973.1,WP_154536974.1	C28_HIGH_CONF_Peptostreptococcus_porci_GCF_009695815.1	GCF_009695815.1	Peptostreptococcus porci	Fld_Lineage	+	-9	no	Other	WP_154536963.1	212649	213503	+		class C sortase
FLDCORE|GCF_009695815.1|NZ_VUNE01000001.1|223349-227884|+|WP_154536971.1,WP_154536972.1,WP_154536973.1,WP_154536974.1	C28_HIGH_CONF_Peptostreptococcus_porci_GCF_009695815.1	GCF_009695815.1	Peptostreptococcus porci	Fld_Lineage	+	-8	no	Other	WP_235899030.1	213850	214809	+		class C sortase
FLDCORE|GCF_009695815.1|NZ_VUNE01000001.1|223349-227884|+|WP_154536971.1,WP_154536972.1,WP_154536973.1,WP_154536974.1	C28_HIGH_CONF_Peptostreptococcus_porci_GCF_009695815.1	GCF_009695815.1	Peptostreptococcus porci	Fld_Lineage	+	-7	no	Other	WP_195836868.1	214815	215657	+		class C sortase
FLDCORE|GCF_009695815.1|NZ_VUNE01000001.1|223349-227884|+|WP_154536971.1,WP_154536972.1,WP_154536973.1,WP_154536974.1	C28_HIGH_CONF_Peptostreptococcus_porci_GCF_009695815.1	GCF_009695815.1	Peptostreptococcus porci	Fld_Lineage	+	-6	no	Other	WP_154536965.1	215877	216167	+		ArsR/SmtB family transcription factor
FLDCORE|GCF_009695815.1|NZ_VUNE01000001.1|223349-227884|+|WP_154536971.1,WP_154536972.1,WP_154536973.1,WP_154536974.1	C28_HIGH_CONF_Peptostreptococcus_porci_GCF_009695815.1	GCF_009695815.1	Peptostreptococcus porci	Fld_Lineage	+	-5	no	Other	WP_154536966.1	216311	218044	+		CoA-disulfide reductase
FLDCORE|GCF_009695815.1|NZ_VUNE01000001.1|223349-227884|+|WP_154536971.1,WP_154536972.1,WP_154536973.1,WP_154536974.1	C28_HIGH_CONF_Peptostreptococcus_porci_GCF_009695815.1	GCF_009695815.1	Peptostreptococcus porci	Fld_Lineage	+	-4	no	Other	WP_154536967.1	218062	218877	+		DsrE/DsrF/DrsH-like family protein
FLDCORE|GCF_009695815.1|NZ_VUNE01000001.1|223349-227884|+|WP_154536971.1,WP_154536972.1,WP_154536973.1,WP_154536974.1	C28_HIGH_CONF_Peptostreptococcus_porci_GCF_009695815.1	GCF_009695815.1	Peptostreptococcus porci	Fld_Lineage	+	-3	no	Other	WP_154536968.1	218978	220363	+		aminopeptidase
FLDCORE|GCF_009695815.1|NZ_VUNE01000001.1|223349-227884|+|WP_154536971.1,WP_154536972.1,WP_154536973.1,WP_154536974.1	C28_HIGH_CONF_Peptostreptococcus_porci_GCF_009695815.1	GCF_009695815.1	Peptostreptococcus porci	Fld_Lineage	+	-2	no	Other	WP_154536969.1	220591	221259	+		GntR family transcriptional regulator
FLDCORE|GCF_009695815.1|NZ_VUNE01000001.1|223349-227884|+|WP_154536971.1,WP_154536972.1,WP_154536973.1,WP_154536974.1	C28_HIGH_CONF_Peptostreptococcus_porci_GCF_009695815.1	GCF_009695815.1	Peptostreptococcus porci	Fld_Lineage	+	-1	no	Other	WP_154536970.1	221660	223246	+		class I adenylate-forming enzyme family protein
FLDCORE|GCF_009695815.1|NZ_VUNE01000001.1|223349-227884|+|WP_154536971.1,WP_154536972.1,WP_154536973.1,WP_154536974.1	C28_HIGH_CONF_Peptostreptococcus_porci_GCF_009695815.1	GCF_009695815.1	Peptostreptococcus porci	Fld_Lineage	+	0	yes	FldA	WP_154536971.1	223349	224593	+	PF02515	CaiB/BaiF CoA transferase family protein
FLDCORE|GCF_009695815.1|NZ_VUNE01000001.1|223349-227884|+|WP_154536971.1,WP_154536972.1,WP_154536973.1,WP_154536974.1	C28_HIGH_CONF_Peptostreptococcus_porci_GCF_009695815.1	GCF_009695815.1	Peptostreptococcus porci	Fld_Lineage	+	1	yes	FldI	WP_154536972.1	224729	225517	+	PF01869	acyl-CoA dehydratase activase
FLDCORE|GCF_009695815.1|NZ_VUNE01000001.1|223349-227884|+|WP_154536971.1,WP_154536972.1,WP_154536973.1,WP_154536974.1	C28_HIGH_CONF_Peptostreptococcus_porci_GCF_009695815.1	GCF_009695815.1	Peptostreptococcus porci	Fld_Lineage	+	2	yes	FldB	WP_154536973.1	225531	226766	+	PF06050	2-hydroxyacyl-CoA dehydratase subunit D
FLDCORE|GCF_009695815.1|NZ_VUNE01000001.1|223349-227884|+|WP_154536971.1,WP_154536972.1,WP_154536973.1,WP_154536974.1	C28_HIGH_CONF_Peptostreptococcus_porci_GCF_009695815.1	GCF_009695815.1	Peptostreptococcus porci	Fld_Lineage	+	3	yes	FldC	WP_154536974.1	226766	227884	+	PF06050	2-hydroxyacyl-CoA dehydratase subunit D
FLDCORE|GCF_009695815.1|NZ_VUNE01000001.1|223349-227884|+|WP_154536971.1,WP_154536972.1,WP_154536973.1,WP_154536974.1	C28_HIGH_CONF_Peptostreptococcus_porci_GCF_009695815.1	GCF_009695815.1	Peptostreptococcus porci	Fld_Lineage	+	4	no	AcdA	WP_154536975.1	227912	229042	+	PF00441;PF02770;PF02771	acyl-CoA dehydrogenase family protein
FLDCORE|GCF_009695815.1|NZ_VUNE01000001.1|223349-227884|+|WP_154536971.1,WP_154536972.1,WP_154536973.1,WP_154536974.1	C28_HIGH_CONF_Peptostreptococcus_porci_GCF_009695815.1	GCF_009695815.1	Peptostreptococcus porci	Fld_Lineage	+	5	no	EtfB	WP_154536976.1	229059	229850	+	PF01012	electron transfer flavoprotein subunit beta/FixA family protein
FLDCORE|GCF_009695815.1|NZ_VUNE01000001.1|223349-227884|+|WP_154536971.1,WP_154536972.1,WP_154536973.1,WP_154536974.1	C28_HIGH_CONF_Peptostreptococcus_porci_GCF_009695815.1	GCF_009695815.1	Peptostreptococcus porci	Fld_Lineage	+	6	no	EtfA	WP_154536977.1	229904	230911	+	PF00766;PF01012	electron transfer flavoprotein subunit alpha/FixB family protein
FLDCORE|GCF_009695815.1|NZ_VUNE01000001.1|223349-227884|+|WP_154536971.1,WP_154536972.1,WP_154536973.1,WP_154536974.1	C28_HIGH_CONF_Peptostreptococcus_porci_GCF_009695815.1	GCF_009695815.1	Peptostreptococcus porci	Fld_Lineage	+	7	no	FldH	WP_154536978.1	231253	232245	+	PF00389;PF02826	2-hydroxyacid dehydrogenase
FLDCORE|GCF_009695815.1|NZ_VUNE01000001.1|223349-227884|+|WP_154536971.1,WP_154536972.1,WP_154536973.1,WP_154536974.1	C28_HIGH_CONF_Peptostreptococcus_porci_GCF_009695815.1	GCF_009695815.1	Peptostreptococcus porci	Fld_Lineage	+	8	no	Other	WP_154536979.1	232294	233619	+		branched-chain amino acid transport system II carrier protein
FLDCORE|GCF_009695815.1|NZ_VUNE01000001.1|223349-227884|+|WP_154536971.1,WP_154536972.1,WP_154536973.1,WP_154536974.1	C28_HIGH_CONF_Peptostreptococcus_porci_GCF_009695815.1	GCF_009695815.1	Peptostreptococcus porci	Fld_Lineage	+	9	no	Other	WP_154536980.1	233870	235054	+		pyridoxal phosphate-dependent aminotransferase
FLDCORE|GCF_009695815.1|NZ_VUNE01000001.1|223349-227884|+|WP_154536971.1,WP_154536972.1,WP_154536973.1,WP_154536974.1	C28_HIGH_CONF_Peptostreptococcus_porci_GCF_009695815.1	GCF_009695815.1	Peptostreptococcus porci	Fld_Lineage	+	10	no	Other	WP_154536981.1	235502	236596	-		AI-2E family transporter
FLDCORE|GCF_009695815.1|NZ_VUNE01000001.1|223349-227884|+|WP_154536971.1,WP_154536972.1,WP_154536973.1,WP_154536974.1	C28_HIGH_CONF_Peptostreptococcus_porci_GCF_009695815.1	GCF_009695815.1	Peptostreptococcus porci	Fld_Lineage	+	11	no	Other	WP_154536982.1	236802	237197	+		hypothetical protein
FLDCORE|GCF_009695815.1|NZ_VUNE01000001.1|223349-227884|+|WP_154536971.1,WP_154536972.1,WP_154536973.1,WP_154536974.1	C28_HIGH_CONF_Peptostreptococcus_porci_GCF_009695815.1	GCF_009695815.1	Peptostreptococcus porci	Fld_Lineage	+	12	no	Other	WP_154536983.1	237236	239212	+		excinuclease ABC subunit UvrB
FLDCORE|GCF_009695815.1|NZ_VUNE01000001.1|223349-227884|+|WP_154536971.1,WP_154536972.1,WP_154536973.1,WP_154536974.1	C28_HIGH_CONF_Peptostreptococcus_porci_GCF_009695815.1	GCF_009695815.1	Peptostreptococcus porci	Fld_Lineage	+	13	no	Other	WP_195836869.1	239339	239914	+		nitroreductase family protein
FLDCORE|GCF_011045835.1|NZ_CP047349.1|3408827-3413297|-|WP_164530728.1,WP_075673866.1,WP_036934372.1,WP_164530727.1	C29_EXCLUDED_Proteus_terrae_subsp._cib_GCF_011045835.1	GCF_011045835.1	Proteus terrae subsp. cibarius	Fld_Lineage	-	13	no	Other	WP_075673427.1	3393129	3393764	+		OB-fold-containig protein
FLDCORE|GCF_011045835.1|NZ_CP047349.1|3408827-3413297|-|WP_164530728.1,WP_075673866.1,WP_036934372.1,WP_164530727.1	C29_EXCLUDED_Proteus_terrae_subsp._cib_GCF_011045835.1	GCF_011045835.1	Proteus terrae subsp. cibarius	Fld_Lineage	-	12	no	Other	WP_099659727.1	3393851	3396046	+		flotillin family protein
FLDCORE|GCF_011045835.1|NZ_CP047349.1|3408827-3413297|-|WP_164530728.1,WP_075673866.1,WP_036934372.1,WP_164530727.1	C29_EXCLUDED_Proteus_terrae_subsp._cib_GCF_011045835.1	GCF_011045835.1	Proteus terrae subsp. cibarius	Fld_Lineage	-	11	no	Other	WP_164530725.1	3396137	3401071	+		DNA repair ATPase
FLDCORE|GCF_011045835.1|NZ_CP047349.1|3408827-3413297|-|WP_164530728.1,WP_075673866.1,WP_036934372.1,WP_164530727.1	C29_EXCLUDED_Proteus_terrae_subsp._cib_GCF_011045835.1	GCF_011045835.1	Proteus terrae subsp. cibarius	Fld_Lineage	-	10	no	Other	WP_075673873.1	3401739	3402704	+		helix-turn-helix domain-containing protein
FLDCORE|GCF_011045835.1|NZ_CP047349.1|3408827-3413297|-|WP_164530728.1,WP_075673866.1,WP_036934372.1,WP_164530727.1	C29_EXCLUDED_Proteus_terrae_subsp._cib_GCF_011045835.1	GCF_011045835.1	Proteus terrae subsp. cibarius	Fld_Lineage	-	9	no	Other	WP_075673872.1	3402778	3403062	-		ferredoxin family protein
FLDCORE|GCF_011045835.1|NZ_CP047349.1|3408827-3413297|-|WP_164530728.1,WP_075673866.1,WP_036934372.1,WP_164530727.1	C29_EXCLUDED_Proteus_terrae_subsp._cib_GCF_011045835.1	GCF_011045835.1	Proteus terrae subsp. cibarius	Fld_Lineage	-	8	no	Other	WP_099659729.1	3403059	3404345	-		FAD-dependent oxidoreductase
FLDCORE|GCF_011045835.1|NZ_CP047349.1|3408827-3413297|-|WP_164530728.1,WP_075673866.1,WP_036934372.1,WP_164530727.1	C29_EXCLUDED_Proteus_terrae_subsp._cib_GCF_011045835.1	GCF_011045835.1	Proteus terrae subsp. cibarius	Fld_Lineage	-	7	no	EtfA	WP_156734153.1	3404409	3405350	-	PF00766;PF01012	FAD-binding protein
FLDCORE|GCF_011045835.1|NZ_CP047349.1|3408827-3413297|-|WP_164530728.1,WP_075673866.1,WP_036934372.1,WP_164530727.1	C29_EXCLUDED_Proteus_terrae_subsp._cib_GCF_011045835.1	GCF_011045835.1	Proteus terrae subsp. cibarius	Fld_Lineage	-	6	no	EtfB	WP_164530726.1	3405362	3406138	-	PF01012	putative electron transfer flavoprotein FixA
FLDCORE|GCF_011045835.1|NZ_CP047349.1|3408827-3413297|-|WP_164530728.1,WP_075673866.1,WP_036934372.1,WP_164530727.1	C29_EXCLUDED_Proteus_terrae_subsp._cib_GCF_011045835.1	GCF_011045835.1	Proteus terrae subsp. cibarius	Fld_Lineage	-	5	no	AcdA	WP_109420078.1	3406192	3407331	-	PF00441;PF02770;PF02771	acyl-CoA dehydrogenase family protein
FLDCORE|GCF_011045835.1|NZ_CP047349.1|3408827-3413297|-|WP_164530728.1,WP_075673866.1,WP_036934372.1,WP_164530727.1	C29_EXCLUDED_Proteus_terrae_subsp._cib_GCF_011045835.1	GCF_011045835.1	Proteus terrae subsp. cibarius	Fld_Lineage	-	4	no	Other	WP_238795294.1	3407427	3408695	-		GntP family permease
FLDCORE|GCF_011045835.1|NZ_CP047349.1|3408827-3413297|-|WP_164530728.1,WP_075673866.1,WP_036934372.1,WP_164530727.1	C29_EXCLUDED_Proteus_terrae_subsp._cib_GCF_011045835.1	GCF_011045835.1	Proteus terrae subsp. cibarius	Fld_Lineage	-	3	yes	FldC	WP_164530727.1	3408827	3409960	-	PF06050	2-hydroxyacyl-CoA dehydratase subunit D
FLDCORE|GCF_011045835.1|NZ_CP047349.1|3408827-3413297|-|WP_164530728.1,WP_075673866.1,WP_036934372.1,WP_164530727.1	C29_EXCLUDED_Proteus_terrae_subsp._cib_GCF_011045835.1	GCF_011045835.1	Proteus terrae subsp. cibarius	Fld_Lineage	-	2	yes	FldB	WP_036934372.1	3409960	3411201	-	PF06050	2-hydroxyacyl-CoA dehydratase subunit D
FLDCORE|GCF_011045835.1|NZ_CP047349.1|3408827-3413297|-|WP_164530728.1,WP_075673866.1,WP_036934372.1,WP_164530727.1	C29_EXCLUDED_Proteus_terrae_subsp._cib_GCF_011045835.1	GCF_011045835.1	Proteus terrae subsp. cibarius	Fld_Lineage	-	1	yes	FldI	WP_075673866.1	3411198	3412025	-	PF01869	acyl-CoA dehydratase activase
FLDCORE|GCF_011045835.1|NZ_CP047349.1|3408827-3413297|-|WP_164530728.1,WP_075673866.1,WP_036934372.1,WP_164530727.1	C29_EXCLUDED_Proteus_terrae_subsp._cib_GCF_011045835.1	GCF_011045835.1	Proteus terrae subsp. cibarius	Fld_Lineage	-	0	yes	FldA	WP_164530728.1	3412062	3413297	-	PF02515	CaiB/BaiF CoA transferase family protein
FLDCORE|GCF_011045835.1|NZ_CP047349.1|3408827-3413297|-|WP_164530728.1,WP_075673866.1,WP_036934372.1,WP_164530727.1	C29_EXCLUDED_Proteus_terrae_subsp._cib_GCF_011045835.1	GCF_011045835.1	Proteus terrae subsp. cibarius	Fld_Lineage	-	-1	no	Other	WP_159241816.1	3413364	3415001	-		AMP-binding protein
FLDCORE|GCF_011045835.1|NZ_CP047349.1|3408827-3413297|-|WP_164530728.1,WP_075673866.1,WP_036934372.1,WP_164530727.1	C29_EXCLUDED_Proteus_terrae_subsp._cib_GCF_011045835.1	GCF_011045835.1	Proteus terrae subsp. cibarius	Fld_Lineage	-	-2	no	FldX	WP_164530729.1	3415472	3416794	-	PF07690	MFS transporter
FLDCORE|GCF_011045835.1|NZ_CP047349.1|3408827-3413297|-|WP_164530728.1,WP_075673866.1,WP_036934372.1,WP_164530727.1	C29_EXCLUDED_Proteus_terrae_subsp._cib_GCF_011045835.1	GCF_011045835.1	Proteus terrae subsp. cibarius	Fld_Lineage	-	-3	no	Other	WP_075673862.1	3416879	3417166	-		ferredoxin-like protein FixX
FLDCORE|GCF_011045835.1|NZ_CP047349.1|3408827-3413297|-|WP_164530728.1,WP_075673866.1,WP_036934372.1,WP_164530727.1	C29_EXCLUDED_Proteus_terrae_subsp._cib_GCF_011045835.1	GCF_011045835.1	Proteus terrae subsp. cibarius	Fld_Lineage	-	-4	no	Other	WP_075673861.1	3417163	3418455	-		FAD-dependent oxidoreductase FixC
FLDCORE|GCF_011045835.1|NZ_CP047349.1|3408827-3413297|-|WP_164530728.1,WP_075673866.1,WP_036934372.1,WP_164530727.1	C29_EXCLUDED_Proteus_terrae_subsp._cib_GCF_011045835.1	GCF_011045835.1	Proteus terrae subsp. cibarius	Fld_Lineage	-	-5	no	EtfA	WP_164530730.1	3418513	3419451	-	PF00766;PF01012	FAD-binding protein
FLDCORE|GCF_011045835.1|NZ_CP047349.1|3408827-3413297|-|WP_164530728.1,WP_075673866.1,WP_036934372.1,WP_164530727.1	C29_EXCLUDED_Proteus_terrae_subsp._cib_GCF_011045835.1	GCF_011045835.1	Proteus terrae subsp. cibarius	Fld_Lineage	-	-6	no	EtfB	WP_099659736.1	3419463	3420236	-	PF01012	electron transfer flavoprotein FixA
FLDCORE|GCF_011045835.1|NZ_CP047349.1|3408827-3413297|-|WP_164530728.1,WP_075673866.1,WP_036934372.1,WP_164530727.1	C29_EXCLUDED_Proteus_terrae_subsp._cib_GCF_011045835.1	GCF_011045835.1	Proteus terrae subsp. cibarius	Fld_Lineage	-	-7	no	Other	WP_075673858.1	3420837	3422351	+		L-carnitine/gamma-butyrobetaine antiporter
FLDCORE|GCF_011045835.1|NZ_CP047349.1|3408827-3413297|-|WP_164530728.1,WP_075673866.1,WP_036934372.1,WP_164530727.1	C29_EXCLUDED_Proteus_terrae_subsp._cib_GCF_011045835.1	GCF_011045835.1	Proteus terrae subsp. cibarius	Fld_Lineage	-	-8	no	AcdA	WP_164530731.1	3422393	3423535	+	PF00441;PF02770;PF02771	crotonobetainyl-CoA dehydrogenase
FLDCORE|GCF_011045835.1|NZ_CP047349.1|3408827-3413297|-|WP_164530728.1,WP_075673866.1,WP_036934372.1,WP_164530727.1	C29_EXCLUDED_Proteus_terrae_subsp._cib_GCF_011045835.1	GCF_011045835.1	Proteus terrae subsp. cibarius	Fld_Lineage	-	-9	no	FldA	WP_075673857.1	3423605	3424825	+	PF02515	L-carnitine CoA-transferase
FLDCORE|GCF_011045835.1|NZ_CP047349.1|3408827-3413297|-|WP_164530728.1,WP_075673866.1,WP_036934372.1,WP_164530727.1	C29_EXCLUDED_Proteus_terrae_subsp._cib_GCF_011045835.1	GCF_011045835.1	Proteus terrae subsp. cibarius	Fld_Lineage	-	-10	no	Other	WP_075673856.1	3424898	3426454	+		crotonobetaine/carnitine-CoA ligase
FLDCORE|GCF_012922555.1|NZ_WIPK01000003.1|41371-45773|+|WP_053832117.1,WP_021430301.1,WP_021430236.1,WP_170075035.1	C30_EXCLUDED_Paraclostridium_dentum_GCF_012922555.1	GCF_012922555.1	Paraclostridium dentum	Had_Lineage	+	-10	no	Other	WP_021430183.1	27549	28262	+		PHP domain-containing protein
FLDCORE|GCF_012922555.1|NZ_WIPK01000003.1|41371-45773|+|WP_053832117.1,WP_021430301.1,WP_021430236.1,WP_170075035.1	C30_EXCLUDED_Paraclostridium_dentum_GCF_012922555.1	GCF_012922555.1	Paraclostridium dentum	Had_Lineage	+	-9	no	Other	WP_021430270.1	28277	29134	+		RNase adapter RapZ
FLDCORE|GCF_012922555.1|NZ_WIPK01000003.1|41371-45773|+|WP_053832117.1,WP_021430301.1,WP_021430236.1,WP_170075035.1	C30_EXCLUDED_Paraclostridium_dentum_GCF_012922555.1	GCF_012922555.1	Paraclostridium dentum	Had_Lineage	+	-8	no	Other	WP_170075031.1	29150	30259	+		gluconeogenesis factor YvcK family protein
FLDCORE|GCF_012922555.1|NZ_WIPK01000003.1|41371-45773|+|WP_053832117.1,WP_021430301.1,WP_021430236.1,WP_170075035.1	C30_EXCLUDED_Paraclostridium_dentum_GCF_012922555.1	GCF_012922555.1	Paraclostridium dentum	Had_Lineage	+	-7	no	Other	WP_021430207.1	30324	30749	+		NUDIX hydrolase
FLDCORE|GCF_012922555.1|NZ_WIPK01000003.1|41371-45773|+|WP_053832117.1,WP_021430301.1,WP_021430236.1,WP_170075035.1	C30_EXCLUDED_Paraclostridium_dentum_GCF_012922555.1	GCF_012922555.1	Paraclostridium dentum	Had_Lineage	+	-6	no	Other	WP_021430259.1	30766	31716	+		DNA-binding protein WhiA
FLDCORE|GCF_012922555.1|NZ_WIPK01000003.1|41371-45773|+|WP_053832117.1,WP_021430301.1,WP_021430236.1,WP_170075035.1	C30_EXCLUDED_Paraclostridium_dentum_GCF_012922555.1	GCF_012922555.1	Paraclostridium dentum	Had_Lineage	+	-5	no	Other	WP_170075032.1	31794	35279	+		DNA polymerase III subunit alpha
FLDCORE|GCF_012922555.1|NZ_WIPK01000003.1|41371-45773|+|WP_053832117.1,WP_021430301.1,WP_021430236.1,WP_170075035.1	C30_EXCLUDED_Paraclostridium_dentum_GCF_012922555.1	GCF_012922555.1	Paraclostridium dentum	Had_Lineage	+	-4	no	Other	WP_021434155.1	35457	36416	+		6-phosphofructokinase
FLDCORE|GCF_012922555.1|NZ_WIPK01000003.1|41371-45773|+|WP_053832117.1,WP_021430301.1,WP_021430236.1,WP_170075035.1	C30_EXCLUDED_Paraclostridium_dentum_GCF_012922555.1	GCF_012922555.1	Paraclostridium dentum	Had_Lineage	+	-3	no	Other	WP_170075033.1	36433	38193	+		pyruvate kinase
FLDCORE|GCF_012922555.1|NZ_WIPK01000003.1|41371-45773|+|WP_053832117.1,WP_021430301.1,WP_021430236.1,WP_170075035.1	C30_EXCLUDED_Paraclostridium_dentum_GCF_012922555.1	GCF_012922555.1	Paraclostridium dentum	Had_Lineage	+	-2	no	Other	WP_021430269.1	38307	39665	+		23S rRNA (uracil(1939)-C(5))-methyltransferase RlmD
FLDCORE|GCF_012922555.1|NZ_WIPK01000003.1|41371-45773|+|WP_053832117.1,WP_021430301.1,WP_021430236.1,WP_170075035.1	C30_EXCLUDED_Paraclostridium_dentum_GCF_012922555.1	GCF_012922555.1	Paraclostridium dentum	Had_Lineage	+	-1	no	FldH	WP_170075034.1	39778	40794	-	PF00389;PF02826	D-2-hydroxyacid dehydrogenase
FLDCORE|GCF_012922555.1|NZ_WIPK01000003.1|41371-45773|+|WP_053832117.1,WP_021430301.1,WP_021430236.1,WP_170075035.1	C30_EXCLUDED_Paraclostridium_dentum_GCF_012922555.1	GCF_012922555.1	Paraclostridium dentum	Had_Lineage	+	0	yes	FldA	WP_053832117.1	41371	42603	+	PF02515	CaiB/BaiF CoA transferase family protein
FLDCORE|GCF_012922555.1|NZ_WIPK01000003.1|41371-45773|+|WP_053832117.1,WP_021430301.1,WP_021430236.1,WP_170075035.1	C30_EXCLUDED_Paraclostridium_dentum_GCF_012922555.1	GCF_012922555.1	Paraclostridium dentum	Had_Lineage	+	1	yes	FldI	WP_021430301.1	42625	43401	+	PF01869	acyl-CoA dehydratase activase
FLDCORE|GCF_012922555.1|NZ_WIPK01000003.1|41371-45773|+|WP_053832117.1,WP_021430301.1,WP_021430236.1,WP_170075035.1	C30_EXCLUDED_Paraclostridium_dentum_GCF_012922555.1	GCF_012922555.1	Paraclostridium dentum	Had_Lineage	+	2	yes	FldB	WP_021430236.1	43420	44646	+	PF06050	(R)-2-hydroxyisocaproyl-CoA dehydratase subunit HadB
FLDCORE|GCF_012922555.1|NZ_WIPK01000003.1|41371-45773|+|WP_053832117.1,WP_021430301.1,WP_021430236.1,WP_170075035.1	C30_EXCLUDED_Paraclostridium_dentum_GCF_012922555.1	GCF_012922555.1	Paraclostridium dentum	Had_Lineage	+	3	yes	FldC	WP_170075035.1	44646	45773	+	PF06050	2-hydroxyacyl-CoA dehydratase subunit D
FLDCORE|GCF_012922555.1|NZ_WIPK01000003.1|41371-45773|+|WP_053832117.1,WP_021430301.1,WP_021430236.1,WP_170075035.1	C30_EXCLUDED_Paraclostridium_dentum_GCF_012922555.1	GCF_012922555.1	Paraclostridium dentum	Had_Lineage	+	4	no	AcdA	WP_021430248.1	45905	47038	+	PF00441;PF02770;PF02771	putative isocaproyl-CoA dehydrogenase AcdB
FLDCORE|GCF_012922555.1|NZ_WIPK01000003.1|41371-45773|+|WP_053832117.1,WP_021430301.1,WP_021430236.1,WP_170075035.1	C30_EXCLUDED_Paraclostridium_dentum_GCF_012922555.1	GCF_012922555.1	Paraclostridium dentum	Had_Lineage	+	5	no	EtfB	WP_035117166.1	47087	47872	+	PF01012	electron transfer flavoprotein subunit beta
FLDCORE|GCF_012922555.1|NZ_WIPK01000003.1|41371-45773|+|WP_053832117.1,WP_021430301.1,WP_021430236.1,WP_170075035.1	C30_EXCLUDED_Paraclostridium_dentum_GCF_012922555.1	GCF_012922555.1	Paraclostridium dentum	Had_Lineage	+	6	no	EtfA	WP_035117164.1	47886	48938	+	PF00766;PF01012	electron transfer flavoprotein subunit alpha/FixB family protein
FLDCORE|GCF_012922555.1|NZ_WIPK01000003.1|41371-45773|+|WP_053832117.1,WP_021430301.1,WP_021430236.1,WP_170075035.1	C30_EXCLUDED_Paraclostridium_dentum_GCF_012922555.1	GCF_012922555.1	Paraclostridium dentum	Had_Lineage	+	7	no	Other	WP_226888381.1	49359	50900	+		sigma-54 interaction domain-containing protein
FLDCORE|GCF_012922555.1|NZ_WIPK01000003.1|41371-45773|+|WP_053832117.1,WP_021430301.1,WP_021430236.1,WP_170075035.1	C30_EXCLUDED_Paraclostridium_dentum_GCF_012922555.1	GCF_012922555.1	Paraclostridium dentum	Had_Lineage	+	8	no	Other	WP_035117162.1	51083	51544	-		cyclic nucleotide-binding domain-containing protein
FLDCORE|GCF_012922555.1|NZ_WIPK01000003.1|41371-45773|+|WP_053832117.1,WP_021430301.1,WP_021430236.1,WP_170075035.1	C30_EXCLUDED_Paraclostridium_dentum_GCF_012922555.1	GCF_012922555.1	Paraclostridium dentum	Had_Lineage	+	9	no	FldH	WP_053832115.1	51876	52811	+	PF00389;PF02826	phosphoglycerate dehydrogenase
FLDCORE|GCF_012922555.1|NZ_WIPK01000003.1|41371-45773|+|WP_053832117.1,WP_021430301.1,WP_021430236.1,WP_170075035.1	C30_EXCLUDED_Paraclostridium_dentum_GCF_012922555.1	GCF_012922555.1	Paraclostridium dentum	Had_Lineage	+	10	no	Other	WP_170075036.1	52911	54932	+		NAD-dependent DNA ligase LigA
FLDCORE|GCF_012922555.1|NZ_WIPK01000003.1|41371-45773|+|WP_053832117.1,WP_021430301.1,WP_021430236.1,WP_170075035.1	C30_EXCLUDED_Paraclostridium_dentum_GCF_012922555.1	GCF_012922555.1	Paraclostridium dentum	Had_Lineage	+	11	no	Other	WP_170075037.1	55201	56550	+		ribonuclease PH
FLDCORE|GCF_012922555.1|NZ_WIPK01000003.1|41371-45773|+|WP_053832117.1,WP_021430301.1,WP_021430236.1,WP_170075035.1	C30_EXCLUDED_Paraclostridium_dentum_GCF_012922555.1	GCF_012922555.1	Paraclostridium dentum	Had_Lineage	+	12	no	Other	WP_114542349.1	56550	57020	+		metallophosphoesterase
FLDCORE|GCF_012922555.1|NZ_WIPK01000003.1|41371-45773|+|WP_053832117.1,WP_021430301.1,WP_021430236.1,WP_170075035.1	C30_EXCLUDED_Paraclostridium_dentum_GCF_012922555.1	GCF_012922555.1	Paraclostridium dentum	Had_Lineage	+	13	no	Other	WP_021430240.1	57044	57565	+		DUF2179 domain-containing protein
FLDCORE|GCF_014284495.1|NZ_WJBE01000008.1|16339-20686|+|WP_186894365.1,WP_186894481.1,WP_186894366.1,WP_186894367.1	C31_HIGH_CONF_Acetobacterium_malicum_GCF_014284495.1	GCF_014284495.1	Acetobacterium malicum	Fld_Lineage	+	-10	no	Other	WP_148637617.1	7862	8551	+		response regulator transcription factor
FLDCORE|GCF_014284495.1|NZ_WJBE01000008.1|16339-20686|+|WP_186894365.1,WP_186894481.1,WP_186894366.1,WP_186894367.1	C31_HIGH_CONF_Acetobacterium_malicum_GCF_014284495.1	GCF_014284495.1	Acetobacterium malicum	Fld_Lineage	+	-9	no	Other	WP_148637618.1	9539	10150	+		type IV toxin-antitoxin system AbiEi family antitoxin domain-containing protein
FLDCORE|GCF_014284495.1|NZ_WJBE01000008.1|16339-20686|+|WP_186894365.1,WP_186894481.1,WP_186894366.1,WP_186894367.1	C31_HIGH_CONF_Acetobacterium_malicum_GCF_014284495.1	GCF_014284495.1	Acetobacterium malicum	Fld_Lineage	+	-8	no	Other	WP_148637619.1	10147	11001	+		nucleotidyl transferase AbiEii/AbiGii toxin family protein
FLDCORE|GCF_014284495.1|NZ_WJBE01000008.1|16339-20686|+|WP_186894365.1,WP_186894481.1,WP_186894366.1,WP_186894367.1	C31_HIGH_CONF_Acetobacterium_malicum_GCF_014284495.1	GCF_014284495.1	Acetobacterium malicum	Fld_Lineage	+	-7	no	Other	WP_186894360.1	11371	11967	+		type IV toxin-antitoxin system AbiEi family antitoxin domain-containing protein
FLDCORE|GCF_014284495.1|NZ_WJBE01000008.1|16339-20686|+|WP_186894365.1,WP_186894481.1,WP_186894366.1,WP_186894367.1	C31_HIGH_CONF_Acetobacterium_malicum_GCF_014284495.1	GCF_014284495.1	Acetobacterium malicum	Fld_Lineage	+	-6	no	Other	WP_311135955.1	12118	12513	+		nucleotidyl transferase AbiEii/AbiGii toxin family protein
FLDCORE|GCF_014284495.1|NZ_WJBE01000008.1|16339-20686|+|WP_186894365.1,WP_186894481.1,WP_186894366.1,WP_186894367.1	C31_HIGH_CONF_Acetobacterium_malicum_GCF_014284495.1	GCF_014284495.1	Acetobacterium malicum	Fld_Lineage	+	-5	no	Other	WP_207725458.1	12620	12868	+		AbrB/MazE/SpoVT family DNA-binding domain-containing protein
FLDCORE|GCF_014284495.1|NZ_WJBE01000008.1|16339-20686|+|WP_186894365.1,WP_186894481.1,WP_186894366.1,WP_186894367.1	C31_HIGH_CONF_Acetobacterium_malicum_GCF_014284495.1	GCF_014284495.1	Acetobacterium malicum	Fld_Lineage	+	-4	no	Other	WP_186894362.1	12862	13194	+		type II toxin-antitoxin system PemK/MazF family toxin
FLDCORE|GCF_014284495.1|NZ_WJBE01000008.1|16339-20686|+|WP_186894365.1,WP_186894481.1,WP_186894366.1,WP_186894367.1	C31_HIGH_CONF_Acetobacterium_malicum_GCF_014284495.1	GCF_014284495.1	Acetobacterium malicum	Fld_Lineage	+	-3	no	Other	WP_338001160.1	13628	13819	+		ferredoxin
FLDCORE|GCF_014284495.1|NZ_WJBE01000008.1|16339-20686|+|WP_186894365.1,WP_186894481.1,WP_186894366.1,WP_186894367.1	C31_HIGH_CONF_Acetobacterium_malicum_GCF_014284495.1	GCF_014284495.1	Acetobacterium malicum	Fld_Lineage	+	-2	no	Other	WP_186894363.1	14496	15119	+		50S ribosomal protein L25
FLDCORE|GCF_014284495.1|NZ_WJBE01000008.1|16339-20686|+|WP_186894365.1,WP_186894481.1,WP_186894366.1,WP_186894367.1	C31_HIGH_CONF_Acetobacterium_malicum_GCF_014284495.1	GCF_014284495.1	Acetobacterium malicum	Fld_Lineage	+	-1	no	Other	WP_186894364.1	15340	16023	-		GntR family transcriptional regulator
FLDCORE|GCF_014284495.1|NZ_WJBE01000008.1|16339-20686|+|WP_186894365.1,WP_186894481.1,WP_186894366.1,WP_186894367.1	C31_HIGH_CONF_Acetobacterium_malicum_GCF_014284495.1	GCF_014284495.1	Acetobacterium malicum	Fld_Lineage	+	0	yes	FldA	WP_186894365.1	16339	17541	+	PF02515	CaiB/BaiF CoA transferase family protein
FLDCORE|GCF_014284495.1|NZ_WJBE01000008.1|16339-20686|+|WP_186894365.1,WP_186894481.1,WP_186894366.1,WP_186894367.1	C31_HIGH_CONF_Acetobacterium_malicum_GCF_014284495.1	GCF_014284495.1	Acetobacterium malicum	Fld_Lineage	+	1	yes	FldI	WP_186894481.1	17541	18335	+	PF01869	acyl-CoA dehydratase activase
FLDCORE|GCF_014284495.1|NZ_WJBE01000008.1|16339-20686|+|WP_186894365.1,WP_186894481.1,WP_186894366.1,WP_186894367.1	C31_HIGH_CONF_Acetobacterium_malicum_GCF_014284495.1	GCF_014284495.1	Acetobacterium malicum	Fld_Lineage	+	2	yes	FldB	WP_186894366.1	18328	19560	+	PF06050	2-hydroxyacyl-CoA dehydratase subunit D
FLDCORE|GCF_014284495.1|NZ_WJBE01000008.1|16339-20686|+|WP_186894365.1,WP_186894481.1,WP_186894366.1,WP_186894367.1	C31_HIGH_CONF_Acetobacterium_malicum_GCF_014284495.1	GCF_014284495.1	Acetobacterium malicum	Fld_Lineage	+	3	yes	FldC	WP_186894367.1	19562	20686	+	PF06050	2-hydroxyacyl-CoA dehydratase subunit D
FLDCORE|GCF_014284495.1|NZ_WJBE01000008.1|16339-20686|+|WP_186894365.1,WP_186894481.1,WP_186894366.1,WP_186894367.1	C31_HIGH_CONF_Acetobacterium_malicum_GCF_014284495.1	GCF_014284495.1	Acetobacterium malicum	Fld_Lineage	+	4	no	Other	WP_186894368.1	20691	22250	+		class I adenylate-forming enzyme family protein
FLDCORE|GCF_014284495.1|NZ_WJBE01000008.1|16339-20686|+|WP_186894365.1,WP_186894481.1,WP_186894366.1,WP_186894367.1	C31_HIGH_CONF_Acetobacterium_malicum_GCF_014284495.1	GCF_014284495.1	Acetobacterium malicum	Fld_Lineage	+	5	no	AcdA	WP_186894369.1	22252	23388	+	PF00441;PF02770;PF02771	acyl-CoA dehydrogenase family protein
FLDCORE|GCF_014284495.1|NZ_WJBE01000008.1|16339-20686|+|WP_186894365.1,WP_186894481.1,WP_186894366.1,WP_186894367.1	C31_HIGH_CONF_Acetobacterium_malicum_GCF_014284495.1	GCF_014284495.1	Acetobacterium malicum	Fld_Lineage	+	6	no	EtfB	WP_186894370.1	23441	24226	+	PF01012	electron transfer flavoprotein subunit beta
FLDCORE|GCF_014284495.1|NZ_WJBE01000008.1|16339-20686|+|WP_186894365.1,WP_186894481.1,WP_186894366.1,WP_186894367.1	C31_HIGH_CONF_Acetobacterium_malicum_GCF_014284495.1	GCF_014284495.1	Acetobacterium malicum	Fld_Lineage	+	7	no	EtfA	WP_186894371.1	24241	25413	+	PF00766;PF01012	electron transfer flavoprotein subunit alpha
FLDCORE|GCF_014284495.1|NZ_WJBE01000008.1|16339-20686|+|WP_186894365.1,WP_186894481.1,WP_186894366.1,WP_186894367.1	C31_HIGH_CONF_Acetobacterium_malicum_GCF_014284495.1	GCF_014284495.1	Acetobacterium malicum	Fld_Lineage	+	8	no	FldX	WP_186894372.1	25459	26841	+	PF07690	MFS transporter
FLDCORE|GCF_014284495.1|NZ_WJBE01000008.1|16339-20686|+|WP_186894365.1,WP_186894481.1,WP_186894366.1,WP_186894367.1	C31_HIGH_CONF_Acetobacterium_malicum_GCF_014284495.1	GCF_014284495.1	Acetobacterium malicum	Fld_Lineage	+	9	no	Other	WP_186894373.1	27065	29104	+		3-hydroxyacyl-CoA dehydrogenase/enoyl-CoA hydratase family protein
FLDCORE|GCF_014284495.1|NZ_WJBE01000008.1|16339-20686|+|WP_186894365.1,WP_186894481.1,WP_186894366.1,WP_186894367.1	C31_HIGH_CONF_Acetobacterium_malicum_GCF_014284495.1	GCF_014284495.1	Acetobacterium malicum	Fld_Lineage	+	10	no	Other	WP_186894374.1	29240	30421	+		thiolase family protein
FLDCORE|GCF_014284495.1|NZ_WJBE01000008.1|16339-20686|+|WP_186894365.1,WP_186894481.1,WP_186894366.1,WP_186894367.1	C31_HIGH_CONF_Acetobacterium_malicum_GCF_014284495.1	GCF_014284495.1	Acetobacterium malicum	Fld_Lineage	+	11	no	Other	WP_186894375.1	30839	32269	+		sodium:solute symporter family protein
FLDCORE|GCF_014284495.1|NZ_WJBE01000008.1|16339-20686|+|WP_186894365.1,WP_186894481.1,WP_186894366.1,WP_186894367.1	C31_HIGH_CONF_Acetobacterium_malicum_GCF_014284495.1	GCF_014284495.1	Acetobacterium malicum	Fld_Lineage	+	12	no	FldA	WP_186894376.1	32399	33634	+	PF02515	CaiB/BaiF CoA transferase family protein
FLDCORE|GCF_014284495.1|NZ_WJBE01000008.1|16339-20686|+|WP_186894365.1,WP_186894481.1,WP_186894366.1,WP_186894367.1	C31_HIGH_CONF_Acetobacterium_malicum_GCF_014284495.1	GCF_014284495.1	Acetobacterium malicum	Fld_Lineage	+	13	no	Other	WP_186894377.1	33816	34397	+		TetR/AcrR family transcriptional regulator
FLDCORE|GCF_014287995.1|NZ_JACOPL010000011.1|5460-9866|-|WP_107630945.1,WP_054327915.1,WP_054327916.1,WP_147574565.1	C32_EXCLUDED_Agathobaculum_faecis_GCF_014287995.1	GCF_014287995.1	Agathobaculum faecis	Had_Lineage	-	8	no	Other	WP_256435212.1	591	725	+		hypothetical protein
FLDCORE|GCF_014287995.1|NZ_JACOPL010000011.1|5460-9866|-|WP_107630945.1,WP_054327915.1,WP_054327916.1,WP_147574565.1	C32_EXCLUDED_Agathobaculum_faecis_GCF_014287995.1	GCF_014287995.1	Agathobaculum faecis	Had_Lineage	-	7	no	Other	WP_054327922.1	727	2199	+		recombinase family protein
FLDCORE|GCF_014287995.1|NZ_JACOPL010000011.1|5460-9866|-|WP_107630945.1,WP_054327915.1,WP_054327916.1,WP_147574565.1	C32_EXCLUDED_Agathobaculum_faecis_GCF_014287995.1	GCF_014287995.1	Agathobaculum faecis	Had_Lineage	-	6	no	AcdA	WP_054327921.1	2292	3434	-	PF00441;PF02770;PF02771	acyl-CoA dehydrogenase
FLDCORE|GCF_014287995.1|NZ_JACOPL010000011.1|5460-9866|-|WP_107630945.1,WP_054327915.1,WP_054327916.1,WP_147574565.1	C32_EXCLUDED_Agathobaculum_faecis_GCF_014287995.1	GCF_014287995.1	Agathobaculum faecis	Had_Lineage	-	5	no	EtfA	WP_054327920.1	3594	4598	-	PF00766;PF01012	electron transfer flavoprotein subunit alpha/FixB family protein
FLDCORE|GCF_014287995.1|NZ_JACOPL010000011.1|5460-9866|-|WP_107630945.1,WP_054327915.1,WP_054327916.1,WP_147574565.1	C32_EXCLUDED_Agathobaculum_faecis_GCF_014287995.1	GCF_014287995.1	Agathobaculum faecis	Had_Lineage	-	4	no	EtfB	WP_054327919.1	4615	5418	-	PF01012	electron transfer flavoprotein subunit beta/FixA family protein
FLDCORE|GCF_014287995.1|NZ_JACOPL010000011.1|5460-9866|-|WP_107630945.1,WP_054327915.1,WP_054327916.1,WP_147574565.1	C32_EXCLUDED_Agathobaculum_faecis_GCF_014287995.1	GCF_014287995.1	Agathobaculum faecis	Had_Lineage	-	3	yes	FldC	WP_147574565.1	5460	6584	-	PF06050	2-hydroxyacyl-CoA dehydratase subunit D
FLDCORE|GCF_014287995.1|NZ_JACOPL010000011.1|5460-9866|-|WP_107630945.1,WP_054327915.1,WP_054327916.1,WP_147574565.1	C32_EXCLUDED_Agathobaculum_faecis_GCF_014287995.1	GCF_014287995.1	Agathobaculum faecis	Had_Lineage	-	2	yes	FldB	WP_054327916.1	6584	7861	-	PF06050	2-hydroxyacyl-CoA dehydratase subunit D
FLDCORE|GCF_014287995.1|NZ_JACOPL010000011.1|5460-9866|-|WP_107630945.1,WP_054327915.1,WP_054327916.1,WP_147574565.1	C32_EXCLUDED_Agathobaculum_faecis_GCF_014287995.1	GCF_014287995.1	Agathobaculum faecis	Had_Lineage	-	1	yes	FldI	WP_054327915.1	7900	8679	-	PF01869	acyl-CoA dehydratase activase
FLDCORE|GCF_014287995.1|NZ_JACOPL010000011.1|5460-9866|-|WP_107630945.1,WP_054327915.1,WP_054327916.1,WP_147574565.1	C32_EXCLUDED_Agathobaculum_faecis_GCF_014287995.1	GCF_014287995.1	Agathobaculum faecis	Had_Lineage	-	0	yes	FldA	WP_107630945.1	8679	9866	-	PF02515	CaiB/BaiF CoA transferase family protein
FLDCORE|GCF_014287995.1|NZ_JACOPL010000011.1|5460-9866|-|WP_107630945.1,WP_054327915.1,WP_054327916.1,WP_147574565.1	C32_EXCLUDED_Agathobaculum_faecis_GCF_014287995.1	GCF_014287995.1	Agathobaculum faecis	Had_Lineage	-	-1	no	Other	WP_054327912.1	9900	10676	-		enoyl-CoA hydratase/isomerase family protein
FLDCORE|GCF_014287995.1|NZ_JACOPL010000011.1|5460-9866|-|WP_107630945.1,WP_054327915.1,WP_054327916.1,WP_147574565.1	C32_EXCLUDED_Agathobaculum_faecis_GCF_014287995.1	GCF_014287995.1	Agathobaculum faecis	Had_Lineage	-	-2	no	AcdA	WP_186950118.1	10788	11930	-	PF00441;PF02770;PF02771	acyl-CoA dehydrogenase family protein
FLDCORE|GCF_014287995.1|NZ_JACOPL010000011.1|5460-9866|-|WP_107630945.1,WP_054327915.1,WP_054327916.1,WP_147574565.1	C32_EXCLUDED_Agathobaculum_faecis_GCF_014287995.1	GCF_014287995.1	Agathobaculum faecis	Had_Lineage	-	-3	no	Other	WP_159068071.1	12020	13294	-		SLC13 family permease
FLDCORE|GCF_014287995.1|NZ_JACOPL010000011.1|5460-9866|-|WP_107630945.1,WP_054327915.1,WP_054327916.1,WP_147574565.1	C32_EXCLUDED_Agathobaculum_faecis_GCF_014287995.1	GCF_014287995.1	Agathobaculum faecis	Had_Lineage	-	-4	no	Other	WP_107630943.1	13880	15214	+		SLC13 family permease
FLDCORE|GCF_014287995.1|NZ_JACOPL010000011.1|5460-9866|-|WP_107630945.1,WP_054327915.1,WP_054327916.1,WP_147574565.1	C32_EXCLUDED_Agathobaculum_faecis_GCF_014287995.1	GCF_014287995.1	Agathobaculum faecis	Had_Lineage	-	-5	no	Other	WP_107630942.1	15328	16221	-		LysR family transcriptional regulator
FLDCORE|GCF_014287995.1|NZ_JACOPL010000011.1|5460-9866|-|WP_107630945.1,WP_054327915.1,WP_054327916.1,WP_147574565.1	C32_EXCLUDED_Agathobaculum_faecis_GCF_014287995.1	GCF_014287995.1	Agathobaculum faecis	Had_Lineage	-	-6	no	Other	WP_107630941.1	16389	16646	-		spore coat protein CotJB
FLDCORE|GCF_014287995.1|NZ_JACOPL010000011.1|5460-9866|-|WP_107630945.1,WP_054327915.1,WP_054327916.1,WP_147574565.1	C32_EXCLUDED_Agathobaculum_faecis_GCF_014287995.1	GCF_014287995.1	Agathobaculum faecis	Had_Lineage	-	-7	no	Other	WP_054327907.1	16643	16840	-		spore coat associated protein CotJA
FLDCORE|GCF_014287995.1|NZ_JACOPL010000011.1|5460-9866|-|WP_107630945.1,WP_054327915.1,WP_054327916.1,WP_147574565.1	C32_EXCLUDED_Agathobaculum_faecis_GCF_014287995.1	GCF_014287995.1	Agathobaculum faecis	Had_Lineage	-	-8	no	Other	WP_107630940.1	16967	17527	+		TIGR01440 family protein
FLDCORE|GCF_014287995.1|NZ_JACOPL010000011.1|5460-9866|-|WP_107630945.1,WP_054327915.1,WP_054327916.1,WP_147574565.1	C32_EXCLUDED_Agathobaculum_faecis_GCF_014287995.1	GCF_014287995.1	Agathobaculum faecis	Had_Lineage	-	-9	no	Other	WP_054327905.1	17535	18239	+		HAD family hydrolase
FLDCORE|GCF_014287995.1|NZ_JACOPL010000011.1|5460-9866|-|WP_107630945.1,WP_054327915.1,WP_054327916.1,WP_147574565.1	C32_EXCLUDED_Agathobaculum_faecis_GCF_014287995.1	GCF_014287995.1	Agathobaculum faecis	Had_Lineage	-	-10	no	Other	WP_054327904.1	18254	18511	+		TIGR03905 family TSCPD domain-containing protein
FLDCORE|GCF_014982745.1|NZ_JADCKA010000011.1|5207-9626|-|WP_226385552.1,WP_264175483.1,WP_226385551.1,WP_226385550.1	C33_HIGH_CONF_Gallibacter_intestinalis_GCF_014982745.1	GCF_014982745.1	Gallibacter intestinalis	Fld_Lineage	-	8	no	Other	WP_226385405.1	10	90	+		transposase
FLDCORE|GCF_014982745.1|NZ_JADCKA010000011.1|5207-9626|-|WP_226385552.1,WP_264175483.1,WP_226385551.1,WP_226385550.1	C33_HIGH_CONF_Gallibacter_intestinalis_GCF_014982745.1	GCF_014982745.1	Gallibacter intestinalis	Fld_Lineage	-	7	no	Other	WP_226385546.1	302	1489	-		pyridoxal phosphate-dependent aminotransferase
FLDCORE|GCF_014982745.1|NZ_JADCKA010000011.1|5207-9626|-|WP_226385552.1,WP_264175483.1,WP_226385551.1,WP_226385550.1	C33_HIGH_CONF_Gallibacter_intestinalis_GCF_014982745.1	GCF_014982745.1	Gallibacter intestinalis	Fld_Lineage	-	6	no	Other	WP_226385547.1	1591	2979	-		branched-chain amino acid transport system II carrier protein
FLDCORE|GCF_014982745.1|NZ_JADCKA010000011.1|5207-9626|-|WP_226385552.1,WP_264175483.1,WP_226385551.1,WP_226385550.1	C33_HIGH_CONF_Gallibacter_intestinalis_GCF_014982745.1	GCF_014982745.1	Gallibacter intestinalis	Fld_Lineage	-	5	no	FldH	WP_226385548.1	3031	4014	-	PF00389;PF02826	2-hydroxyacid dehydrogenase
FLDCORE|GCF_014982745.1|NZ_JADCKA010000011.1|5207-9626|-|WP_226385552.1,WP_264175483.1,WP_226385551.1,WP_226385550.1	C33_HIGH_CONF_Gallibacter_intestinalis_GCF_014982745.1	GCF_014982745.1	Gallibacter intestinalis	Fld_Lineage	-	4	no	AcdA	WP_226385549.1	4049	5182	-	PF00441;PF02770;PF02771	acyl-CoA dehydrogenase family protein
FLDCORE|GCF_014982745.1|NZ_JADCKA010000011.1|5207-9626|-|WP_226385552.1,WP_264175483.1,WP_226385551.1,WP_226385550.1	C33_HIGH_CONF_Gallibacter_intestinalis_GCF_014982745.1	GCF_014982745.1	Gallibacter intestinalis	Fld_Lineage	-	3	yes	FldC	WP_226385550.1	5207	6328	-	PF06050	2-hydroxyacyl-CoA dehydratase subunit D
FLDCORE|GCF_014982745.1|NZ_JADCKA010000011.1|5207-9626|-|WP_226385552.1,WP_264175483.1,WP_226385551.1,WP_226385550.1	C33_HIGH_CONF_Gallibacter_intestinalis_GCF_014982745.1	GCF_014982745.1	Gallibacter intestinalis	Fld_Lineage	-	2	yes	FldB	WP_226385551.1	6332	7558	-	PF06050	2-hydroxyacyl-CoA dehydratase subunit D
FLDCORE|GCF_014982745.1|NZ_JADCKA010000011.1|5207-9626|-|WP_226385552.1,WP_264175483.1,WP_226385551.1,WP_226385550.1	C33_HIGH_CONF_Gallibacter_intestinalis_GCF_014982745.1	GCF_014982745.1	Gallibacter intestinalis	Fld_Lineage	-	1	yes	FldI	WP_264175483.1	7572	8360	-	PF01869	acyl-CoA dehydratase activase
FLDCORE|GCF_014982745.1|NZ_JADCKA010000011.1|5207-9626|-|WP_226385552.1,WP_264175483.1,WP_226385551.1,WP_226385550.1	C33_HIGH_CONF_Gallibacter_intestinalis_GCF_014982745.1	GCF_014982745.1	Gallibacter intestinalis	Fld_Lineage	-	0	yes	FldA	WP_226385552.1	8376	9626	-	PF02515	CaiB/BaiF CoA transferase family protein
FLDCORE|GCF_014982745.1|NZ_JADCKA010000011.1|5207-9626|-|WP_226385552.1,WP_264175483.1,WP_226385551.1,WP_226385550.1	C33_HIGH_CONF_Gallibacter_intestinalis_GCF_014982745.1	GCF_014982745.1	Gallibacter intestinalis	Fld_Lineage	-	-1	no	Other	WP_226385553.1	9737	11317	-		class I adenylate-forming enzyme family protein
FLDCORE|GCF_014982745.1|NZ_JADCKA010000011.1|5207-9626|-|WP_226385552.1,WP_264175483.1,WP_226385551.1,WP_226385550.1	C33_HIGH_CONF_Gallibacter_intestinalis_GCF_014982745.1	GCF_014982745.1	Gallibacter intestinalis	Fld_Lineage	-	-2	no	Other	WP_226385554.1	11442	12104	-		GntR family transcriptional regulator
FLDCORE|GCF_014982745.1|NZ_JADCKA010000011.1|5207-9626|-|WP_226385552.1,WP_264175483.1,WP_226385551.1,WP_226385550.1	C33_HIGH_CONF_Gallibacter_intestinalis_GCF_014982745.1	GCF_014982745.1	Gallibacter intestinalis	Fld_Lineage	-	-3	no	Other	WP_226385555.1	12172	13071	-		DUF3089 domain-containing protein
FLDCORE|GCF_014982745.1|NZ_JADCKA010000011.1|5207-9626|-|WP_226385552.1,WP_264175483.1,WP_226385551.1,WP_226385550.1	C33_HIGH_CONF_Gallibacter_intestinalis_GCF_014982745.1	GCF_014982745.1	Gallibacter intestinalis	Fld_Lineage	-	-4	no	Other	WP_226385556.1	13238	14230	+		aspartate-semialdehyde dehydrogenase
FLDCORE|GCF_014982745.1|NZ_JADCKA010000011.1|5207-9626|-|WP_226385552.1,WP_264175483.1,WP_226385551.1,WP_226385550.1	C33_HIGH_CONF_Gallibacter_intestinalis_GCF_014982745.1	GCF_014982745.1	Gallibacter intestinalis	Fld_Lineage	-	-5	no	Other	WP_449757714.1	14386	14748	+		TnpV protein
FLDCORE|GCF_014982745.1|NZ_JADCKA010000011.1|5207-9626|-|WP_226385552.1,WP_264175483.1,WP_226385551.1,WP_226385550.1	C33_HIGH_CONF_Gallibacter_intestinalis_GCF_014982745.1	GCF_014982745.1	Gallibacter intestinalis	Fld_Lineage	-	-6	no	Other	WP_226385557.1	15090	16799	+		hypothetical protein
FLDCORE|GCF_014982745.1|NZ_JADCKA010000011.1|5207-9626|-|WP_226385552.1,WP_264175483.1,WP_226385551.1,WP_226385550.1	C33_HIGH_CONF_Gallibacter_intestinalis_GCF_014982745.1	GCF_014982745.1	Gallibacter intestinalis	Fld_Lineage	-	-7	no	Other		17026	17927	+		transposase-like zinc-binding domain-containing protein
FLDCORE|GCF_014982745.1|NZ_JADCKA010000011.1|5207-9626|-|WP_226385552.1,WP_264175483.1,WP_226385551.1,WP_226385550.1	C33_HIGH_CONF_Gallibacter_intestinalis_GCF_014982745.1	GCF_014982745.1	Gallibacter intestinalis	Fld_Lineage	-	-8	no	Other	WP_226385558.1	18188	18364	-		50S ribosomal protein L32
FLDCORE|GCF_014982745.1|NZ_JADCKA010000011.1|5207-9626|-|WP_226385552.1,WP_264175483.1,WP_226385551.1,WP_226385550.1	C33_HIGH_CONF_Gallibacter_intestinalis_GCF_014982745.1	GCF_014982745.1	Gallibacter intestinalis	Fld_Lineage	-	-9	no	Other	WP_226385559.1	18454	19659	-		acetate/propionate family kinase
FLDCORE|GCF_014982745.1|NZ_JADCKA010000011.1|5207-9626|-|WP_226385552.1,WP_264175483.1,WP_226385551.1,WP_226385550.1	C33_HIGH_CONF_Gallibacter_intestinalis_GCF_014982745.1	GCF_014982745.1	Gallibacter intestinalis	Fld_Lineage	-	-10	no	Other	WP_226385560.1	19866	21056	-		threonine ammonia-lyase
FLDCORE|GCF_015352425.1|NZ_JADKNH010000012.1|131774-136320|+|WP_194703291.1,WP_194703292.1,WP_194703293.1,WP_194703294.1	C34_EXCLUDED_Fusibacter_ferrireducens_GCF_015352425.1	GCF_015352425.1	Fusibacter ferrireducens	Had_Lineage	+	-10	no	Other	WP_194703281.1	119852	121459	+		xylulokinase
FLDCORE|GCF_015352425.1|NZ_JADKNH010000012.1|131774-136320|+|WP_194703291.1,WP_194703292.1,WP_194703293.1,WP_194703294.1	C34_EXCLUDED_Fusibacter_ferrireducens_GCF_015352425.1	GCF_015352425.1	Fusibacter ferrireducens	Had_Lineage	+	-9	no	Other	WP_194703282.1	121537	122613	+		GntR family transcriptional regulator
FLDCORE|GCF_015352425.1|NZ_JADKNH010000012.1|131774-136320|+|WP_194703291.1,WP_194703292.1,WP_194703293.1,WP_194703294.1	C34_EXCLUDED_Fusibacter_ferrireducens_GCF_015352425.1	GCF_015352425.1	Fusibacter ferrireducens	Had_Lineage	+	-8	no	Other	WP_194703283.1	122771	124249	+		L-arabinose isomerase
FLDCORE|GCF_015352425.1|NZ_JADKNH010000012.1|131774-136320|+|WP_194703291.1,WP_194703292.1,WP_194703293.1,WP_194703294.1	C34_EXCLUDED_Fusibacter_ferrireducens_GCF_015352425.1	GCF_015352425.1	Fusibacter ferrireducens	Had_Lineage	+	-7	no	Other	WP_194703284.1	124254	124949	+		L-ribulose-5-phosphate 4-epimerase
FLDCORE|GCF_015352425.1|NZ_JADKNH010000012.1|131774-136320|+|WP_194703291.1,WP_194703292.1,WP_194703293.1,WP_194703294.1	C34_EXCLUDED_Fusibacter_ferrireducens_GCF_015352425.1	GCF_015352425.1	Fusibacter ferrireducens	Had_Lineage	+	-6	no	Other	WP_194703285.1	125349	125879	+		energy-coupled thiamine transporter ThiT
FLDCORE|GCF_015352425.1|NZ_JADKNH010000012.1|131774-136320|+|WP_194703291.1,WP_194703292.1,WP_194703293.1,WP_194703294.1	C34_EXCLUDED_Fusibacter_ferrireducens_GCF_015352425.1	GCF_015352425.1	Fusibacter ferrireducens	Had_Lineage	+	-5	no	Other	WP_194703286.1	126053	127246	-		thiolase family protein
FLDCORE|GCF_015352425.1|NZ_JADKNH010000012.1|131774-136320|+|WP_194703291.1,WP_194703292.1,WP_194703293.1,WP_194703294.1	C34_EXCLUDED_Fusibacter_ferrireducens_GCF_015352425.1	GCF_015352425.1	Fusibacter ferrireducens	Had_Lineage	+	-4	no	Other	WP_194703287.1	127300	128034	-		SDR family NAD(P)-dependent oxidoreductase
FLDCORE|GCF_015352425.1|NZ_JADKNH010000012.1|131774-136320|+|WP_194703291.1,WP_194703292.1,WP_194703293.1,WP_194703294.1	C34_EXCLUDED_Fusibacter_ferrireducens_GCF_015352425.1	GCF_015352425.1	Fusibacter ferrireducens	Had_Lineage	+	-3	no	Other	WP_194703288.1	128271	129176	+		LysR family transcriptional regulator
FLDCORE|GCF_015352425.1|NZ_JADKNH010000012.1|131774-136320|+|WP_194703291.1,WP_194703292.1,WP_194703293.1,WP_194703294.1	C34_EXCLUDED_Fusibacter_ferrireducens_GCF_015352425.1	GCF_015352425.1	Fusibacter ferrireducens	Had_Lineage	+	-2	no	Other	WP_207736411.1	129466	130857	-		hypothetical protein
FLDCORE|GCF_015352425.1|NZ_JADKNH010000012.1|131774-136320|+|WP_194703291.1,WP_194703292.1,WP_194703293.1,WP_194703294.1	C34_EXCLUDED_Fusibacter_ferrireducens_GCF_015352425.1	GCF_015352425.1	Fusibacter ferrireducens	Had_Lineage	+	-1	no	Other	WP_194703290.1	131217	131696	+		MaoC/PaaZ C-terminal domain-containing protein
FLDCORE|GCF_015352425.1|NZ_JADKNH010000012.1|131774-136320|+|WP_194703291.1,WP_194703292.1,WP_194703293.1,WP_194703294.1	C34_EXCLUDED_Fusibacter_ferrireducens_GCF_015352425.1	GCF_015352425.1	Fusibacter ferrireducens	Had_Lineage	+	0	yes	FldA	WP_194703291.1	131774	132961	+	PF02515	CaiB/BaiF CoA transferase family protein
FLDCORE|GCF_015352425.1|NZ_JADKNH010000012.1|131774-136320|+|WP_194703291.1,WP_194703292.1,WP_194703293.1,WP_194703294.1	C34_EXCLUDED_Fusibacter_ferrireducens_GCF_015352425.1	GCF_015352425.1	Fusibacter ferrireducens	Had_Lineage	+	1	yes	FldI	WP_194703292.1	133004	133783	+	PF01869	acyl-CoA dehydratase activase
FLDCORE|GCF_015352425.1|NZ_JADKNH010000012.1|131774-136320|+|WP_194703291.1,WP_194703292.1,WP_194703293.1,WP_194703294.1	C34_EXCLUDED_Fusibacter_ferrireducens_GCF_015352425.1	GCF_015352425.1	Fusibacter ferrireducens	Had_Lineage	+	2	yes	FldB	WP_194703293.1	133913	135181	+	PF06050	2-hydroxyacyl-CoA dehydratase subunit D
FLDCORE|GCF_015352425.1|NZ_JADKNH010000012.1|131774-136320|+|WP_194703291.1,WP_194703292.1,WP_194703293.1,WP_194703294.1	C34_EXCLUDED_Fusibacter_ferrireducens_GCF_015352425.1	GCF_015352425.1	Fusibacter ferrireducens	Had_Lineage	+	3	yes	FldC	WP_194703294.1	135181	136320	+	PF06050	2-hydroxyacyl-CoA dehydratase subunit D
FLDCORE|GCF_015352425.1|NZ_JADKNH010000012.1|131774-136320|+|WP_194703291.1,WP_194703292.1,WP_194703293.1,WP_194703294.1	C34_EXCLUDED_Fusibacter_ferrireducens_GCF_015352425.1	GCF_015352425.1	Fusibacter ferrireducens	Had_Lineage	+	4	no	Other	WP_194703295.1	136340	137731	+		Na+/H+ antiporter NhaC
FLDCORE|GCF_015352425.1|NZ_JADKNH010000012.1|131774-136320|+|WP_194703291.1,WP_194703292.1,WP_194703293.1,WP_194703294.1	C34_EXCLUDED_Fusibacter_ferrireducens_GCF_015352425.1	GCF_015352425.1	Fusibacter ferrireducens	Had_Lineage	+	5	no	Other	WP_194703296.1	137754	138947	+		aminotransferase-like domain-containing protein
FLDCORE|GCF_015352425.1|NZ_JADKNH010000012.1|131774-136320|+|WP_194703291.1,WP_194703292.1,WP_194703293.1,WP_194703294.1	C34_EXCLUDED_Fusibacter_ferrireducens_GCF_015352425.1	GCF_015352425.1	Fusibacter ferrireducens	Had_Lineage	+	6	no	FldH	WP_194703297.1	138971	139924	+	PF00389;PF02826	hydroxyacid dehydrogenase
FLDCORE|GCF_015352425.1|NZ_JADKNH010000012.1|131774-136320|+|WP_194703291.1,WP_194703292.1,WP_194703293.1,WP_194703294.1	C34_EXCLUDED_Fusibacter_ferrireducens_GCF_015352425.1	GCF_015352425.1	Fusibacter ferrireducens	Had_Lineage	+	7	no	Other	WP_194703298.1	140094	141572	-		xylulokinase
FLDCORE|GCF_015352425.1|NZ_JADKNH010000012.1|131774-136320|+|WP_194703291.1,WP_194703292.1,WP_194703293.1,WP_194703294.1	C34_EXCLUDED_Fusibacter_ferrireducens_GCF_015352425.1	GCF_015352425.1	Fusibacter ferrireducens	Had_Lineage	+	8	no	Other	WP_194703299.1	141617	142930	-		xylose isomerase
FLDCORE|GCF_015352425.1|NZ_JADKNH010000012.1|131774-136320|+|WP_194703291.1,WP_194703292.1,WP_194703293.1,WP_194703294.1	C34_EXCLUDED_Fusibacter_ferrireducens_GCF_015352425.1	GCF_015352425.1	Fusibacter ferrireducens	Had_Lineage	+	9	no	Other	WP_194703300.1	143010	143921	-		helix-turn-helix transcriptional regulator
FLDCORE|GCF_015352425.1|NZ_JADKNH010000012.1|131774-136320|+|WP_194703291.1,WP_194703292.1,WP_194703293.1,WP_194703294.1	C34_EXCLUDED_Fusibacter_ferrireducens_GCF_015352425.1	GCF_015352425.1	Fusibacter ferrireducens	Had_Lineage	+	10	no	Other	WP_194703301.1	144192	145211	+		sugar ABC transporter substrate-binding protein
FLDCORE|GCF_015352425.1|NZ_JADKNH010000012.1|131774-136320|+|WP_194703291.1,WP_194703292.1,WP_194703293.1,WP_194703294.1	C34_EXCLUDED_Fusibacter_ferrireducens_GCF_015352425.1	GCF_015352425.1	Fusibacter ferrireducens	Had_Lineage	+	11	no	Other	WP_194703302.1	145208	146734	+		sensor histidine kinase
FLDCORE|GCF_015352425.1|NZ_JADKNH010000012.1|131774-136320|+|WP_194703291.1,WP_194703292.1,WP_194703293.1,WP_194703294.1	C34_EXCLUDED_Fusibacter_ferrireducens_GCF_015352425.1	GCF_015352425.1	Fusibacter ferrireducens	Had_Lineage	+	12	no	Other	WP_194703303.1	146727	148286	+		response regulator
FLDCORE|GCF_015352425.1|NZ_JADKNH010000012.1|131774-136320|+|WP_194703291.1,WP_194703292.1,WP_194703293.1,WP_194703294.1	C34_EXCLUDED_Fusibacter_ferrireducens_GCF_015352425.1	GCF_015352425.1	Fusibacter ferrireducens	Had_Lineage	+	13	no	Other	WP_194703304.1	148321	149376	+		substrate-binding domain-containing protein
FLDCORE|GCF_017873185.1|NZ_JAGGJX010000001.1|958734-963137|-|WP_209456044.1,WP_209456043.1,WP_027701646.1,WP_209456042.1	C35_EXCLUDED_Metaclostridioides_mangen_GCF_017873185.1	GCF_017873185.1	Metaclostridioides mangenotii	Had_Lineage	-	13	no	Other	WP_209456034.1	944020	945036	-		alpha-hydroxy-acid oxidizing protein
FLDCORE|GCF_017873185.1|NZ_JAGGJX010000001.1|958734-963137|-|WP_209456044.1,WP_209456043.1,WP_027701646.1,WP_209456042.1	C35_EXCLUDED_Metaclostridioides_mangen_GCF_017873185.1	GCF_017873185.1	Metaclostridioides mangenotii	Had_Lineage	-	12	no	Other	WP_209456035.1	945092	945862	-		ribonuclease HII
FLDCORE|GCF_017873185.1|NZ_JAGGJX010000001.1|958734-963137|-|WP_209456044.1,WP_209456043.1,WP_027701646.1,WP_209456042.1	C35_EXCLUDED_Metaclostridioides_mangen_GCF_017873185.1	GCF_017873185.1	Metaclostridioides mangenotii	Had_Lineage	-	11	no	Other	WP_209456036.1	945922	948093	-		adenosylcobalamin-dependent ribonucleoside-diphosphate reductase
FLDCORE|GCF_017873185.1|NZ_JAGGJX010000001.1|958734-963137|-|WP_209456044.1,WP_209456043.1,WP_027701646.1,WP_209456042.1	C35_EXCLUDED_Metaclostridioides_mangen_GCF_017873185.1	GCF_017873185.1	Metaclostridioides mangenotii	Had_Lineage	-	10	no	Other	WP_209456037.1	948342	949631	-		branched-chain amino acid transport system II carrier protein
FLDCORE|GCF_017873185.1|NZ_JAGGJX010000001.1|958734-963137|-|WP_209456044.1,WP_209456043.1,WP_027701646.1,WP_209456042.1	C35_EXCLUDED_Metaclostridioides_mangen_GCF_017873185.1	GCF_017873185.1	Metaclostridioides mangenotii	Had_Lineage	-	9	no	Other	WP_209456038.1	950305	951594	-		branched-chain amino acid transport system II carrier protein
FLDCORE|GCF_017873185.1|NZ_JAGGJX010000001.1|958734-963137|-|WP_209456044.1,WP_209456043.1,WP_027701646.1,WP_209456042.1	C35_EXCLUDED_Metaclostridioides_mangen_GCF_017873185.1	GCF_017873185.1	Metaclostridioides mangenotii	Had_Lineage	-	8	no	Other	WP_209456039.1	951988	953280	-		branched-chain amino acid transport system II carrier protein
FLDCORE|GCF_017873185.1|NZ_JAGGJX010000001.1|958734-963137|-|WP_209456044.1,WP_209456043.1,WP_027701646.1,WP_209456042.1	C35_EXCLUDED_Metaclostridioides_mangen_GCF_017873185.1	GCF_017873185.1	Metaclostridioides mangenotii	Had_Lineage	-	7	no	Other	WP_209456040.1	953592	955223	-		sigma-54 interaction domain-containing protein
FLDCORE|GCF_017873185.1|NZ_JAGGJX010000001.1|958734-963137|-|WP_209456044.1,WP_209456043.1,WP_027701646.1,WP_209456042.1	C35_EXCLUDED_Metaclostridioides_mangen_GCF_017873185.1	GCF_017873185.1	Metaclostridioides mangenotii	Had_Lineage	-	6	no	EtfA	WP_209456380.1	955553	956593	-	PF00766;PF01012	electron transfer flavoprotein subunit alpha/FixB family protein
FLDCORE|GCF_017873185.1|NZ_JAGGJX010000001.1|958734-963137|-|WP_209456044.1,WP_209456043.1,WP_027701646.1,WP_209456042.1	C35_EXCLUDED_Metaclostridioides_mangen_GCF_017873185.1	GCF_017873185.1	Metaclostridioides mangenotii	Had_Lineage	-	5	no	EtfB	WP_024622056.1	956619	957404	-	PF01012	electron transfer flavoprotein subunit beta
FLDCORE|GCF_017873185.1|NZ_JAGGJX010000001.1|958734-963137|-|WP_209456044.1,WP_209456043.1,WP_027701646.1,WP_209456042.1	C35_EXCLUDED_Metaclostridioides_mangen_GCF_017873185.1	GCF_017873185.1	Metaclostridioides mangenotii	Had_Lineage	-	4	no	AcdA	WP_209456041.1	957453	958586	-	PF00441;PF02770;PF02771	putative isocaproyl-CoA dehydrogenase AcdB
FLDCORE|GCF_017873185.1|NZ_JAGGJX010000001.1|958734-963137|-|WP_209456044.1,WP_209456043.1,WP_027701646.1,WP_209456042.1	C35_EXCLUDED_Metaclostridioides_mangen_GCF_017873185.1	GCF_017873185.1	Metaclostridioides mangenotii	Had_Lineage	-	3	yes	FldC	WP_209456042.1	958734	959861	-	PF06050	(R)-2-hydroxyisocaproyl-CoA dehydratase subunit beta
FLDCORE|GCF_017873185.1|NZ_JAGGJX010000001.1|958734-963137|-|WP_209456044.1,WP_209456043.1,WP_027701646.1,WP_209456042.1	C35_EXCLUDED_Metaclostridioides_mangen_GCF_017873185.1	GCF_017873185.1	Metaclostridioides mangenotii	Had_Lineage	-	2	yes	FldB	WP_027701646.1	959861	961087	-	PF06050	(R)-2-hydroxyisocaproyl-CoA dehydratase subunit alpha
FLDCORE|GCF_017873185.1|NZ_JAGGJX010000001.1|958734-963137|-|WP_209456044.1,WP_209456043.1,WP_027701646.1,WP_209456042.1	C35_EXCLUDED_Metaclostridioides_mangen_GCF_017873185.1	GCF_017873185.1	Metaclostridioides mangenotii	Had_Lineage	-	1	yes	FldI	WP_209456043.1	961106	961882	-	PF01869	acyl-CoA dehydratase activase
FLDCORE|GCF_017873185.1|NZ_JAGGJX010000001.1|958734-963137|-|WP_209456044.1,WP_209456043.1,WP_027701646.1,WP_209456042.1	C35_EXCLUDED_Metaclostridioides_mangen_GCF_017873185.1	GCF_017873185.1	Metaclostridioides mangenotii	Had_Lineage	-	0	yes	FldA	WP_209456044.1	961905	963137	-	PF02515	CaiB/BaiF CoA transferase family protein
FLDCORE|GCF_017873185.1|NZ_JAGGJX010000001.1|958734-963137|-|WP_209456044.1,WP_209456043.1,WP_027701646.1,WP_209456042.1	C35_EXCLUDED_Metaclostridioides_mangen_GCF_017873185.1	GCF_017873185.1	Metaclostridioides mangenotii	Had_Lineage	-	-1	no	FldH	WP_209456045.1	963738	964757	+	PF00389;PF02826	D-2-hydroxyacid dehydrogenase
FLDCORE|GCF_017873185.1|NZ_JAGGJX010000001.1|958734-963137|-|WP_209456044.1,WP_209456043.1,WP_027701646.1,WP_209456042.1	C35_EXCLUDED_Metaclostridioides_mangen_GCF_017873185.1	GCF_017873185.1	Metaclostridioides mangenotii	Had_Lineage	-	-2	no	Other	WP_209456046.1	964936	966246	-		branched-chain amino acid transport system II carrier protein
FLDCORE|GCF_017873185.1|NZ_JAGGJX010000001.1|958734-963137|-|WP_209456044.1,WP_209456043.1,WP_027701646.1,WP_209456042.1	C35_EXCLUDED_Metaclostridioides_mangen_GCF_017873185.1	GCF_017873185.1	Metaclostridioides mangenotii	Had_Lineage	-	-3	no	Other	WP_209456047.1	966617	967516	-		ribosome biogenesis GTPase YlqF
FLDCORE|GCF_017873185.1|NZ_JAGGJX010000001.1|958734-963137|-|WP_209456044.1,WP_209456043.1,WP_027701646.1,WP_209456042.1	C35_EXCLUDED_Metaclostridioides_mangen_GCF_017873185.1	GCF_017873185.1	Metaclostridioides mangenotii	Had_Lineage	-	-4	no	Other	WP_209456048.1	967674	968021	-		50S ribosomal protein L19
FLDCORE|GCF_017873185.1|NZ_JAGGJX010000001.1|958734-963137|-|WP_209456044.1,WP_209456043.1,WP_027701646.1,WP_209456042.1	C35_EXCLUDED_Metaclostridioides_mangen_GCF_017873185.1	GCF_017873185.1	Metaclostridioides mangenotii	Had_Lineage	-	-5	no	Other	WP_209456049.1	968212	968907	-		tRNA (guanosine(37)-N1)-methyltransferase TrmD
FLDCORE|GCF_017873185.1|NZ_JAGGJX010000001.1|958734-963137|-|WP_209456044.1,WP_209456043.1,WP_027701646.1,WP_209456042.1	C35_EXCLUDED_Metaclostridioides_mangen_GCF_017873185.1	GCF_017873185.1	Metaclostridioides mangenotii	Had_Lineage	-	-6	no	Other	WP_209456050.1	968916	969428	-		ribosome maturation factor RimM
FLDCORE|GCF_017873185.1|NZ_JAGGJX010000001.1|958734-963137|-|WP_209456044.1,WP_209456043.1,WP_027701646.1,WP_209456042.1	C35_EXCLUDED_Metaclostridioides_mangen_GCF_017873185.1	GCF_017873185.1	Metaclostridioides mangenotii	Had_Lineage	-	-7	no	Other	WP_027701637.1	969526	969753	-		KH domain-containing protein
FLDCORE|GCF_017873185.1|NZ_JAGGJX010000001.1|958734-963137|-|WP_209456044.1,WP_209456043.1,WP_027701646.1,WP_209456042.1	C35_EXCLUDED_Metaclostridioides_mangen_GCF_017873185.1	GCF_017873185.1	Metaclostridioides mangenotii	Had_Lineage	-	-8	no	Other	WP_024620788.1	969783	970046	-		30S ribosomal protein S16
FLDCORE|GCF_017873185.1|NZ_JAGGJX010000001.1|958734-963137|-|WP_209456044.1,WP_209456043.1,WP_027701646.1,WP_209456042.1	C35_EXCLUDED_Metaclostridioides_mangen_GCF_017873185.1	GCF_017873185.1	Metaclostridioides mangenotii	Had_Lineage	-	-9	no	Other	WP_209456051.1	970082	971434	-		signal recognition particle protein
FLDCORE|GCF_017873185.1|NZ_JAGGJX010000001.1|958734-963137|-|WP_209456044.1,WP_209456043.1,WP_027701646.1,WP_209456042.1	C35_EXCLUDED_Metaclostridioides_mangen_GCF_017873185.1	GCF_017873185.1	Metaclostridioides mangenotii	Had_Lineage	-	-10	no	Other	WP_209456052.1	971431	971799	-		YlxM family DNA-binding protein
FLDCORE|GCF_017874285.1|NZ_JAGGLE010000001.1|233735-238224|-|WP_185623495.1,WP_207719491.1,WP_185623496.1,WP_185623497.1	C36_HIGH_CONF_Peptostreptococcus_canis_GCF_017874285.1	GCF_017874285.1	Peptostreptococcus canis	Fld_Lineage	-	13	no	Other	WP_185623507.1	222394	222975	-		nitroreductase family protein
FLDCORE|GCF_017874285.1|NZ_JAGGLE010000001.1|233735-238224|-|WP_185623495.1,WP_207719491.1,WP_185623496.1,WP_185623497.1	C36_HIGH_CONF_Peptostreptococcus_canis_GCF_017874285.1	GCF_017874285.1	Peptostreptococcus canis	Fld_Lineage	-	12	no	Other	WP_185623506.1	222998	224971	-		excinuclease ABC subunit UvrB
FLDCORE|GCF_017874285.1|NZ_JAGGLE010000001.1|233735-238224|-|WP_185623495.1,WP_207719491.1,WP_185623496.1,WP_185623497.1	C36_HIGH_CONF_Peptostreptococcus_canis_GCF_017874285.1	GCF_017874285.1	Peptostreptococcus canis	Fld_Lineage	-	11	no	Other	WP_185623505.1	225004	225408	-		hypothetical protein
FLDCORE|GCF_017874285.1|NZ_JAGGLE010000001.1|233735-238224|-|WP_185623495.1,WP_207719491.1,WP_185623496.1,WP_185623497.1	C36_HIGH_CONF_Peptostreptococcus_canis_GCF_017874285.1	GCF_017874285.1	Peptostreptococcus canis	Fld_Lineage	-	10	no	Other	WP_185623504.1	225584	226684	+		AI-2E family transporter
FLDCORE|GCF_017874285.1|NZ_JAGGLE010000001.1|233735-238224|-|WP_185623495.1,WP_207719491.1,WP_185623496.1,WP_185623497.1	C36_HIGH_CONF_Peptostreptococcus_canis_GCF_017874285.1	GCF_017874285.1	Peptostreptococcus canis	Fld_Lineage	-	9	no	Other	WP_185623503.1	226804	227988	-		pyridoxal phosphate-dependent aminotransferase
FLDCORE|GCF_017874285.1|NZ_JAGGLE010000001.1|233735-238224|-|WP_185623495.1,WP_207719491.1,WP_185623496.1,WP_185623497.1	C36_HIGH_CONF_Peptostreptococcus_canis_GCF_017874285.1	GCF_017874285.1	Peptostreptococcus canis	Fld_Lineage	-	8	no	Other	WP_185623502.1	228105	229433	-		branched-chain amino acid transport system II carrier protein
FLDCORE|GCF_017874285.1|NZ_JAGGLE010000001.1|233735-238224|-|WP_185623495.1,WP_207719491.1,WP_185623496.1,WP_185623497.1	C36_HIGH_CONF_Peptostreptococcus_canis_GCF_017874285.1	GCF_017874285.1	Peptostreptococcus canis	Fld_Lineage	-	7	no	FldH	WP_185623501.1	229483	230475	-	PF00389;PF02826	2-hydroxyacid dehydrogenase
FLDCORE|GCF_017874285.1|NZ_JAGGLE010000001.1|233735-238224|-|WP_185623495.1,WP_207719491.1,WP_185623496.1,WP_185623497.1	C36_HIGH_CONF_Peptostreptococcus_canis_GCF_017874285.1	GCF_017874285.1	Peptostreptococcus canis	Fld_Lineage	-	6	no	EtfA	WP_185623500.1	230698	231705	-	PF00766;PF01012	electron transfer flavoprotein subunit alpha/FixB family protein
FLDCORE|GCF_017874285.1|NZ_JAGGLE010000001.1|233735-238224|-|WP_185623495.1,WP_207719491.1,WP_185623496.1,WP_185623497.1	C36_HIGH_CONF_Peptostreptococcus_canis_GCF_017874285.1	GCF_017874285.1	Peptostreptococcus canis	Fld_Lineage	-	5	no	EtfB	WP_185623499.1	231766	232557	-	PF01012	electron transfer flavoprotein subunit beta/FixA family protein
FLDCORE|GCF_017874285.1|NZ_JAGGLE010000001.1|233735-238224|-|WP_185623495.1,WP_207719491.1,WP_185623496.1,WP_185623497.1	C36_HIGH_CONF_Peptostreptococcus_canis_GCF_017874285.1	GCF_017874285.1	Peptostreptococcus canis	Fld_Lineage	-	4	no	AcdA	WP_185623498.1	232573	233706	-	PF00441;PF02770;PF02771	acyl-CoA dehydrogenase family protein
FLDCORE|GCF_017874285.1|NZ_JAGGLE010000001.1|233735-238224|-|WP_185623495.1,WP_207719491.1,WP_185623496.1,WP_185623497.1	C36_HIGH_CONF_Peptostreptococcus_canis_GCF_017874285.1	GCF_017874285.1	Peptostreptococcus canis	Fld_Lineage	-	3	yes	FldC	WP_185623497.1	233735	234853	-	PF06050	2-hydroxyacyl-CoA dehydratase subunit D
FLDCORE|GCF_017874285.1|NZ_JAGGLE010000001.1|233735-238224|-|WP_185623495.1,WP_207719491.1,WP_185623496.1,WP_185623497.1	C36_HIGH_CONF_Peptostreptococcus_canis_GCF_017874285.1	GCF_017874285.1	Peptostreptococcus canis	Fld_Lineage	-	2	yes	FldB	WP_185623496.1	234846	236090	-	PF06050	2-hydroxyacyl-CoA dehydratase subunit D
FLDCORE|GCF_017874285.1|NZ_JAGGLE010000001.1|233735-238224|-|WP_185623495.1,WP_207719491.1,WP_185623496.1,WP_185623497.1	C36_HIGH_CONF_Peptostreptococcus_canis_GCF_017874285.1	GCF_017874285.1	Peptostreptococcus canis	Fld_Lineage	-	1	yes	FldI	WP_207719491.1	236104	236892	-	PF01869	acyl-CoA dehydratase activase
FLDCORE|GCF_017874285.1|NZ_JAGGLE010000001.1|233735-238224|-|WP_185623495.1,WP_207719491.1,WP_185623496.1,WP_185623497.1	C36_HIGH_CONF_Peptostreptococcus_canis_GCF_017874285.1	GCF_017874285.1	Peptostreptococcus canis	Fld_Lineage	-	0	yes	FldA	WP_185623495.1	236986	238224	-	PF02515	CaiB/BaiF CoA transferase family protein
FLDCORE|GCF_017874285.1|NZ_JAGGLE010000001.1|233735-238224|-|WP_185623495.1,WP_207719491.1,WP_185623496.1,WP_185623497.1	C36_HIGH_CONF_Peptostreptococcus_canis_GCF_017874285.1	GCF_017874285.1	Peptostreptococcus canis	Fld_Lineage	-	-1	no	Other	WP_185623494.1	238297	239889	-		class I adenylate-forming enzyme family protein
FLDCORE|GCF_017874285.1|NZ_JAGGLE010000001.1|233735-238224|-|WP_185623495.1,WP_207719491.1,WP_185623496.1,WP_185623497.1	C36_HIGH_CONF_Peptostreptococcus_canis_GCF_017874285.1	GCF_017874285.1	Peptostreptococcus canis	Fld_Lineage	-	-2	no	Other	WP_185623493.1	240145	240810	-		GntR family transcriptional regulator
FLDCORE|GCF_017874285.1|NZ_JAGGLE010000001.1|233735-238224|-|WP_185623495.1,WP_207719491.1,WP_185623496.1,WP_185623497.1	C36_HIGH_CONF_Peptostreptococcus_canis_GCF_017874285.1	GCF_017874285.1	Peptostreptococcus canis	Fld_Lineage	-	-3	no	Other	WP_185623492.1	241095	242093	-		class 1b ribonucleoside-diphosphate reductase subunit beta
FLDCORE|GCF_017874285.1|NZ_JAGGLE010000001.1|233735-238224|-|WP_185623495.1,WP_207719491.1,WP_185623496.1,WP_185623497.1	C36_HIGH_CONF_Peptostreptococcus_canis_GCF_017874285.1	GCF_017874285.1	Peptostreptococcus canis	Fld_Lineage	-	-4	no	Other	WP_185623491.1	242116	244236	-		class 1b ribonucleoside-diphosphate reductase subunit alpha
FLDCORE|GCF_017874285.1|NZ_JAGGLE010000001.1|233735-238224|-|WP_185623495.1,WP_207719491.1,WP_185623496.1,WP_185623497.1	C36_HIGH_CONF_Peptostreptococcus_canis_GCF_017874285.1	GCF_017874285.1	Peptostreptococcus canis	Fld_Lineage	-	-5	no	Other	WP_185623490.1	244564	246957	-		L,D-transpeptidase family protein
FLDCORE|GCF_017874285.1|NZ_JAGGLE010000001.1|233735-238224|-|WP_185623495.1,WP_207719491.1,WP_185623496.1,WP_185623497.1	C36_HIGH_CONF_Peptostreptococcus_canis_GCF_017874285.1	GCF_017874285.1	Peptostreptococcus canis	Fld_Lineage	-	-6	no	Other	WP_330604342.1	247186	248382	-		class I SAM-dependent methyltransferase
FLDCORE|GCF_017874285.1|NZ_JAGGLE010000001.1|233735-238224|-|WP_185623495.1,WP_207719491.1,WP_185623496.1,WP_185623497.1	C36_HIGH_CONF_Peptostreptococcus_canis_GCF_017874285.1	GCF_017874285.1	Peptostreptococcus canis	Fld_Lineage	-	-7	no	Other	WP_185623489.1	248593	248892	-		MTH1187 family thiamine-binding protein
FLDCORE|GCF_017874285.1|NZ_JAGGLE010000001.1|233735-238224|-|WP_185623495.1,WP_207719491.1,WP_185623496.1,WP_185623497.1	C36_HIGH_CONF_Peptostreptococcus_canis_GCF_017874285.1	GCF_017874285.1	Peptostreptococcus canis	Fld_Lineage	-	-8	no	Other	WP_185623488.1	248910	249839	-		glycosyltransferase family 2 protein
FLDCORE|GCF_017874285.1|NZ_JAGGLE010000001.1|233735-238224|-|WP_185623495.1,WP_207719491.1,WP_185623496.1,WP_185623497.1	C36_HIGH_CONF_Peptostreptococcus_canis_GCF_017874285.1	GCF_017874285.1	Peptostreptococcus canis	Fld_Lineage	-	-9	no	Other	WP_185623487.1	249981	250394	-		GtrA family protein
FLDCORE|GCF_017874285.1|NZ_JAGGLE010000001.1|233735-238224|-|WP_185623495.1,WP_207719491.1,WP_185623496.1,WP_185623497.1	C36_HIGH_CONF_Peptostreptococcus_canis_GCF_017874285.1	GCF_017874285.1	Peptostreptococcus canis	Fld_Lineage	-	-10	no	Other	WP_185623486.1	251349	251669	-		TfoX/Sxy family protein
FLDCORE|GCF_018885085.1|NZ_CP076401.1|449941-454347|+|WP_003427766.1,WP_009888223.1,WP_009888224.1,WP_003427763.1	C37_EXCLUDED_Clostridioides_difficile_GCF_018885085.1	GCF_018885085.1	Clostridioides difficile	Had_Lineage	+	-10	no	Other	WP_003434848.1	437615	438166	+		helix-turn-helix domain-containing protein
FLDCORE|GCF_018885085.1|NZ_CP076401.1|449941-454347|+|WP_003427766.1,WP_009888223.1,WP_009888224.1,WP_003427763.1	C37_EXCLUDED_Clostridioides_difficile_GCF_018885085.1	GCF_018885085.1	Clostridioides difficile	Had_Lineage	+	-9	no	Other	WP_021373918.1	438252	439184	+		D-aminoacyl-tRNA deacylase
FLDCORE|GCF_018885085.1|NZ_CP076401.1|449941-454347|+|WP_003427766.1,WP_009888223.1,WP_009888224.1,WP_003427763.1	C37_EXCLUDED_Clostridioides_difficile_GCF_018885085.1	GCF_018885085.1	Clostridioides difficile	Had_Lineage	+	-8	no	Other	WP_003431420.1	439239	440102	+		GRP family sugar transporter
FLDCORE|GCF_018885085.1|NZ_CP076401.1|449941-454347|+|WP_003427766.1,WP_009888223.1,WP_009888224.1,WP_003427763.1	C37_EXCLUDED_Clostridioides_difficile_GCF_018885085.1	GCF_018885085.1	Clostridioides difficile	Had_Lineage	+	-7	no	Other	WP_009892612.1	440349	442211	+		beta-glucoside-specific PTS transporter subunit IIABC
FLDCORE|GCF_018885085.1|NZ_CP076401.1|449941-454347|+|WP_003427766.1,WP_009888223.1,WP_009888224.1,WP_003427763.1	C37_EXCLUDED_Clostridioides_difficile_GCF_018885085.1	GCF_018885085.1	Clostridioides difficile	Had_Lineage	+	-6	no	Other	WP_003434856.1	442214	443680	+		glycoside hydrolase family 1 protein
FLDCORE|GCF_018885085.1|NZ_CP076401.1|449941-454347|+|WP_003427766.1,WP_009888223.1,WP_009888224.1,WP_003427763.1	C37_EXCLUDED_Clostridioides_difficile_GCF_018885085.1	GCF_018885085.1	Clostridioides difficile	Had_Lineage	+	-5	no	Other	WP_003434860.1	443704	444540	+		PRD domain-containing protein
FLDCORE|GCF_018885085.1|NZ_CP076401.1|449941-454347|+|WP_003427766.1,WP_009888223.1,WP_009888224.1,WP_003427763.1	C37_EXCLUDED_Clostridioides_difficile_GCF_018885085.1	GCF_018885085.1	Clostridioides difficile	Had_Lineage	+	-4	no	Other	WP_003434866.1	445106	446689	+		asparagine synthase (glutamine-hydrolyzing)
FLDCORE|GCF_018885085.1|NZ_CP076401.1|449941-454347|+|WP_003427766.1,WP_009888223.1,WP_009888224.1,WP_003427763.1	C37_EXCLUDED_Clostridioides_difficile_GCF_018885085.1	GCF_018885085.1	Clostridioides difficile	Had_Lineage	+	-3	no	Other	WP_003434869.1	446754	447350	-		TIGR04100 family radical SAM protein
FLDCORE|GCF_018885085.1|NZ_CP076401.1|449941-454347|+|WP_003427766.1,WP_009888223.1,WP_009888224.1,WP_003427763.1	C37_EXCLUDED_Clostridioides_difficile_GCF_018885085.1	GCF_018885085.1	Clostridioides difficile	Had_Lineage	+	-2	no	Other	WP_009888217.1	447377	447904	-		TIGR04002 family protein
FLDCORE|GCF_018885085.1|NZ_CP076401.1|449941-454347|+|WP_003427766.1,WP_009888223.1,WP_009888224.1,WP_003427763.1	C37_EXCLUDED_Clostridioides_difficile_GCF_018885085.1	GCF_018885085.1	Clostridioides difficile	Had_Lineage	+	-1	no	FldH	WP_003431407.1	448266	449264	-	PF00389;PF02826	D-2-hydroxyacid dehydrogenase
FLDCORE|GCF_018885085.1|NZ_CP076401.1|449941-454347|+|WP_003427766.1,WP_009888223.1,WP_009888224.1,WP_003427763.1	C37_EXCLUDED_Clostridioides_difficile_GCF_018885085.1	GCF_018885085.1	Clostridioides difficile	Had_Lineage	+	0	yes	FldA	WP_003427766.1	449941	451140	+	PF02515	isocaprenoyl-CoA:2-hydroxyisocaproate CoA-transferase HadA
FLDCORE|GCF_018885085.1|NZ_CP076401.1|449941-454347|+|WP_003427766.1,WP_009888223.1,WP_009888224.1,WP_003427763.1	C37_EXCLUDED_Clostridioides_difficile_GCF_018885085.1	GCF_018885085.1	Clostridioides difficile	Had_Lineage	+	1	yes	FldI	WP_009888223.1	451179	451979	+	PF01869	2-hydroxyisocaproyl-CoA dehydratase activator HadI
FLDCORE|GCF_018885085.1|NZ_CP076401.1|449941-454347|+|WP_003427766.1,WP_009888223.1,WP_009888224.1,WP_003427763.1	C37_EXCLUDED_Clostridioides_difficile_GCF_018885085.1	GCF_018885085.1	Clostridioides difficile	Had_Lineage	+	2	yes	FldB	WP_009888224.1	451994	453220	+	PF06050	(R)-2-hydroxyisocaproyl-CoA dehydratase subunit alpha
FLDCORE|GCF_018885085.1|NZ_CP076401.1|449941-454347|+|WP_003427766.1,WP_009888223.1,WP_009888224.1,WP_003427763.1	C37_EXCLUDED_Clostridioides_difficile_GCF_018885085.1	GCF_018885085.1	Clostridioides difficile	Had_Lineage	+	3	yes	FldC	WP_003427763.1	453220	454347	+	PF06050	(R)-2-hydroxyisocaproyl-CoA dehydratase subunit beta
FLDCORE|GCF_018885085.1|NZ_CP076401.1|449941-454347|+|WP_003427766.1,WP_009888223.1,WP_009888224.1,WP_003427763.1	C37_EXCLUDED_Clostridioides_difficile_GCF_018885085.1	GCF_018885085.1	Clostridioides difficile	Had_Lineage	+	4	no	AcdA	WP_003427762.1	454395	455528	+	PF00441;PF02770;PF02771	putative isocaproyl-CoA dehydrogenase AcdB
FLDCORE|GCF_018885085.1|NZ_CP076401.1|449941-454347|+|WP_003427766.1,WP_009888223.1,WP_009888224.1,WP_003427763.1	C37_EXCLUDED_Clostridioides_difficile_GCF_018885085.1	GCF_018885085.1	Clostridioides difficile	Had_Lineage	+	5	no	EtfB	WP_003427760.1	455561	456346	+	PF01012	electron transfer flavoprotein subunit beta
FLDCORE|GCF_018885085.1|NZ_CP076401.1|449941-454347|+|WP_003427766.1,WP_009888223.1,WP_009888224.1,WP_003427763.1	C37_EXCLUDED_Clostridioides_difficile_GCF_018885085.1	GCF_018885085.1	Clostridioides difficile	Had_Lineage	+	6	no	EtfA	WP_003417347.1	456365	457402	+	PF00766;PF01012	electron transfer flavoprotein subunit alpha/FixB family protein
FLDCORE|GCF_018885085.1|NZ_CP076401.1|449941-454347|+|WP_003427766.1,WP_009888223.1,WP_009888224.1,WP_003427763.1	C37_EXCLUDED_Clostridioides_difficile_GCF_018885085.1	GCF_018885085.1	Clostridioides difficile	Had_Lineage	+	7	no	Other	WP_003434571.1	457885	459516	+		sigma-54 interaction domain-containing protein
FLDCORE|GCF_018885085.1|NZ_CP076401.1|449941-454347|+|WP_003427766.1,WP_009888223.1,WP_009888224.1,WP_003427763.1	C37_EXCLUDED_Clostridioides_difficile_GCF_018885085.1	GCF_018885085.1	Clostridioides difficile	Had_Lineage	+	8	no	Other	WP_003417352.1	459651	460577	-		class II fructose-1,6-bisphosphate aldolase
FLDCORE|GCF_018885085.1|NZ_CP076401.1|449941-454347|+|WP_003427766.1,WP_009888223.1,WP_009888224.1,WP_003427763.1	C37_EXCLUDED_Clostridioides_difficile_GCF_018885085.1	GCF_018885085.1	Clostridioides difficile	Had_Lineage	+	9	no	Other	WP_003434575.1	460907	461236	+		DUF1904 domain-containing protein
FLDCORE|GCF_018885085.1|NZ_CP076401.1|449941-454347|+|WP_003427766.1,WP_009888223.1,WP_009888224.1,WP_003427763.1	C37_EXCLUDED_Clostridioides_difficile_GCF_018885085.1	GCF_018885085.1	Clostridioides difficile	Had_Lineage	+	10	no	Other	WP_003434578.1	461236	461958	+		pseudouridine synthase
FLDCORE|GCF_018885085.1|NZ_CP076401.1|449941-454347|+|WP_003427766.1,WP_009888223.1,WP_009888224.1,WP_003427763.1	C37_EXCLUDED_Clostridioides_difficile_GCF_018885085.1	GCF_018885085.1	Clostridioides difficile	Had_Lineage	+	11	no	Other	WP_003434581.1	461985	463346	+		23S rRNA (uracil(1939)-C(5))-methyltransferase RlmD
FLDCORE|GCF_018885085.1|NZ_CP076401.1|449941-454347|+|WP_003427766.1,WP_009888223.1,WP_009888224.1,WP_003427763.1	C37_EXCLUDED_Clostridioides_difficile_GCF_018885085.1	GCF_018885085.1	Clostridioides difficile	Had_Lineage	+	12	no	Other	WP_003434585.1	463738	465807	+		ATP-dependent nuclease
FLDCORE|GCF_018885085.1|NZ_CP076401.1|449941-454347|+|WP_003427766.1,WP_009888223.1,WP_009888224.1,WP_003427763.1	C37_EXCLUDED_Clostridioides_difficile_GCF_018885085.1	GCF_018885085.1	Clostridioides difficile	Had_Lineage	+	13	no	Other	WP_003434587.1	465804	467669	+		UvrD-helicase domain-containing protein
FLDCORE|GCF_019797845.1|NZ_CP081864.1|3080579-3085061|-|WP_222157636.1,WP_252120304.1,WP_222157635.1,WP_222157634.1	C38_EXCLUDED_Symbiopectobacterium_purc_GCF_019797845.1	GCF_019797845.1	Symbiopectobacterium purcellii	Fld_Lineage	-	13	no	Other		3066370	3072312	+		autotransporter-associated beta strand repeat-containing protein
FLDCORE|GCF_019797845.1|NZ_CP081864.1|3080579-3085061|-|WP_222157636.1,WP_252120304.1,WP_222157635.1,WP_222157634.1	C38_EXCLUDED_Symbiopectobacterium_purc_GCF_019797845.1	GCF_019797845.1	Symbiopectobacterium purcellii	Fld_Lineage	-	12	no	Other	WP_222157629.1	3072635	3072841	+		hypothetical protein
FLDCORE|GCF_019797845.1|NZ_CP081864.1|3080579-3085061|-|WP_222157636.1,WP_252120304.1,WP_222157635.1,WP_222157634.1	C38_EXCLUDED_Symbiopectobacterium_purc_GCF_019797845.1	GCF_019797845.1	Symbiopectobacterium purcellii	Fld_Lineage	-	11	no	Other	WP_222161112.1	3073044	3073271	-		YdgH/BhsA/McbA-like domain containing protein
FLDCORE|GCF_019797845.1|NZ_CP081864.1|3080579-3085061|-|WP_222157636.1,WP_252120304.1,WP_222157635.1,WP_222157634.1	C38_EXCLUDED_Symbiopectobacterium_purc_GCF_019797845.1	GCF_019797845.1	Symbiopectobacterium purcellii	Fld_Lineage	-	10	no	Other	WP_222161113.1	3073475	3074317	-		excinuclease Cho
FLDCORE|GCF_019797845.1|NZ_CP081864.1|3080579-3085061|-|WP_222157636.1,WP_252120304.1,WP_222157635.1,WP_222157634.1	C38_EXCLUDED_Symbiopectobacterium_purc_GCF_019797845.1	GCF_019797845.1	Symbiopectobacterium purcellii	Fld_Lineage	-	9	no	Other	WP_222157630.1	3074406	3074690	-		ferredoxin family protein
FLDCORE|GCF_019797845.1|NZ_CP081864.1|3080579-3085061|-|WP_222157636.1,WP_252120304.1,WP_222157635.1,WP_222157634.1	C38_EXCLUDED_Symbiopectobacterium_purc_GCF_019797845.1	GCF_019797845.1	Symbiopectobacterium purcellii	Fld_Lineage	-	8	no	Other	WP_222157631.1	3074687	3075973	-		FAD-dependent oxidoreductase
FLDCORE|GCF_019797845.1|NZ_CP081864.1|3080579-3085061|-|WP_222157636.1,WP_252120304.1,WP_222157635.1,WP_222157634.1	C38_EXCLUDED_Symbiopectobacterium_purc_GCF_019797845.1	GCF_019797845.1	Symbiopectobacterium purcellii	Fld_Lineage	-	7	no	EtfA	WP_222157632.1	3075998	3076936	-	PF00766;PF01012	FAD-binding protein
FLDCORE|GCF_019797845.1|NZ_CP081864.1|3080579-3085061|-|WP_222157636.1,WP_252120304.1,WP_222157635.1,WP_222157634.1	C38_EXCLUDED_Symbiopectobacterium_purc_GCF_019797845.1	GCF_019797845.1	Symbiopectobacterium purcellii	Fld_Lineage	-	6	no	EtfB	WP_222157633.1	3076957	3077733	-	PF01012	putative electron transfer flavoprotein FixA
FLDCORE|GCF_019797845.1|NZ_CP081864.1|3080579-3085061|-|WP_222157636.1,WP_252120304.1,WP_222157635.1,WP_222157634.1	C38_EXCLUDED_Symbiopectobacterium_purc_GCF_019797845.1	GCF_019797845.1	Symbiopectobacterium purcellii	Fld_Lineage	-	5	no	AcdA	WP_252120302.1	3077833	3078930	-	PF00441;PF02770;PF02771	acyl-CoA dehydrogenase family protein
FLDCORE|GCF_019797845.1|NZ_CP081864.1|3080579-3085061|-|WP_222157636.1,WP_252120304.1,WP_222157635.1,WP_222157634.1	C38_EXCLUDED_Symbiopectobacterium_purc_GCF_019797845.1	GCF_019797845.1	Symbiopectobacterium purcellii	Fld_Lineage	-	4	no	Other	WP_252120303.1	3079264	3080406	-		GntP family permease
FLDCORE|GCF_019797845.1|NZ_CP081864.1|3080579-3085061|-|WP_222157636.1,WP_252120304.1,WP_222157635.1,WP_222157634.1	C38_EXCLUDED_Symbiopectobacterium_purc_GCF_019797845.1	GCF_019797845.1	Symbiopectobacterium purcellii	Fld_Lineage	-	3	yes	FldC	WP_222157634.1	3080579	3081712	-	PF06050	2-hydroxyacyl-CoA dehydratase subunit D
FLDCORE|GCF_019797845.1|NZ_CP081864.1|3080579-3085061|-|WP_222157636.1,WP_252120304.1,WP_222157635.1,WP_222157634.1	C38_EXCLUDED_Symbiopectobacterium_purc_GCF_019797845.1	GCF_019797845.1	Symbiopectobacterium purcellii	Fld_Lineage	-	2	yes	FldB	WP_222157635.1	3081712	3082953	-	PF06050	2-hydroxyacyl-CoA dehydratase subunit D
FLDCORE|GCF_019797845.1|NZ_CP081864.1|3080579-3085061|-|WP_222157636.1,WP_252120304.1,WP_222157635.1,WP_222157634.1	C38_EXCLUDED_Symbiopectobacterium_purc_GCF_019797845.1	GCF_019797845.1	Symbiopectobacterium purcellii	Fld_Lineage	-	1	yes	FldI	WP_252120304.1	3082950	3083774	-	PF01869	acyl-CoA dehydratase activase
FLDCORE|GCF_019797845.1|NZ_CP081864.1|3080579-3085061|-|WP_222157636.1,WP_252120304.1,WP_222157635.1,WP_222157634.1	C38_EXCLUDED_Symbiopectobacterium_purc_GCF_019797845.1	GCF_019797845.1	Symbiopectobacterium purcellii	Fld_Lineage	-	0	yes	FldA	WP_222157636.1	3083826	3085061	-	PF02515	CaiB/BaiF CoA transferase family protein
FLDCORE|GCF_019797845.1|NZ_CP081864.1|3080579-3085061|-|WP_222157636.1,WP_252120304.1,WP_222157635.1,WP_222157634.1	C38_EXCLUDED_Symbiopectobacterium_purc_GCF_019797845.1	GCF_019797845.1	Symbiopectobacterium purcellii	Fld_Lineage	-	-1	no	Other	WP_222157637.1	3085138	3086742	-		AMP-binding protein
FLDCORE|GCF_019797845.1|NZ_CP081864.1|3080579-3085061|-|WP_222157636.1,WP_252120304.1,WP_222157635.1,WP_222157634.1	C38_EXCLUDED_Symbiopectobacterium_purc_GCF_019797845.1	GCF_019797845.1	Symbiopectobacterium purcellii	Fld_Lineage	-	-2	no	Other	WP_222157638.1	3087182	3088174	+		helix-turn-helix domain-containing protein
FLDCORE|GCF_019797845.1|NZ_CP081864.1|3080579-3085061|-|WP_222157636.1,WP_252120304.1,WP_222157635.1,WP_222157634.1	C38_EXCLUDED_Symbiopectobacterium_purc_GCF_019797845.1	GCF_019797845.1	Symbiopectobacterium purcellii	Fld_Lineage	-	-3	no	Other	WP_222157639.1	3088208	3088987	-		energy transducer TonB
FLDCORE|GCF_019797845.1|NZ_CP081864.1|3080579-3085061|-|WP_222157636.1,WP_252120304.1,WP_222157635.1,WP_222157634.1	C38_EXCLUDED_Symbiopectobacterium_purc_GCF_019797845.1	GCF_019797845.1	Symbiopectobacterium purcellii	Fld_Lineage	-	-4	no	Other		3089354	3089901	+		RNA polymerase sigma factor
FLDCORE|GCF_019797845.1|NZ_CP081864.1|3080579-3085061|-|WP_222157636.1,WP_252120304.1,WP_222157635.1,WP_222157634.1	C38_EXCLUDED_Symbiopectobacterium_purc_GCF_019797845.1	GCF_019797845.1	Symbiopectobacterium purcellii	Fld_Lineage	-	-5	no	Other	WP_222157640.1	3089898	3090065	+		hypothetical protein
FLDCORE|GCF_019797845.1|NZ_CP081864.1|3080579-3085061|-|WP_222157636.1,WP_252120304.1,WP_222157635.1,WP_222157634.1	C38_EXCLUDED_Symbiopectobacterium_purc_GCF_019797845.1	GCF_019797845.1	Symbiopectobacterium purcellii	Fld_Lineage	-	-6	no	Other	WP_222157641.1	3090037	3090852	+		FecR family protein
FLDCORE|GCF_019797845.1|NZ_CP081864.1|3080579-3085061|-|WP_222157636.1,WP_252120304.1,WP_222157635.1,WP_222157634.1	C38_EXCLUDED_Symbiopectobacterium_purc_GCF_019797845.1	GCF_019797845.1	Symbiopectobacterium purcellii	Fld_Lineage	-	-7	no	Other		3090955	3091593	+		TonB-dependent receptor
FLDCORE|GCF_019797845.1|NZ_CP081864.1|3080579-3085061|-|WP_222157636.1,WP_252120304.1,WP_222157635.1,WP_222157634.1	C38_EXCLUDED_Symbiopectobacterium_purc_GCF_019797845.1	GCF_019797845.1	Symbiopectobacterium purcellii	Fld_Lineage	-	-8	no	Other	WP_222157643.1	3091618	3093330	+		ABC transporter ATP-binding protein/permease
FLDCORE|GCF_019797845.1|NZ_CP081864.1|3080579-3085061|-|WP_222157636.1,WP_252120304.1,WP_222157635.1,WP_222157634.1	C38_EXCLUDED_Symbiopectobacterium_purc_GCF_019797845.1	GCF_019797845.1	Symbiopectobacterium purcellii	Fld_Lineage	-	-9	no	Other	WP_222157644.1	3093320	3096118	+		M16 family metallopeptidase
FLDCORE|GCF_019797845.1|NZ_CP081864.1|3080579-3085061|-|WP_222157636.1,WP_252120304.1,WP_222157635.1,WP_222157634.1	C38_EXCLUDED_Symbiopectobacterium_purc_GCF_019797845.1	GCF_019797845.1	Symbiopectobacterium purcellii	Fld_Lineage	-	-10	no	Other	WP_222157645.1	3096370	3097083	-		helix-turn-helix transcriptional regulator
FLDCORE|GCF_019884785.1|NZ_CP082326.1|2876825-2881266|-|WP_223036588.1,WP_223036587.1,WP_223036586.1,WP_223040027.1	C39_EXCLUDED_Crassaminicella_profunda_GCF_019884785.1	GCF_019884785.1	Crassaminicella profunda	Had_Lineage	-	13	no	Other	WP_223036578.1	2867777	2868799	-		ABC transporter ATP-binding protein
FLDCORE|GCF_019884785.1|NZ_CP082326.1|2876825-2881266|-|WP_223036588.1,WP_223036587.1,WP_223036586.1,WP_223040027.1	C39_EXCLUDED_Crassaminicella_profunda_GCF_019884785.1	GCF_019884785.1	Crassaminicella profunda	Had_Lineage	-	12	no	Other	WP_343216787.1	2868815	2869729	-		ABC transporter permease
FLDCORE|GCF_019884785.1|NZ_CP082326.1|2876825-2881266|-|WP_223036588.1,WP_223036587.1,WP_223036586.1,WP_223040027.1	C39_EXCLUDED_Crassaminicella_profunda_GCF_019884785.1	GCF_019884785.1	Crassaminicella profunda	Had_Lineage	-	11	no	Other	WP_223036579.1	2869742	2870662	-		ABC transporter permease
FLDCORE|GCF_019884785.1|NZ_CP082326.1|2876825-2881266|-|WP_223036588.1,WP_223036587.1,WP_223036586.1,WP_223040027.1	C39_EXCLUDED_Crassaminicella_profunda_GCF_019884785.1	GCF_019884785.1	Crassaminicella profunda	Had_Lineage	-	10	no	Other	WP_223036580.1	2870868	2871296	-		VOC family protein
FLDCORE|GCF_019884785.1|NZ_CP082326.1|2876825-2881266|-|WP_223036588.1,WP_223036587.1,WP_223036586.1,WP_223040027.1	C39_EXCLUDED_Crassaminicella_profunda_GCF_019884785.1	GCF_019884785.1	Crassaminicella profunda	Had_Lineage	-	9	no	Other	WP_223036581.1	2871303	2872496	-		thiolase family protein
FLDCORE|GCF_019884785.1|NZ_CP082326.1|2876825-2881266|-|WP_223036588.1,WP_223036587.1,WP_223036586.1,WP_223040027.1	C39_EXCLUDED_Crassaminicella_profunda_GCF_019884785.1	GCF_019884785.1	Crassaminicella profunda	Had_Lineage	-	8	no	EtfA	WP_223036582.1	2872540	2873577	-	PF00766;PF01012	electron transfer flavoprotein subunit alpha/FixB family protein
FLDCORE|GCF_019884785.1|NZ_CP082326.1|2876825-2881266|-|WP_223036588.1,WP_223036587.1,WP_223036586.1,WP_223040027.1	C39_EXCLUDED_Crassaminicella_profunda_GCF_019884785.1	GCF_019884785.1	Crassaminicella profunda	Had_Lineage	-	7	no	Other		2873591	2874376	-		electron transfer flavoprotein subunit beta
FLDCORE|GCF_019884785.1|NZ_CP082326.1|2876825-2881266|-|WP_223036588.1,WP_223036587.1,WP_223036586.1,WP_223040027.1	C39_EXCLUDED_Crassaminicella_profunda_GCF_019884785.1	GCF_019884785.1	Crassaminicella profunda	Had_Lineage	-	6	no	AcdA	WP_223036583.1	2874455	2875588	-	PF00441;PF02770;PF02771	putative isocaproyl-CoA dehydrogenase AcdB
FLDCORE|GCF_019884785.1|NZ_CP082326.1|2876825-2881266|-|WP_223036588.1,WP_223036587.1,WP_223036586.1,WP_223040027.1	C39_EXCLUDED_Crassaminicella_profunda_GCF_019884785.1	GCF_019884785.1	Crassaminicella profunda	Had_Lineage	-	5	no	Other	WP_223036584.1	2875614	2876033	-		MaoC family dehydratase
FLDCORE|GCF_019884785.1|NZ_CP082326.1|2876825-2881266|-|WP_223036588.1,WP_223036587.1,WP_223036586.1,WP_223040027.1	C39_EXCLUDED_Crassaminicella_profunda_GCF_019884785.1	GCF_019884785.1	Crassaminicella profunda	Had_Lineage	-	4	no	Other	WP_223036585.1	2876053	2876775	-		3-oxoacyl-ACP reductase FabG
FLDCORE|GCF_019884785.1|NZ_CP082326.1|2876825-2881266|-|WP_223036588.1,WP_223036587.1,WP_223036586.1,WP_223040027.1	C39_EXCLUDED_Crassaminicella_profunda_GCF_019884785.1	GCF_019884785.1	Crassaminicella profunda	Had_Lineage	-	3	yes	FldC	WP_223040027.1	2876825	2877949	-	PF06050	2-hydroxyacyl-CoA dehydratase subunit D
FLDCORE|GCF_019884785.1|NZ_CP082326.1|2876825-2881266|-|WP_223036588.1,WP_223036587.1,WP_223036586.1,WP_223040027.1	C39_EXCLUDED_Crassaminicella_profunda_GCF_019884785.1	GCF_019884785.1	Crassaminicella profunda	Had_Lineage	-	2	yes	FldB	WP_223036586.1	2877958	2879178	-	PF06050	(R)-2-hydroxyisocaproyl-CoA dehydratase subunit HadB
FLDCORE|GCF_019884785.1|NZ_CP082326.1|2876825-2881266|-|WP_223036588.1,WP_223036587.1,WP_223036586.1,WP_223040027.1	C39_EXCLUDED_Crassaminicella_profunda_GCF_019884785.1	GCF_019884785.1	Crassaminicella profunda	Had_Lineage	-	1	yes	FldI	WP_223036587.1	2879202	2879978	-	PF01869	acyl-CoA dehydratase activase
FLDCORE|GCF_019884785.1|NZ_CP082326.1|2876825-2881266|-|WP_223036588.1,WP_223036587.1,WP_223036586.1,WP_223040027.1	C39_EXCLUDED_Crassaminicella_profunda_GCF_019884785.1	GCF_019884785.1	Crassaminicella profunda	Had_Lineage	-	0	yes	FldA	WP_223036588.1	2880058	2881266	-	PF02515	CaiB/BaiF CoA transferase family protein
FLDCORE|GCF_019884785.1|NZ_CP082326.1|2876825-2881266|-|WP_223036588.1,WP_223036587.1,WP_223036586.1,WP_223040027.1	C39_EXCLUDED_Crassaminicella_profunda_GCF_019884785.1	GCF_019884785.1	Crassaminicella profunda	Had_Lineage	-	-1	no	Other	WP_223036589.1	2881535	2883025	-		L-lactate permease
FLDCORE|GCF_019884785.1|NZ_CP082326.1|2876825-2881266|-|WP_223036588.1,WP_223036587.1,WP_223036586.1,WP_223040027.1	C39_EXCLUDED_Crassaminicella_profunda_GCF_019884785.1	GCF_019884785.1	Crassaminicella profunda	Had_Lineage	-	-2	no	Other	WP_223036590.1	2883520	2885163	+		sigma-54 interaction domain-containing protein
FLDCORE|GCF_019884785.1|NZ_CP082326.1|2876825-2881266|-|WP_223036588.1,WP_223036587.1,WP_223036586.1,WP_223040027.1	C39_EXCLUDED_Crassaminicella_profunda_GCF_019884785.1	GCF_019884785.1	Crassaminicella profunda	Had_Lineage	-	-3	no	Other	WP_223036591.1	2885397	2887433	-		NAD-dependent DNA ligase LigA
FLDCORE|GCF_019884785.1|NZ_CP082326.1|2876825-2881266|-|WP_223036588.1,WP_223036587.1,WP_223036586.1,WP_223040027.1	C39_EXCLUDED_Crassaminicella_profunda_GCF_019884785.1	GCF_019884785.1	Crassaminicella profunda	Had_Lineage	-	-4	no	Other	WP_246637707.1	2887411	2889888	-		3'-5' exonuclease
FLDCORE|GCF_019884785.1|NZ_CP082326.1|2876825-2881266|-|WP_223036588.1,WP_223036587.1,WP_223036586.1,WP_223040027.1	C39_EXCLUDED_Crassaminicella_profunda_GCF_019884785.1	GCF_019884785.1	Crassaminicella profunda	Had_Lineage	-	-5	no	Other		2889940	2890689	-		ATP-dependent helicase
FLDCORE|GCF_019884785.1|NZ_CP082326.1|2876825-2881266|-|WP_223036588.1,WP_223036587.1,WP_223036586.1,WP_223040027.1	C39_EXCLUDED_Crassaminicella_profunda_GCF_019884785.1	GCF_019884785.1	Crassaminicella profunda	Had_Lineage	-	-6	no	Other	WP_223036593.1	2890951	2891835	-		DMT family transporter
FLDCORE|GCF_019884785.1|NZ_CP082326.1|2876825-2881266|-|WP_223036588.1,WP_223036587.1,WP_223036586.1,WP_223040027.1	C39_EXCLUDED_Crassaminicella_profunda_GCF_019884785.1	GCF_019884785.1	Crassaminicella profunda	Had_Lineage	-	-7	no	Other	WP_223036594.1	2892564	2893403	-		Rpn family recombination-promoting nuclease/putative transposase
FLDCORE|GCF_019884785.1|NZ_CP082326.1|2876825-2881266|-|WP_223036588.1,WP_223036587.1,WP_223036586.1,WP_223040027.1	C39_EXCLUDED_Crassaminicella_profunda_GCF_019884785.1	GCF_019884785.1	Crassaminicella profunda	Had_Lineage	-	-8	no	Other	WP_223036595.1	2893450	2895240	-		hypothetical protein
FLDCORE|GCF_019884785.1|NZ_CP082326.1|2876825-2881266|-|WP_223036588.1,WP_223036587.1,WP_223036586.1,WP_223040027.1	C39_EXCLUDED_Crassaminicella_profunda_GCF_019884785.1	GCF_019884785.1	Crassaminicella profunda	Had_Lineage	-	-9	no	Other	WP_223036596.1	2895468	2896244	-		PD-(D/E)XK nuclease domain-containing protein
FLDCORE|GCF_019884785.1|NZ_CP082326.1|2876825-2881266|-|WP_223036588.1,WP_223036587.1,WP_223036586.1,WP_223040027.1	C39_EXCLUDED_Crassaminicella_profunda_GCF_019884785.1	GCF_019884785.1	Crassaminicella profunda	Had_Lineage	-	-10	no	Other	WP_223036597.1	2896231	2896689	-		YbaK/EbsC family protein
FLDCORE|GCF_019916025.1|NZ_CP079737.1|253909-258311|+|WP_021434151.1,WP_021430301.1,WP_021434150.1,WP_021434149.1	C40_EXCLUDED_Paraclostridium_biferment_GCF_019916025.1	GCF_019916025.1	Paraclostridium bifermentans	Had_Lineage	+	-10	no	Other	WP_021434160.1	239991	240704	+		PHP domain-containing protein
FLDCORE|GCF_019916025.1|NZ_CP079737.1|253909-258311|+|WP_021434151.1,WP_021430301.1,WP_021434150.1,WP_021434149.1	C40_EXCLUDED_Paraclostridium_biferment_GCF_019916025.1	GCF_019916025.1	Paraclostridium bifermentans	Had_Lineage	+	-9	no	Other	WP_021434159.1	240719	241576	+		RNase adapter RapZ
FLDCORE|GCF_019916025.1|NZ_CP079737.1|253909-258311|+|WP_021434151.1,WP_021430301.1,WP_021434150.1,WP_021434149.1	C40_EXCLUDED_Paraclostridium_biferment_GCF_019916025.1	GCF_019916025.1	Paraclostridium bifermentans	Had_Lineage	+	-8	no	Other	WP_021434158.1	241592	242701	+		gluconeogenesis factor YvcK family protein
FLDCORE|GCF_019916025.1|NZ_CP079737.1|253909-258311|+|WP_021434151.1,WP_021430301.1,WP_021434150.1,WP_021434149.1	C40_EXCLUDED_Paraclostridium_biferment_GCF_019916025.1	GCF_019916025.1	Paraclostridium bifermentans	Had_Lineage	+	-7	no	Other	WP_021430207.1	242766	243191	+		NUDIX hydrolase
FLDCORE|GCF_019916025.1|NZ_CP079737.1|253909-258311|+|WP_021434151.1,WP_021430301.1,WP_021434150.1,WP_021434149.1	C40_EXCLUDED_Paraclostridium_biferment_GCF_019916025.1	GCF_019916025.1	Paraclostridium bifermentans	Had_Lineage	+	-6	no	Other	WP_021434157.1	243208	244158	+		DNA-binding protein WhiA
FLDCORE|GCF_019916025.1|NZ_CP079737.1|253909-258311|+|WP_021434151.1,WP_021430301.1,WP_021434150.1,WP_021434149.1	C40_EXCLUDED_Paraclostridium_biferment_GCF_019916025.1	GCF_019916025.1	Paraclostridium bifermentans	Had_Lineage	+	-5	no	Other	WP_021434156.1	244340	247825	+		DNA polymerase III subunit alpha
FLDCORE|GCF_019916025.1|NZ_CP079737.1|253909-258311|+|WP_021434151.1,WP_021430301.1,WP_021434150.1,WP_021434149.1	C40_EXCLUDED_Paraclostridium_biferment_GCF_019916025.1	GCF_019916025.1	Paraclostridium bifermentans	Had_Lineage	+	-4	no	Other	WP_021434155.1	248003	248962	+		6-phosphofructokinase
FLDCORE|GCF_019916025.1|NZ_CP079737.1|253909-258311|+|WP_021434151.1,WP_021430301.1,WP_021434150.1,WP_021434149.1	C40_EXCLUDED_Paraclostridium_biferment_GCF_019916025.1	GCF_019916025.1	Paraclostridium bifermentans	Had_Lineage	+	-3	no	Other	WP_021434154.1	248979	250739	+		pyruvate kinase
FLDCORE|GCF_019916025.1|NZ_CP079737.1|253909-258311|+|WP_021434151.1,WP_021430301.1,WP_021434150.1,WP_021434149.1	C40_EXCLUDED_Paraclostridium_biferment_GCF_019916025.1	GCF_019916025.1	Paraclostridium bifermentans	Had_Lineage	+	-2	no	Other	WP_021434153.1	250853	252211	+		23S rRNA (uracil(1939)-C(5))-methyltransferase RlmD
FLDCORE|GCF_019916025.1|NZ_CP079737.1|253909-258311|+|WP_021434151.1,WP_021430301.1,WP_021434150.1,WP_021434149.1	C40_EXCLUDED_Paraclostridium_biferment_GCF_019916025.1	GCF_019916025.1	Paraclostridium bifermentans	Had_Lineage	+	-1	no	FldH	WP_021434152.1	252316	253332	-	PF00389;PF02826	D-2-hydroxyacid dehydrogenase
FLDCORE|GCF_019916025.1|NZ_CP079737.1|253909-258311|+|WP_021434151.1,WP_021430301.1,WP_021434150.1,WP_021434149.1	C40_EXCLUDED_Paraclostridium_biferment_GCF_019916025.1	GCF_019916025.1	Paraclostridium bifermentans	Had_Lineage	+	0	yes	FldA	WP_021434151.1	253909	255141	+	PF02515	CaiB/BaiF CoA transferase family protein
FLDCORE|GCF_019916025.1|NZ_CP079737.1|253909-258311|+|WP_021434151.1,WP_021430301.1,WP_021434150.1,WP_021434149.1	C40_EXCLUDED_Paraclostridium_biferment_GCF_019916025.1	GCF_019916025.1	Paraclostridium bifermentans	Had_Lineage	+	1	yes	FldI	WP_021430301.1	255163	255939	+	PF01869	acyl-CoA dehydratase activase
FLDCORE|GCF_019916025.1|NZ_CP079737.1|253909-258311|+|WP_021434151.1,WP_021430301.1,WP_021434150.1,WP_021434149.1	C40_EXCLUDED_Paraclostridium_biferment_GCF_019916025.1	GCF_019916025.1	Paraclostridium bifermentans	Had_Lineage	+	2	yes	FldB	WP_021434150.1	255958	257184	+	PF06050	(R)-2-hydroxyisocaproyl-CoA dehydratase subunit alpha
FLDCORE|GCF_019916025.1|NZ_CP079737.1|253909-258311|+|WP_021434151.1,WP_021430301.1,WP_021434150.1,WP_021434149.1	C40_EXCLUDED_Paraclostridium_biferment_GCF_019916025.1	GCF_019916025.1	Paraclostridium bifermentans	Had_Lineage	+	3	yes	FldC	WP_021434149.1	257184	258311	+	PF06050	(R)-2-hydroxyisocaproyl-CoA dehydratase subunit beta
FLDCORE|GCF_019916025.1|NZ_CP079737.1|253909-258311|+|WP_021434151.1,WP_021430301.1,WP_021434150.1,WP_021434149.1	C40_EXCLUDED_Paraclostridium_biferment_GCF_019916025.1	GCF_019916025.1	Paraclostridium bifermentans	Had_Lineage	+	4	no	AcdA	WP_021434148.1	258449	259582	+	PF00441;PF02770;PF02771	putative isocaproyl-CoA dehydrogenase AcdB
FLDCORE|GCF_019916025.1|NZ_CP079737.1|253909-258311|+|WP_021434151.1,WP_021430301.1,WP_021434150.1,WP_021434149.1	C40_EXCLUDED_Paraclostridium_biferment_GCF_019916025.1	GCF_019916025.1	Paraclostridium bifermentans	Had_Lineage	+	5	no	EtfB	WP_021430126.1	259631	260416	+	PF01012	electron transfer flavoprotein subunit beta
FLDCORE|GCF_019916025.1|NZ_CP079737.1|253909-258311|+|WP_021434151.1,WP_021430301.1,WP_021434150.1,WP_021434149.1	C40_EXCLUDED_Paraclostridium_biferment_GCF_019916025.1	GCF_019916025.1	Paraclostridium bifermentans	Had_Lineage	+	6	no	EtfA	WP_021434147.1	260430	261482	+	PF00766;PF01012	electron transfer flavoprotein subunit alpha/FixB family protein
FLDCORE|GCF_019916025.1|NZ_CP079737.1|253909-258311|+|WP_021434151.1,WP_021430301.1,WP_021434150.1,WP_021434149.1	C40_EXCLUDED_Paraclostridium_biferment_GCF_019916025.1	GCF_019916025.1	Paraclostridium bifermentans	Had_Lineage	+	7	no	Other	WP_021430149.1	261810	263444	+		sigma-54 interaction domain-containing protein
FLDCORE|GCF_019916025.1|NZ_CP079737.1|253909-258311|+|WP_021434151.1,WP_021430301.1,WP_021434150.1,WP_021434149.1	C40_EXCLUDED_Paraclostridium_biferment_GCF_019916025.1	GCF_019916025.1	Paraclostridium bifermentans	Had_Lineage	+	8	no	Other	WP_021434146.1	263627	264088	-		cyclic nucleotide-binding domain-containing protein
FLDCORE|GCF_019916025.1|NZ_CP079737.1|253909-258311|+|WP_021434151.1,WP_021430301.1,WP_021434150.1,WP_021434149.1	C40_EXCLUDED_Paraclostridium_biferment_GCF_019916025.1	GCF_019916025.1	Paraclostridium bifermentans	Had_Lineage	+	9	no	FldH	WP_021434145.1	264419	265354	+	PF00389;PF02826	phosphoglycerate dehydrogenase
FLDCORE|GCF_019916025.1|NZ_CP079737.1|253909-258311|+|WP_021434151.1,WP_021430301.1,WP_021434150.1,WP_021434149.1	C40_EXCLUDED_Paraclostridium_biferment_GCF_019916025.1	GCF_019916025.1	Paraclostridium bifermentans	Had_Lineage	+	10	no	Other	WP_021434144.1	265454	267475	+		NAD-dependent DNA ligase LigA
FLDCORE|GCF_019916025.1|NZ_CP079737.1|253909-258311|+|WP_021434151.1,WP_021430301.1,WP_021434150.1,WP_021434149.1	C40_EXCLUDED_Paraclostridium_biferment_GCF_019916025.1	GCF_019916025.1	Paraclostridium bifermentans	Had_Lineage	+	11	no	Other	WP_021434143.1	267625	268974	+		ribonuclease PH
FLDCORE|GCF_019916025.1|NZ_CP079737.1|253909-258311|+|WP_021434151.1,WP_021430301.1,WP_021434150.1,WP_021434149.1	C40_EXCLUDED_Paraclostridium_biferment_GCF_019916025.1	GCF_019916025.1	Paraclostridium bifermentans	Had_Lineage	+	12	no	Other	WP_021434142.1	268974	269444	+		metallophosphoesterase
FLDCORE|GCF_019916025.1|NZ_CP079737.1|253909-258311|+|WP_021434151.1,WP_021430301.1,WP_021434150.1,WP_021434149.1	C40_EXCLUDED_Paraclostridium_biferment_GCF_019916025.1	GCF_019916025.1	Paraclostridium bifermentans	Had_Lineage	+	13	no	Other	WP_021430240.1	269468	269989	+		DUF2179 domain-containing protein
FLDCORE|GCF_022369495.1|NZ_CP059690.1|2970228-2974698|-|WP_006536191.1,WP_072064401.1,WP_109400051.1,WP_109848193.1	C41_EXCLUDED_Proteus_penneri_GCF_022369495.1	GCF_022369495.1	Proteus penneri	Fld_Lineage	-	13	no	Other	WP_161724113.1	2959857	2960135	-		helix-turn-helix domain-containing protein
FLDCORE|GCF_022369495.1|NZ_CP059690.1|2970228-2974698|-|WP_006536191.1,WP_072064401.1,WP_109400051.1,WP_109848193.1	C41_EXCLUDED_Proteus_penneri_GCF_022369495.1	GCF_022369495.1	Proteus penneri	Fld_Lineage	-	12	no	Other	WP_161707267.1	2960575	2961366	+		helix-turn-helix transcriptional regulator
FLDCORE|GCF_022369495.1|NZ_CP059690.1|2970228-2974698|-|WP_006536191.1,WP_072064401.1,WP_109400051.1,WP_109848193.1	C41_EXCLUDED_Proteus_penneri_GCF_022369495.1	GCF_022369495.1	Proteus penneri	Fld_Lineage	-	11	no	Other	WP_161707266.1	2961345	2962199	-		helix-turn-helix domain-containing protein
FLDCORE|GCF_022369495.1|NZ_CP059690.1|2970228-2974698|-|WP_006536191.1,WP_072064401.1,WP_109400051.1,WP_109848193.1	C41_EXCLUDED_Proteus_penneri_GCF_022369495.1	GCF_022369495.1	Proteus penneri	Fld_Lineage	-	10	no	Other	WP_006536178.1	2963138	2964103	+		helix-turn-helix domain-containing protein
FLDCORE|GCF_022369495.1|NZ_CP059690.1|2970228-2974698|-|WP_006536191.1,WP_072064401.1,WP_109400051.1,WP_109848193.1	C41_EXCLUDED_Proteus_penneri_GCF_022369495.1	GCF_022369495.1	Proteus penneri	Fld_Lineage	-	9	no	Other	WP_006536179.1	2964178	2964462	-		ferredoxin ydiT
FLDCORE|GCF_022369495.1|NZ_CP059690.1|2970228-2974698|-|WP_006536191.1,WP_072064401.1,WP_109400051.1,WP_109848193.1	C41_EXCLUDED_Proteus_penneri_GCF_022369495.1	GCF_022369495.1	Proteus penneri	Fld_Lineage	-	8	no	Other	WP_239739161.1	2964459	2965745	-		FAD-dependent oxidoreductase
FLDCORE|GCF_022369495.1|NZ_CP059690.1|2970228-2974698|-|WP_006536191.1,WP_072064401.1,WP_109400051.1,WP_109848193.1	C41_EXCLUDED_Proteus_penneri_GCF_022369495.1	GCF_022369495.1	Proteus penneri	Fld_Lineage	-	7	no	EtfA	WP_239739163.1	2965809	2966750	-	PF00766;PF01012	FAD-binding protein
FLDCORE|GCF_022369495.1|NZ_CP059690.1|2970228-2974698|-|WP_006536191.1,WP_072064401.1,WP_109400051.1,WP_109848193.1	C41_EXCLUDED_Proteus_penneri_GCF_022369495.1	GCF_022369495.1	Proteus penneri	Fld_Lineage	-	6	no	EtfB	WP_161670879.1	2966762	2967538	-	PF01012	putative electron transfer flavoprotein FixA
FLDCORE|GCF_022369495.1|NZ_CP059690.1|2970228-2974698|-|WP_006536191.1,WP_072064401.1,WP_109400051.1,WP_109848193.1	C41_EXCLUDED_Proteus_penneri_GCF_022369495.1	GCF_022369495.1	Proteus penneri	Fld_Lineage	-	5	no	AcdA	WP_109848194.1	2967593	2968732	-	PF00441;PF02770;PF02771	acyl-CoA dehydrogenase family protein
FLDCORE|GCF_022369495.1|NZ_CP059690.1|2970228-2974698|-|WP_006536191.1,WP_072064401.1,WP_109400051.1,WP_109848193.1	C41_EXCLUDED_Proteus_penneri_GCF_022369495.1	GCF_022369495.1	Proteus penneri	Fld_Lineage	-	4	no	Other	WP_006536187.1	2968828	2970147	-		GntP family permease
FLDCORE|GCF_022369495.1|NZ_CP059690.1|2970228-2974698|-|WP_006536191.1,WP_072064401.1,WP_109400051.1,WP_109848193.1	C41_EXCLUDED_Proteus_penneri_GCF_022369495.1	GCF_022369495.1	Proteus penneri	Fld_Lineage	-	3	yes	FldC	WP_109848193.1	2970228	2971361	-	PF06050	2-hydroxyacyl-CoA dehydratase subunit D
FLDCORE|GCF_022369495.1|NZ_CP059690.1|2970228-2974698|-|WP_006536191.1,WP_072064401.1,WP_109400051.1,WP_109848193.1	C41_EXCLUDED_Proteus_penneri_GCF_022369495.1	GCF_022369495.1	Proteus penneri	Fld_Lineage	-	2	yes	FldB	WP_109400051.1	2971361	2972602	-	PF06050	2-hydroxyacyl-CoA dehydratase subunit D
FLDCORE|GCF_022369495.1|NZ_CP059690.1|2970228-2974698|-|WP_006536191.1,WP_072064401.1,WP_109400051.1,WP_109848193.1	C41_EXCLUDED_Proteus_penneri_GCF_022369495.1	GCF_022369495.1	Proteus penneri	Fld_Lineage	-	1	yes	FldI	WP_072064401.1	2972599	2973426	-	PF01869	acyl-CoA dehydratase activase
FLDCORE|GCF_022369495.1|NZ_CP059690.1|2970228-2974698|-|WP_006536191.1,WP_072064401.1,WP_109400051.1,WP_109848193.1	C41_EXCLUDED_Proteus_penneri_GCF_022369495.1	GCF_022369495.1	Proteus penneri	Fld_Lineage	-	0	yes	FldA	WP_006536191.1	2973463	2974698	-	PF02515	CaiB/BaiF CoA transferase family protein
FLDCORE|GCF_022369495.1|NZ_CP059690.1|2970228-2974698|-|WP_006536191.1,WP_072064401.1,WP_109400051.1,WP_109848193.1	C41_EXCLUDED_Proteus_penneri_GCF_022369495.1	GCF_022369495.1	Proteus penneri	Fld_Lineage	-	-1	no	Other	WP_109848192.1	2974765	2976402	-		AMP-binding protein
FLDCORE|GCF_022369495.1|NZ_CP059690.1|2970228-2974698|-|WP_006536191.1,WP_072064401.1,WP_109400051.1,WP_109848193.1	C41_EXCLUDED_Proteus_penneri_GCF_022369495.1	GCF_022369495.1	Proteus penneri	Fld_Lineage	-	-2	no	FldX	WP_072064404.1	2976866	2978188	-	PF07690	MFS transporter
FLDCORE|GCF_022369495.1|NZ_CP059690.1|2970228-2974698|-|WP_006536191.1,WP_072064401.1,WP_109400051.1,WP_109848193.1	C41_EXCLUDED_Proteus_penneri_GCF_022369495.1	GCF_022369495.1	Proteus penneri	Fld_Lineage	-	-3	no	Other	WP_109400055.1	2978274	2978561	-		ferredoxin-like protein FixX
FLDCORE|GCF_022369495.1|NZ_CP059690.1|2970228-2974698|-|WP_006536191.1,WP_072064401.1,WP_109400051.1,WP_109848193.1	C41_EXCLUDED_Proteus_penneri_GCF_022369495.1	GCF_022369495.1	Proteus penneri	Fld_Lineage	-	-4	no	Other	WP_072064406.1	2978558	2979850	-		FAD-dependent oxidoreductase FixC
FLDCORE|GCF_022369495.1|NZ_CP059690.1|2970228-2974698|-|WP_006536191.1,WP_072064401.1,WP_109400051.1,WP_109848193.1	C41_EXCLUDED_Proteus_penneri_GCF_022369495.1	GCF_022369495.1	Proteus penneri	Fld_Lineage	-	-5	no	EtfA	WP_109848191.1	2979907	2980845	-	PF00766;PF01012	FAD-binding protein
FLDCORE|GCF_022369495.1|NZ_CP059690.1|2970228-2974698|-|WP_006536191.1,WP_072064401.1,WP_109400051.1,WP_109848193.1	C41_EXCLUDED_Proteus_penneri_GCF_022369495.1	GCF_022369495.1	Proteus penneri	Fld_Lineage	-	-6	no	EtfB	WP_006536198.1	2980857	2981630	-	PF01012	electron transfer flavoprotein FixA
FLDCORE|GCF_022369495.1|NZ_CP059690.1|2970228-2974698|-|WP_006536191.1,WP_072064401.1,WP_109400051.1,WP_109848193.1	C41_EXCLUDED_Proteus_penneri_GCF_022369495.1	GCF_022369495.1	Proteus penneri	Fld_Lineage	-	-7	no	Other	WP_006536199.1	2982231	2983745	+		L-carnitine/gamma-butyrobetaine antiporter
FLDCORE|GCF_022369495.1|NZ_CP059690.1|2970228-2974698|-|WP_006536191.1,WP_072064401.1,WP_109400051.1,WP_109848193.1	C41_EXCLUDED_Proteus_penneri_GCF_022369495.1	GCF_022369495.1	Proteus penneri	Fld_Lineage	-	-8	no	AcdA	WP_006536200.1	2983787	2984929	+	PF00441;PF02770;PF02771	crotonobetainyl-CoA dehydrogenase
FLDCORE|GCF_022369495.1|NZ_CP059690.1|2970228-2974698|-|WP_006536191.1,WP_072064401.1,WP_109400051.1,WP_109848193.1	C41_EXCLUDED_Proteus_penneri_GCF_022369495.1	GCF_022369495.1	Proteus penneri	Fld_Lineage	-	-9	no	FldA	WP_006536201.1	2984997	2986217	+	PF02515	L-carnitine CoA-transferase
FLDCORE|GCF_022369495.1|NZ_CP059690.1|2970228-2974698|-|WP_006536191.1,WP_072064401.1,WP_109400051.1,WP_109848193.1	C41_EXCLUDED_Proteus_penneri_GCF_022369495.1	GCF_022369495.1	Proteus penneri	Fld_Lineage	-	-10	no	Other	WP_072064409.1	2986292	2987848	+		crotonobetaine/carnitine-CoA ligase
FLDCORE|GCF_025149125.1|NZ_CP102272.1|341919-346405|+|WP_117777474.1,WP_007707147.1,WP_007707150.1,WP_007707152.1	C42_EXCLUDED__Clostridium__asparagifor_GCF_025149125.1	GCF_025149125.1	[Clostridium] asparagiforme DSM 15981	Had_Lineage	+	-10	no	Other	WP_007707110.1	329473	330492	+		ABC transporter permease
FLDCORE|GCF_025149125.1|NZ_CP102272.1|341919-346405|+|WP_117777474.1,WP_007707147.1,WP_007707150.1,WP_007707152.1	C42_EXCLUDED__Clostridium__asparagifor_GCF_025149125.1	GCF_025149125.1	[Clostridium] asparagiforme DSM 15981	Had_Lineage	+	-9	no	Other	WP_007707115.1	330507	331505	+		ABC transporter ATP-binding protein
FLDCORE|GCF_025149125.1|NZ_CP102272.1|341919-346405|+|WP_117777474.1,WP_007707147.1,WP_007707150.1,WP_007707152.1	C42_EXCLUDED__Clostridium__asparagifor_GCF_025149125.1	GCF_025149125.1	[Clostridium] asparagiforme DSM 15981	Had_Lineage	+	-8	no	Other	WP_007707118.1	331509	332489	+		ABC transporter ATP-binding protein
FLDCORE|GCF_025149125.1|NZ_CP102272.1|341919-346405|+|WP_117777474.1,WP_007707147.1,WP_007707150.1,WP_007707152.1	C42_EXCLUDED__Clostridium__asparagifor_GCF_025149125.1	GCF_025149125.1	[Clostridium] asparagiforme DSM 15981	Had_Lineage	+	-7	no	Other	WP_007707120.1	332553	334247	+		peptide ABC transporter substrate-binding protein
FLDCORE|GCF_025149125.1|NZ_CP102272.1|341919-346405|+|WP_117777474.1,WP_007707147.1,WP_007707150.1,WP_007707152.1	C42_EXCLUDED__Clostridium__asparagifor_GCF_025149125.1	GCF_025149125.1	[Clostridium] asparagiforme DSM 15981	Had_Lineage	+	-6	no	Other	WP_007707123.1	334384	335151	-		HAD-IIB family hydrolase
FLDCORE|GCF_025149125.1|NZ_CP102272.1|341919-346405|+|WP_117777474.1,WP_007707147.1,WP_007707150.1,WP_007707152.1	C42_EXCLUDED__Clostridium__asparagifor_GCF_025149125.1	GCF_025149125.1	[Clostridium] asparagiforme DSM 15981	Had_Lineage	+	-5	no	Other	WP_007707124.1	335370	335765	+		nuclear transport factor 2 family protein
FLDCORE|GCF_025149125.1|NZ_CP102272.1|341919-346405|+|WP_117777474.1,WP_007707147.1,WP_007707150.1,WP_007707152.1	C42_EXCLUDED__Clostridium__asparagifor_GCF_025149125.1	GCF_025149125.1	[Clostridium] asparagiforme DSM 15981	Had_Lineage	+	-4	no	Other	WP_007707126.1	335769	336530	-		N-acetyltransferase
FLDCORE|GCF_025149125.1|NZ_CP102272.1|341919-346405|+|WP_117777474.1,WP_007707147.1,WP_007707150.1,WP_007707152.1	C42_EXCLUDED__Clostridium__asparagifor_GCF_025149125.1	GCF_025149125.1	[Clostridium] asparagiforme DSM 15981	Had_Lineage	+	-3	no	Other	WP_007707128.1	336742	338337	-		class I adenylate-forming enzyme family protein
FLDCORE|GCF_025149125.1|NZ_CP102272.1|341919-346405|+|WP_117777474.1,WP_007707147.1,WP_007707150.1,WP_007707152.1	C42_EXCLUDED__Clostridium__asparagifor_GCF_025149125.1	GCF_025149125.1	[Clostridium] asparagiforme DSM 15981	Had_Lineage	+	-2	no	Other	WP_117777473.1	338370	339824	-		SLC13 family permease
FLDCORE|GCF_025149125.1|NZ_CP102272.1|341919-346405|+|WP_117777474.1,WP_007707147.1,WP_007707150.1,WP_007707152.1	C42_EXCLUDED__Clostridium__asparagifor_GCF_025149125.1	GCF_025149125.1	[Clostridium] asparagiforme DSM 15981	Had_Lineage	+	-1	no	Other	WP_007707143.1	340270	341619	+		sigma-54 interaction domain-containing protein
FLDCORE|GCF_025149125.1|NZ_CP102272.1|341919-346405|+|WP_117777474.1,WP_007707147.1,WP_007707150.1,WP_007707152.1	C42_EXCLUDED__Clostridium__asparagifor_GCF_025149125.1	GCF_025149125.1	[Clostridium] asparagiforme DSM 15981	Had_Lineage	+	0	yes	FldA	WP_117777474.1	341919	343124	+	PF02515	CaiB/BaiF CoA transferase family protein
FLDCORE|GCF_025149125.1|NZ_CP102272.1|341919-346405|+|WP_117777474.1,WP_007707147.1,WP_007707150.1,WP_007707152.1	C42_EXCLUDED__Clostridium__asparagifor_GCF_025149125.1	GCF_025149125.1	[Clostridium] asparagiforme DSM 15981	Had_Lineage	+	1	yes	FldI	WP_007707147.1	343180	343971	+	PF01869	acyl-CoA dehydratase activase
FLDCORE|GCF_025149125.1|NZ_CP102272.1|341919-346405|+|WP_117777474.1,WP_007707147.1,WP_007707150.1,WP_007707152.1	C42_EXCLUDED__Clostridium__asparagifor_GCF_025149125.1	GCF_025149125.1	[Clostridium] asparagiforme DSM 15981	Had_Lineage	+	2	yes	FldB	WP_007707150.1	344017	345291	+	PF06050	2-hydroxyacyl-CoA dehydratase subunit D
FLDCORE|GCF_025149125.1|NZ_CP102272.1|341919-346405|+|WP_117777474.1,WP_007707147.1,WP_007707150.1,WP_007707152.1	C42_EXCLUDED__Clostridium__asparagifor_GCF_025149125.1	GCF_025149125.1	[Clostridium] asparagiforme DSM 15981	Had_Lineage	+	3	yes	FldC	WP_007707152.1	345284	346405	+	PF06050	2-hydroxyacyl-CoA dehydratase subunit D
FLDCORE|GCF_025149125.1|NZ_CP102272.1|341919-346405|+|WP_117777474.1,WP_007707147.1,WP_007707150.1,WP_007707152.1	C42_EXCLUDED__Clostridium__asparagifor_GCF_025149125.1	GCF_025149125.1	[Clostridium] asparagiforme DSM 15981	Had_Lineage	+	4	no	AcdA	WP_040410952.1	346667	347809	+	PF00441;PF02770;PF02771	acyl-CoA dehydrogenase family protein
FLDCORE|GCF_025149125.1|NZ_CP102272.1|341919-346405|+|WP_117777474.1,WP_007707147.1,WP_007707150.1,WP_007707152.1	C42_EXCLUDED__Clostridium__asparagifor_GCF_025149125.1	GCF_025149125.1	[Clostridium] asparagiforme DSM 15981	Had_Lineage	+	5	no	EtfB	WP_007707157.1	347826	348626	+	PF01012	acryloyl-CoA reductase electron transfer subunit gamma
FLDCORE|GCF_025149125.1|NZ_CP102272.1|341919-346405|+|WP_117777474.1,WP_007707147.1,WP_007707150.1,WP_007707152.1	C42_EXCLUDED__Clostridium__asparagifor_GCF_025149125.1	GCF_025149125.1	[Clostridium] asparagiforme DSM 15981	Had_Lineage	+	6	no	EtfB	WP_007707170.1	348646	349752	+	PF00766;PF01012	acryloyl-CoA reductase electron transfer subunit beta
FLDCORE|GCF_025149125.1|NZ_CP102272.1|341919-346405|+|WP_117777474.1,WP_007707147.1,WP_007707150.1,WP_007707152.1	C42_EXCLUDED__Clostridium__asparagifor_GCF_025149125.1	GCF_025149125.1	[Clostridium] asparagiforme DSM 15981	Had_Lineage	+	7	no	Other	WP_007707173.1	349749	349946	-		type II toxin-antitoxin system HicA family toxin
FLDCORE|GCF_025149125.1|NZ_CP102272.1|341919-346405|+|WP_117777474.1,WP_007707147.1,WP_007707150.1,WP_007707152.1	C42_EXCLUDED__Clostridium__asparagifor_GCF_025149125.1	GCF_025149125.1	[Clostridium] asparagiforme DSM 15981	Had_Lineage	+	8	no	Other	WP_007707175.1	350188	350718	+		type II toxin-antitoxin system HicB family antitoxin
FLDCORE|GCF_025149125.1|NZ_CP102272.1|341919-346405|+|WP_117777474.1,WP_007707147.1,WP_007707150.1,WP_007707152.1	C42_EXCLUDED__Clostridium__asparagifor_GCF_025149125.1	GCF_025149125.1	[Clostridium] asparagiforme DSM 15981	Had_Lineage	+	9	no	Other	WP_007707177.1	350845	351018	+		hypothetical protein
FLDCORE|GCF_025149125.1|NZ_CP102272.1|341919-346405|+|WP_117777474.1,WP_007707147.1,WP_007707150.1,WP_007707152.1	C42_EXCLUDED__Clostridium__asparagifor_GCF_025149125.1	GCF_025149125.1	[Clostridium] asparagiforme DSM 15981	Had_Lineage	+	10	no	Other	WP_154660119.1	351033	351206	+		hypothetical protein
FLDCORE|GCF_025149125.1|NZ_CP102272.1|341919-346405|+|WP_117777474.1,WP_007707147.1,WP_007707150.1,WP_007707152.1	C42_EXCLUDED__Clostridium__asparagifor_GCF_025149125.1	GCF_025149125.1	[Clostridium] asparagiforme DSM 15981	Had_Lineage	+	11	no	Other	WP_117777475.1	351293	353299	+		hypothetical protein
FLDCORE|GCF_025149125.1|NZ_CP102272.1|341919-346405|+|WP_117777474.1,WP_007707147.1,WP_007707150.1,WP_007707152.1	C42_EXCLUDED__Clostridium__asparagifor_GCF_025149125.1	GCF_025149125.1	[Clostridium] asparagiforme DSM 15981	Had_Lineage	+	12	no	Other	WP_007707189.1	353296	355029	+		response regulator
FLDCORE|GCF_025149125.1|NZ_CP102272.1|341919-346405|+|WP_117777474.1,WP_007707147.1,WP_007707150.1,WP_007707152.1	C42_EXCLUDED__Clostridium__asparagifor_GCF_025149125.1	GCF_025149125.1	[Clostridium] asparagiforme DSM 15981	Had_Lineage	+	13	no	Other	WP_007707192.1	355140	355688	+		stage V sporulation protein T
FLDCORE|GCF_025200655.1|NZ_CP104121.1|524781-529251|+|WP_036934376.1,WP_036934374.1,WP_036934372.1,WP_103005115.1	C43_EXCLUDED_Proteus_vulgaris_GCF_025200655.1	GCF_025200655.1	Proteus vulgaris	Fld_Lineage	+	-10	no	Other	WP_087803533.1	511625	513181	-		crotonobetaine/carnitine-CoA ligase
FLDCORE|GCF_025200655.1|NZ_CP104121.1|524781-529251|+|WP_036934376.1,WP_036934374.1,WP_036934372.1,WP_103005115.1	C43_EXCLUDED_Proteus_vulgaris_GCF_025200655.1	GCF_025200655.1	Proteus vulgaris	Fld_Lineage	+	-9	no	FldA	WP_036934391.1	513256	514476	-	PF02515	L-carnitine CoA-transferase
FLDCORE|GCF_025200655.1|NZ_CP104121.1|524781-529251|+|WP_036934376.1,WP_036934374.1,WP_036934372.1,WP_103005115.1	C43_EXCLUDED_Proteus_vulgaris_GCF_025200655.1	GCF_025200655.1	Proteus vulgaris	Fld_Lineage	+	-8	no	AcdA	WP_103005120.1	514544	515686	-	PF00441;PF02770;PF02771	crotonobetainyl-CoA dehydrogenase
FLDCORE|GCF_025200655.1|NZ_CP104121.1|524781-529251|+|WP_036934376.1,WP_036934374.1,WP_036934372.1,WP_103005115.1	C43_EXCLUDED_Proteus_vulgaris_GCF_025200655.1	GCF_025200655.1	Proteus vulgaris	Fld_Lineage	+	-7	no	Other	WP_103005119.1	515728	517242	-		L-carnitine/gamma-butyrobetaine antiporter
FLDCORE|GCF_025200655.1|NZ_CP104121.1|524781-529251|+|WP_036934376.1,WP_036934374.1,WP_036934372.1,WP_103005115.1	C43_EXCLUDED_Proteus_vulgaris_GCF_025200655.1	GCF_025200655.1	Proteus vulgaris	Fld_Lineage	+	-6	no	EtfB	WP_087803365.1	517843	518616	+	PF01012	putative electron transfer flavoprotein FixA
FLDCORE|GCF_025200655.1|NZ_CP104121.1|524781-529251|+|WP_036934376.1,WP_036934374.1,WP_036934372.1,WP_103005115.1	C43_EXCLUDED_Proteus_vulgaris_GCF_025200655.1	GCF_025200655.1	Proteus vulgaris	Fld_Lineage	+	-5	no	EtfA	WP_036934383.1	518628	519566	+	PF00766;PF01012	FAD-binding protein
FLDCORE|GCF_025200655.1|NZ_CP104121.1|524781-529251|+|WP_036934376.1,WP_036934374.1,WP_036934372.1,WP_103005115.1	C43_EXCLUDED_Proteus_vulgaris_GCF_025200655.1	GCF_025200655.1	Proteus vulgaris	Fld_Lineage	+	-4	no	Other	WP_087803367.1	519623	520915	+		FAD-dependent oxidoreductase FixC
FLDCORE|GCF_025200655.1|NZ_CP104121.1|524781-529251|+|WP_036934376.1,WP_036934374.1,WP_036934372.1,WP_103005115.1	C43_EXCLUDED_Proteus_vulgaris_GCF_025200655.1	GCF_025200655.1	Proteus vulgaris	Fld_Lineage	+	-3	no	Other	WP_023582978.1	520912	521199	+		ferredoxin-like protein FixX
FLDCORE|GCF_025200655.1|NZ_CP104121.1|524781-529251|+|WP_036934376.1,WP_036934374.1,WP_036934372.1,WP_103005115.1	C43_EXCLUDED_Proteus_vulgaris_GCF_025200655.1	GCF_025200655.1	Proteus vulgaris	Fld_Lineage	+	-2	no	FldX	WP_036934379.1	521286	522617	+	PF07690	MFS transporter
FLDCORE|GCF_025200655.1|NZ_CP104121.1|524781-529251|+|WP_036934376.1,WP_036934374.1,WP_036934372.1,WP_103005115.1	C43_EXCLUDED_Proteus_vulgaris_GCF_025200655.1	GCF_025200655.1	Proteus vulgaris	Fld_Lineage	+	-1	no	Other	WP_036934377.1	523078	524715	+		AMP-binding protein
FLDCORE|GCF_025200655.1|NZ_CP104121.1|524781-529251|+|WP_036934376.1,WP_036934374.1,WP_036934372.1,WP_103005115.1	C43_EXCLUDED_Proteus_vulgaris_GCF_025200655.1	GCF_025200655.1	Proteus vulgaris	Fld_Lineage	+	0	yes	FldA	WP_036934376.1	524781	526016	+	PF02515	CaiB/BaiF CoA transferase family protein
FLDCORE|GCF_025200655.1|NZ_CP104121.1|524781-529251|+|WP_036934376.1,WP_036934374.1,WP_036934372.1,WP_103005115.1	C43_EXCLUDED_Proteus_vulgaris_GCF_025200655.1	GCF_025200655.1	Proteus vulgaris	Fld_Lineage	+	1	yes	FldI	WP_036934374.1	526053	526880	+	PF01869	acyl-CoA dehydratase activase
FLDCORE|GCF_025200655.1|NZ_CP104121.1|524781-529251|+|WP_036934376.1,WP_036934374.1,WP_036934372.1,WP_103005115.1	C43_EXCLUDED_Proteus_vulgaris_GCF_025200655.1	GCF_025200655.1	Proteus vulgaris	Fld_Lineage	+	2	yes	FldB	WP_036934372.1	526877	528118	+	PF06050	2-hydroxyacyl-CoA dehydratase subunit D
FLDCORE|GCF_025200655.1|NZ_CP104121.1|524781-529251|+|WP_036934376.1,WP_036934374.1,WP_036934372.1,WP_103005115.1	C43_EXCLUDED_Proteus_vulgaris_GCF_025200655.1	GCF_025200655.1	Proteus vulgaris	Fld_Lineage	+	3	yes	FldC	WP_103005115.1	528118	529251	+	PF06050	2-hydroxyacyl-CoA dehydratase subunit D
FLDCORE|GCF_025200655.1|NZ_CP104121.1|524781-529251|+|WP_036934376.1,WP_036934374.1,WP_036934372.1,WP_103005115.1	C43_EXCLUDED_Proteus_vulgaris_GCF_025200655.1	GCF_025200655.1	Proteus vulgaris	Fld_Lineage	+	4	no	Other	WP_036934369.1	529333	530652	+		GntP family permease
FLDCORE|GCF_025200655.1|NZ_CP104121.1|524781-529251|+|WP_036934376.1,WP_036934374.1,WP_036934372.1,WP_103005115.1	C43_EXCLUDED_Proteus_vulgaris_GCF_025200655.1	GCF_025200655.1	Proteus vulgaris	Fld_Lineage	+	5	no	AcdA	WP_036934368.1	530748	531887	+	PF00441;PF02770;PF02771	acyl-CoA dehydrogenase family protein
FLDCORE|GCF_025200655.1|NZ_CP104121.1|524781-529251|+|WP_036934376.1,WP_036934374.1,WP_036934372.1,WP_103005115.1	C43_EXCLUDED_Proteus_vulgaris_GCF_025200655.1	GCF_025200655.1	Proteus vulgaris	Fld_Lineage	+	6	no	EtfB	WP_036934367.1	531942	532718	+	PF01012	putative electron transfer flavoprotein FixA
FLDCORE|GCF_025200655.1|NZ_CP104121.1|524781-529251|+|WP_036934376.1,WP_036934374.1,WP_036934372.1,WP_103005115.1	C43_EXCLUDED_Proteus_vulgaris_GCF_025200655.1	GCF_025200655.1	Proteus vulgaris	Fld_Lineage	+	7	no	EtfA	WP_103005114.1	532730	533671	+	PF00766;PF01012	FAD-binding protein
FLDCORE|GCF_025200655.1|NZ_CP104121.1|524781-529251|+|WP_036934376.1,WP_036934374.1,WP_036934372.1,WP_103005115.1	C43_EXCLUDED_Proteus_vulgaris_GCF_025200655.1	GCF_025200655.1	Proteus vulgaris	Fld_Lineage	+	8	no	Other	WP_036934364.1	533735	535021	+		FAD-dependent oxidoreductase
FLDCORE|GCF_025200655.1|NZ_CP104121.1|524781-529251|+|WP_036934376.1,WP_036934374.1,WP_036934372.1,WP_103005115.1	C43_EXCLUDED_Proteus_vulgaris_GCF_025200655.1	GCF_025200655.1	Proteus vulgaris	Fld_Lineage	+	9	no	Other	WP_036934363.1	535018	535302	+		ferredoxin
FLDCORE|GCF_025200655.1|NZ_CP104121.1|524781-529251|+|WP_036934376.1,WP_036934374.1,WP_036934372.1,WP_103005115.1	C43_EXCLUDED_Proteus_vulgaris_GCF_025200655.1	GCF_025200655.1	Proteus vulgaris	Fld_Lineage	+	10	no	Other	WP_036934362.1	535375	536340	-		helix-turn-helix domain-containing protein
FLDCORE|GCF_025200655.1|NZ_CP104121.1|524781-529251|+|WP_036934376.1,WP_036934374.1,WP_036934372.1,WP_103005115.1	C43_EXCLUDED_Proteus_vulgaris_GCF_025200655.1	GCF_025200655.1	Proteus vulgaris	Fld_Lineage	+	11	no	Other	WP_141124307.1	536944	537072	-		type II toxin-antitoxin system YhaV family toxin
FLDCORE|GCF_025200655.1|NZ_CP104121.1|524781-529251|+|WP_036934376.1,WP_036934374.1,WP_036934372.1,WP_103005115.1	C43_EXCLUDED_Proteus_vulgaris_GCF_025200655.1	GCF_025200655.1	Proteus vulgaris	Fld_Lineage	+	12	no	Other	WP_036934361.1	537766	538338	-		division control transcriptional repressor DicD
FLDCORE|GCF_025200655.1|NZ_CP104121.1|524781-529251|+|WP_036934376.1,WP_036934374.1,WP_036934372.1,WP_103005115.1	C43_EXCLUDED_Proteus_vulgaris_GCF_025200655.1	GCF_025200655.1	Proteus vulgaris	Fld_Lineage	+	13	no	Other	WP_036934359.1	538522	539847	-		anaerobic C4-dicarboxylate transporter
FLDCORE|GCF_025566985.1|NZ_JAOQJD010000019.1|7140-11600|-|WP_148474506.1,WP_317246793.1,WP_317246792.1,WP_148474504.1	C44_HIGH_CONF_Aedoeadaptatus_acetigenes_GCF_025566985.1	GCF_025566985.1	Aedoeadaptatus acetigenes	Fld_Lineage	-	9	no	EtfA	WP_148474489.1	140	1144	-	PF00766;PF01012	electron transfer flavoprotein subunit alpha/FixB family protein
FLDCORE|GCF_025566985.1|NZ_JAOQJD010000019.1|7140-11600|-|WP_148474506.1,WP_317246793.1,WP_317246792.1,WP_148474504.1	C44_HIGH_CONF_Aedoeadaptatus_acetigenes_GCF_025566985.1	GCF_025566985.1	Aedoeadaptatus acetigenes	Fld_Lineage	-	8	no	EtfB	WP_148474491.1	1158	1952	-	PF01012	electron transfer flavoprotein subunit beta/FixA family protein
FLDCORE|GCF_025566985.1|NZ_JAOQJD010000019.1|7140-11600|-|WP_148474506.1,WP_317246793.1,WP_317246792.1,WP_148474504.1	C44_HIGH_CONF_Aedoeadaptatus_acetigenes_GCF_025566985.1	GCF_025566985.1	Aedoeadaptatus acetigenes	Fld_Lineage	-	7	no	AcdA	WP_148474493.1	1972	3111	-	PF00441;PF02770;PF02771	acyl-CoA dehydrogenase family protein
FLDCORE|GCF_025566985.1|NZ_JAOQJD010000019.1|7140-11600|-|WP_148474506.1,WP_317246793.1,WP_317246792.1,WP_148474504.1	C44_HIGH_CONF_Aedoeadaptatus_acetigenes_GCF_025566985.1	GCF_025566985.1	Aedoeadaptatus acetigenes	Fld_Lineage	-	6	no	Other	WP_148474495.1	3390	4577	-		pyridoxal phosphate-dependent aminotransferase
FLDCORE|GCF_025566985.1|NZ_JAOQJD010000019.1|7140-11600|-|WP_148474506.1,WP_317246793.1,WP_317246792.1,WP_148474504.1	C44_HIGH_CONF_Aedoeadaptatus_acetigenes_GCF_025566985.1	GCF_025566985.1	Aedoeadaptatus acetigenes	Fld_Lineage	-	5	no	Other	WP_148474497.1	4622	5992	-		branched-chain amino acid transport system II carrier protein
FLDCORE|GCF_025566985.1|NZ_JAOQJD010000019.1|7140-11600|-|WP_148474506.1,WP_317246793.1,WP_317246792.1,WP_148474504.1	C44_HIGH_CONF_Aedoeadaptatus_acetigenes_GCF_025566985.1	GCF_025566985.1	Aedoeadaptatus acetigenes	Fld_Lineage	-	4	no	FldH	WP_148474502.1	6041	7030	-	PF00389;PF02826	2-hydroxyacid dehydrogenase
FLDCORE|GCF_025566985.1|NZ_JAOQJD010000019.1|7140-11600|-|WP_148474506.1,WP_317246793.1,WP_317246792.1,WP_148474504.1	C44_HIGH_CONF_Aedoeadaptatus_acetigenes_GCF_025566985.1	GCF_025566985.1	Aedoeadaptatus acetigenes	Fld_Lineage	-	3	yes	FldC	WP_148474504.1	7140	8255	-	PF06050	2-hydroxyacyl-CoA dehydratase subunit D
FLDCORE|GCF_025566985.1|NZ_JAOQJD010000019.1|7140-11600|-|WP_148474506.1,WP_317246793.1,WP_317246792.1,WP_148474504.1	C44_HIGH_CONF_Aedoeadaptatus_acetigenes_GCF_025566985.1	GCF_025566985.1	Aedoeadaptatus acetigenes	Fld_Lineage	-	2	yes	FldB	WP_317246792.1	8258	9520	-	PF06050	2-hydroxyacyl-CoA dehydratase subunit D
FLDCORE|GCF_025566985.1|NZ_JAOQJD010000019.1|7140-11600|-|WP_148474506.1,WP_317246793.1,WP_317246792.1,WP_148474504.1	C44_HIGH_CONF_Aedoeadaptatus_acetigenes_GCF_025566985.1	GCF_025566985.1	Aedoeadaptatus acetigenes	Fld_Lineage	-	1	yes	FldI	WP_317246793.1	9534	10319	-	PF01869	acyl-CoA dehydratase activase
FLDCORE|GCF_025566985.1|NZ_JAOQJD010000019.1|7140-11600|-|WP_148474506.1,WP_317246793.1,WP_317246792.1,WP_148474504.1	C44_HIGH_CONF_Aedoeadaptatus_acetigenes_GCF_025566985.1	GCF_025566985.1	Aedoeadaptatus acetigenes	Fld_Lineage	-	0	yes	FldA	WP_148474506.1	10359	11600	-	PF02515	CaiB/BaiF CoA transferase family protein
FLDCORE|GCF_025566985.1|NZ_JAOQJD010000019.1|7140-11600|-|WP_148474506.1,WP_317246793.1,WP_317246792.1,WP_148474504.1	C44_HIGH_CONF_Aedoeadaptatus_acetigenes_GCF_025566985.1	GCF_025566985.1	Aedoeadaptatus acetigenes	Fld_Lineage	-	-1	no	Other	WP_148474508.1	11680	12351	-		GntR family transcriptional regulator
FLDCORE|GCF_025566985.1|NZ_JAOQJD010000019.1|7140-11600|-|WP_148474506.1,WP_317246793.1,WP_317246792.1,WP_148474504.1	C44_HIGH_CONF_Aedoeadaptatus_acetigenes_GCF_025566985.1	GCF_025566985.1	Aedoeadaptatus acetigenes	Fld_Lineage	-	-2	no	Other	WP_148474510.1	12728	14239	+		class I adenylate-forming enzyme family protein
FLDCORE|GCF_025566985.1|NZ_JAOQJD010000019.1|7140-11600|-|WP_148474506.1,WP_317246793.1,WP_317246792.1,WP_148474504.1	C44_HIGH_CONF_Aedoeadaptatus_acetigenes_GCF_025566985.1	GCF_025566985.1	Aedoeadaptatus acetigenes	Fld_Lineage	-	-3	no	Other	WP_148474512.1	14320	15867	-		acyl CoA:acetate/3-ketoacid CoA transferase
FLDCORE|GCF_025566985.1|NZ_JAOQJD010000019.1|7140-11600|-|WP_148474506.1,WP_317246793.1,WP_317246792.1,WP_148474504.1	C44_HIGH_CONF_Aedoeadaptatus_acetigenes_GCF_025566985.1	GCF_025566985.1	Aedoeadaptatus acetigenes	Fld_Lineage	-	-4	no	Other	WP_148474514.1	15956	17065	-		copper amine oxidase N-terminal domain-containing protein
FLDCORE|GCF_025566985.1|NZ_JAOQJD010000019.1|7140-11600|-|WP_148474506.1,WP_317246793.1,WP_317246792.1,WP_148474504.1	C44_HIGH_CONF_Aedoeadaptatus_acetigenes_GCF_025566985.1	GCF_025566985.1	Aedoeadaptatus acetigenes	Fld_Lineage	-	-5	no	Other	WP_267303924.1	17171	18007	-		YjjW family glycine radical enzyme activase
FLDCORE|GCF_025566985.1|NZ_JAOQJD010000019.1|7140-11600|-|WP_148474506.1,WP_317246793.1,WP_317246792.1,WP_148474504.1	C44_HIGH_CONF_Aedoeadaptatus_acetigenes_GCF_025566985.1	GCF_025566985.1	Aedoeadaptatus acetigenes	Fld_Lineage	-	-6	no	Other	WP_148474518.1	18007	19542	-		YjjI family glycine radical enzyme
FLDCORE|GCF_025566985.1|NZ_JAOQJD010000019.1|7140-11600|-|WP_148474506.1,WP_317246793.1,WP_317246792.1,WP_148474504.1	C44_HIGH_CONF_Aedoeadaptatus_acetigenes_GCF_025566985.1	GCF_025566985.1	Aedoeadaptatus acetigenes	Fld_Lineage	-	-7	no	Other	WP_148474520.1	19644	20252	+		Crp/Fnr family transcriptional regulator
FLDCORE|GCF_025566985.1|NZ_JAOQJD010000019.1|7140-11600|-|WP_148474506.1,WP_317246793.1,WP_317246792.1,WP_148474504.1	C44_HIGH_CONF_Aedoeadaptatus_acetigenes_GCF_025566985.1	GCF_025566985.1	Aedoeadaptatus acetigenes	Fld_Lineage	-	-8	no	Other	WP_148474522.1	20418	21058	-		IS3 family transposase
FLDCORE|GCF_025567315.1|NZ_JAOQJE010000019.1|8563-12969|-|WP_107630945.1,WP_054327915.1,WP_054327916.1,WP_147574565.1	C45_EXCLUDED_Agathobaculum_ammoniilyti_GCF_025567315.1	GCF_025567315.1	Agathobaculum ammoniilyticum	Had_Lineage	-	10	no	Other	WP_054328541.1	1	1086	-		NAD(P)-dependent alcohol dehydrogenase
FLDCORE|GCF_025567315.1|NZ_JAOQJE010000019.1|8563-12969|-|WP_107630945.1,WP_054327915.1,WP_054327916.1,WP_147574565.1	C45_EXCLUDED_Agathobaculum_ammoniilyti_GCF_025567315.1	GCF_025567315.1	Agathobaculum ammoniilyticum	Had_Lineage	-	9	no	Other	WP_107631097.1	1175	3121	-		oxidoreductase
FLDCORE|GCF_025567315.1|NZ_JAOQJE010000019.1|8563-12969|-|WP_107630945.1,WP_054327915.1,WP_054327916.1,WP_147574565.1	C45_EXCLUDED_Agathobaculum_ammoniilyti_GCF_025567315.1	GCF_025567315.1	Agathobaculum ammoniilyticum	Had_Lineage	-	8	no	Other	WP_256435212.1	3694	3828	+		hypothetical protein
FLDCORE|GCF_025567315.1|NZ_JAOQJE010000019.1|8563-12969|-|WP_107630945.1,WP_054327915.1,WP_054327916.1,WP_147574565.1	C45_EXCLUDED_Agathobaculum_ammoniilyti_GCF_025567315.1	GCF_025567315.1	Agathobaculum ammoniilyticum	Had_Lineage	-	7	no	Other	WP_054327922.1	3830	5302	+		recombinase family protein
FLDCORE|GCF_025567315.1|NZ_JAOQJE010000019.1|8563-12969|-|WP_107630945.1,WP_054327915.1,WP_054327916.1,WP_147574565.1	C45_EXCLUDED_Agathobaculum_ammoniilyti_GCF_025567315.1	GCF_025567315.1	Agathobaculum ammoniilyticum	Had_Lineage	-	6	no	AcdA	WP_054327921.1	5395	6537	-	PF00441;PF02770;PF02771	acyl-CoA dehydrogenase
FLDCORE|GCF_025567315.1|NZ_JAOQJE010000019.1|8563-12969|-|WP_107630945.1,WP_054327915.1,WP_054327916.1,WP_147574565.1	C45_EXCLUDED_Agathobaculum_ammoniilyti_GCF_025567315.1	GCF_025567315.1	Agathobaculum ammoniilyticum	Had_Lineage	-	5	no	EtfA	WP_054327920.1	6697	7701	-	PF00766;PF01012	electron transfer flavoprotein subunit alpha/FixB family protein
FLDCORE|GCF_025567315.1|NZ_JAOQJE010000019.1|8563-12969|-|WP_107630945.1,WP_054327915.1,WP_054327916.1,WP_147574565.1	C45_EXCLUDED_Agathobaculum_ammoniilyti_GCF_025567315.1	GCF_025567315.1	Agathobaculum ammoniilyticum	Had_Lineage	-	4	no	EtfB	WP_054327919.1	7718	8521	-	PF01012	electron transfer flavoprotein subunit beta/FixA family protein
FLDCORE|GCF_025567315.1|NZ_JAOQJE010000019.1|8563-12969|-|WP_107630945.1,WP_054327915.1,WP_054327916.1,WP_147574565.1	C45_EXCLUDED_Agathobaculum_ammoniilyti_GCF_025567315.1	GCF_025567315.1	Agathobaculum ammoniilyticum	Had_Lineage	-	3	yes	FldC	WP_147574565.1	8563	9687	-	PF06050	2-hydroxyacyl-CoA dehydratase subunit D
FLDCORE|GCF_025567315.1|NZ_JAOQJE010000019.1|8563-12969|-|WP_107630945.1,WP_054327915.1,WP_054327916.1,WP_147574565.1	C45_EXCLUDED_Agathobaculum_ammoniilyti_GCF_025567315.1	GCF_025567315.1	Agathobaculum ammoniilyticum	Had_Lineage	-	2	yes	FldB	WP_054327916.1	9687	10964	-	PF06050	2-hydroxyacyl-CoA dehydratase subunit D
FLDCORE|GCF_025567315.1|NZ_JAOQJE010000019.1|8563-12969|-|WP_107630945.1,WP_054327915.1,WP_054327916.1,WP_147574565.1	C45_EXCLUDED_Agathobaculum_ammoniilyti_GCF_025567315.1	GCF_025567315.1	Agathobaculum ammoniilyticum	Had_Lineage	-	1	yes	FldI	WP_054327915.1	11003	11782	-	PF01869	acyl-CoA dehydratase activase
FLDCORE|GCF_025567315.1|NZ_JAOQJE010000019.1|8563-12969|-|WP_107630945.1,WP_054327915.1,WP_054327916.1,WP_147574565.1	C45_EXCLUDED_Agathobaculum_ammoniilyti_GCF_025567315.1	GCF_025567315.1	Agathobaculum ammoniilyticum	Had_Lineage	-	0	yes	FldA	WP_107630945.1	11782	12969	-	PF02515	CaiB/BaiF CoA transferase family protein
FLDCORE|GCF_025567315.1|NZ_JAOQJE010000019.1|8563-12969|-|WP_107630945.1,WP_054327915.1,WP_054327916.1,WP_147574565.1	C45_EXCLUDED_Agathobaculum_ammoniilyti_GCF_025567315.1	GCF_025567315.1	Agathobaculum ammoniilyticum	Had_Lineage	-	-1	no	Other	WP_054327912.1	13003	13779	-		enoyl-CoA hydratase/isomerase family protein
FLDCORE|GCF_025567315.1|NZ_JAOQJE010000019.1|8563-12969|-|WP_107630945.1,WP_054327915.1,WP_054327916.1,WP_147574565.1	C45_EXCLUDED_Agathobaculum_ammoniilyti_GCF_025567315.1	GCF_025567315.1	Agathobaculum ammoniilyticum	Had_Lineage	-	-2	no	AcdA	WP_054327911.1	13891	15033	-	PF00441;PF02770;PF02771	acyl-CoA dehydrogenase family protein
FLDCORE|GCF_025567315.1|NZ_JAOQJE010000019.1|8563-12969|-|WP_107630945.1,WP_054327915.1,WP_054327916.1,WP_147574565.1	C45_EXCLUDED_Agathobaculum_ammoniilyti_GCF_025567315.1	GCF_025567315.1	Agathobaculum ammoniilyticum	Had_Lineage	-	-3	no	Other	WP_159068071.1	15123	16397	-		SLC13 family permease
FLDCORE|GCF_025567315.1|NZ_JAOQJE010000019.1|8563-12969|-|WP_107630945.1,WP_054327915.1,WP_054327916.1,WP_147574565.1	C45_EXCLUDED_Agathobaculum_ammoniilyti_GCF_025567315.1	GCF_025567315.1	Agathobaculum ammoniilyticum	Had_Lineage	-	-4	no	Other	WP_107630943.1	16983	18317	+		SLC13 family permease
FLDCORE|GCF_025567315.1|NZ_JAOQJE010000019.1|8563-12969|-|WP_107630945.1,WP_054327915.1,WP_054327916.1,WP_147574565.1	C45_EXCLUDED_Agathobaculum_ammoniilyti_GCF_025567315.1	GCF_025567315.1	Agathobaculum ammoniilyticum	Had_Lineage	-	-5	no	Other	WP_107630942.1	18431	19324	-		LysR family transcriptional regulator
FLDCORE|GCF_025567315.1|NZ_JAOQJE010000019.1|8563-12969|-|WP_107630945.1,WP_054327915.1,WP_054327916.1,WP_147574565.1	C45_EXCLUDED_Agathobaculum_ammoniilyti_GCF_025567315.1	GCF_025567315.1	Agathobaculum ammoniilyticum	Had_Lineage	-	-6	no	Other	WP_107630941.1	19492	19749	-		spore coat protein CotJB
FLDCORE|GCF_025567315.1|NZ_JAOQJE010000019.1|8563-12969|-|WP_107630945.1,WP_054327915.1,WP_054327916.1,WP_147574565.1	C45_EXCLUDED_Agathobaculum_ammoniilyti_GCF_025567315.1	GCF_025567315.1	Agathobaculum ammoniilyticum	Had_Lineage	-	-7	no	Other	WP_054327907.1	19746	19943	-		spore coat associated protein CotJA
FLDCORE|GCF_025567315.1|NZ_JAOQJE010000019.1|8563-12969|-|WP_107630945.1,WP_054327915.1,WP_054327916.1,WP_147574565.1	C45_EXCLUDED_Agathobaculum_ammoniilyti_GCF_025567315.1	GCF_025567315.1	Agathobaculum ammoniilyticum	Had_Lineage	-	-8	no	Other	WP_107630940.1	20070	20630	+		TIGR01440 family protein
FLDCORE|GCF_025567315.1|NZ_JAOQJE010000019.1|8563-12969|-|WP_107630945.1,WP_054327915.1,WP_054327916.1,WP_147574565.1	C45_EXCLUDED_Agathobaculum_ammoniilyti_GCF_025567315.1	GCF_025567315.1	Agathobaculum ammoniilyticum	Had_Lineage	-	-9	no	Other	WP_054327905.1	20638	21342	+		HAD family hydrolase
FLDCORE|GCF_025567315.1|NZ_JAOQJE010000019.1|8563-12969|-|WP_107630945.1,WP_054327915.1,WP_054327916.1,WP_147574565.1	C45_EXCLUDED_Agathobaculum_ammoniilyti_GCF_025567315.1	GCF_025567315.1	Agathobaculum ammoniilyticum	Had_Lineage	-	-10	no	Other	WP_054327904.1	21357	21614	+		TIGR03905 family TSCPD domain-containing protein
FLDCORE|GCF_027125355.1|NZ_CP114052.1|459428-463953|+|WP_269312004.1,WP_269312005.1,WP_269312006.1,WP_269312007.1	C46_HIGH_CONF_Peptostreptococcus_equinu_GCF_027125355.1	GCF_027125355.1	Peptostreptococcus equinus	Fld_Lineage	+	-10	no	Other	WP_269311995.1	449728	451158	+		aminoacyl-histidine dipeptidase
FLDCORE|GCF_027125355.1|NZ_CP114052.1|459428-463953|+|WP_269312004.1,WP_269312005.1,WP_269312006.1,WP_269312007.1	C46_HIGH_CONF_Peptostreptococcus_equinu_GCF_027125355.1	GCF_027125355.1	Peptostreptococcus equinus	Fld_Lineage	+	-9	no	Other	WP_269311996.1	451252	452652	-		PLP-dependent aminotransferase family protein
FLDCORE|GCF_027125355.1|NZ_CP114052.1|459428-463953|+|WP_269312004.1,WP_269312005.1,WP_269312006.1,WP_269312007.1	C46_HIGH_CONF_Peptostreptococcus_equinu_GCF_027125355.1	GCF_027125355.1	Peptostreptococcus equinus	Fld_Lineage	+	-8	no	Other	WP_269312522.1	452847	453722	+		pyridoxal 5'-phosphate synthase lyase subunit PdxS
FLDCORE|GCF_027125355.1|NZ_CP114052.1|459428-463953|+|WP_269312004.1,WP_269312005.1,WP_269312006.1,WP_269312007.1	C46_HIGH_CONF_Peptostreptococcus_equinu_GCF_027125355.1	GCF_027125355.1	Peptostreptococcus equinus	Fld_Lineage	+	-7	no	Other	WP_269311997.1	453797	453940	+		hypothetical protein
FLDCORE|GCF_027125355.1|NZ_CP114052.1|459428-463953|+|WP_269312004.1,WP_269312005.1,WP_269312006.1,WP_269312007.1	C46_HIGH_CONF_Peptostreptococcus_equinu_GCF_027125355.1	GCF_027125355.1	Peptostreptococcus equinus	Fld_Lineage	+	-6	no	Other	WP_269311998.1	454060	454911	+		hypothetical protein
FLDCORE|GCF_027125355.1|NZ_CP114052.1|459428-463953|+|WP_269312004.1,WP_269312005.1,WP_269312006.1,WP_269312007.1	C46_HIGH_CONF_Peptostreptococcus_equinu_GCF_027125355.1	GCF_027125355.1	Peptostreptococcus equinus	Fld_Lineage	+	-5	no	Other	WP_269311999.1	454959	455363	-		pyridoxamine 5'-phosphate oxidase family protein
FLDCORE|GCF_027125355.1|NZ_CP114052.1|459428-463953|+|WP_269312004.1,WP_269312005.1,WP_269312006.1,WP_269312007.1	C46_HIGH_CONF_Peptostreptococcus_equinu_GCF_027125355.1	GCF_027125355.1	Peptostreptococcus equinus	Fld_Lineage	+	-4	no	Other	WP_269312000.1	455578	456108	+		methylated-DNA--[protein]-cysteine S-methyltransferase
FLDCORE|GCF_027125355.1|NZ_CP114052.1|459428-463953|+|WP_269312004.1,WP_269312005.1,WP_269312006.1,WP_269312007.1	C46_HIGH_CONF_Peptostreptococcus_equinu_GCF_027125355.1	GCF_027125355.1	Peptostreptococcus equinus	Fld_Lineage	+	-3	no	Other	WP_269312001.1	456280	456696	+		phosphate-starvation-inducible PsiE family protein
FLDCORE|GCF_027125355.1|NZ_CP114052.1|459428-463953|+|WP_269312004.1,WP_269312005.1,WP_269312006.1,WP_269312007.1	C46_HIGH_CONF_Peptostreptococcus_equinu_GCF_027125355.1	GCF_027125355.1	Peptostreptococcus equinus	Fld_Lineage	+	-2	no	Other	WP_269312002.1	456805	457470	+		GntR family transcriptional regulator
FLDCORE|GCF_027125355.1|NZ_CP114052.1|459428-463953|+|WP_269312004.1,WP_269312005.1,WP_269312006.1,WP_269312007.1	C46_HIGH_CONF_Peptostreptococcus_equinu_GCF_027125355.1	GCF_027125355.1	Peptostreptococcus equinus	Fld_Lineage	+	-1	no	Other	WP_269312003.1	457812	459380	+		class I adenylate-forming enzyme family protein
FLDCORE|GCF_027125355.1|NZ_CP114052.1|459428-463953|+|WP_269312004.1,WP_269312005.1,WP_269312006.1,WP_269312007.1	C46_HIGH_CONF_Peptostreptococcus_equinu_GCF_027125355.1	GCF_027125355.1	Peptostreptococcus equinus	Fld_Lineage	+	0	yes	FldA	WP_269312004.1	459428	460666	+	PF02515	CaiB/BaiF CoA transferase family protein
FLDCORE|GCF_027125355.1|NZ_CP114052.1|459428-463953|+|WP_269312004.1,WP_269312005.1,WP_269312006.1,WP_269312007.1	C46_HIGH_CONF_Peptostreptococcus_equinu_GCF_027125355.1	GCF_027125355.1	Peptostreptococcus equinus	Fld_Lineage	+	1	yes	FldI	WP_269312005.1	460791	461579	+	PF01869	acyl-CoA dehydratase activase
FLDCORE|GCF_027125355.1|NZ_CP114052.1|459428-463953|+|WP_269312004.1,WP_269312005.1,WP_269312006.1,WP_269312007.1	C46_HIGH_CONF_Peptostreptococcus_equinu_GCF_027125355.1	GCF_027125355.1	Peptostreptococcus equinus	Fld_Lineage	+	2	yes	FldB	WP_269312006.1	461601	462836	+	PF06050	2-hydroxyacyl-CoA dehydratase subunit D
FLDCORE|GCF_027125355.1|NZ_CP114052.1|459428-463953|+|WP_269312004.1,WP_269312005.1,WP_269312006.1,WP_269312007.1	C46_HIGH_CONF_Peptostreptococcus_equinu_GCF_027125355.1	GCF_027125355.1	Peptostreptococcus equinus	Fld_Lineage	+	3	yes	FldC	WP_269312007.1	462838	463953	+	PF06050	2-hydroxyacyl-CoA dehydratase subunit D
FLDCORE|GCF_027125355.1|NZ_CP114052.1|459428-463953|+|WP_269312004.1,WP_269312005.1,WP_269312006.1,WP_269312007.1	C46_HIGH_CONF_Peptostreptococcus_equinu_GCF_027125355.1	GCF_027125355.1	Peptostreptococcus equinus	Fld_Lineage	+	4	no	AcdA	WP_269312008.1	463984	465117	+	PF00441;PF02770;PF02771	acyl-CoA dehydrogenase family protein
FLDCORE|GCF_027125355.1|NZ_CP114052.1|459428-463953|+|WP_269312004.1,WP_269312005.1,WP_269312006.1,WP_269312007.1	C46_HIGH_CONF_Peptostreptococcus_equinu_GCF_027125355.1	GCF_027125355.1	Peptostreptococcus equinus	Fld_Lineage	+	5	no	EtfB	WP_269312009.1	465134	465925	+	PF01012	electron transfer flavoprotein subunit beta/FixA family protein
FLDCORE|GCF_027125355.1|NZ_CP114052.1|459428-463953|+|WP_269312004.1,WP_269312005.1,WP_269312006.1,WP_269312007.1	C46_HIGH_CONF_Peptostreptococcus_equinu_GCF_027125355.1	GCF_027125355.1	Peptostreptococcus equinus	Fld_Lineage	+	6	no	EtfA	WP_269312010.1	465981	466988	+	PF00766;PF01012	electron transfer flavoprotein subunit alpha/FixB family protein
FLDCORE|GCF_027125355.1|NZ_CP114052.1|459428-463953|+|WP_269312004.1,WP_269312005.1,WP_269312006.1,WP_269312007.1	C46_HIGH_CONF_Peptostreptococcus_equinu_GCF_027125355.1	GCF_027125355.1	Peptostreptococcus equinus	Fld_Lineage	+	7	no	FldH	WP_269312011.1	467372	468364	+	PF00389;PF02826	2-hydroxyacid dehydrogenase
FLDCORE|GCF_027125355.1|NZ_CP114052.1|459428-463953|+|WP_269312004.1,WP_269312005.1,WP_269312006.1,WP_269312007.1	C46_HIGH_CONF_Peptostreptococcus_equinu_GCF_027125355.1	GCF_027125355.1	Peptostreptococcus equinus	Fld_Lineage	+	8	no	Other	WP_269312012.1	468414	469739	+		branched-chain amino acid transport system II carrier protein
FLDCORE|GCF_027125355.1|NZ_CP114052.1|459428-463953|+|WP_269312004.1,WP_269312005.1,WP_269312006.1,WP_269312007.1	C46_HIGH_CONF_Peptostreptococcus_equinu_GCF_027125355.1	GCF_027125355.1	Peptostreptococcus equinus	Fld_Lineage	+	9	no	Other	WP_269312013.1	469823	471007	+		pyridoxal phosphate-dependent aminotransferase
FLDCORE|GCF_027125355.1|NZ_CP114052.1|459428-463953|+|WP_269312004.1,WP_269312005.1,WP_269312006.1,WP_269312007.1	C46_HIGH_CONF_Peptostreptococcus_equinu_GCF_027125355.1	GCF_027125355.1	Peptostreptococcus equinus	Fld_Lineage	+	10	no	Other	WP_269312014.1	471170	472054	+		DMT family transporter
FLDCORE|GCF_027125355.1|NZ_CP114052.1|459428-463953|+|WP_269312004.1,WP_269312005.1,WP_269312006.1,WP_269312007.1	C46_HIGH_CONF_Peptostreptococcus_equinu_GCF_027125355.1	GCF_027125355.1	Peptostreptococcus equinus	Fld_Lineage	+	11	no	Other	WP_269312015.1	472210	473421	-		AI-2E family transporter
FLDCORE|GCF_027125355.1|NZ_CP114052.1|459428-463953|+|WP_269312004.1,WP_269312005.1,WP_269312006.1,WP_269312007.1	C46_HIGH_CONF_Peptostreptococcus_equinu_GCF_027125355.1	GCF_027125355.1	Peptostreptococcus equinus	Fld_Lineage	+	12	no	Other	WP_269312016.1	473538	473960	+		hypothetical protein
FLDCORE|GCF_027125355.1|NZ_CP114052.1|459428-463953|+|WP_269312004.1,WP_269312005.1,WP_269312006.1,WP_269312007.1	C46_HIGH_CONF_Peptostreptococcus_equinu_GCF_027125355.1	GCF_027125355.1	Peptostreptococcus equinus	Fld_Lineage	+	13	no	Other	WP_269312017.1	474197	476173	+		excinuclease ABC subunit UvrB
FLDCORE|GCF_030271835.1|NZ_CP127389.1|3551443-3555913|-|WP_285804945.1,WP_285804944.1,WP_069369783.1,WP_151436160.1	C47_EXCLUDED_Proteus_appendicitidis_GCF_030271835.1	GCF_030271835.1	Proteus appendicitidis	Fld_Lineage	-	13	no	Other	WP_285804938.1	3541042	3541857	-		nucleotidyl transferase AbiEii/AbiGii toxin family protein
FLDCORE|GCF_030271835.1|NZ_CP127389.1|3551443-3555913|-|WP_285804945.1,WP_285804944.1,WP_069369783.1,WP_151436160.1	C47_EXCLUDED_Proteus_appendicitidis_GCF_030271835.1	GCF_030271835.1	Proteus appendicitidis	Fld_Lineage	-	12	no	Other	WP_285804939.1	3541820	3542818	-		type IV toxin-antitoxin system AbiEi family antitoxin
FLDCORE|GCF_030271835.1|NZ_CP127389.1|3551443-3555913|-|WP_285804945.1,WP_285804944.1,WP_069369783.1,WP_151436160.1	C47_EXCLUDED_Proteus_appendicitidis_GCF_030271835.1	GCF_030271835.1	Proteus appendicitidis	Fld_Lineage	-	11	no	Other	WP_285804940.1	3542915	3543643	+		metallophosphoesterase
FLDCORE|GCF_030271835.1|NZ_CP127389.1|3551443-3555913|-|WP_285804945.1,WP_285804944.1,WP_069369783.1,WP_151436160.1	C47_EXCLUDED_Proteus_appendicitidis_GCF_030271835.1	GCF_030271835.1	Proteus appendicitidis	Fld_Lineage	-	10	no	Other	WP_151436154.1	3544286	3545251	+		helix-turn-helix domain-containing protein
FLDCORE|GCF_030271835.1|NZ_CP127389.1|3551443-3555913|-|WP_285804945.1,WP_285804944.1,WP_069369783.1,WP_151436160.1	C47_EXCLUDED_Proteus_appendicitidis_GCF_030271835.1	GCF_030271835.1	Proteus appendicitidis	Fld_Lineage	-	9	no	Other	WP_151436155.1	3545395	3545679	-		ferredoxin family protein
FLDCORE|GCF_030271835.1|NZ_CP127389.1|3551443-3555913|-|WP_285804945.1,WP_285804944.1,WP_069369783.1,WP_151436160.1	C47_EXCLUDED_Proteus_appendicitidis_GCF_030271835.1	GCF_030271835.1	Proteus appendicitidis	Fld_Lineage	-	8	no	Other	WP_285804941.1	3545676	3546962	-		FAD-dependent oxidoreductase
FLDCORE|GCF_030271835.1|NZ_CP127389.1|3551443-3555913|-|WP_285804945.1,WP_285804944.1,WP_069369783.1,WP_151436160.1	C47_EXCLUDED_Proteus_appendicitidis_GCF_030271835.1	GCF_030271835.1	Proteus appendicitidis	Fld_Lineage	-	7	no	EtfA	WP_285804942.1	3547025	3547966	-	PF00766;PF01012	FAD-binding protein
FLDCORE|GCF_030271835.1|NZ_CP127389.1|3551443-3555913|-|WP_285804945.1,WP_285804944.1,WP_069369783.1,WP_151436160.1	C47_EXCLUDED_Proteus_appendicitidis_GCF_030271835.1	GCF_030271835.1	Proteus appendicitidis	Fld_Lineage	-	6	no	EtfB	WP_285804943.1	3547978	3548754	-	PF01012	putative electron transfer flavoprotein FixA
FLDCORE|GCF_030271835.1|NZ_CP127389.1|3551443-3555913|-|WP_285804945.1,WP_285804944.1,WP_069369783.1,WP_151436160.1	C47_EXCLUDED_Proteus_appendicitidis_GCF_030271835.1	GCF_030271835.1	Proteus appendicitidis	Fld_Lineage	-	5	no	AcdA	WP_151436159.1	3548808	3549947	-	PF00441;PF02770;PF02771	acyl-CoA dehydrogenase family protein
FLDCORE|GCF_030271835.1|NZ_CP127389.1|3551443-3555913|-|WP_285804945.1,WP_285804944.1,WP_069369783.1,WP_151436160.1	C47_EXCLUDED_Proteus_appendicitidis_GCF_030271835.1	GCF_030271835.1	Proteus appendicitidis	Fld_Lineage	-	4	no	Other	WP_072069069.1	3550043	3551362	-		GntP family permease
FLDCORE|GCF_030271835.1|NZ_CP127389.1|3551443-3555913|-|WP_285804945.1,WP_285804944.1,WP_069369783.1,WP_151436160.1	C47_EXCLUDED_Proteus_appendicitidis_GCF_030271835.1	GCF_030271835.1	Proteus appendicitidis	Fld_Lineage	-	3	yes	FldC	WP_151436160.1	3551443	3552576	-	PF06050	2-hydroxyacyl-CoA dehydratase subunit D
FLDCORE|GCF_030271835.1|NZ_CP127389.1|3551443-3555913|-|WP_285804945.1,WP_285804944.1,WP_069369783.1,WP_151436160.1	C47_EXCLUDED_Proteus_appendicitidis_GCF_030271835.1	GCF_030271835.1	Proteus appendicitidis	Fld_Lineage	-	2	yes	FldB	WP_069369783.1	3552576	3553817	-	PF06050	2-hydroxyacyl-CoA dehydratase subunit D
FLDCORE|GCF_030271835.1|NZ_CP127389.1|3551443-3555913|-|WP_285804945.1,WP_285804944.1,WP_069369783.1,WP_151436160.1	C47_EXCLUDED_Proteus_appendicitidis_GCF_030271835.1	GCF_030271835.1	Proteus appendicitidis	Fld_Lineage	-	1	yes	FldI	WP_285804944.1	3553814	3554641	-	PF01869	acyl-CoA dehydratase activase
FLDCORE|GCF_030271835.1|NZ_CP127389.1|3551443-3555913|-|WP_285804945.1,WP_285804944.1,WP_069369783.1,WP_151436160.1	C47_EXCLUDED_Proteus_appendicitidis_GCF_030271835.1	GCF_030271835.1	Proteus appendicitidis	Fld_Lineage	-	0	yes	FldA	WP_285804945.1	3554678	3555913	-	PF02515	CaiB/BaiF CoA transferase family protein
FLDCORE|GCF_030271835.1|NZ_CP127389.1|3551443-3555913|-|WP_285804945.1,WP_285804944.1,WP_069369783.1,WP_151436160.1	C47_EXCLUDED_Proteus_appendicitidis_GCF_030271835.1	GCF_030271835.1	Proteus appendicitidis	Fld_Lineage	-	-1	no	Other	WP_285804946.1	3555980	3557617	-		AMP-binding protein
FLDCORE|GCF_030271835.1|NZ_CP127389.1|3551443-3555913|-|WP_285804945.1,WP_285804944.1,WP_069369783.1,WP_151436160.1	C47_EXCLUDED_Proteus_appendicitidis_GCF_030271835.1	GCF_030271835.1	Proteus appendicitidis	Fld_Lineage	-	-2	no	Other	WP_196734875.1	3558106	3559260	+		AAA family ATPase
FLDCORE|GCF_030271835.1|NZ_CP127389.1|3551443-3555913|-|WP_285804945.1,WP_285804944.1,WP_069369783.1,WP_151436160.1	C47_EXCLUDED_Proteus_appendicitidis_GCF_030271835.1	GCF_030271835.1	Proteus appendicitidis	Fld_Lineage	-	-3	no	Other	WP_196734876.1	3559264	3560013	+		hypothetical protein
FLDCORE|GCF_030271835.1|NZ_CP127389.1|3551443-3555913|-|WP_285804945.1,WP_285804944.1,WP_069369783.1,WP_151436160.1	C47_EXCLUDED_Proteus_appendicitidis_GCF_030271835.1	GCF_030271835.1	Proteus appendicitidis	Fld_Lineage	-	-4	no	FldX	WP_285804947.1	3560056	3561381	-	PF07690	MFS transporter
FLDCORE|GCF_030271835.1|NZ_CP127389.1|3551443-3555913|-|WP_285804945.1,WP_285804944.1,WP_069369783.1,WP_151436160.1	C47_EXCLUDED_Proteus_appendicitidis_GCF_030271835.1	GCF_030271835.1	Proteus appendicitidis	Fld_Lineage	-	-5	no	Other	WP_023582978.1	3561468	3561755	-		ferredoxin-like protein FixX
FLDCORE|GCF_030271835.1|NZ_CP127389.1|3551443-3555913|-|WP_285804945.1,WP_285804944.1,WP_069369783.1,WP_151436160.1	C47_EXCLUDED_Proteus_appendicitidis_GCF_030271835.1	GCF_030271835.1	Proteus appendicitidis	Fld_Lineage	-	-6	no	Other	WP_285804948.1	3561752	3563044	-		FAD-dependent oxidoreductase FixC
FLDCORE|GCF_030271835.1|NZ_CP127389.1|3551443-3555913|-|WP_285804945.1,WP_285804944.1,WP_069369783.1,WP_151436160.1	C47_EXCLUDED_Proteus_appendicitidis_GCF_030271835.1	GCF_030271835.1	Proteus appendicitidis	Fld_Lineage	-	-7	no	EtfA	WP_285804949.1	3563102	3564040	-	PF00766;PF01012	FAD-binding protein
FLDCORE|GCF_030271835.1|NZ_CP127389.1|3551443-3555913|-|WP_285804945.1,WP_285804944.1,WP_069369783.1,WP_151436160.1	C47_EXCLUDED_Proteus_appendicitidis_GCF_030271835.1	GCF_030271835.1	Proteus appendicitidis	Fld_Lineage	-	-8	no	EtfB	WP_285804950.1	3564052	3564825	-	PF01012	electron transfer flavoprotein FixA
FLDCORE|GCF_030271835.1|NZ_CP127389.1|3551443-3555913|-|WP_285804945.1,WP_285804944.1,WP_069369783.1,WP_151436160.1	C47_EXCLUDED_Proteus_appendicitidis_GCF_030271835.1	GCF_030271835.1	Proteus appendicitidis	Fld_Lineage	-	-9	no	Other	WP_285804951.1	3565426	3566940	+		L-carnitine/gamma-butyrobetaine antiporter
FLDCORE|GCF_030271835.1|NZ_CP127389.1|3551443-3555913|-|WP_285804945.1,WP_285804944.1,WP_069369783.1,WP_151436160.1	C47_EXCLUDED_Proteus_appendicitidis_GCF_030271835.1	GCF_030271835.1	Proteus appendicitidis	Fld_Lineage	-	-10	no	AcdA	WP_285804952.1	3566982	3568124	+	PF00441;PF02770;PF02771	crotonobetainyl-CoA dehydrogenase
FLDCORE|GCF_030286765.1|NZ_JASVWV010000010.1|28824-33294|-|WP_109398253.1,WP_286039250.1,WP_023582973.1,WP_109398251.1	C48_EXCLUDED_Proteus_faecis_GCF_030286765.1	GCF_030286765.1	Proteus faecis	Fld_Lineage	-	13	no	Other	WP_109398241.1	18451	18732	-		helix-turn-helix domain-containing protein
FLDCORE|GCF_030286765.1|NZ_JASVWV010000010.1|28824-33294|-|WP_109398253.1,WP_286039250.1,WP_023582973.1,WP_109398251.1	C48_EXCLUDED_Proteus_faecis_GCF_030286765.1	GCF_030286765.1	Proteus faecis	Fld_Lineage	-	12	no	Other	WP_109398242.1	19174	19965	+		helix-turn-helix transcriptional regulator
FLDCORE|GCF_030286765.1|NZ_JASVWV010000010.1|28824-33294|-|WP_109398253.1,WP_286039250.1,WP_023582973.1,WP_109398251.1	C48_EXCLUDED_Proteus_faecis_GCF_030286765.1	GCF_030286765.1	Proteus faecis	Fld_Lineage	-	11	no	Other	WP_109398243.1	19944	20798	-		helix-turn-helix domain-containing protein
FLDCORE|GCF_030286765.1|NZ_JASVWV010000010.1|28824-33294|-|WP_109398253.1,WP_286039250.1,WP_023582973.1,WP_109398251.1	C48_EXCLUDED_Proteus_faecis_GCF_030286765.1	GCF_030286765.1	Proteus faecis	Fld_Lineage	-	10	no	Other	WP_109398244.1	21736	22701	+		helix-turn-helix domain-containing protein
FLDCORE|GCF_030286765.1|NZ_JASVWV010000010.1|28824-33294|-|WP_109398253.1,WP_286039250.1,WP_023582973.1,WP_109398251.1	C48_EXCLUDED_Proteus_faecis_GCF_030286765.1	GCF_030286765.1	Proteus faecis	Fld_Lineage	-	9	no	Other	WP_060556296.1	22775	23059	-		ferredoxin
FLDCORE|GCF_030286765.1|NZ_JASVWV010000010.1|28824-33294|-|WP_109398253.1,WP_286039250.1,WP_023582973.1,WP_109398251.1	C48_EXCLUDED_Proteus_faecis_GCF_030286765.1	GCF_030286765.1	Proteus faecis	Fld_Lineage	-	8	no	Other	WP_286039249.1	23056	24342	-		FAD-dependent oxidoreductase
FLDCORE|GCF_030286765.1|NZ_JASVWV010000010.1|28824-33294|-|WP_109398253.1,WP_286039250.1,WP_023582973.1,WP_109398251.1	C48_EXCLUDED_Proteus_faecis_GCF_030286765.1	GCF_030286765.1	Proteus faecis	Fld_Lineage	-	7	no	EtfA	WP_109398247.1	24406	25347	-	PF00766;PF01012	FAD-binding protein
FLDCORE|GCF_030286765.1|NZ_JASVWV010000010.1|28824-33294|-|WP_109398253.1,WP_286039250.1,WP_023582973.1,WP_109398251.1	C48_EXCLUDED_Proteus_faecis_GCF_030286765.1	GCF_030286765.1	Proteus faecis	Fld_Lineage	-	6	no	EtfB	WP_109398248.1	25359	26135	-	PF01012	putative electron transfer flavoprotein FixA
FLDCORE|GCF_030286765.1|NZ_JASVWV010000010.1|28824-33294|-|WP_109398253.1,WP_286039250.1,WP_023582973.1,WP_109398251.1	C48_EXCLUDED_Proteus_faecis_GCF_030286765.1	GCF_030286765.1	Proteus faecis	Fld_Lineage	-	5	no	AcdA	WP_109398249.1	26189	27328	-	PF00441;PF02770;PF02771	acyl-CoA dehydrogenase family protein
FLDCORE|GCF_030286765.1|NZ_JASVWV010000010.1|28824-33294|-|WP_109398253.1,WP_286039250.1,WP_023582973.1,WP_109398251.1	C48_EXCLUDED_Proteus_faecis_GCF_030286765.1	GCF_030286765.1	Proteus faecis	Fld_Lineage	-	4	no	Other	WP_109398250.1	27424	28743	-		GntP family permease
FLDCORE|GCF_030286765.1|NZ_JASVWV010000010.1|28824-33294|-|WP_109398253.1,WP_286039250.1,WP_023582973.1,WP_109398251.1	C48_EXCLUDED_Proteus_faecis_GCF_030286765.1	GCF_030286765.1	Proteus faecis	Fld_Lineage	-	3	yes	FldC	WP_109398251.1	28824	29957	-	PF06050	2-hydroxyacyl-CoA dehydratase subunit D
FLDCORE|GCF_030286765.1|NZ_JASVWV010000010.1|28824-33294|-|WP_109398253.1,WP_286039250.1,WP_023582973.1,WP_109398251.1	C48_EXCLUDED_Proteus_faecis_GCF_030286765.1	GCF_030286765.1	Proteus faecis	Fld_Lineage	-	2	yes	FldB	WP_023582973.1	29957	31198	-	PF06050	2-hydroxyacyl-CoA dehydratase subunit D
FLDCORE|GCF_030286765.1|NZ_JASVWV010000010.1|28824-33294|-|WP_109398253.1,WP_286039250.1,WP_023582973.1,WP_109398251.1	C48_EXCLUDED_Proteus_faecis_GCF_030286765.1	GCF_030286765.1	Proteus faecis	Fld_Lineage	-	1	yes	FldI	WP_286039250.1	31195	32022	-	PF01869	acyl-CoA dehydratase activase
FLDCORE|GCF_030286765.1|NZ_JASVWV010000010.1|28824-33294|-|WP_109398253.1,WP_286039250.1,WP_023582973.1,WP_109398251.1	C48_EXCLUDED_Proteus_faecis_GCF_030286765.1	GCF_030286765.1	Proteus faecis	Fld_Lineage	-	0	yes	FldA	WP_109398253.1	32059	33294	-	PF02515	CaiB/BaiF CoA transferase family protein
FLDCORE|GCF_030286765.1|NZ_JASVWV010000010.1|28824-33294|-|WP_109398253.1,WP_286039250.1,WP_023582973.1,WP_109398251.1	C48_EXCLUDED_Proteus_faecis_GCF_030286765.1	GCF_030286765.1	Proteus faecis	Fld_Lineage	-	-1	no	Other	WP_109407017.1	33361	34998	-		AMP-binding protein
FLDCORE|GCF_030286765.1|NZ_JASVWV010000010.1|28824-33294|-|WP_109398253.1,WP_286039250.1,WP_023582973.1,WP_109398251.1	C48_EXCLUDED_Proteus_faecis_GCF_030286765.1	GCF_030286765.1	Proteus faecis	Fld_Lineage	-	-2	no	FldX	WP_109398255.1	35469	36791	-	PF07690	MFS transporter
FLDCORE|GCF_030286765.1|NZ_JASVWV010000010.1|28824-33294|-|WP_109398253.1,WP_286039250.1,WP_023582973.1,WP_109398251.1	C48_EXCLUDED_Proteus_faecis_GCF_030286765.1	GCF_030286765.1	Proteus faecis	Fld_Lineage	-	-3	no	Other	WP_023582978.1	36875	37162	-		ferredoxin-like protein FixX
FLDCORE|GCF_030286765.1|NZ_JASVWV010000010.1|28824-33294|-|WP_109398253.1,WP_286039250.1,WP_023582973.1,WP_109398251.1	C48_EXCLUDED_Proteus_faecis_GCF_030286765.1	GCF_030286765.1	Proteus faecis	Fld_Lineage	-	-4	no	Other	WP_286039251.1	37159	38451	-		FAD-dependent oxidoreductase FixC
FLDCORE|GCF_030286765.1|NZ_JASVWV010000010.1|28824-33294|-|WP_109398253.1,WP_286039250.1,WP_023582973.1,WP_109398251.1	C48_EXCLUDED_Proteus_faecis_GCF_030286765.1	GCF_030286765.1	Proteus faecis	Fld_Lineage	-	-5	no	EtfA	WP_286039252.1	38509	39447	-	PF00766;PF01012	FAD-binding protein
FLDCORE|GCF_030286765.1|NZ_JASVWV010000010.1|28824-33294|-|WP_109398253.1,WP_286039250.1,WP_023582973.1,WP_109398251.1	C48_EXCLUDED_Proteus_faecis_GCF_030286765.1	GCF_030286765.1	Proteus faecis	Fld_Lineage	-	-6	no	EtfB	WP_109398258.1	39459	40232	-	PF01012	electron transfer flavoprotein FixA
FLDCORE|GCF_030286765.1|NZ_JASVWV010000010.1|28824-33294|-|WP_109398253.1,WP_286039250.1,WP_023582973.1,WP_109398251.1	C48_EXCLUDED_Proteus_faecis_GCF_030286765.1	GCF_030286765.1	Proteus faecis	Fld_Lineage	-	-7	no	Other	WP_109398259.1	40833	42347	+		L-carnitine/gamma-butyrobetaine antiporter
FLDCORE|GCF_030286765.1|NZ_JASVWV010000010.1|28824-33294|-|WP_109398253.1,WP_286039250.1,WP_023582973.1,WP_109398251.1	C48_EXCLUDED_Proteus_faecis_GCF_030286765.1	GCF_030286765.1	Proteus faecis	Fld_Lineage	-	-8	no	AcdA	WP_286039253.1	42389	43531	+	PF00441;PF02770;PF02771	crotonobetainyl-CoA dehydrogenase
FLDCORE|GCF_030286765.1|NZ_JASVWV010000010.1|28824-33294|-|WP_109398253.1,WP_286039250.1,WP_023582973.1,WP_109398251.1	C48_EXCLUDED_Proteus_faecis_GCF_030286765.1	GCF_030286765.1	Proteus faecis	Fld_Lineage	-	-9	no	FldA	WP_109398260.1	43601	44821	+	PF02515	L-carnitine CoA-transferase
FLDCORE|GCF_030286765.1|NZ_JASVWV010000010.1|28824-33294|-|WP_109398253.1,WP_286039250.1,WP_023582973.1,WP_109398251.1	C48_EXCLUDED_Proteus_faecis_GCF_030286765.1	GCF_030286765.1	Proteus faecis	Fld_Lineage	-	-10	no	Other	WP_286039254.1	44896	46452	+		crotonobetaine/carnitine-CoA ligase
FLDCORE|GCF_900235925.1|NZ_UHJK01000001.1|3982201-3986549|+|WP_050740557.1,WP_050740558.1,WP_050740559.1,WP_050740560.1	C49_HIGH_CONF_Acetobacterium_bakii_GCF_900235925.1	GCF_900235925.1	Acetobacterium bakii	Fld_Lineage	+	-10	no	FldX	WP_050740548.1	3968984	3970165	+	PF07690	MFS transporter
FLDCORE|GCF_900235925.1|NZ_UHJK01000001.1|3982201-3986549|+|WP_050740557.1,WP_050740558.1,WP_050740559.1,WP_050740560.1	C49_HIGH_CONF_Acetobacterium_bakii_GCF_900235925.1	GCF_900235925.1	Acetobacterium bakii	Fld_Lineage	+	-9	no	Other	WP_050740549.1	3970394	3973504	-		MMPL family transporter
FLDCORE|GCF_900235925.1|NZ_UHJK01000001.1|3982201-3986549|+|WP_050740557.1,WP_050740558.1,WP_050740559.1,WP_050740560.1	C49_HIGH_CONF_Acetobacterium_bakii_GCF_900235925.1	GCF_900235925.1	Acetobacterium bakii	Fld_Lineage	+	-8	no	Other	WP_050740550.1	3973762	3974373	+		TetR/AcrR family transcriptional regulator
FLDCORE|GCF_900235925.1|NZ_UHJK01000001.1|3982201-3986549|+|WP_050740557.1,WP_050740558.1,WP_050740559.1,WP_050740560.1	C49_HIGH_CONF_Acetobacterium_bakii_GCF_900235925.1	GCF_900235925.1	Acetobacterium bakii	Fld_Lineage	+	-7	no	Other	WP_050740551.1	3974665	3976179	+		cardiolipin synthase
FLDCORE|GCF_900235925.1|NZ_UHJK01000001.1|3982201-3986549|+|WP_050740557.1,WP_050740558.1,WP_050740559.1,WP_050740560.1	C49_HIGH_CONF_Acetobacterium_bakii_GCF_900235925.1	GCF_900235925.1	Acetobacterium bakii	Fld_Lineage	+	-6	no	Other	WP_050740552.1	3976320	3978233	-		sensor domain-containing diguanylate cyclase
FLDCORE|GCF_900235925.1|NZ_UHJK01000001.1|3982201-3986549|+|WP_050740557.1,WP_050740558.1,WP_050740559.1,WP_050740560.1	C49_HIGH_CONF_Acetobacterium_bakii_GCF_900235925.1	GCF_900235925.1	Acetobacterium bakii	Fld_Lineage	+	-5	no	Other	WP_050740553.1	3978643	3979554	+		serine/threonine-protein kinase
FLDCORE|GCF_900235925.1|NZ_UHJK01000001.1|3982201-3986549|+|WP_050740557.1,WP_050740558.1,WP_050740559.1,WP_050740560.1	C49_HIGH_CONF_Acetobacterium_bakii_GCF_900235925.1	GCF_900235925.1	Acetobacterium bakii	Fld_Lineage	+	-4	no	Other	WP_278277935.1	3979587	3979718	+		hypothetical protein
FLDCORE|GCF_900235925.1|NZ_UHJK01000001.1|3982201-3986549|+|WP_050740557.1,WP_050740558.1,WP_050740559.1,WP_050740560.1	C49_HIGH_CONF_Acetobacterium_bakii_GCF_900235925.1	GCF_900235925.1	Acetobacterium bakii	Fld_Lineage	+	-3	no	Other	WP_050740554.1	3979745	3979954	+		hypothetical protein
FLDCORE|GCF_900235925.1|NZ_UHJK01000001.1|3982201-3986549|+|WP_050740557.1,WP_050740558.1,WP_050740559.1,WP_050740560.1	C49_HIGH_CONF_Acetobacterium_bakii_GCF_900235925.1	GCF_900235925.1	Acetobacterium bakii	Fld_Lineage	+	-2	no	Other	WP_050740555.1	3980064	3981032	+		MBL fold metallo-hydrolase
FLDCORE|GCF_900235925.1|NZ_UHJK01000001.1|3982201-3986549|+|WP_050740557.1,WP_050740558.1,WP_050740559.1,WP_050740560.1	C49_HIGH_CONF_Acetobacterium_bakii_GCF_900235925.1	GCF_900235925.1	Acetobacterium bakii	Fld_Lineage	+	-1	no	Other	WP_050740556.1	3981237	3981920	-		GntR family transcriptional regulator
FLDCORE|GCF_900235925.1|NZ_UHJK01000001.1|3982201-3986549|+|WP_050740557.1,WP_050740558.1,WP_050740559.1,WP_050740560.1	C49_HIGH_CONF_Acetobacterium_bakii_GCF_900235925.1	GCF_900235925.1	Acetobacterium bakii	Fld_Lineage	+	0	yes	FldA	WP_050740557.1	3982201	3983403	+	PF02515	CaiB/BaiF CoA transferase family protein
FLDCORE|GCF_900235925.1|NZ_UHJK01000001.1|3982201-3986549|+|WP_050740557.1,WP_050740558.1,WP_050740559.1,WP_050740560.1	C49_HIGH_CONF_Acetobacterium_bakii_GCF_900235925.1	GCF_900235925.1	Acetobacterium bakii	Fld_Lineage	+	1	yes	FldI	WP_050740558.1	3983403	3984191	+	PF01869	acyl-CoA dehydratase activase
FLDCORE|GCF_900235925.1|NZ_UHJK01000001.1|3982201-3986549|+|WP_050740557.1,WP_050740558.1,WP_050740559.1,WP_050740560.1	C49_HIGH_CONF_Acetobacterium_bakii_GCF_900235925.1	GCF_900235925.1	Acetobacterium bakii	Fld_Lineage	+	2	yes	FldB	WP_050740559.1	3984191	3985423	+	PF06050	2-hydroxyacyl-CoA dehydratase subunit D
FLDCORE|GCF_900235925.1|NZ_UHJK01000001.1|3982201-3986549|+|WP_050740557.1,WP_050740558.1,WP_050740559.1,WP_050740560.1	C49_HIGH_CONF_Acetobacterium_bakii_GCF_900235925.1	GCF_900235925.1	Acetobacterium bakii	Fld_Lineage	+	3	yes	FldC	WP_050740560.1	3985425	3986549	+	PF06050	2-hydroxyacyl-CoA dehydratase subunit D
FLDCORE|GCF_900235925.1|NZ_UHJK01000001.1|3982201-3986549|+|WP_050740557.1,WP_050740558.1,WP_050740559.1,WP_050740560.1	C49_HIGH_CONF_Acetobacterium_bakii_GCF_900235925.1	GCF_900235925.1	Acetobacterium bakii	Fld_Lineage	+	4	no	Other	WP_050740561.1	3986554	3988122	+		class I adenylate-forming enzyme family protein
FLDCORE|GCF_900235925.1|NZ_UHJK01000001.1|3982201-3986549|+|WP_050740557.1,WP_050740558.1,WP_050740559.1,WP_050740560.1	C49_HIGH_CONF_Acetobacterium_bakii_GCF_900235925.1	GCF_900235925.1	Acetobacterium bakii	Fld_Lineage	+	5	no	AcdA	WP_050740562.1	3988112	3989251	+	PF00441;PF02770;PF02771	acyl-CoA dehydrogenase family protein
FLDCORE|GCF_900235925.1|NZ_UHJK01000001.1|3982201-3986549|+|WP_050740557.1,WP_050740558.1,WP_050740559.1,WP_050740560.1	C49_HIGH_CONF_Acetobacterium_bakii_GCF_900235925.1	GCF_900235925.1	Acetobacterium bakii	Fld_Lineage	+	6	no	EtfB	WP_050740563.1	3989301	3990086	+	PF01012	electron transfer flavoprotein subunit beta
FLDCORE|GCF_900235925.1|NZ_UHJK01000001.1|3982201-3986549|+|WP_050740557.1,WP_050740558.1,WP_050740559.1,WP_050740560.1	C49_HIGH_CONF_Acetobacterium_bakii_GCF_900235925.1	GCF_900235925.1	Acetobacterium bakii	Fld_Lineage	+	7	no	EtfA	WP_050740564.1	3990102	3991286	+	PF00766;PF01012	FAD-binding protein
FLDCORE|GCF_900235925.1|NZ_UHJK01000001.1|3982201-3986549|+|WP_050740557.1,WP_050740558.1,WP_050740559.1,WP_050740560.1	C49_HIGH_CONF_Acetobacterium_bakii_GCF_900235925.1	GCF_900235925.1	Acetobacterium bakii	Fld_Lineage	+	8	no	FldX	WP_050740565.1	3991320	3992702	+	PF07690	MFS transporter
FLDCORE|GCF_900235925.1|NZ_UHJK01000001.1|3982201-3986549|+|WP_050740557.1,WP_050740558.1,WP_050740559.1,WP_050740560.1	C49_HIGH_CONF_Acetobacterium_bakii_GCF_900235925.1	GCF_900235925.1	Acetobacterium bakii	Fld_Lineage	+	9	no	Other	WP_050740566.1	3993260	3994678	+		sodium:solute symporter family protein
FLDCORE|GCF_900235925.1|NZ_UHJK01000001.1|3982201-3986549|+|WP_050740557.1,WP_050740558.1,WP_050740559.1,WP_050740560.1	C49_HIGH_CONF_Acetobacterium_bakii_GCF_900235925.1	GCF_900235925.1	Acetobacterium bakii	Fld_Lineage	+	10	no	Other	WP_050740567.1	3995215	3997254	+		3-hydroxyacyl-CoA dehydrogenase/enoyl-CoA hydratase family protein
FLDCORE|GCF_900235925.1|NZ_UHJK01000001.1|3982201-3986549|+|WP_050740557.1,WP_050740558.1,WP_050740559.1,WP_050740560.1	C49_HIGH_CONF_Acetobacterium_bakii_GCF_900235925.1	GCF_900235925.1	Acetobacterium bakii	Fld_Lineage	+	11	no	Other	WP_115028354.1	3997465	3998646	+		thiolase family protein
FLDCORE|GCF_900235925.1|NZ_UHJK01000001.1|3982201-3986549|+|WP_050740557.1,WP_050740558.1,WP_050740559.1,WP_050740560.1	C49_HIGH_CONF_Acetobacterium_bakii_GCF_900235925.1	GCF_900235925.1	Acetobacterium bakii	Fld_Lineage	+	12	no	FldA	WP_050741944.1	3998853	4000088	+	PF02515	CaiB/BaiF CoA transferase family protein
FLDCORE|GCF_900235925.1|NZ_UHJK01000001.1|3982201-3986549|+|WP_050740557.1,WP_050740558.1,WP_050740559.1,WP_050740560.1	C49_HIGH_CONF_Acetobacterium_bakii_GCF_900235925.1	GCF_900235925.1	Acetobacterium bakii	Fld_Lineage	+	13	no	Other	WP_050741945.1	4000171	4000764	+		TetR/AcrR family transcriptional regulator
FLDCORE|GCF_900240845.1|NZ_OERU01000001.1|6147-10601|-|WP_101772206.1,WP_101772205.1,WP_101772204.1,WP_101772203.1	C50_HIGH_CONF_Peptostreptococcus_faecal_GCF_900240845.1	GCF_900240845.1	Peptostreptococcus faecalis	Fld_Lineage	-	9	no	Other	WP_145994483.1	1	403	-		aminotransferase class I/II-fold pyridoxal phosphate-dependent enzyme
FLDCORE|GCF_900240845.1|NZ_OERU01000001.1|6147-10601|-|WP_101772206.1,WP_101772205.1,WP_101772204.1,WP_101772203.1	C50_HIGH_CONF_Peptostreptococcus_faecal_GCF_900240845.1	GCF_900240845.1	Peptostreptococcus faecalis	Fld_Lineage	-	8	no	Other	WP_101772198.1	540	1871	-		branched-chain amino acid transport system II carrier protein
FLDCORE|GCF_900240845.1|NZ_OERU01000001.1|6147-10601|-|WP_101772206.1,WP_101772205.1,WP_101772204.1,WP_101772203.1	C50_HIGH_CONF_Peptostreptococcus_faecal_GCF_900240845.1	GCF_900240845.1	Peptostreptococcus faecalis	Fld_Lineage	-	7	no	FldH	WP_101772199.1	1918	2910	-	PF00389;PF02826	NAD(P)-dependent oxidoreductase
FLDCORE|GCF_900240845.1|NZ_OERU01000001.1|6147-10601|-|WP_101772206.1,WP_101772205.1,WP_101772204.1,WP_101772203.1	C50_HIGH_CONF_Peptostreptococcus_faecal_GCF_900240845.1	GCF_900240845.1	Peptostreptococcus faecalis	Fld_Lineage	-	6	no	EtfA	WP_101772200.1	3108	4115	-	PF00766;PF01012	electron transfer flavoprotein subunit alpha/FixB family protein
FLDCORE|GCF_900240845.1|NZ_OERU01000001.1|6147-10601|-|WP_101772206.1,WP_101772205.1,WP_101772204.1,WP_101772203.1	C50_HIGH_CONF_Peptostreptococcus_faecal_GCF_900240845.1	GCF_900240845.1	Peptostreptococcus faecalis	Fld_Lineage	-	5	no	EtfB	WP_101772201.1	4173	4964	-	PF01012	electron transfer flavoprotein subunit beta/FixA family protein
FLDCORE|GCF_900240845.1|NZ_OERU01000001.1|6147-10601|-|WP_101772206.1,WP_101772205.1,WP_101772204.1,WP_101772203.1	C50_HIGH_CONF_Peptostreptococcus_faecal_GCF_900240845.1	GCF_900240845.1	Peptostreptococcus faecalis	Fld_Lineage	-	4	no	AcdA	WP_101772202.1	4981	6114	-	PF00441;PF02770;PF02771	acyl-CoA dehydrogenase family protein
FLDCORE|GCF_900240845.1|NZ_OERU01000001.1|6147-10601|-|WP_101772206.1,WP_101772205.1,WP_101772204.1,WP_101772203.1	C50_HIGH_CONF_Peptostreptococcus_faecal_GCF_900240845.1	GCF_900240845.1	Peptostreptococcus faecalis	Fld_Lineage	-	3	yes	FldC	WP_101772203.1	6147	7265	-	PF06050	2-hydroxyacyl-CoA dehydratase subunit D
FLDCORE|GCF_900240845.1|NZ_OERU01000001.1|6147-10601|-|WP_101772206.1,WP_101772205.1,WP_101772204.1,WP_101772203.1	C50_HIGH_CONF_Peptostreptococcus_faecal_GCF_900240845.1	GCF_900240845.1	Peptostreptococcus faecalis	Fld_Lineage	-	2	yes	FldB	WP_101772204.1	7267	8502	-	PF06050	2-hydroxyacyl-CoA dehydratase subunit D
FLDCORE|GCF_900240845.1|NZ_OERU01000001.1|6147-10601|-|WP_101772206.1,WP_101772205.1,WP_101772204.1,WP_101772203.1	C50_HIGH_CONF_Peptostreptococcus_faecal_GCF_900240845.1	GCF_900240845.1	Peptostreptococcus faecalis	Fld_Lineage	-	1	yes	FldI	WP_101772205.1	8518	9306	-	PF01869	acyl-CoA dehydratase activase
FLDCORE|GCF_900240845.1|NZ_OERU01000001.1|6147-10601|-|WP_101772206.1,WP_101772205.1,WP_101772204.1,WP_101772203.1	C50_HIGH_CONF_Peptostreptococcus_faecal_GCF_900240845.1	GCF_900240845.1	Peptostreptococcus faecalis	Fld_Lineage	-	0	yes	FldA	WP_101772206.1	9363	10601	-	PF02515	CaiB/BaiF CoA transferase family protein
FLDCORE|GCF_900240845.1|NZ_OERU01000001.1|6147-10601|-|WP_101772206.1,WP_101772205.1,WP_101772204.1,WP_101772203.1	C50_HIGH_CONF_Peptostreptococcus_faecal_GCF_900240845.1	GCF_900240845.1	Peptostreptococcus faecalis	Fld_Lineage	-	-1	no	Other	WP_101772207.1	10666	12225	-		class I adenylate-forming enzyme family protein
FLDCORE|GCF_900240845.1|NZ_OERU01000001.1|6147-10601|-|WP_101772206.1,WP_101772205.1,WP_101772204.1,WP_101772203.1	C50_HIGH_CONF_Peptostreptococcus_faecal_GCF_900240845.1	GCF_900240845.1	Peptostreptococcus faecalis	Fld_Lineage	-	-2	no	Other	WP_101772208.1	12449	13111	-		GntR family transcriptional regulator
FLDCORE|GCF_900240845.1|NZ_OERU01000001.1|6147-10601|-|WP_101772206.1,WP_101772205.1,WP_101772204.1,WP_101772203.1	C50_HIGH_CONF_Peptostreptococcus_faecal_GCF_900240845.1	GCF_900240845.1	Peptostreptococcus faecalis	Fld_Lineage	-	-3	no	Other	WP_101772209.1	13413	14714	-		thymidine phosphorylase
FLDCORE|GCF_900240845.1|NZ_OERU01000001.1|6147-10601|-|WP_101772206.1,WP_101772205.1,WP_101772204.1,WP_101772203.1	C50_HIGH_CONF_Peptostreptococcus_faecal_GCF_900240845.1	GCF_900240845.1	Peptostreptococcus faecalis	Fld_Lineage	-	-4	no	Other	WP_101772210.1	14740	15402	-		deoxyribose-phosphate aldolase
FLDCORE|GCF_900240845.1|NZ_OERU01000001.1|6147-10601|-|WP_101772206.1,WP_101772205.1,WP_101772204.1,WP_101772203.1	C50_HIGH_CONF_Peptostreptococcus_faecal_GCF_900240845.1	GCF_900240845.1	Peptostreptococcus faecalis	Fld_Lineage	-	-5	no	Other	WP_101772211.1	15552	16088	+		prolyl-tRNA synthetase associated domain-containing protein
FLDCORE|GCF_900240845.1|NZ_OERU01000001.1|6147-10601|-|WP_101772206.1,WP_101772205.1,WP_101772204.1,WP_101772203.1	C50_HIGH_CONF_Peptostreptococcus_faecal_GCF_900240845.1	GCF_900240845.1	Peptostreptococcus faecalis	Fld_Lineage	-	-6	no	Other	WP_207653223.1	16747	18018	+		cation:dicarboxylate symporter family transporter
FLDCORE|GCF_900240845.1|NZ_OERU01000001.1|6147-10601|-|WP_101772206.1,WP_101772205.1,WP_101772204.1,WP_101772203.1	C50_HIGH_CONF_Peptostreptococcus_faecal_GCF_900240845.1	GCF_900240845.1	Peptostreptococcus faecalis	Fld_Lineage	-	-7	no	Other	WP_101772213.1	18199	20907	-		YfhO family protein
FLDCORE|GCF_900240845.1|NZ_OERU01000001.1|6147-10601|-|WP_101772206.1,WP_101772205.1,WP_101772204.1,WP_101772203.1	C50_HIGH_CONF_Peptostreptococcus_faecal_GCF_900240845.1	GCF_900240845.1	Peptostreptococcus faecalis	Fld_Lineage	-	-8	no	Other	WP_101772214.1	21190	22566	-		ATP-binding protein
FLDCORE|GCF_900240845.1|NZ_OERU01000001.1|6147-10601|-|WP_101772206.1,WP_101772205.1,WP_101772204.1,WP_101772203.1	C50_HIGH_CONF_Peptostreptococcus_faecal_GCF_900240845.1	GCF_900240845.1	Peptostreptococcus faecalis	Fld_Lineage	-	-9	no	Other		22563	23273	-		LytR/AlgR family response regulator transcription factor
FLDCORE|GCF_900240845.1|NZ_OERU01000001.1|6147-10601|-|WP_101772206.1,WP_101772205.1,WP_101772204.1,WP_101772203.1	C50_HIGH_CONF_Peptostreptococcus_faecal_GCF_900240845.1	GCF_900240845.1	Peptostreptococcus faecalis	Fld_Lineage	-	-10	no	Other	WP_101772217.1	23399	23857	-		O-acetyl-ADP-ribose deacetylase
FLDCORE|GCF_900291975.1|NZ_OMPN01000001.1|1014536-1018942|+|WP_107630945.1,WP_054327915.1,WP_054327916.1,WP_107630946.1	C51_EXCLUDED_Agathobaculum_massiliense_GCF_900291975.1	GCF_900291975.1	Agathobaculum massiliense	Had_Lineage	+	-10	no	Other	WP_054327904.1	1005891	1006148	-		TIGR03905 family TSCPD domain-containing protein
FLDCORE|GCF_900291975.1|NZ_OMPN01000001.1|1014536-1018942|+|WP_107630945.1,WP_054327915.1,WP_054327916.1,WP_107630946.1	C51_EXCLUDED_Agathobaculum_massiliense_GCF_900291975.1	GCF_900291975.1	Agathobaculum massiliense	Had_Lineage	+	-9	no	Other	WP_054327905.1	1006163	1006867	-		HAD family hydrolase
FLDCORE|GCF_900291975.1|NZ_OMPN01000001.1|1014536-1018942|+|WP_107630945.1,WP_054327915.1,WP_054327916.1,WP_107630946.1	C51_EXCLUDED_Agathobaculum_massiliense_GCF_900291975.1	GCF_900291975.1	Agathobaculum massiliense	Had_Lineage	+	-8	no	Other	WP_107630940.1	1006875	1007435	-		TIGR01440 family protein
FLDCORE|GCF_900291975.1|NZ_OMPN01000001.1|1014536-1018942|+|WP_107630945.1,WP_054327915.1,WP_054327916.1,WP_107630946.1	C51_EXCLUDED_Agathobaculum_massiliense_GCF_900291975.1	GCF_900291975.1	Agathobaculum massiliense	Had_Lineage	+	-7	no	Other	WP_054327907.1	1007562	1007759	+		spore coat associated protein CotJA
FLDCORE|GCF_900291975.1|NZ_OMPN01000001.1|1014536-1018942|+|WP_107630945.1,WP_054327915.1,WP_054327916.1,WP_107630946.1	C51_EXCLUDED_Agathobaculum_massiliense_GCF_900291975.1	GCF_900291975.1	Agathobaculum massiliense	Had_Lineage	+	-6	no	Other	WP_107630941.1	1007756	1008013	+		spore coat protein CotJB
FLDCORE|GCF_900291975.1|NZ_OMPN01000001.1|1014536-1018942|+|WP_107630945.1,WP_054327915.1,WP_054327916.1,WP_107630946.1	C51_EXCLUDED_Agathobaculum_massiliense_GCF_900291975.1	GCF_900291975.1	Agathobaculum massiliense	Had_Lineage	+	-5	no	Other	WP_107630942.1	1008181	1009074	+		LysR family transcriptional regulator
FLDCORE|GCF_900291975.1|NZ_OMPN01000001.1|1014536-1018942|+|WP_107630945.1,WP_054327915.1,WP_054327916.1,WP_107630946.1	C51_EXCLUDED_Agathobaculum_massiliense_GCF_900291975.1	GCF_900291975.1	Agathobaculum massiliense	Had_Lineage	+	-4	no	Other	WP_107630943.1	1009188	1010522	-		SLC13 family permease
FLDCORE|GCF_900291975.1|NZ_OMPN01000001.1|1014536-1018942|+|WP_107630945.1,WP_054327915.1,WP_054327916.1,WP_107630946.1	C51_EXCLUDED_Agathobaculum_massiliense_GCF_900291975.1	GCF_900291975.1	Agathobaculum massiliense	Had_Lineage	+	-3	no	Other	WP_159068071.1	1011108	1012382	+		SLC13 family permease
FLDCORE|GCF_900291975.1|NZ_OMPN01000001.1|1014536-1018942|+|WP_107630945.1,WP_054327915.1,WP_054327916.1,WP_107630946.1	C51_EXCLUDED_Agathobaculum_massiliense_GCF_900291975.1	GCF_900291975.1	Agathobaculum massiliense	Had_Lineage	+	-2	no	AcdA	WP_054327911.1	1012472	1013614	+	PF00441;PF02770;PF02771	acyl-CoA dehydrogenase family protein
FLDCORE|GCF_900291975.1|NZ_OMPN01000001.1|1014536-1018942|+|WP_107630945.1,WP_054327915.1,WP_054327916.1,WP_107630946.1	C51_EXCLUDED_Agathobaculum_massiliense_GCF_900291975.1	GCF_900291975.1	Agathobaculum massiliense	Had_Lineage	+	-1	no	Other	WP_054327912.1	1013726	1014502	+		enoyl-CoA hydratase/isomerase family protein
FLDCORE|GCF_900291975.1|NZ_OMPN01000001.1|1014536-1018942|+|WP_107630945.1,WP_054327915.1,WP_054327916.1,WP_107630946.1	C51_EXCLUDED_Agathobaculum_massiliense_GCF_900291975.1	GCF_900291975.1	Agathobaculum massiliense	Had_Lineage	+	0	yes	FldA	WP_107630945.1	1014536	1015723	+	PF02515	CaiB/BaiF CoA transferase family protein
FLDCORE|GCF_900291975.1|NZ_OMPN01000001.1|1014536-1018942|+|WP_107630945.1,WP_054327915.1,WP_054327916.1,WP_107630946.1	C51_EXCLUDED_Agathobaculum_massiliense_GCF_900291975.1	GCF_900291975.1	Agathobaculum massiliense	Had_Lineage	+	1	yes	FldI	WP_054327915.1	1015723	1016502	+	PF01869	acyl-CoA dehydratase activase
FLDCORE|GCF_900291975.1|NZ_OMPN01000001.1|1014536-1018942|+|WP_107630945.1,WP_054327915.1,WP_054327916.1,WP_107630946.1	C51_EXCLUDED_Agathobaculum_massiliense_GCF_900291975.1	GCF_900291975.1	Agathobaculum massiliense	Had_Lineage	+	2	yes	FldB	WP_054327916.1	1016541	1017818	+	PF06050	2-hydroxyacyl-CoA dehydratase subunit D
FLDCORE|GCF_900291975.1|NZ_OMPN01000001.1|1014536-1018942|+|WP_107630945.1,WP_054327915.1,WP_054327916.1,WP_107630946.1	C51_EXCLUDED_Agathobaculum_massiliense_GCF_900291975.1	GCF_900291975.1	Agathobaculum massiliense	Had_Lineage	+	3	yes	FldC	WP_107630946.1	1017818	1018942	+	PF06050	2-hydroxyacyl-CoA dehydratase subunit D
FLDCORE|GCF_900291975.1|NZ_OMPN01000001.1|1014536-1018942|+|WP_107630945.1,WP_054327915.1,WP_054327916.1,WP_107630946.1	C51_EXCLUDED_Agathobaculum_massiliense_GCF_900291975.1	GCF_900291975.1	Agathobaculum massiliense	Had_Lineage	+	4	no	EtfB	WP_054327919.1	1018984	1019787	+	PF01012	electron transfer flavoprotein subunit beta/FixA family protein
FLDCORE|GCF_900291975.1|NZ_OMPN01000001.1|1014536-1018942|+|WP_107630945.1,WP_054327915.1,WP_054327916.1,WP_107630946.1	C51_EXCLUDED_Agathobaculum_massiliense_GCF_900291975.1	GCF_900291975.1	Agathobaculum massiliense	Had_Lineage	+	5	no	EtfA	WP_054327920.1	1019804	1020808	+	PF00766;PF01012	electron transfer flavoprotein subunit alpha/FixB family protein
FLDCORE|GCF_900291975.1|NZ_OMPN01000001.1|1014536-1018942|+|WP_107630945.1,WP_054327915.1,WP_054327916.1,WP_107630946.1	C51_EXCLUDED_Agathobaculum_massiliense_GCF_900291975.1	GCF_900291975.1	Agathobaculum massiliense	Had_Lineage	+	6	no	AcdA	WP_107630947.1	1020968	1022110	+	PF00441;PF02770;PF02771	acyl-CoA dehydrogenase
FLDCORE|GCF_900291975.1|NZ_OMPN01000001.1|1014536-1018942|+|WP_107630945.1,WP_054327915.1,WP_054327916.1,WP_107630946.1	C51_EXCLUDED_Agathobaculum_massiliense_GCF_900291975.1	GCF_900291975.1	Agathobaculum massiliense	Had_Lineage	+	7	no	Other	WP_107630948.1	1022203	1023675	-		recombinase family protein
FLDCORE|GCF_900291975.1|NZ_OMPN01000001.1|1014536-1018942|+|WP_107630945.1,WP_054327915.1,WP_054327916.1,WP_107630946.1	C51_EXCLUDED_Agathobaculum_massiliense_GCF_900291975.1	GCF_900291975.1	Agathobaculum massiliense	Had_Lineage	+	8	no	Other	WP_256435212.1	1023677	1023811	-		hypothetical protein
FLDCORE|GCF_900291975.1|NZ_OMPN01000001.1|1014536-1018942|+|WP_107630945.1,WP_054327915.1,WP_054327916.1,WP_107630946.1	C51_EXCLUDED_Agathobaculum_massiliense_GCF_900291975.1	GCF_900291975.1	Agathobaculum massiliense	Had_Lineage	+	9	no	Other	WP_107630949.1	1024385	1026331	+		oxidoreductase
FLDCORE|GCF_900291975.1|NZ_OMPN01000001.1|1014536-1018942|+|WP_107630945.1,WP_054327915.1,WP_054327916.1,WP_107630946.1	C51_EXCLUDED_Agathobaculum_massiliense_GCF_900291975.1	GCF_900291975.1	Agathobaculum massiliense	Had_Lineage	+	10	no	Other	WP_107630950.1	1026420	1027526	+		NAD(P)-dependent alcohol dehydrogenase
FLDCORE|GCF_900291975.1|NZ_OMPN01000001.1|1014536-1018942|+|WP_107630945.1,WP_054327915.1,WP_054327916.1,WP_107630946.1	C51_EXCLUDED_Agathobaculum_massiliense_GCF_900291975.1	GCF_900291975.1	Agathobaculum massiliense	Had_Lineage	+	11	no	Other	WP_242977833.1	1027595	1029133	-		glycine betaine ABC transporter substrate-binding protein
FLDCORE|GCF_900291975.1|NZ_OMPN01000001.1|1014536-1018942|+|WP_107630945.1,WP_054327915.1,WP_054327916.1,WP_107630946.1	C51_EXCLUDED_Agathobaculum_massiliense_GCF_900291975.1	GCF_900291975.1	Agathobaculum massiliense	Had_Lineage	+	12	no	Other	WP_054328561.1	1029130	1029756	-		ABC transporter permease
FLDCORE|GCF_900291975.1|NZ_OMPN01000001.1|1014536-1018942|+|WP_107630945.1,WP_054327915.1,WP_054327916.1,WP_107630946.1	C51_EXCLUDED_Agathobaculum_massiliense_GCF_900291975.1	GCF_900291975.1	Agathobaculum massiliense	Had_Lineage	+	13	no	Other	WP_082397435.1	1029761	1030114	-		CBS domain-containing protein
FLDCORE|GCF_900343085.1|NZ_OPYI01000021.1|3025-7485|+|WP_108832186.1,WP_304485927.1,WP_199909615.1,WP_108832187.1	C52_HIGH_CONF_Aedoeadaptatus_coli_GCF_900343085.1	GCF_900343085.1	Aedoeadaptatus coli	Fld_Lineage	+	-3	no	Other		1	197	-		IS5/IS1182 family transposase
FLDCORE|GCF_900343085.1|NZ_OPYI01000021.1|3025-7485|+|WP_108832186.1,WP_304485927.1,WP_199909615.1,WP_108832187.1	C52_HIGH_CONF_Aedoeadaptatus_coli_GCF_900343085.1	GCF_900343085.1	Aedoeadaptatus coli	Fld_Lineage	+	-2	no	Other	WP_108832184.1	386	1897	-		class I adenylate-forming enzyme family protein
FLDCORE|GCF_900343085.1|NZ_OPYI01000021.1|3025-7485|+|WP_108832186.1,WP_304485927.1,WP_199909615.1,WP_108832187.1	C52_HIGH_CONF_Aedoeadaptatus_coli_GCF_900343085.1	GCF_900343085.1	Aedoeadaptatus coli	Fld_Lineage	+	-1	no	Other	WP_108832185.1	2274	2945	+		GntR family transcriptional regulator
FLDCORE|GCF_900343085.1|NZ_OPYI01000021.1|3025-7485|+|WP_108832186.1,WP_304485927.1,WP_199909615.1,WP_108832187.1	C52_HIGH_CONF_Aedoeadaptatus_coli_GCF_900343085.1	GCF_900343085.1	Aedoeadaptatus coli	Fld_Lineage	+	0	yes	FldA	WP_108832186.1	3025	4266	+	PF02515	CaiB/BaiF CoA transferase family protein
FLDCORE|GCF_900343085.1|NZ_OPYI01000021.1|3025-7485|+|WP_108832186.1,WP_304485927.1,WP_199909615.1,WP_108832187.1	C52_HIGH_CONF_Aedoeadaptatus_coli_GCF_900343085.1	GCF_900343085.1	Aedoeadaptatus coli	Fld_Lineage	+	1	yes	FldI	WP_304485927.1	4306	5091	+	PF01869	acyl-CoA dehydratase activase
FLDCORE|GCF_900343085.1|NZ_OPYI01000021.1|3025-7485|+|WP_108832186.1,WP_304485927.1,WP_199909615.1,WP_108832187.1	C52_HIGH_CONF_Aedoeadaptatus_coli_GCF_900343085.1	GCF_900343085.1	Aedoeadaptatus coli	Fld_Lineage	+	2	yes	FldB	WP_199909615.1	5105	6367	+	PF06050	2-hydroxyacyl-CoA dehydratase subunit D
FLDCORE|GCF_900343085.1|NZ_OPYI01000021.1|3025-7485|+|WP_108832186.1,WP_304485927.1,WP_199909615.1,WP_108832187.1	C52_HIGH_CONF_Aedoeadaptatus_coli_GCF_900343085.1	GCF_900343085.1	Aedoeadaptatus coli	Fld_Lineage	+	3	yes	FldC	WP_108832187.1	6370	7485	+	PF06050	2-hydroxyacyl-CoA dehydratase subunit D
FLDCORE|GCF_900343085.1|NZ_OPYI01000021.1|3025-7485|+|WP_108832186.1,WP_304485927.1,WP_199909615.1,WP_108832187.1	C52_HIGH_CONF_Aedoeadaptatus_coli_GCF_900343085.1	GCF_900343085.1	Aedoeadaptatus coli	Fld_Lineage	+	4	no	FldH	WP_108832188.1	7595	8584	+	PF00389;PF02826	2-hydroxyacid dehydrogenase
FLDCORE|GCF_900343085.1|NZ_OPYI01000021.1|3025-7485|+|WP_108832186.1,WP_304485927.1,WP_199909615.1,WP_108832187.1	C52_HIGH_CONF_Aedoeadaptatus_coli_GCF_900343085.1	GCF_900343085.1	Aedoeadaptatus coli	Fld_Lineage	+	5	no	Other	WP_108832189.1	8633	10003	+		branched-chain amino acid transport system II carrier protein
FLDCORE|GCF_900343085.1|NZ_OPYI01000021.1|3025-7485|+|WP_108832186.1,WP_304485927.1,WP_199909615.1,WP_108832187.1	C52_HIGH_CONF_Aedoeadaptatus_coli_GCF_900343085.1	GCF_900343085.1	Aedoeadaptatus coli	Fld_Lineage	+	6	no	Other	WP_108832190.1	10049	11236	+		pyridoxal phosphate-dependent aminotransferase
FLDCORE|GCF_900343085.1|NZ_OPYI01000021.1|3025-7485|+|WP_108832186.1,WP_304485927.1,WP_199909615.1,WP_108832187.1	C52_HIGH_CONF_Aedoeadaptatus_coli_GCF_900343085.1	GCF_900343085.1	Aedoeadaptatus coli	Fld_Lineage	+	7	no	AcdA	WP_108832191.1	11518	12657	+	PF00441;PF02770;PF02771	acyl-CoA dehydrogenase family protein
FLDCORE|GCF_900343085.1|NZ_OPYI01000021.1|3025-7485|+|WP_108832186.1,WP_304485927.1,WP_199909615.1,WP_108832187.1	C52_HIGH_CONF_Aedoeadaptatus_coli_GCF_900343085.1	GCF_900343085.1	Aedoeadaptatus coli	Fld_Lineage	+	8	no	EtfB	WP_108832192.1	12677	13471	+	PF01012	electron transfer flavoprotein subunit beta/FixA family protein
FLDCORE|GCF_900343085.1|NZ_OPYI01000021.1|3025-7485|+|WP_108832186.1,WP_304485927.1,WP_199909615.1,WP_108832187.1	C52_HIGH_CONF_Aedoeadaptatus_coli_GCF_900343085.1	GCF_900343085.1	Aedoeadaptatus coli	Fld_Lineage	+	9	no	EtfA	WP_108832193.1	13485	14489	+	PF00766;PF01012	electron transfer flavoprotein subunit alpha/FixB family protein
FLDCORE|GCF_900343085.1|NZ_OPYI01000021.1|3025-7485|+|WP_108832186.1,WP_304485927.1,WP_199909615.1,WP_108832187.1	C52_HIGH_CONF_Aedoeadaptatus_coli_GCF_900343085.1	GCF_900343085.1	Aedoeadaptatus coli	Fld_Lineage	+	10	no	Other		14633	14829	+		IS5/IS1182 family transposase
FLDCORE|GCF_900626075.1|NZ_UYZY01000002.1|1023605-1029121|+|WP_125141826.1,WP_125141828.1,WP_206429480.1,WP_125141829.1	C53_EXCLUDED_Clostridium_transplantifa_GCF_900626075.1	GCF_900626075.1	Clostridium transplantifaecale	Had_Lineage	+	-10	no	Other	WP_125141816.1	1011685	1013022	+		HTH domain-containing protein
FLDCORE|GCF_900626075.1|NZ_UYZY01000002.1|1023605-1029121|+|WP_125141826.1,WP_125141828.1,WP_206429480.1,WP_125141829.1	C53_EXCLUDED_Clostridium_transplantifa_GCF_900626075.1	GCF_900626075.1	Clostridium transplantifaecale	Had_Lineage	+	-9	no	Other	WP_164516805.1	1013078	1013911	-		class II fructose-bisphosphate aldolase
FLDCORE|GCF_900626075.1|NZ_UYZY01000002.1|1023605-1029121|+|WP_125141826.1,WP_125141828.1,WP_206429480.1,WP_125141829.1	C53_EXCLUDED_Clostridium_transplantifa_GCF_900626075.1	GCF_900626075.1	Clostridium transplantifaecale	Had_Lineage	+	-8	no	Other	WP_125141818.1	1013977	1014870	-		carbohydrate kinase family protein
FLDCORE|GCF_900626075.1|NZ_UYZY01000002.1|1023605-1029121|+|WP_125141826.1,WP_125141828.1,WP_206429480.1,WP_125141829.1	C53_EXCLUDED_Clostridium_transplantifa_GCF_900626075.1	GCF_900626075.1	Clostridium transplantifaecale	Had_Lineage	+	-7	no	Other	WP_125141819.1	1015227	1016204	+		LacI family DNA-binding transcriptional regulator
FLDCORE|GCF_900626075.1|NZ_UYZY01000002.1|1023605-1029121|+|WP_125141826.1,WP_125141828.1,WP_206429480.1,WP_125141829.1	C53_EXCLUDED_Clostridium_transplantifa_GCF_900626075.1	GCF_900626075.1	Clostridium transplantifaecale	Had_Lineage	+	-6	no	Other	WP_125141820.1	1016206	1017138	+		PfkB family carbohydrate kinase
FLDCORE|GCF_900626075.1|NZ_UYZY01000002.1|1023605-1029121|+|WP_125141826.1,WP_125141828.1,WP_206429480.1,WP_125141829.1	C53_EXCLUDED_Clostridium_transplantifa_GCF_900626075.1	GCF_900626075.1	Clostridium transplantifaecale	Had_Lineage	+	-5	no	Other	WP_125141821.1	1017152	1018495	+		four-carbon acid sugar kinase family protein
FLDCORE|GCF_900626075.1|NZ_UYZY01000002.1|1023605-1029121|+|WP_125141826.1,WP_125141828.1,WP_206429480.1,WP_125141829.1	C53_EXCLUDED_Clostridium_transplantifa_GCF_900626075.1	GCF_900626075.1	Clostridium transplantifaecale	Had_Lineage	+	-4	no	Other	WP_125141822.1	1018525	1018902	+		hypothetical protein
FLDCORE|GCF_900626075.1|NZ_UYZY01000002.1|1023605-1029121|+|WP_125141826.1,WP_125141828.1,WP_206429480.1,WP_125141829.1	C53_EXCLUDED_Clostridium_transplantifa_GCF_900626075.1	GCF_900626075.1	Clostridium transplantifaecale	Had_Lineage	+	-3	no	Other	WP_125141823.1	1019575	1020630	+		tripartite tricarboxylate transporter substrate binding protein
FLDCORE|GCF_900626075.1|NZ_UYZY01000002.1|1023605-1029121|+|WP_125141826.1,WP_125141828.1,WP_206429480.1,WP_125141829.1	C53_EXCLUDED_Clostridium_transplantifa_GCF_900626075.1	GCF_900626075.1	Clostridium transplantifaecale	Had_Lineage	+	-2	no	Other	WP_125141824.1	1020828	1021283	+		tripartite tricarboxylate transporter TctB family protein
FLDCORE|GCF_900626075.1|NZ_UYZY01000002.1|1023605-1029121|+|WP_125141826.1,WP_125141828.1,WP_206429480.1,WP_125141829.1	C53_EXCLUDED_Clostridium_transplantifa_GCF_900626075.1	GCF_900626075.1	Clostridium transplantifaecale	Had_Lineage	+	-1	no	Other	WP_125141825.1	1021299	1022804	+		tripartite tricarboxylate transporter permease
FLDCORE|GCF_900626075.1|NZ_UYZY01000002.1|1023605-1029121|+|WP_125141826.1,WP_125141828.1,WP_206429480.1,WP_125141829.1	C53_EXCLUDED_Clostridium_transplantifa_GCF_900626075.1	GCF_900626075.1	Clostridium transplantifaecale	Had_Lineage	+	0	yes	FldA	WP_125141826.1	1023605	1024807	+	PF02515	CaiB/BaiF CoA transferase family protein
FLDCORE|GCF_900626075.1|NZ_UYZY01000002.1|1023605-1029121|+|WP_125141826.1,WP_125141828.1,WP_206429480.1,WP_125141829.1	C53_EXCLUDED_Clostridium_transplantifa_GCF_900626075.1	GCF_900626075.1	Clostridium transplantifaecale	Had_Lineage	+	1	no	Other	WP_341466984.1	1024955	1025737	+		enoyl-CoA hydratase-related protein
FLDCORE|GCF_900626075.1|NZ_UYZY01000002.1|1023605-1029121|+|WP_125141826.1,WP_125141828.1,WP_206429480.1,WP_125141829.1	C53_EXCLUDED_Clostridium_transplantifa_GCF_900626075.1	GCF_900626075.1	Clostridium transplantifaecale	Had_Lineage	+	2	yes	FldI	WP_125141828.1	1025898	1026683	+	PF01869	acyl-CoA dehydratase activase
FLDCORE|GCF_900626075.1|NZ_UYZY01000002.1|1023605-1029121|+|WP_125141826.1,WP_125141828.1,WP_206429480.1,WP_125141829.1	C53_EXCLUDED_Clostridium_transplantifa_GCF_900626075.1	GCF_900626075.1	Clostridium transplantifaecale	Had_Lineage	+	3	yes	FldB	WP_206429480.1	1026685	1028001	+	PF06050	2-hydroxyacyl-CoA dehydratase subunit D
FLDCORE|GCF_900626075.1|NZ_UYZY01000002.1|1023605-1029121|+|WP_125141826.1,WP_125141828.1,WP_206429480.1,WP_125141829.1	C53_EXCLUDED_Clostridium_transplantifa_GCF_900626075.1	GCF_900626075.1	Clostridium transplantifaecale	Had_Lineage	+	4	yes	FldC	WP_125141829.1	1027994	1029121	+	PF06050	2-hydroxyacyl-CoA dehydratase subunit D
FLDCORE|GCF_900626075.1|NZ_UYZY01000002.1|1023605-1029121|+|WP_125141826.1,WP_125141828.1,WP_206429480.1,WP_125141829.1	C53_EXCLUDED_Clostridium_transplantifa_GCF_900626075.1	GCF_900626075.1	Clostridium transplantifaecale	Had_Lineage	+	5	no	Other	WP_125141830.1	1029157	1030839	+		dihydroxy-acid dehydratase
FLDCORE|GCF_900626075.1|NZ_UYZY01000002.1|1023605-1029121|+|WP_125141826.1,WP_125141828.1,WP_206429480.1,WP_125141829.1	C53_EXCLUDED_Clostridium_transplantifa_GCF_900626075.1	GCF_900626075.1	Clostridium transplantifaecale	Had_Lineage	+	6	no	Other	WP_125141831.1	1030999	1032447	+		sigma-54 interaction domain-containing protein
FLDCORE|GCF_900626075.1|NZ_UYZY01000002.1|1023605-1029121|+|WP_125141826.1,WP_125141828.1,WP_206429480.1,WP_125141829.1	C53_EXCLUDED_Clostridium_transplantifa_GCF_900626075.1	GCF_900626075.1	Clostridium transplantifaecale	Had_Lineage	+	7	no	FldA	WP_125141832.1	1032536	1033744	-	PF02515	CaiB/BaiF CoA transferase family protein
FLDCORE|GCF_900626075.1|NZ_UYZY01000002.1|1023605-1029121|+|WP_125141826.1,WP_125141828.1,WP_206429480.1,WP_125141829.1	C53_EXCLUDED_Clostridium_transplantifa_GCF_900626075.1	GCF_900626075.1	Clostridium transplantifaecale	Had_Lineage	+	8	no	Other	WP_164516806.1	1033804	1035243	-		Na+/H+ antiporter NhaC
FLDCORE|GCF_900626075.1|NZ_UYZY01000002.1|1023605-1029121|+|WP_125141826.1,WP_125141828.1,WP_206429480.1,WP_125141829.1	C53_EXCLUDED_Clostridium_transplantifa_GCF_900626075.1	GCF_900626075.1	Clostridium transplantifaecale	Had_Lineage	+	9	no	Other	WP_125141834.1	1035266	1036462	-		pyridoxal phosphate-dependent aminotransferase
FLDCORE|GCF_900626075.1|NZ_UYZY01000002.1|1023605-1029121|+|WP_125141826.1,WP_125141828.1,WP_206429480.1,WP_125141829.1	C53_EXCLUDED_Clostridium_transplantifa_GCF_900626075.1	GCF_900626075.1	Clostridium transplantifaecale	Had_Lineage	+	10	no	FldH	WP_125141835.1	1036525	1037520	-	PF00389;PF02826	NAD(P)-dependent oxidoreductase
FLDCORE|GCF_900626075.1|NZ_UYZY01000002.1|1023605-1029121|+|WP_125141826.1,WP_125141828.1,WP_206429480.1,WP_125141829.1	C53_EXCLUDED_Clostridium_transplantifa_GCF_900626075.1	GCF_900626075.1	Clostridium transplantifaecale	Had_Lineage	+	11	no	Other	WP_125141836.1	1037608	1038498	-		3-hydroxyacyl-CoA dehydrogenase family protein
FLDCORE|GCF_900626075.1|NZ_UYZY01000002.1|1023605-1029121|+|WP_125141826.1,WP_125141828.1,WP_206429480.1,WP_125141829.1	C53_EXCLUDED_Clostridium_transplantifa_GCF_900626075.1	GCF_900626075.1	Clostridium transplantifaecale	Had_Lineage	+	12	no	Other	WP_125141837.1	1038518	1039711	-		thiolase family protein
FLDCORE|GCF_900626075.1|NZ_UYZY01000002.1|1023605-1029121|+|WP_125141826.1,WP_125141828.1,WP_206429480.1,WP_125141829.1	C53_EXCLUDED_Clostridium_transplantifa_GCF_900626075.1	GCF_900626075.1	Clostridium transplantifaecale	Had_Lineage	+	13	no	Other	WP_125141838.1	1040389	1040697	+		hypothetical protein
FLDCORE|GCF_900626075.1|NZ_UYZY01000002.1|1023605-1029121|+|WP_125141826.1,WP_125141828.1,WP_206429480.1,WP_125141829.1	C53_EXCLUDED_Clostridium_transplantifa_GCF_900626075.1	GCF_900626075.1	Clostridium transplantifaecale	Had_Lineage	+	14	no	Other	WP_125141839.1	1040733	1042748	+		V-type ATP synthase subunit I
FLDCORE|GCF_903819165.1|NZ_CAIJCS010000016.1|125144-129600|+|WP_180499515.1,WP_281359981.1,WP_281359982.1,WP_180499517.1	C54_HIGH_CONF_Peptoniphilus_nemausensis_GCF_903819165.1	GCF_903819165.1	Peptoniphilus nemausensis	Fld_Lineage	+	-10	no	Other	WP_180499495.1	113389	114225	+		YjjW family glycine radical enzyme activase
FLDCORE|GCF_903819165.1|NZ_CAIJCS010000016.1|125144-129600|+|WP_180499515.1,WP_281359981.1,WP_281359982.1,WP_180499517.1	C54_HIGH_CONF_Peptoniphilus_nemausensis_GCF_903819165.1	GCF_903819165.1	Peptoniphilus nemausensis	Fld_Lineage	+	-9	no	Other	WP_180499497.1	114325	115455	+		stalk domain-containing protein
FLDCORE|GCF_903819165.1|NZ_CAIJCS010000016.1|125144-129600|+|WP_180499515.1,WP_281359981.1,WP_281359982.1,WP_180499517.1	C54_HIGH_CONF_Peptoniphilus_nemausensis_GCF_903819165.1	GCF_903819165.1	Peptoniphilus nemausensis	Fld_Lineage	+	-8	no	Other	WP_180499499.1	115496	116410	-		LysR family transcriptional regulator
FLDCORE|GCF_903819165.1|NZ_CAIJCS010000016.1|125144-129600|+|WP_180499515.1,WP_281359981.1,WP_281359982.1,WP_180499517.1	C54_HIGH_CONF_Peptoniphilus_nemausensis_GCF_903819165.1	GCF_903819165.1	Peptoniphilus nemausensis	Fld_Lineage	+	-7	no	Other	WP_180499501.1	116672	117988	+		GntP family permease
FLDCORE|GCF_903819165.1|NZ_CAIJCS010000016.1|125144-129600|+|WP_180499515.1,WP_281359981.1,WP_281359982.1,WP_180499517.1	C54_HIGH_CONF_Peptoniphilus_nemausensis_GCF_903819165.1	GCF_903819165.1	Peptoniphilus nemausensis	Fld_Lineage	+	-6	no	Other	WP_180499503.1	118016	119575	+		acyl CoA:acetate/3-ketoacid CoA transferase
FLDCORE|GCF_903819165.1|NZ_CAIJCS010000016.1|125144-129600|+|WP_180499515.1,WP_281359981.1,WP_281359982.1,WP_180499517.1	C54_HIGH_CONF_Peptoniphilus_nemausensis_GCF_903819165.1	GCF_903819165.1	Peptoniphilus nemausensis	Fld_Lineage	+	-5	no	Other	WP_180499505.1	119572	120330	+		enoyl-CoA hydratase/isomerase family protein
FLDCORE|GCF_903819165.1|NZ_CAIJCS010000016.1|125144-129600|+|WP_180499515.1,WP_281359981.1,WP_281359982.1,WP_180499517.1	C54_HIGH_CONF_Peptoniphilus_nemausensis_GCF_903819165.1	GCF_903819165.1	Peptoniphilus nemausensis	Fld_Lineage	+	-4	no	Other	WP_180499507.1	120339	120794	+		MaoC/PaaZ C-terminal domain-containing protein
FLDCORE|GCF_903819165.1|NZ_CAIJCS010000016.1|125144-129600|+|WP_180499515.1,WP_281359981.1,WP_281359982.1,WP_180499517.1	C54_HIGH_CONF_Peptoniphilus_nemausensis_GCF_903819165.1	GCF_903819165.1	Peptoniphilus nemausensis	Fld_Lineage	+	-3	no	Other	WP_180499509.1	120930	122480	+		acyl CoA:acetate/3-ketoacid CoA transferase
FLDCORE|GCF_903819165.1|NZ_CAIJCS010000016.1|125144-129600|+|WP_180499515.1,WP_281359981.1,WP_281359982.1,WP_180499517.1	C54_HIGH_CONF_Peptoniphilus_nemausensis_GCF_903819165.1	GCF_903819165.1	Peptoniphilus nemausensis	Fld_Lineage	+	-2	no	Other	WP_180499511.1	122513	124024	-		class I adenylate-forming enzyme family protein
FLDCORE|GCF_903819165.1|NZ_CAIJCS010000016.1|125144-129600|+|WP_180499515.1,WP_281359981.1,WP_281359982.1,WP_180499517.1	C54_HIGH_CONF_Peptoniphilus_nemausensis_GCF_903819165.1	GCF_903819165.1	Peptoniphilus nemausensis	Fld_Lineage	+	-1	no	Other	WP_180499513.1	124410	125069	+		GntR family transcriptional regulator
FLDCORE|GCF_903819165.1|NZ_CAIJCS010000016.1|125144-129600|+|WP_180499515.1,WP_281359981.1,WP_281359982.1,WP_180499517.1	C54_HIGH_CONF_Peptoniphilus_nemausensis_GCF_903819165.1	GCF_903819165.1	Peptoniphilus nemausensis	Fld_Lineage	+	0	yes	FldA	WP_180499515.1	125144	126388	+	PF02515	CaiB/BaiF CoA transferase family protein
FLDCORE|GCF_903819165.1|NZ_CAIJCS010000016.1|125144-129600|+|WP_180499515.1,WP_281359981.1,WP_281359982.1,WP_180499517.1	C54_HIGH_CONF_Peptoniphilus_nemausensis_GCF_903819165.1	GCF_903819165.1	Peptoniphilus nemausensis	Fld_Lineage	+	1	yes	FldI	WP_281359981.1	126418	127203	+	PF01869	acyl-CoA dehydratase activase
FLDCORE|GCF_903819165.1|NZ_CAIJCS010000016.1|125144-129600|+|WP_180499515.1,WP_281359981.1,WP_281359982.1,WP_180499517.1	C54_HIGH_CONF_Peptoniphilus_nemausensis_GCF_903819165.1	GCF_903819165.1	Peptoniphilus nemausensis	Fld_Lineage	+	2	yes	FldB	WP_281359982.1	127217	128479	+	PF06050	2-hydroxyacyl-CoA dehydratase subunit D
FLDCORE|GCF_903819165.1|NZ_CAIJCS010000016.1|125144-129600|+|WP_180499515.1,WP_281359981.1,WP_281359982.1,WP_180499517.1	C54_HIGH_CONF_Peptoniphilus_nemausensis_GCF_903819165.1	GCF_903819165.1	Peptoniphilus nemausensis	Fld_Lineage	+	3	yes	FldC	WP_180499517.1	128482	129600	+	PF06050	2-hydroxyacyl-CoA dehydratase subunit D
FLDCORE|GCF_903819165.1|NZ_CAIJCS010000016.1|125144-129600|+|WP_180499515.1,WP_281359981.1,WP_281359982.1,WP_180499517.1	C54_HIGH_CONF_Peptoniphilus_nemausensis_GCF_903819165.1	GCF_903819165.1	Peptoniphilus nemausensis	Fld_Lineage	+	4	no	FldH	WP_180499519.1	129726	130715	+	PF00389;PF02826	2-hydroxyacid dehydrogenase
FLDCORE|GCF_903819165.1|NZ_CAIJCS010000016.1|125144-129600|+|WP_180499515.1,WP_281359981.1,WP_281359982.1,WP_180499517.1	C54_HIGH_CONF_Peptoniphilus_nemausensis_GCF_903819165.1	GCF_903819165.1	Peptoniphilus nemausensis	Fld_Lineage	+	5	no	Other	WP_180499521.1	130764	132140	+		branched-chain amino acid transport system II carrier protein
FLDCORE|GCF_903819165.1|NZ_CAIJCS010000016.1|125144-129600|+|WP_180499515.1,WP_281359981.1,WP_281359982.1,WP_180499517.1	C54_HIGH_CONF_Peptoniphilus_nemausensis_GCF_903819165.1	GCF_903819165.1	Peptoniphilus nemausensis	Fld_Lineage	+	6	no	Other	WP_180499523.1	132174	133361	+		pyridoxal phosphate-dependent aminotransferase
FLDCORE|GCF_903819165.1|NZ_CAIJCS010000016.1|125144-129600|+|WP_180499515.1,WP_281359981.1,WP_281359982.1,WP_180499517.1	C54_HIGH_CONF_Peptoniphilus_nemausensis_GCF_903819165.1	GCF_903819165.1	Peptoniphilus nemausensis	Fld_Lineage	+	7	no	AcdA	WP_180499524.1	133648	134787	+	PF00441;PF02770;PF02771	acyl-CoA dehydrogenase family protein
FLDCORE|GCF_903819165.1|NZ_CAIJCS010000016.1|125144-129600|+|WP_180499515.1,WP_281359981.1,WP_281359982.1,WP_180499517.1	C54_HIGH_CONF_Peptoniphilus_nemausensis_GCF_903819165.1	GCF_903819165.1	Peptoniphilus nemausensis	Fld_Lineage	+	8	no	EtfB	WP_180499526.1	134807	135601	+	PF01012	electron transfer flavoprotein subunit beta/FixA family protein
FLDCORE|GCF_903819165.1|NZ_CAIJCS010000016.1|125144-129600|+|WP_180499515.1,WP_281359981.1,WP_281359982.1,WP_180499517.1	C54_HIGH_CONF_Peptoniphilus_nemausensis_GCF_903819165.1	GCF_903819165.1	Peptoniphilus nemausensis	Fld_Lineage	+	9	no	EtfA	WP_180499527.1	135614	136618	+	PF00766;PF01012	electron transfer flavoprotein subunit alpha/FixB family protein
FLDCORE|GCF_903819165.1|NZ_CAIJCS010000016.1|125144-129600|+|WP_180499515.1,WP_281359981.1,WP_281359982.1,WP_180499517.1	C54_HIGH_CONF_Peptoniphilus_nemausensis_GCF_903819165.1	GCF_903819165.1	Peptoniphilus nemausensis	Fld_Lineage	+	10	no	Other	WP_180499529.1	136971	138155	-		PLP-dependent aminotransferase family protein
FLDCORE|GCF_903819165.1|NZ_CAIJCS010000016.1|125144-129600|+|WP_180499515.1,WP_281359981.1,WP_281359982.1,WP_180499517.1	C54_HIGH_CONF_Peptoniphilus_nemausensis_GCF_903819165.1	GCF_903819165.1	Peptoniphilus nemausensis	Fld_Lineage	+	11	no	Other	WP_246285892.1	138537	141419	+		DNA methyltransferase
FLDCORE|GCF_903819165.1|NZ_CAIJCS010000016.1|125144-129600|+|WP_180499515.1,WP_281359981.1,WP_281359982.1,WP_180499517.1	C54_HIGH_CONF_Peptoniphilus_nemausensis_GCF_903819165.1	GCF_903819165.1	Peptoniphilus nemausensis	Fld_Lineage	+	12	no	Other	WP_180499531.1	141532	142692	-		M20 metallopeptidase family protein
FLDCORE|GCF_903819165.1|NZ_CAIJCS010000016.1|125144-129600|+|WP_180499515.1,WP_281359981.1,WP_281359982.1,WP_180499517.1	C54_HIGH_CONF_Peptoniphilus_nemausensis_GCF_903819165.1	GCF_903819165.1	Peptoniphilus nemausensis	Fld_Lineage	+	13	no	Other	WP_180499532.1	142701	143495	-		nitrilase-related carbon-nitrogen hydrolase
FLDCORE|GCF_943169845.1|NZ_CALPBW010000001.1|191396-195856|+|WP_215506692.1,WP_285814616.1,WP_215506694.1,WP_215506696.1	C55_HIGH_CONF_Peptoniphilus_rachelemmai_GCF_943169845.1	GCF_943169845.1	Peptoniphilus rachelemmaiella	Fld_Lineage	+	-10	no	Other	WP_215506671.1	159675	165872	+		Ig-like domain-containing protein
FLDCORE|GCF_943169845.1|NZ_CALPBW010000001.1|191396-195856|+|WP_215506692.1,WP_285814616.1,WP_215506694.1,WP_215506696.1	C55_HIGH_CONF_Peptoniphilus_rachelemmai_GCF_943169845.1	GCF_943169845.1	Peptoniphilus rachelemmaiella	Fld_Lineage	+	-9	no	Other	WP_215506673.1	165890	170557	+		S-layer homology domain-containing protein
FLDCORE|GCF_943169845.1|NZ_CALPBW010000001.1|191396-195856|+|WP_215506692.1,WP_285814616.1,WP_215506694.1,WP_215506696.1	C55_HIGH_CONF_Peptoniphilus_rachelemmai_GCF_943169845.1	GCF_943169845.1	Peptoniphilus rachelemmaiella	Fld_Lineage	+	-8	no	Other	WP_215506675.1	171345	182420	+		InlB B-repeat-containing protein
FLDCORE|GCF_943169845.1|NZ_CALPBW010000001.1|191396-195856|+|WP_215506692.1,WP_285814616.1,WP_215506694.1,WP_215506696.1	C55_HIGH_CONF_Peptoniphilus_rachelemmai_GCF_943169845.1	GCF_943169845.1	Peptoniphilus rachelemmaiella	Fld_Lineage	+	-7	no	Other	WP_215506677.1	182739	183347	-		Crp/Fnr family transcriptional regulator
FLDCORE|GCF_943169845.1|NZ_CALPBW010000001.1|191396-195856|+|WP_215506692.1,WP_285814616.1,WP_215506694.1,WP_215506696.1	C55_HIGH_CONF_Peptoniphilus_rachelemmai_GCF_943169845.1	GCF_943169845.1	Peptoniphilus rachelemmaiella	Fld_Lineage	+	-6	no	Other	WP_215506679.1	183449	184984	+		YjjI family glycine radical enzyme
FLDCORE|GCF_943169845.1|NZ_CALPBW010000001.1|191396-195856|+|WP_215506692.1,WP_285814616.1,WP_215506694.1,WP_215506696.1	C55_HIGH_CONF_Peptoniphilus_rachelemmai_GCF_943169845.1	GCF_943169845.1	Peptoniphilus rachelemmaiella	Fld_Lineage	+	-5	no	Other	WP_215506681.1	184984	185820	+		YjjW family glycine radical enzyme activase
FLDCORE|GCF_943169845.1|NZ_CALPBW010000001.1|191396-195856|+|WP_215506692.1,WP_285814616.1,WP_215506694.1,WP_215506696.1	C55_HIGH_CONF_Peptoniphilus_rachelemmai_GCF_943169845.1	GCF_943169845.1	Peptoniphilus rachelemmaiella	Fld_Lineage	+	-4	no	Other	WP_215506683.1	185926	187035	+		copper amine oxidase N-terminal domain-containing protein
FLDCORE|GCF_943169845.1|NZ_CALPBW010000001.1|191396-195856|+|WP_215506692.1,WP_285814616.1,WP_215506694.1,WP_215506696.1	C55_HIGH_CONF_Peptoniphilus_rachelemmai_GCF_943169845.1	GCF_943169845.1	Peptoniphilus rachelemmaiella	Fld_Lineage	+	-3	no	Other	WP_215506685.1	187124	188671	+		acyl CoA:acetate/3-ketoacid CoA transferase
FLDCORE|GCF_943169845.1|NZ_CALPBW010000001.1|191396-195856|+|WP_215506692.1,WP_285814616.1,WP_215506694.1,WP_215506696.1	C55_HIGH_CONF_Peptoniphilus_rachelemmai_GCF_943169845.1	GCF_943169845.1	Peptoniphilus rachelemmaiella	Fld_Lineage	+	-2	no	Other	WP_215506688.1	188756	190267	-		class I adenylate-forming enzyme family protein
FLDCORE|GCF_943169845.1|NZ_CALPBW010000001.1|191396-195856|+|WP_215506692.1,WP_285814616.1,WP_215506694.1,WP_215506696.1	C55_HIGH_CONF_Peptoniphilus_rachelemmai_GCF_943169845.1	GCF_943169845.1	Peptoniphilus rachelemmaiella	Fld_Lineage	+	-1	no	Other	WP_215506690.1	190644	191315	+		GntR family transcriptional regulator
FLDCORE|GCF_943169845.1|NZ_CALPBW010000001.1|191396-195856|+|WP_215506692.1,WP_285814616.1,WP_215506694.1,WP_215506696.1	C55_HIGH_CONF_Peptoniphilus_rachelemmai_GCF_943169845.1	GCF_943169845.1	Peptoniphilus rachelemmaiella	Fld_Lineage	+	0	yes	FldA	WP_215506692.1	191396	192637	+	PF02515	CaiB/BaiF CoA transferase family protein
FLDCORE|GCF_943169845.1|NZ_CALPBW010000001.1|191396-195856|+|WP_215506692.1,WP_285814616.1,WP_215506694.1,WP_215506696.1	C55_HIGH_CONF_Peptoniphilus_rachelemmai_GCF_943169845.1	GCF_943169845.1	Peptoniphilus rachelemmaiella	Fld_Lineage	+	1	yes	FldI	WP_285814616.1	192677	193462	+	PF01869	acyl-CoA dehydratase activase
FLDCORE|GCF_943169845.1|NZ_CALPBW010000001.1|191396-195856|+|WP_215506692.1,WP_285814616.1,WP_215506694.1,WP_215506696.1	C55_HIGH_CONF_Peptoniphilus_rachelemmai_GCF_943169845.1	GCF_943169845.1	Peptoniphilus rachelemmaiella	Fld_Lineage	+	2	yes	FldB	WP_215506694.1	193476	194738	+	PF06050	2-hydroxyacyl-CoA dehydratase subunit D
FLDCORE|GCF_943169845.1|NZ_CALPBW010000001.1|191396-195856|+|WP_215506692.1,WP_285814616.1,WP_215506694.1,WP_215506696.1	C55_HIGH_CONF_Peptoniphilus_rachelemmai_GCF_943169845.1	GCF_943169845.1	Peptoniphilus rachelemmaiella	Fld_Lineage	+	3	yes	FldC	WP_215506696.1	194741	195856	+	PF06050	2-hydroxyacyl-CoA dehydratase subunit D
FLDCORE|GCF_943169845.1|NZ_CALPBW010000001.1|191396-195856|+|WP_215506692.1,WP_285814616.1,WP_215506694.1,WP_215506696.1	C55_HIGH_CONF_Peptoniphilus_rachelemmai_GCF_943169845.1	GCF_943169845.1	Peptoniphilus rachelemmaiella	Fld_Lineage	+	4	no	FldH	WP_215506698.1	195965	196954	+	PF00389;PF02826	2-hydroxyacid dehydrogenase
FLDCORE|GCF_943169845.1|NZ_CALPBW010000001.1|191396-195856|+|WP_215506692.1,WP_285814616.1,WP_215506694.1,WP_215506696.1	C55_HIGH_CONF_Peptoniphilus_rachelemmai_GCF_943169845.1	GCF_943169845.1	Peptoniphilus rachelemmaiella	Fld_Lineage	+	5	no	Other	WP_215506700.1	197006	198376	+		branched-chain amino acid transport system II carrier protein
FLDCORE|GCF_943169845.1|NZ_CALPBW010000001.1|191396-195856|+|WP_215506692.1,WP_285814616.1,WP_215506694.1,WP_215506696.1	C55_HIGH_CONF_Peptoniphilus_rachelemmai_GCF_943169845.1	GCF_943169845.1	Peptoniphilus rachelemmaiella	Fld_Lineage	+	6	no	Other	WP_215506702.1	198421	199608	+		pyridoxal phosphate-dependent aminotransferase
FLDCORE|GCF_943169845.1|NZ_CALPBW010000001.1|191396-195856|+|WP_215506692.1,WP_285814616.1,WP_215506694.1,WP_215506696.1	C55_HIGH_CONF_Peptoniphilus_rachelemmai_GCF_943169845.1	GCF_943169845.1	Peptoniphilus rachelemmaiella	Fld_Lineage	+	7	no	AcdA	WP_215506704.1	199890	201029	+	PF00441;PF02770;PF02771	acyl-CoA dehydrogenase family protein
FLDCORE|GCF_943169845.1|NZ_CALPBW010000001.1|191396-195856|+|WP_215506692.1,WP_285814616.1,WP_215506694.1,WP_215506696.1	C55_HIGH_CONF_Peptoniphilus_rachelemmai_GCF_943169845.1	GCF_943169845.1	Peptoniphilus rachelemmaiella	Fld_Lineage	+	8	no	EtfB	WP_215506706.1	201049	201843	+	PF01012	electron transfer flavoprotein subunit beta/FixA family protein
FLDCORE|GCF_943169845.1|NZ_CALPBW010000001.1|191396-195856|+|WP_215506692.1,WP_285814616.1,WP_215506694.1,WP_215506696.1	C55_HIGH_CONF_Peptoniphilus_rachelemmai_GCF_943169845.1	GCF_943169845.1	Peptoniphilus rachelemmaiella	Fld_Lineage	+	9	no	EtfA	WP_215506708.1	201857	202861	+	PF00766;PF01012	electron transfer flavoprotein subunit alpha/FixB family protein
FLDCORE|GCF_943169845.1|NZ_CALPBW010000001.1|191396-195856|+|WP_215506692.1,WP_285814616.1,WP_215506694.1,WP_215506696.1	C55_HIGH_CONF_Peptoniphilus_rachelemmai_GCF_943169845.1	GCF_943169845.1	Peptoniphilus rachelemmaiella	Fld_Lineage	+	10	no	Other	WP_215506710.1	203123	204307	-		PLP-dependent aminotransferase family protein
FLDCORE|GCF_943169845.1|NZ_CALPBW010000001.1|191396-195856|+|WP_215506692.1,WP_285814616.1,WP_215506694.1,WP_215506696.1	C55_HIGH_CONF_Peptoniphilus_rachelemmai_GCF_943169845.1	GCF_943169845.1	Peptoniphilus rachelemmaiella	Fld_Lineage	+	11	no	Other	WP_215506712.1	204574	205728	-		M20 metallopeptidase family protein
FLDCORE|GCF_943169845.1|NZ_CALPBW010000001.1|191396-195856|+|WP_215506692.1,WP_285814616.1,WP_215506694.1,WP_215506696.1	C55_HIGH_CONF_Peptoniphilus_rachelemmai_GCF_943169845.1	GCF_943169845.1	Peptoniphilus rachelemmaiella	Fld_Lineage	+	12	no	Other	WP_215506713.1	205733	206527	-		nitrilase-related carbon-nitrogen hydrolase
FLDCORE|GCF_943169845.1|NZ_CALPBW010000001.1|191396-195856|+|WP_215506692.1,WP_285814616.1,WP_215506694.1,WP_215506696.1	C55_HIGH_CONF_Peptoniphilus_rachelemmai_GCF_943169845.1	GCF_943169845.1	Peptoniphilus rachelemmaiella	Fld_Lineage	+	13	no	Other	WP_215506715.1	206524	207519	-		aspartate-semialdehyde dehydrogenase
FLDCORE|GCF_947568225.1|NZ_CANOOQ010000001.1|2646457-2650893|+|WP_283610354.1,WP_283610356.1,WP_283610358.1,WP_283610360.1	C56_EXCLUDED_Faecalispora_anaeroviscer_GCF_947568225.1	GCF_947568225.1	Faecalispora anaeroviscerum	Had_Lineage	+	-10	no	Other	WP_283610340.1	2625322	2627148	-		KAP family P-loop NTPase fold protein
FLDCORE|GCF_947568225.1|NZ_CANOOQ010000001.1|2646457-2650893|+|WP_283610354.1,WP_283610356.1,WP_283610358.1,WP_283610360.1	C56_EXCLUDED_Faecalispora_anaeroviscer_GCF_947568225.1	GCF_947568225.1	Faecalispora anaeroviscerum	Had_Lineage	+	-9	no	Other	WP_283610341.1	2627323	2629395	-		RNA-directed DNA polymerase
FLDCORE|GCF_947568225.1|NZ_CANOOQ010000001.1|2646457-2650893|+|WP_283610354.1,WP_283610356.1,WP_283610358.1,WP_283610360.1	C56_EXCLUDED_Faecalispora_anaeroviscer_GCF_947568225.1	GCF_947568225.1	Faecalispora anaeroviscerum	Had_Lineage	+	-8	no	Other	WP_283610342.1	2630581	2631318	+		LytR/AlgR family response regulator transcription factor
FLDCORE|GCF_947568225.1|NZ_CANOOQ010000001.1|2646457-2650893|+|WP_283610354.1,WP_283610356.1,WP_283610358.1,WP_283610360.1	C56_EXCLUDED_Faecalispora_anaeroviscer_GCF_947568225.1	GCF_947568225.1	Faecalispora anaeroviscerum	Had_Lineage	+	-7	no	Other	WP_283610345.1	2631315	2632601	+		GHKL domain-containing protein
FLDCORE|GCF_947568225.1|NZ_CANOOQ010000001.1|2646457-2650893|+|WP_283610354.1,WP_283610356.1,WP_283610358.1,WP_283610360.1	C56_EXCLUDED_Faecalispora_anaeroviscer_GCF_947568225.1	GCF_947568225.1	Faecalispora anaeroviscerum	Had_Lineage	+	-6	no	Other	WP_283610346.1	2632901	2633113	+		hypothetical protein
FLDCORE|GCF_947568225.1|NZ_CANOOQ010000001.1|2646457-2650893|+|WP_283610354.1,WP_283610356.1,WP_283610358.1,WP_283610360.1	C56_EXCLUDED_Faecalispora_anaeroviscer_GCF_947568225.1	GCF_947568225.1	Faecalispora anaeroviscerum	Had_Lineage	+	-5	no	Other	WP_283610348.1	2633129	2641291	+		S-layer homology domain-containing protein
FLDCORE|GCF_947568225.1|NZ_CANOOQ010000001.1|2646457-2650893|+|WP_283610354.1,WP_283610356.1,WP_283610358.1,WP_283610360.1	C56_EXCLUDED_Faecalispora_anaeroviscer_GCF_947568225.1	GCF_947568225.1	Faecalispora anaeroviscerum	Had_Lineage	+	-4	no	Other	WP_283610350.1	2641476	2642654	-		hypothetical protein
FLDCORE|GCF_947568225.1|NZ_CANOOQ010000001.1|2646457-2650893|+|WP_283610354.1,WP_283610356.1,WP_283610358.1,WP_283610360.1	C56_EXCLUDED_Faecalispora_anaeroviscer_GCF_947568225.1	GCF_947568225.1	Faecalispora anaeroviscerum	Had_Lineage	+	-3	no	Other	WP_283610352.1	2642882	2643775	-		3-hydroxyacyl-CoA dehydrogenase family protein
FLDCORE|GCF_947568225.1|NZ_CANOOQ010000001.1|2646457-2650893|+|WP_283610354.1,WP_283610356.1,WP_283610358.1,WP_283610360.1	C56_EXCLUDED_Faecalispora_anaeroviscer_GCF_947568225.1	GCF_947568225.1	Faecalispora anaeroviscerum	Had_Lineage	+	-2	no	Other	WP_333782978.1	2643817	2645010	-		thiolase family protein
FLDCORE|GCF_947568225.1|NZ_CANOOQ010000001.1|2646457-2650893|+|WP_283610354.1,WP_283610356.1,WP_283610358.1,WP_283610360.1	C56_EXCLUDED_Faecalispora_anaeroviscer_GCF_947568225.1	GCF_947568225.1	Faecalispora anaeroviscerum	Had_Lineage	+	-1	no	Other	WP_283610848.1	2645604	2646386	+		enoyl-CoA hydratase/isomerase family protein
FLDCORE|GCF_947568225.1|NZ_CANOOQ010000001.1|2646457-2650893|+|WP_283610354.1,WP_283610356.1,WP_283610358.1,WP_283610360.1	C56_EXCLUDED_Faecalispora_anaeroviscer_GCF_947568225.1	GCF_947568225.1	Faecalispora anaeroviscerum	Had_Lineage	+	0	yes	FldA	WP_283610354.1	2646457	2647659	+	PF02515	CaiB/BaiF CoA transferase family protein
FLDCORE|GCF_947568225.1|NZ_CANOOQ010000001.1|2646457-2650893|+|WP_283610354.1,WP_283610356.1,WP_283610358.1,WP_283610360.1	C56_EXCLUDED_Faecalispora_anaeroviscer_GCF_947568225.1	GCF_947568225.1	Faecalispora anaeroviscerum	Had_Lineage	+	1	yes	FldI	WP_283610356.1	2647685	2648482	+	PF01869	acyl-CoA dehydratase activase
FLDCORE|GCF_947568225.1|NZ_CANOOQ010000001.1|2646457-2650893|+|WP_283610354.1,WP_283610356.1,WP_283610358.1,WP_283610360.1	C56_EXCLUDED_Faecalispora_anaeroviscer_GCF_947568225.1	GCF_947568225.1	Faecalispora anaeroviscerum	Had_Lineage	+	2	yes	FldB	WP_283610358.1	2648475	2649773	+	PF06050	2-hydroxyacyl-CoA dehydratase subunit D
FLDCORE|GCF_947568225.1|NZ_CANOOQ010000001.1|2646457-2650893|+|WP_283610354.1,WP_283610356.1,WP_283610358.1,WP_283610360.1	C56_EXCLUDED_Faecalispora_anaeroviscer_GCF_947568225.1	GCF_947568225.1	Faecalispora anaeroviscerum	Had_Lineage	+	3	yes	FldC	WP_283610360.1	2649766	2650893	+	PF06050	2-hydroxyacyl-CoA dehydratase subunit D
FLDCORE|GCF_947568225.1|NZ_CANOOQ010000001.1|2646457-2650893|+|WP_283610354.1,WP_283610356.1,WP_283610358.1,WP_283610360.1	C56_EXCLUDED_Faecalispora_anaeroviscer_GCF_947568225.1	GCF_947568225.1	Faecalispora anaeroviscerum	Had_Lineage	+	4	no	Other	WP_283610361.1	2651006	2652454	+		sigma-54 interaction domain-containing protein
FLDCORE|GCF_947568225.1|NZ_CANOOQ010000001.1|2646457-2650893|+|WP_283610354.1,WP_283610356.1,WP_283610358.1,WP_283610360.1	C56_EXCLUDED_Faecalispora_anaeroviscer_GCF_947568225.1	GCF_947568225.1	Faecalispora anaeroviscerum	Had_Lineage	+	5	no	Other	WP_283610363.1	2653277	2654452	+		tyrosine-type recombinase/integrase
FLDCORE|GCF_947568225.1|NZ_CANOOQ010000001.1|2646457-2650893|+|WP_283610354.1,WP_283610356.1,WP_283610358.1,WP_283610360.1	C56_EXCLUDED_Faecalispora_anaeroviscer_GCF_947568225.1	GCF_947568225.1	Faecalispora anaeroviscerum	Had_Lineage	+	6	no	Other	WP_283610365.1	2654977	2656428	+		methyl-accepting chemotaxis protein
FLDCORE|GCF_947568225.1|NZ_CANOOQ010000001.1|2646457-2650893|+|WP_283610354.1,WP_283610356.1,WP_283610358.1,WP_283610360.1	C56_EXCLUDED_Faecalispora_anaeroviscer_GCF_947568225.1	GCF_947568225.1	Faecalispora anaeroviscerum	Had_Lineage	+	7	no	Other	WP_283610367.1	2656441	2656692	+		hypothetical protein
FLDCORE|GCF_947568225.1|NZ_CANOOQ010000001.1|2646457-2650893|+|WP_283610354.1,WP_283610356.1,WP_283610358.1,WP_283610360.1	C56_EXCLUDED_Faecalispora_anaeroviscer_GCF_947568225.1	GCF_947568225.1	Faecalispora anaeroviscerum	Had_Lineage	+	8	no	Other	WP_283610368.1	2656689	2657210	+		chemotaxis protein CheW
FLDCORE|GCF_947568225.1|NZ_CANOOQ010000001.1|2646457-2650893|+|WP_283610354.1,WP_283610356.1,WP_283610358.1,WP_283610360.1	C56_EXCLUDED_Faecalispora_anaeroviscer_GCF_947568225.1	GCF_947568225.1	Faecalispora anaeroviscerum	Had_Lineage	+	9	no	Other	WP_283610371.1	2657451	2658449	+		aromatic acid exporter family protein
FLDCORE|GCF_947568225.1|NZ_CANOOQ010000001.1|2646457-2650893|+|WP_283610354.1,WP_283610356.1,WP_283610358.1,WP_283610360.1	C56_EXCLUDED_Faecalispora_anaeroviscer_GCF_947568225.1	GCF_947568225.1	Faecalispora anaeroviscerum	Had_Lineage	+	10	no	Other	WP_283610372.1	2658523	2658825	+		DUF6506 family protein
FLDCORE|GCF_947568225.1|NZ_CANOOQ010000001.1|2646457-2650893|+|WP_283610354.1,WP_283610356.1,WP_283610358.1,WP_283610360.1	C56_EXCLUDED_Faecalispora_anaeroviscer_GCF_947568225.1	GCF_947568225.1	Faecalispora anaeroviscerum	Had_Lineage	+	11	no	Other	WP_283610373.1	2658891	2660870	+		FtsW/RodA/SpoVE family cell cycle protein
FLDCORE|GCF_947568225.1|NZ_CANOOQ010000001.1|2646457-2650893|+|WP_283610354.1,WP_283610356.1,WP_283610358.1,WP_283610360.1	C56_EXCLUDED_Faecalispora_anaeroviscer_GCF_947568225.1	GCF_947568225.1	Faecalispora anaeroviscerum	Had_Lineage	+	12	no	Other	WP_283610374.1	2660867	2662246	+		penicillin-binding transpeptidase domain-containing protein
FLDCORE|GCF_947568225.1|NZ_CANOOQ010000001.1|2646457-2650893|+|WP_283610354.1,WP_283610356.1,WP_283610358.1,WP_283610360.1	C56_EXCLUDED_Faecalispora_anaeroviscer_GCF_947568225.1	GCF_947568225.1	Faecalispora anaeroviscerum	Had_Lineage	+	13	no	Other	WP_283610376.1	2662484	2663593	-		glycerol dehydrogenase
