genome_accession	FldA_PF02515	FldI_PF01869	FldBC_PF06050	FldBC_ge2_subunits	FldA_count	FldI_count	FldBC_count
GCF_000006685.1	0	0	0	0	0	0	0
GCF_000006985.1	0	0	0	0	0	0	0
GCF_000007025.1	0	0	0	0	0	0	0
GCF_000007085.1	0	1	1	1	0	9	5
GCF_000007125.1	1	1	0	0	4	2	0
GCF_000007185.1	0	1	1	0	0	2	1
GCF_000007205.1	0	0	0	0	0	0	0
GCF_000007225.1	1	0	0	0	1	0	0
GCF_000007345.1	0	1	0	0	0	1	0
GCF_000007365.1	0	0	0	0	0	0	0
GCF_000007505.1	1	1	0	0	4	2	0
GCF_000007605.1	0	0	0	0	0	0	0
GCF_000007625.1	1	1	0	0	1	3	0
GCF_000007745.1	0	1	0	0	0	1	0
GCF_000007805.1	1	0	0	0	2	0	0
GCF_000007905.1	0	1	0	0	0	1	0
GCF_000007985.2	0	1	1	1	0	3	3
GCF_000008045.1	0	0	0	0	0	0	0
GCF_000008185.1	0	1	1	1	0	2	2
GCF_000008205.1	0	0	0	0	0	0	0
GCF_000008265.1	1	1	0	0	1	2	0
GCF_000008305.1	0	0	0	0	0	0	0
GCF_000008325.1	0	0	0	0	0	0	0
GCF_000008365.1	0	0	0	0	0	0	0
GCF_000008385.1	0	0	0	0	0	0	0
GCF_000008445.1	0	1	0	0	0	3	0
GCF_000008465.1	0	0	0	0	0	0	0
GCF_000008625.1	0	1	0	0	0	1	0
GCF_000008665.1	1	1	1	1	5	1	2
GCF_000009145.1	1	0	0	0	1	0	0
GCF_000009185.1	1	0	0	0	2	0	0
GCF_000009265.1	1	1	0	0	2	3	0
GCF_000009305.1	0	0	0	0	0	0	0
GCF_000009365.1	1	0	0	0	2	0	0
GCF_000009765.2	1	1	0	0	6	3	0
GCF_000009785.1	1	1	0	0	2	2	0
GCF_000009805.1	1	0	0	0	5	0	0
GCF_000009905.1	1	1	0	0	1	2	0
GCF_000009945.1	0	0	0	0	0	0	0
GCF_000009965.1	0	0	0	0	0	0	0
GCF_000009985.1	1	1	1	1	6	2	2
GCF_000010085.1	1	1	0	0	3	2	0
GCF_000010125.1	0	1	0	0	0	3	0
GCF_000010265.1	0	1	1	1	0	4	3
GCF_000010305.1	1	1	0	0	2	1	0
GCF_000010405.1	0	0	0	0	0	0	0
GCF_000010425.1	0	1	0	0	0	1	0
GCF_000010505.1	0	1	0	0	0	1	0
GCF_000010525.1	1	0	0	0	9	0	0
GCF_000010605.1	1	1	0	0	3	2	0
GCF_000010645.1	0	0	0	0	0	0	0
GCF_000010665.1	1	1	1	0	2	1	1
GCF_000010985.1	0	1	1	0	0	2	1
GCF_000011005.1	0	1	0	0	0	1	0
GCF_000011085.1	1	1	0	0	1	1	0
GCF_000011105.1	0	0	0	0	0	0	0
GCF_000011125.1	0	0	0	0	0	0	0
GCF_000011185.1	1	1	0	0	2	1	0
GCF_000011205.1	1	1	0	0	2	1	0
GCF_000011225.1	0	0	0	0	0	0	0
GCF_000011245.1	1	1	0	0	3	2	0
GCF_000011305.1	1	0	0	0	2	0	0
GCF_000011325.1	0	0	0	0	0	0	0
GCF_000011345.1	0	0	0	0	0	0	0
GCF_000011385.1	0	0	0	0	0	0	0
GCF_000011565.2	0	0	0	0	0	0	0
GCF_000011745.1	0	0	0	0	0	0	0
GCF_000011805.1	0	1	0	0	0	1	0
GCF_000011905.1	0	1	1	0	0	1	1
GCF_000011965.2	1	1	0	0	7	2	0
GCF_000012085.2	0	0	0	0	0	0	0
GCF_000012285.1	1	1	0	0	2	1	0
GCF_000012305.1	1	0	0	0	2	0	0
GCF_000012325.1	1	1	0	0	4	1	0
GCF_000012345.1	0	0	0	0	0	0	0
GCF_000012365.1	1	1	0	0	8	1	0
GCF_000012485.1	0	0	0	0	0	0	0
GCF_000012545.1	0	1	0	0	0	1	0
GCF_000012565.1	0	0	0	0	0	0	0
GCF_000012665.1	0	1	1	0	0	3	1
GCF_000012685.1	1	1	0	0	1	1	0
GCF_000012725.1	0	0	0	0	0	0	0
GCF_000012765.1	0	0	0	0	0	0	0
GCF_000012805.1	0	0	0	0	0	0	0
GCF_000012825.1	0	1	0	0	0	1	0
GCF_000012865.1	1	1	1	1	1	7	6
GCF_000012885.1	0	1	1	0	0	1	1
GCF_000012925.1	1	1	1	0	3	1	1
GCF_000012945.1	1	1	0	0	31	2	0
GCF_000012965.1	0	1	1	0	0	1	1
GCF_000012985.1	1	1	0	0	2	1	0
GCF_000013025.1	1	0	0	0	7	0	0
GCF_000013085.1	1	0	0	0	3	0	0
GCF_000013145.1	0	0	0	0	0	0	0
GCF_000013165.1	0	0	0	0	0	0	0
GCF_000013325.1	1	0	0	0	7	0	0
GCF_000013345.1	1	0	0	0	3	0	0
GCF_000013405.1	0	1	1	1	0	2	3
GCF_000013445.1	0	1	0	0	0	2	0
GCF_000013605.1	1	0	0	0	12	0	0
GCF_000013645.1	1	1	0	0	29	1	0
GCF_000013665.1	0	1	0	0	0	1	0
GCF_000013705.1	0	0	0	0	0	0	0
GCF_000013725.1	0	1	0	0	0	1	0
GCF_000013765.1	0	1	0	0	0	1	0
GCF_000013885.1	0	0	0	0	0	0	0
GCF_000013905.1	1	0	0	0	2	0	0
GCF_000013985.1	1	0	0	0	8	0	0
GCF_000014005.1	0	1	0	0	0	3	0
GCF_000014025.1	0	0	0	0	0	0	0
GCF_000014145.1	0	0	0	0	0	0	0
GCF_000014185.1	1	1	0	0	7	1	0
GCF_000014425.1	1	1	0	0	2	2	0
GCF_000014445.1	0	1	0	0	0	2	0
GCF_000014505.1	0	0	0	0	0	0	0
GCF_000014705.1	0	1	0	0	0	1	0
GCF_000014725.1	0	1	1	1	0	6	5
GCF_000014765.1	0	0	0	0	0	0	0
GCF_000014785.1	0	1	1	0	0	1	1
GCF_000014805.1	1	1	1	0	1	2	1
GCF_000014865.1	0	1	0	0	0	1	0
GCF_000014885.1	1	1	0	0	1	2	0
GCF_000014945.1	0	1	0	0	0	1	0
GCF_000014965.1	1	1	1	1	6	3	3
GCF_000015025.1	0	1	0	0	0	2	0
GCF_000015045.1	0	1	1	0	0	1	1
GCF_000015105.1	0	0	0	0	0	0	0
GCF_000015125.1	0	1	0	0	0	1	0
GCF_000015145.1	0	1	0	0	0	1	0
GCF_000015205.1	1	0	0	0	2	0	0
GCF_000015225.1	0	1	0	0	0	2	0
GCF_000015245.1	1	1	0	0	1	2	0
GCF_000015285.1	0	1	0	0	0	1	0
GCF_000015305.1	1	0	0	0	15	0	0
GCF_000015345.1	0	0	0	0	0	0	0
GCF_000015445.1	0	0	0	0	0	0	0
GCF_000015485.1	0	1	1	0	0	2	1
GCF_000015505.1	1	0	0	0	8	0	0
GCF_000015565.1	1	0	0	0	31	0	0
GCF_000015585.1	0	1	0	0	0	1	0
GCF_000015665.1	0	0	0	0	0	0	0
GCF_000015725.1	1	0	0	0	4	0	0
GCF_000015765.1	0	1	0	0	0	2	0
GCF_000015785.2	0	1	0	0	0	1	0
GCF_000015805.1	1	0	0	0	2	0	0
GCF_000015825.1	0	1	0	0	0	1	0
GCF_000015865.1	0	1	1	1	0	5	3
GCF_000015945.1	0	0	0	0	0	0	0
GCF_000016065.1	1	1	0	0	1	2	0
GCF_000016165.1	1	1	1	1	1	4	3
GCF_000016185.1	1	1	0	0	2	1	0
GCF_000016285.1	1	0	0	0	1	0	0
GCF_000016345.1	1	0	0	0	6	0	0
GCF_000016385.1	1	0	0	0	4	0	0
GCF_000016425.1	1	0	0	0	2	0	0
GCF_000016525.1	0	1	0	0	0	2	0
GCF_000016545.1	0	1	1	1	0	5	4
GCF_000016605.1	0	1	0	0	0	2	0
GCF_000016645.1	1	1	0	0	2	1	0
GCF_000016745.1	0	1	1	1	0	3	3
GCF_000016785.1	0	1	0	0	0	4	0
GCF_000016845.1	1	1	0	0	3	2	0
GCF_000016905.1	0	1	0	0	0	1	0
GCF_000016985.1	1	1	1	1	1	9	3
GCF_000017165.1	0	1	1	1	0	2	2
GCF_000017185.1	0	1	1	0	0	2	1
GCF_000017245.1	0	0	0	0	0	0	0
GCF_000017265.1	1	1	0	0	10	1	0
GCF_000017305.1	1	0	0	0	1	0	0
GCF_000017425.1	0	1	0	0	0	3	0
GCF_000017545.1	0	1	0	0	0	1	0
GCF_000017565.1	1	0	0	0	6	0	0
GCF_000017585.1	0	0	0	0	0	0	0
GCF_000017625.1	0	1	1	1	0	2	2
GCF_000017685.1	1	0	0	0	1	0	0
GCF_000017805.1	1	1	0	0	8	1	0
GCF_000017845.1	0	0	0	0	0	0	0
GCF_000017865.1	0	1	1	1	0	6	2
GCF_000017885.4	0	1	0	0	0	2	0
GCF_000017945.1	0	0	0	0	0	0	0
GCF_000018025.1	1	1	0	0	1	2	0
GCF_000018045.1	1	1	1	0	1	1	1
GCF_000018105.1	0	0	0	0	0	0	0
GCF_000018145.1	1	0	0	0	7	0	0
GCF_000018205.1	0	0	0	0	0	0	0
GCF_000018225.1	0	0	0	0	0	0	0
GCF_000018285.1	1	1	0	0	1	2	0
GCF_000018305.1	1	1	0	0	1	3	0
GCF_000018325.1	1	1	1	1	2	3	2
GCF_000018365.1	0	0	0	0	0	0	0
GCF_000018405.1	1	1	1	1	1	6	10
GCF_000018465.1	0	0	0	0	0	0	0
GCF_000018525.1	1	1	0	0	4	2	0
GCF_000018605.1	0	1	0	0	0	2	0
GCF_000018665.1	1	0	0	0	24	0	0
GCF_000018685.1	0	1	0	0	0	4	0
GCF_000018785.1	0	1	0	0	0	1	0
GCF_000018865.1	1	0	0	0	6	0	0
GCF_000018885.1	1	1	0	0	2	3	0
GCF_000018945.1	0	1	0	0	0	3	0
GCF_000019045.1	1	1	0	0	1	1	0
GCF_000019085.1	0	1	1	1	0	6	4
GCF_000019165.1	0	1	1	1	0	3	3
GCF_000019185.1	1	1	0	0	1	2	0
GCF_000019225.1	1	1	0	0	1	2	0
GCF_000019345.1	0	0	0	0	0	0	0
GCF_000019405.1	0	1	0	0	0	1	0
GCF_000019505.1	1	1	0	0	18	2	0
GCF_000019525.1	0	1	0	0	0	5	0
GCF_000019605.1	0	1	0	0	0	1	0
GCF_000019665.1	0	1	0	0	0	1	0
GCF_000019685.1	0	0	0	0	0	0	0
GCF_000019705.1	0	0	0	0	0	0	0
GCF_000019725.1	1	1	0	0	9	1	0
GCF_000019785.1	1	1	0	0	7	1	0
GCF_000019805.1	0	0	0	0	0	0	0
GCF_000019845.1	1	0	0	0	2	0	0
GCF_000019945.1	1	0	0	0	3	0	0
GCF_000019965.1	0	1	0	0	0	1	0
GCF_000020005.1	0	1	1	1	0	5	6
GCF_000020025.1	0	1	0	0	0	1	0
GCF_000020045.1	1	1	0	0	13	2	0
GCF_000020125.1	1	1	0	0	16	2	0
GCF_000020145.1	0	1	0	0	0	1	0
GCF_000020305.1	0	0	0	0	0	0	0
GCF_000020365.1	1	1	1	1	2	3	5
GCF_000020385.1	0	1	1	1	0	3	3
GCF_000020465.1	0	0	0	0	0	0	0
GCF_000020485.1	0	1	1	1	0	3	2
GCF_000020505.1	0	0	0	0	0	0	0
GCF_000020525.1	0	0	0	0	0	0	0
GCF_000020565.1	0	1	0	0	0	1	0
GCF_000020625.1	0	0	0	0	0	0	0
GCF_000020645.1	0	0	0	0	0	0	0
GCF_000020685.1	1	1	0	0	1	1	0
GCF_000020725.1	1	1	1	1	1	3	3
GCF_000020945.1	0	0	0	0	0	0	0
GCF_000020965.1	0	1	1	1	0	4	2
GCF_000020985.1	0	1	1	0	0	2	1
GCF_000021005.1	1	1	0	0	4	1	0
GCF_000021045.1	1	0	0	0	2	0	0
GCF_000021285.1	0	1	0	0	0	2	0
GCF_000021325.1	1	1	0	0	1	1	0
GCF_000021485.1	0	0	0	0	0	0	0
GCF_000021545.1	0	0	0	0	0	0	0
GCF_000021565.1	0	0	0	0	0	0	0
GCF_000021645.1	0	1	1	1	0	4	2
GCF_000021685.1	1	1	0	0	2	3	0
GCF_000021705.1	0	1	0	0	0	1	0
GCF_000021725.1	0	0	0	0	0	0	0
GCF_000021745.1	0	0	0	0	0	0	0
GCF_000021765.1	1	1	1	1	3	2	2
GCF_000021805.1	0	0	0	0	0	0	0
GCF_000021825.1	0	0	0	0	0	0	0
GCF_000021865.1	1	1	0	0	2	2	0
GCF_000021905.1	1	1	1	1	1	11	15
GCF_000021925.1	1	1	1	1	7	9	9
GCF_000021945.1	1	0	0	0	6	0	0
GCF_000021965.1	0	1	1	1	0	3	5
GCF_000021985.1	0	0	0	0	0	0	0
GCF_000022025.1	1	1	0	0	4	1	0
GCF_000022065.1	0	1	1	1	0	3	2
GCF_000022085.1	1	1	0	0	14	1	0
GCF_000022145.1	1	1	0	0	1	1	0
GCF_000022205.1	1	0	0	0	3	0	0
GCF_000022265.1	1	1	1	1	2	2	2
GCF_000022305.1	1	0	0	0	8	0	0
GCF_000022325.1	0	1	1	1	0	5	5
GCF_000022365.1	0	1	0	0	0	1	0
GCF_000022445.1	1	1	0	0	2	2	0
GCF_000022525.1	0	0	0	0	0	0	0
GCF_000022545.1	0	0	0	0	0	0	0
GCF_000022565.1	0	1	0	0	0	1	0
GCF_000022725.1	0	0	0	0	0	0	0
GCF_000022745.1	1	1	0	0	4	1	0
GCF_000022905.1	1	0	0	0	1	0	0
GCF_000022965.1	1	1	0	0	1	1	0
GCF_000023065.1	0	1	0	0	0	1	0
GCF_000023105.1	0	1	0	0	0	5	0
GCF_000023125.1	0	0	0	0	0	0	0
GCF_000023145.1	0	1	0	0	0	1	0
GCF_000023225.1	0	1	1	0	0	1	1
GCF_000023245.1	1	1	0	0	3	2	0
GCF_000023265.1	1	0	0	0	3	0	0
GCF_000023285.1	0	0	0	0	0	0	0
GCF_000023325.1	0	1	1	1	0	5	2
GCF_000023445.1	0	1	1	1	0	3	2
GCF_000023465.1	0	1	0	0	0	1	0
GCF_000023545.1	1	1	0	0	2	2	0
GCF_000023565.1	0	1	0	0	0	2	0
GCF_000023705.1	0	0	0	0	0	0	0
GCF_000023745.1	0	0	0	0	0	0	0
GCF_000023785.1	1	1	0	0	4	1	0
GCF_000023825.1	1	1	0	0	2	3	0
GCF_000023845.1	1	1	1	0	1	3	1
GCF_000023865.1	1	1	0	0	4	2	0
GCF_000023905.1	0	1	0	0	0	1	0
GCF_000023945.1	0	0	0	0	0	0	0
GCF_000023965.1	1	0	0	0	1	0	0
GCF_000023985.1	0	1	1	0	0	2	1
GCF_000024005.1	0	0	0	0	0	0	0
GCF_000024025.1	1	1	0	0	5	7	0
GCF_000024085.1	0	0	0	0	0	0	0
GCF_000024105.1	0	1	0	0	0	3	0
GCF_000024125.1	0	0	0	0	0	0	0
GCF_000024185.1	0	1	0	0	0	1	0
GCF_000024205.1	0	1	1	1	0	4	6
GCF_000024225.1	0	1	0	0	0	1	0
GCF_000024285.1	1	0	0	0	1	0	0
GCF_000024325.1	0	0	0	0	0	0	0
GCF_000024345.1	1	1	0	0	6	3	0
GCF_000024365.1	1	0	0	0	4	0	0
GCF_000024385.1	1	1	0	0	4	1	0
GCF_000024405.1	1	1	1	0	1	5	1
GCF_000024425.1	1	1	0	0	1	1	0
GCF_000024465.1	1	0	0	0	2	0	0
GCF_000024505.1	0	0	0	0	0	0	0
GCF_000024545.1	1	1	0	0	2	2	0
GCF_000024565.1	0	1	0	0	0	1	0
GCF_000024605.1	0	1	1	1	0	2	5
GCF_000024625.1	0	1	1	0	0	2	1
GCF_000024725.1	0	0	0	0	0	0	0
GCF_000024765.1	0	0	0	0	0	0	0
GCF_000024785.1	1	1	0	0	7	1	0
GCF_000024805.1	1	1	0	0	1	1	0
GCF_000024825.1	0	1	0	0	0	1	0
GCF_000024845.1	1	1	0	0	1	1	0
GCF_000024865.1	1	1	0	0	9	5	0
GCF_000024885.1	0	1	1	0	0	2	1
GCF_000024905.1	1	1	1	0	1	2	1
GCF_000024925.1	0	1	0	0	0	1	0
GCF_000024965.1	1	1	0	0	1	1	0
GCF_000024985.1	1	0	0	0	6	0	0
GCF_000025005.1	0	1	0	0	0	2	0
GCF_000025065.1	0	1	0	0	0	2	0
GCF_000025125.1	0	0	0	0	0	0	0
GCF_000025185.1	0	1	0	0	0	1	0
GCF_000025225.2	1	1	1	1	1	1	2
GCF_000025265.1	1	1	0	0	8	2	0
GCF_000025285.1	0	1	0	0	0	1	0
GCF_000025305.1	0	1	1	1	0	2	2
GCF_000025325.1	1	1	0	0	2	1	0
GCF_000025345.1	1	0	0	0	3	0	0
GCF_000025485.1	0	0	0	0	0	0	0
GCF_000025505.1	1	1	1	1	11	3	4
GCF_000025605.1	0	1	0	0	0	1	0
GCF_000025625.1	1	1	0	0	6	1	0
GCF_000025645.1	0	1	1	1	0	8	5
GCF_000025685.1	1	1	0	0	2	2	0
GCF_000025705.1	0	1	0	0	0	1	0
GCF_000025725.1	0	1	0	0	0	1	0
GCF_000025845.1	0	0	0	0	0	0	0
GCF_000025865.1	0	1	0	0	0	1	0
GCF_000025885.1	1	1	0	0	1	1	0
GCF_000025905.1	1	1	0	0	2	1	0
GCF_000025925.1	0	1	0	0	0	1	0
GCF_000025945.1	0	1	1	1	0	1	2
GCF_000025965.1	1	1	1	1	9	2	4
GCF_000025985.1	0	1	0	0	0	1	0
GCF_000026005.1	0	0	0	0	0	0	0
GCF_000026045.1	1	0	0	0	2	0	0
GCF_000026085.1	0	0	0	0	0	0	0
GCF_000026105.1	1	0	0	0	3	0	0
GCF_000026185.1	0	0	0	0	0	0	0
GCF_000026205.1	0	0	0	0	0	0	0
GCF_000026745.1	0	0	0	0	0	0	0
GCF_000026765.1	0	0	0	0	0	0	0
GCF_000027145.1	0	1	0	0	0	4	0
GCF_000027325.1	0	0	0	0	0	0	0
GCF_000046845.1	1	0	0	0	4	0	0
GCF_000058485.1	1	0	0	0	23	0	0
GCF_000060345.1	0	1	0	0	0	1	0
GCF_000062885.1	1	1	0	0	12	2	0
GCF_000063445.1	0	1	1	0	0	2	1
GCF_000063585.1	1	1	1	1	2	10	11
GCF_000063605.1	0	0	0	0	0	0	0
GCF_000067165.1	1	1	0	0	1	1	0
GCF_000067205.1	1	0	0	0	41	0	0
GCF_000069185.1	1	1	0	0	6	1	0
GCF_000069225.1	0	0	0	0	0	0	0
GCF_000069785.1	1	0	0	0	27	0	0
GCF_000069965.1	1	0	0	0	1	0	0
GCF_000073005.1	0	0	0	0	0	0	0
GCF_000083545.1	1	0	0	0	4	0	0
GCF_000091305.1	1	1	0	0	6	3	0
GCF_000091325.1	0	1	0	0	0	1	0
GCF_000091545.1	1	0	0	0	1	0	0
GCF_000091565.1	0	0	0	0	0	0	0
GCF_000091665.1	0	1	1	0	0	2	1
GCF_000091785.1	1	0	0	0	1	0	0
GCF_000092025.1	1	0	0	0	1	0	0
GCF_000092045.1	1	1	0	0	1	1	0
GCF_000092105.1	0	0	0	0	0	0	0
GCF_000092125.1	1	1	0	0	2	2	0
GCF_000092185.1	1	0	0	0	1	0	0
GCF_000092205.1	0	1	1	0	0	2	1
GCF_000092225.1	1	1	0	0	4	1	0
GCF_000092245.1	0	1	1	0	0	1	1
GCF_000092305.1	0	1	1	0	0	2	1
GCF_000092405.1	1	1	1	1	5	6	8
GCF_000092425.1	1	0	0	0	1	0	0
GCF_000092465.1	0	0	0	0	0	0	0
GCF_000092505.1	0	1	0	0	0	1	0
GCF_000092645.1	1	0	0	0	5	0	0
GCF_000092785.1	0	0	0	0	0	0	0
GCF_000092825.1	1	1	0	0	2	1	0
GCF_000092845.1	0	1	1	0	0	2	1
GCF_000092865.1	0	0	0	0	0	0	0
GCF_000092885.1	1	1	0	0	16	2	0
GCF_000092905.1	1	0	0	0	6	0	0
GCF_000092925.1	1	0	0	0	9	0	0
GCF_000092965.1	0	1	1	1	0	9	5
GCF_000093025.1	0	0	0	0	0	0	0
GCF_000093065.1	0	0	0	0	0	0	0
GCF_000093085.1	0	1	0	0	0	1	0
GCF_000143085.1	0	0	0	0	0	0	0
GCF_000143145.1	0	0	0	0	0	0	0
GCF_000143685.1	1	1	1	1	1	6	3
GCF_000143725.1	0	1	1	0	0	2	1
GCF_000143845.1	0	1	0	0	0	1	0
GCF_000143965.1	1	1	1	1	1	1	6
GCF_000143985.1	0	1	0	0	0	2	0
GCF_000144405.1	0	1	0	0	0	1	0
GCF_000144605.1	1	0	1	0	3	0	1
GCF_000144625.1	1	1	1	1	3	9	3
GCF_000144645.1	0	1	1	1	0	6	5
GCF_000144695.1	0	1	1	1	0	6	4
GCF_000144915.1	1	0	0	0	1	0	0
GCF_000145035.1	0	1	1	1	0	3	4
GCF_000145215.1	0	1	1	1	0	4	3
GCF_000145235.1	1	1	0	0	7	2	0
GCF_000145255.1	0	1	1	0	0	1	1
GCF_000145275.1	0	1	0	0	0	2	0
GCF_000145295.1	0	1	0	0	0	1	0
GCF_000145615.1	0	1	1	1	0	4	3
GCF_000145945.2	1	0	0	0	2	0	0
GCF_000146165.2	0	1	0	0	0	2	0
GCF_000146185.1	0	1	1	1	0	3	2
GCF_000146345.1	1	1	1	0	1	1	1
GCF_000146505.1	0	1	0	0	0	1	0
GCF_000146675.1	0	0	0	0	0	0	0
GCF_000147335.1	0	1	0	0	0	1	0
GCF_000147355.1	0	0	0	0	0	0	0
GCF_000147875.1	0	1	0	0	0	2	0
GCF_000148385.1	1	1	0	0	2	1	0
GCF_000148645.1	1	1	0	0	1	1	0
GCF_000151105.2	0	0	0	0	0	0	0
GCF_000152245.2	1	1	0	0	1	4	0
GCF_000152265.2	1	1	0	0	2	1	0
GCF_000152625.1	1	1	0	0	2	1	0
GCF_000152725.1	1	0	0	0	13	0	0
GCF_000152825.2	0	0	0	0	0	0	0
GCF_000152885.1	0	0	0	0	0	0	0
GCF_000152985.1	0	1	0	0	0	1	0
GCF_000153105.1	0	0	0	0	0	0	0
GCF_000153125.2	1	1	0	0	4	1	0
GCF_000153185.1	1	1	0	0	1	1	0
GCF_000153205.1	0	0	0	0	0	0	0
GCF_000153225.1	0	0	0	0	0	0	0
GCF_000153305.1	1	1	0	0	3	1	0
GCF_000153345.1	1	1	0	0	1	1	0
GCF_000153425.1	0	1	0	0	0	2	0
GCF_000153465.1	1	0	0	0	7	0	0
GCF_000153485.2	0	1	0	0	0	1	0
GCF_000153705.1	1	0	0	0	3	0	0
GCF_000153765.1	0	0	0	0	0	0	0
GCF_000154285.1	0	1	0	0	0	2	0
GCF_000154385.1	0	1	0	0	0	2	0
GCF_000154465.1	0	1	0	0	0	1	0
GCF_000154525.1	0	1	0	0	0	2	0
GCF_000154705.2	1	0	0	0	4	0	0
GCF_000154725.1	0	1	0	0	0	1	0
GCF_000154785.2	1	1	0	0	3	2	0
GCF_000154825.1	1	1	0	0	1	1	0
GCF_000154965.1	1	1	0	0	9	3	0
GCF_000155515.2	0	0	0	0	0	0	0
GCF_000155555.1	0	0	0	0	0	0	0
GCF_000155675.2	1	0	0	0	4	0	0
GCF_000155735.2	1	1	0	0	4	2	0
GCF_000155955.1	0	1	0	0	0	1	0
GCF_000156195.1	0	0	0	0	0	0	0
GCF_000156355.1	0	0	0	0	0	0	0
GCF_000156995.2	1	0	0	0	2	0	0
GCF_000157355.2	0	1	0	0	0	2	0
GCF_000158095.2	1	1	0	0	7	1	0
GCF_000158175.1	1	0	0	0	6	0	0
GCF_000158475.2	1	0	0	0	3	0	0
GCF_000158915.1	1	1	0	0	12	2	0
GCF_000159015.1	0	0	0	0	0	0	0
GCF_000159635.1	0	0	0	0	0	0	0
GCF_000159995.1	0	1	0	0	0	1	0
GCF_000160035.2	0	1	1	0	0	2	1
GCF_000160055.1	1	1	0	0	1	1	0
GCF_000160115.1	0	1	1	1	0	2	2
GCF_000160455.2	1	1	0	0	1	2	0
GCF_000160475.1	0	1	1	1	0	2	2
GCF_000160535.1	0	1	0	0	0	3	0
GCF_000160555.1	0	1	0	0	0	2	0
GCF_000160695.1	0	1	0	0	0	2	0
GCF_000160775.2	1	0	0	0	1	0	0
GCF_000160835.1	0	1	0	0	0	2	0
GCF_000161455.1	1	1	0	0	2	2	0
GCF_000161615.1	0	1	0	0	0	4	0
GCF_000161995.1	0	1	1	0	0	1	1
GCF_000162475.2	0	1	0	0	0	2	0
GCF_000162575.1	0	0	0	0	0	0	0
GCF_000162755.2	0	0	0	0	0	0	0
GCF_000163895.2	0	1	1	1	0	2	2
GCF_000164135.1	1	0	0	0	24	0	0
GCF_000164635.1	1	0	0	0	8	0	0
GCF_000164695.2	0	0	0	0	0	0	0
GCF_000164865.1	1	0	0	0	2	0	0
GCF_000164905.1	0	1	0	0	0	1	0
GCF_000165465.1	0	1	1	1	0	4	2
GCF_000165505.1	0	1	1	0	0	2	1
GCF_000165735.1	1	1	1	0	1	2	1
GCF_000165795.1	1	1	1	1	2	2	2
GCF_000166055.1	1	1	1	1	1	4	4
GCF_000166135.1	1	0	0	0	49	0	0
GCF_000166275.1	0	0	0	0	0	0	0
GCF_000166335.1	0	1	1	1	0	4	3
GCF_000166355.1	0	1	1	1	0	6	5
GCF_000166395.1	0	0	0	0	0	0	0
GCF_000166415.1	0	1	1	1	0	2	2
GCF_000166695.1	0	1	1	1	0	5	4
GCF_000166775.1	0	1	1	1	0	4	3
GCF_000166935.1	0	0	0	0	0	0	0
GCF_000168295.1	0	0	0	0	0	0	0
GCF_000168715.1	0	0	0	0	0	0	0
GCF_000168975.1	1	0	0	0	4	0	0
GCF_000169155.1	1	1	1	0	4	2	1
GCF_000169175.1	1	0	0	0	2	0	0
GCF_000169255.2	0	1	1	1	0	6	4
GCF_000169335.1	0	0	0	0	0	0	0
GCF_000169535.1	0	0	0	0	0	0	0
GCF_000170755.1	0	1	0	0	0	2	0
GCF_000170835.1	1	1	0	0	4	1	0
GCF_000170895.1	1	1	0	0	2	1	0
GCF_000170955.2	0	0	0	0	0	0	0
GCF_000171235.2	0	1	1	1	0	2	2
GCF_000172155.1	0	1	0	0	0	2	0
GCF_000172555.1	0	1	0	0	0	1	0
GCF_000172975.1	1	1	1	0	1	1	1
GCF_000172995.2	0	1	0	0	0	1	0
GCF_000173615.1	0	0	0	0	0	0	0
GCF_000174015.1	0	1	0	0	0	1	0
GCF_000174095.1	0	0	0	0	0	0	0
GCF_000174355.1	1	0	0	0	2	0	0
GCF_000174415.1	1	1	1	1	1	2	3
GCF_000174435.1	0	1	0	0	0	2	0
GCF_000175195.1	0	0	0	0	0	0	0
GCF_000175215.2	1	1	0	0	1	3	0
GCF_000175295.2	0	1	1	1	0	6	5
GCF_000175375.1	0	0	0	0	0	0	0
GCF_000175615.1	0	0	0	0	0	0	0
GCF_000176035.2	1	1	0	0	6	2	0
GCF_000176235.1	0	1	0	0	0	2	0
GCF_000176355.1	1	1	0	0	5	1	0
GCF_000176855.2	1	0	0	0	9	0	0
GCF_000176915.2	0	1	1	0	0	1	1
GCF_000177215.2	0	0	0	0	0	0	0
GCF_000177235.2	0	1	0	0	0	4	0
GCF_000177355.1	0	1	0	0	0	1	0
GCF_000177375.1	0	0	0	0	0	0	0
GCF_000177535.2	1	1	0	0	1	1	0
GCF_000177635.2	0	1	0	0	0	1	0
GCF_000178095.1	1	1	1	1	3	3	5
GCF_000178115.2	0	1	1	1	0	4	2
GCF_000178375.1	0	0	0	0	0	0	0
GCF_000178455.1	1	0	0	0	4	0	0
GCF_000178815.2	0	0	0	0	0	0	0
GCF_000178835.2	0	1	0	0	0	3	0
GCF_000178855.1	1	1	0	0	3	2	0
GCF_000178875.2	0	1	0	0	0	2	0
GCF_000178955.2	1	1	0	0	1	3	0
GCF_000178975.2	1	1	0	0	1	2	0
GCF_000179035.2	0	0	0	0	0	0	0
GCF_000179555.1	0	1	1	1	0	1	2
GCF_000179575.2	0	1	1	0	0	2	1
GCF_000179595.2	0	1	1	1	0	5	2
GCF_000179615.1	0	1	0	0	0	6	0
GCF_000179635.2	0	1	0	0	0	2	0
GCF_000179915.2	0	1	0	0	0	3	0
GCF_000181575.2	0	0	0	0	0	0	0
GCF_000183135.1	0	0	0	0	0	0	0
GCF_000183155.1	0	1	0	0	0	2	0
GCF_000183365.1	0	0	0	0	0	0	0
GCF_000183385.1	0	0	0	0	0	0	0
GCF_000183405.1	0	1	1	0	0	1	1
GCF_000183425.1	1	1	0	0	1	2	0
GCF_000183665.1	0	0	0	0	0	0	0
GCF_000183725.1	0	1	1	0	0	1	1
GCF_000183745.1	1	0	0	0	2	0	0
GCF_000184435.1	1	0	0	0	14	0	0
GCF_000184685.1	1	1	0	0	4	1	0
GCF_000184705.1	1	1	0	0	5	1	0
GCF_000184945.1	0	1	0	0	0	2	0
GCF_000185145.2	0	1	0	0	0	1	0
GCF_000185385.1	1	1	1	1	1	6	3
GCF_000185445.1	0	1	0	0	0	1	0
GCF_000185505.1	1	1	1	1	4	4	7
GCF_000185705.2	0	1	1	0	0	3	1
GCF_000185725.2	1	1	0	0	2	1	0
GCF_000185805.1	0	1	0	0	0	1	0
GCF_000185985.2	0	0	0	0	0	0	0
GCF_000186005.1	0	0	0	0	0	0	0
GCF_000186225.1	0	1	0	0	0	2	0
GCF_000186245.1	0	0	0	0	0	0	0
GCF_000186265.1	0	0	0	0	0	0	0
GCF_000186345.1	0	1	0	0	0	3	0
GCF_000186365.1	1	0	0	0	1	0	0
GCF_000186385.1	0	0	0	0	0	0	0
GCF_000186885.1	1	1	1	0	1	1	1
GCF_000187465.1	0	0	0	0	0	0	0
GCF_000187585.1	0	1	0	0	0	1	0
GCF_000187895.1	0	0	0	0	0	0	0
GCF_000188195.1	0	1	0	0	0	1	0
GCF_000189295.2	0	1	1	0	0	1	1
GCF_000190315.1	1	0	0	0	2	0	0
GCF_000190435.1	0	1	0	0	0	2	0
GCF_000190555.1	1	0	0	0	1	0	0
GCF_000190575.1	0	1	0	0	0	2	0
GCF_000190595.1	0	1	0	0	0	1	0
GCF_000190635.1	1	1	1	1	1	3	2
GCF_000191045.1	0	1	1	1	0	2	2
GCF_000191585.1	0	1	0	0	0	1	0
GCF_000192575.1	1	0	0	0	4	0	0
GCF_000192745.1	1	1	0	0	7	1	0
GCF_000192865.1	1	0	0	0	1	0	0
GCF_000193375.1	1	1	0	0	5	1	0
GCF_000194115.1	1	1	0	0	2	1	0
GCF_000194135.1	0	0	0	0	0	0	0
GCF_000194605.1	1	0	0	0	1	0	0
GCF_000194625.1	0	0	0	0	0	0	0
GCF_000195275.1	0	1	0	0	0	1	0
GCF_000195295.1	1	1	1	0	2	2	1
GCF_000195315.1	0	1	0	0	0	2	0
GCF_000195335.1	1	0	0	0	2	0	0
GCF_000195555.1	0	0	0	0	0	0	0
GCF_000195635.1	0	1	0	0	0	2	0
GCF_000195915.1	0	1	0	0	0	1	0
GCF_000195935.2	0	0	0	0	0	0	0
GCF_000195975.1	0	1	0	0	0	1	0
GCF_000196075.1	0	0	0	0	0	0	0
GCF_000196095.1	0	1	0	0	0	1	0
GCF_000196115.1	0	1	0	0	0	1	0
GCF_000196175.1	0	0	0	0	0	0	0
GCF_000196215.1	0	0	0	0	0	0	0
GCF_000196275.1	0	1	0	0	0	1	0
GCF_000196315.1	0	1	0	0	0	1	0
GCF_000196355.1	1	0	0	0	1	0	0
GCF_000196435.1	0	0	0	0	0	0	0
GCF_000196455.1	0	1	1	0	0	4	1
GCF_000196475.1	0	0	0	0	0	0	0
GCF_000196495.1	0	1	0	0	0	1	0
GCF_000196515.1	0	0	0	0	0	0	0
GCF_000196535.1	0	1	0	0	0	1	0
GCF_000196555.1	0	1	0	0	0	2	0
GCF_000196615.1	1	1	0	0	1	1	0
GCF_000196655.1	0	1	0	0	0	1	0
GCF_000196675.2	1	0	0	0	35	0	0
GCF_000196795.1	1	0	0	0	5	0	0
GCF_000196855.1	0	1	0	0	0	1	0
GCF_000196875.2	1	0	0	0	2	0	0
GCF_000196895.1	1	0	0	0	5	0	0
GCF_000197735.1	1	1	0	0	2	1	0
GCF_000199675.1	0	1	0	0	0	2	0
GCF_000200595.1	0	0	0	0	0	0	0
GCF_000200735.1	0	0	0	0	0	0	0
GCF_000202835.1	1	0	0	0	4	0	0
GCF_000204015.1	1	1	1	1	4	2	2
GCF_000204135.1	0	0	0	0	0	0	0
GCF_000204155.1	1	1	0	0	3	1	0
GCF_000204255.1	0	0	0	0	0	0	0
GCF_000204415.1	0	1	0	0	0	1	0
GCF_000204545.1	0	0	0	0	0	0	0
GCF_000204645.1	1	0	0	0	46	0	0
GCF_000204925.1	0	1	0	0	0	1	0
GCF_000205025.1	0	1	1	1	0	1	2
GCF_000208385.1	0	0	0	0	0	0	0
GCF_000208405.1	0	1	0	0	0	1	0
GCF_000210095.1	0	1	0	0	0	3	0
GCF_000210715.1	1	1	1	1	1	2	3
GCF_000210915.2	1	0	0	0	1	0	0
GCF_000211815.1	1	1	0	0	1	1	0
GCF_000212375.1	0	0	0	0	0	0	0
GCF_000212395.1	0	1	1	0	0	1	1
GCF_000212415.1	0	1	0	0	0	3	0
GCF_000212675.2	0	1	1	0	0	2	1
GCF_000212695.1	0	0	0	0	0	0	0
GCF_000212735.1	1	1	0	0	1	2	0
GCF_000213215.1	0	1	0	0	0	2	0
GCF_000213235.1	0	1	1	1	0	2	4
GCF_000213255.1	0	1	1	0	0	7	1
GCF_000213555.1	0	1	0	0	0	1	0
GCF_000213575.1	0	1	0	0	0	2	0
GCF_000213655.1	0	1	0	0	0	1	0
GCF_000213975.1	0	1	0	0	0	3	0
GCF_000214155.1	1	0	0	0	15	0	0
GCF_000214175.1	1	0	0	0	4	0	0
GCF_000214215.1	1	1	0	0	2	1	0
GCF_000214235.1	1	0	0	0	1	0	0
GCF_000214355.1	0	1	0	0	0	3	0
GCF_000214375.1	0	1	1	0	0	3	1
GCF_000214415.1	0	1	1	0	0	2	1
GCF_000214435.1	0	1	1	1	0	4	3
GCF_000214705.1	1	1	1	1	2	4	4
GCF_000214725.1	0	1	0	0	0	1	0
GCF_000214825.1	0	0	0	0	0	0	0
GCF_000215085.1	0	1	1	1	0	4	3
GCF_000215105.1	0	0	0	0	0	0	0
GCF_000215645.1	0	0	0	0	0	0	0
GCF_000215705.1	1	1	0	0	11	1	0
GCF_000215975.1	0	1	1	1	0	2	2
GCF_000215995.1	0	0	0	0	0	0	0
GCF_000217655.1	0	0	0	0	0	0	0
GCF_000217715.1	1	0	0	0	3	0	0
GCF_000217795.1	0	1	0	0	0	1	0
GCF_000217815.1	0	1	1	1	0	5	3
GCF_000217995.1	0	1	1	0	0	2	1
GCF_000218235.1	0	1	1	0	0	2	1
GCF_000218545.1	0	1	0	0	0	1	0
GCF_000218565.1	1	0	0	0	7	0	0
GCF_000218625.1	0	1	1	0	0	1	1
GCF_000218855.1	0	1	1	0	0	6	1
GCF_000218895.1	1	1	0	0	1	1	0
GCF_000219045.1	0	0	0	0	0	0	0
GCF_000219215.1	1	0	0	0	53	0	0
GCF_000219355.1	0	0	0	0	0	0	0
GCF_000219725.1	0	1	0	0	0	2	0
GCF_000219805.1	0	1	0	0	0	2	0
GCF_000220705.2	1	1	0	0	5	2	0
GCF_000220945.1	1	1	0	0	13	3	0
GCF_000221025.1	0	0	0	0	0	0	0
GCF_000221985.1	0	0	0	0	0	0	0
GCF_000222485.1	0	0	0	0	0	0	0
GCF_000222975.1	0	1	0	0	0	2	0
GCF_000223215.1	0	1	0	0	0	1	0
GCF_000223395.1	0	0	0	0	0	0	0
GCF_000223905.1	1	0	0	0	1	0	0
GCF_000224085.1	0	1	0	0	0	2	0
GCF_000224615.1	0	1	0	0	0	2	0
GCF_000224675.1	0	1	0	0	0	1	0
GCF_000224985.1	0	1	0	0	0	3	0
GCF_000225345.1	1	1	0	0	2	2	0
GCF_000225705.1	0	1	0	0	0	2	0
GCF_000226295.1	1	0	0	0	1	0	0
GCF_000226315.1	1	0	0	0	1	0	0
GCF_000226565.1	1	1	0	0	2	1	0
GCF_000226625.1	1	0	0	0	1	0	0
GCF_000227465.1	0	1	0	0	0	2	0
GCF_000227585.1	0	0	0	0	0	0	0
GCF_000233595.1	1	1	0	0	1	1	0
GCF_000233955.1	0	0	0	0	0	0	0
GCF_000234095.1	0	1	0	0	0	1	0
GCF_000234805.1	1	0	0	0	4	0	0
GCF_000235445.1	1	1	1	1	2	4	3
GCF_000235565.1	0	1	0	0	0	2	0
GCF_000235585.1	1	1	0	0	1	6	0
GCF_000235605.1	1	1	1	1	6	9	11
GCF_000235885.1	0	1	0	0	0	1	0
GCF_000236035.1	1	0	0	0	4	0	0
GCF_000236165.1	0	0	0	0	0	0	0
GCF_000236665.1	1	0	0	0	2	0	0
GCF_000236685.1	0	1	0	0	0	2	0
GCF_000236705.1	0	1	0	0	0	1	0
GCF_000236865.1	1	1	1	1	2	4	2
GCF_000236925.1	0	1	0	0	0	1	0
GCF_000237085.1	0	1	1	1	0	5	2
GCF_000237205.1	0	0	0	0	0	0	0
GCF_000237305.1	1	1	0	0	6	4	0
GCF_000237825.1	1	1	1	0	1	2	1
GCF_000237845.1	0	0	0	0	0	0	0
GCF_000238055.2	0	1	1	1	0	2	2
GCF_000238075.1	0	1	1	1	0	2	2
GCF_000238115.1	1	1	1	1	1	5	5
GCF_000238215.1	0	0	0	0	0	0	0
GCF_000238995.1	0	0	0	0	0	0	0
GCF_000239275.1	1	1	1	1	1	4	4
GCF_000241055.1	0	1	0	0	0	1	0
GCF_000241955.1	1	1	0	0	2	2	0
GCF_000242235.1	1	1	1	1	1	2	2
GCF_000243015.1	0	1	0	0	0	1	0
GCF_000243035.1	0	1	0	0	0	2	0
GCF_000243215.1	0	1	0	0	0	1	0
GCF_000243235.1	0	1	0	0	0	1	0
GCF_000243255.1	0	1	0	0	0	1	0
GCF_000243315.1	1	1	0	0	1	1	0
GCF_000243335.1	1	0	0	0	1	0	0
GCF_000244895.1	1	1	1	1	3	9	7
GCF_000244955.1	1	1	1	1	12	2	2
GCF_000244975.1	1	1	0	0	5	2	0
GCF_000245015.1	1	0	0	0	1	0	0
GCF_000245755.1	0	0	0	0	0	0	0
GCF_000245795.1	0	0	0	0	0	0	0
GCF_000245815.1	0	1	0	0	0	1	0
GCF_000246855.1	1	0	0	0	2	0	0
GCF_000247565.1	0	0	0	0	0	0	0
GCF_000247605.1	0	1	1	0	0	3	1
GCF_000247715.1	1	1	0	0	11	1	0
GCF_000250635.1	1	0	0	0	1	0	0
GCF_000250875.1	0	0	0	0	0	0	0
GCF_000251105.1	0	1	0	0	0	1	0
GCF_000252445.1	0	1	0	0	0	1	0
GCF_000252955.1	0	1	0	0	0	1	0
GCF_000252995.1	1	0	0	0	1	0	0
GCF_000253015.1	0	0	0	0	0	0	0
GCF_000253035.1	0	0	0	0	0	0	0
GCF_000253055.1	1	0	0	0	5	0	0
GCF_000253115.1	1	0	0	0	2	0	0
GCF_000253175.1	0	1	0	0	0	2	0
GCF_000253275.1	0	1	0	0	0	1	0
GCF_000253315.1	0	1	0	0	0	1	0
GCF_000253375.1	1	0	0	0	4	0	0
GCF_000255135.1	0	1	0	0	0	2	0
GCF_000255295.1	1	1	0	0	1	2	0
GCF_000255455.1	0	1	0	0	0	1	0
GCF_000255655.1	0	1	0	0	0	2	0
GCF_000255705.1	0	1	0	0	0	2	0
GCF_000257395.1	0	0	0	0	0	0	0
GCF_000258175.1	1	1	0	0	3	1	0
GCF_000258405.1	0	1	0	0	0	2	0
GCF_000258425.1	0	0	0	0	0	0	0
GCF_000258515.1	0	0	0	0	0	0	0
GCF_000258535.2	1	1	0	0	1	1	0
GCF_000258765.1	0	0	0	0	0	0	0
GCF_000259075.1	0	0	1	0	0	0	1
GCF_000259275.1	0	0	0	0	0	0	0
GCF_000260115.1	1	1	0	0	2	2	0
GCF_000260135.1	0	0	0	0	0	0	0
GCF_000260965.1	0	0	0	0	0	0	0
GCF_000261345.2	1	1	0	0	3	2	0
GCF_000262045.1	0	1	0	0	0	1	0
GCF_000262245.1	0	1	0	0	0	1	0
GCF_000262305.1	1	1	0	0	1	1	0
GCF_000262345.1	1	1	0	0	4	2	0
GCF_000262445.1	0	1	1	1	0	7	3
GCF_000262525.1	0	0	0	0	0	0	0
GCF_000262545.1	0	1	0	0	0	1	0
GCF_000262755.1	0	1	0	0	0	3	0
GCF_000263055.1	0	0	0	0	0	0	0
GCF_000263195.1	0	1	0	0	0	1	0
GCF_000264295.1	0	0	0	0	0	0	0
GCF_000264315.1	0	1	0	0	0	1	0
GCF_000264495.1	0	0	0	0	0	0	0
GCF_000264765.2	1	1	0	0	2	2	0
GCF_000264945.2	1	0	0	0	3	0	0
GCF_000265075.1	1	0	0	0	1	0	0
GCF_000265295.1	0	1	1	0	0	1	1
GCF_000265385.1	0	0	0	0	0	0	0
GCF_000265405.1	0	1	0	0	0	1	0
GCF_000265425.1	0	1	0	0	0	1	0
GCF_000265505.1	1	1	0	0	1	1	0
GCF_000265525.1	0	0	0	0	0	0	0
GCF_000266885.1	1	0	0	0	1	0	0
GCF_000266925.1	0	1	0	0	0	1	0
GCF_000266945.1	1	1	1	1	3	6	4
GCF_000269565.1	0	1	0	0	0	3	0
GCF_000269805.1	0	1	0	0	0	1	0
GCF_000269865.1	1	1	0	0	1	4	0
GCF_000269985.1	1	1	0	0	2	4	0
GCF_000270085.1	0	1	0	0	0	3	0
GCF_000270245.1	1	1	0	0	4	2	0
GCF_000271305.1	1	0	0	0	6	0	0
GCF_000271485.2	1	1	1	0	1	5	1
GCF_000272005.1	0	1	0	0	0	1	0
GCF_000275725.1	1	0	0	0	2	0	0
GCF_000275805.1	0	0	0	0	0	0	0
GCF_000275865.1	0	1	0	0	0	1	0
GCF_000276805.1	0	0	0	0	0	0	0
GCF_000276825.1	1	0	0	0	27	0	0
GCF_000277165.1	0	0	0	0	0	0	0
GCF_000277795.1	0	0	0	0	0	0	0
GCF_000277895.2	0	0	0	0	0	0	0
GCF_000278095.1	0	0	0	0	0	0	0
GCF_000278135.1	0	0	0	0	0	0	0
GCF_000278215.1	0	0	0	0	0	0	0
GCF_000278255.1	0	0	0	0	0	0	0
GCF_000279145.1	0	1	0	0	0	1	0
GCF_000279995.1	0	0	0	0	0	0	0
GCF_000280055.1	0	1	0	0	0	1	0
GCF_000280865.2	1	1	0	0	5	2	0
GCF_000280925.3	1	1	0	0	1	1	0
GCF_000281085.1	0	1	0	0	0	2	0
GCF_000281175.1	1	1	0	0	2	3	0
GCF_000281235.1	0	0	0	0	0	0	0
GCF_000282115.1	0	1	0	0	0	2	0
GCF_000283335.1	1	0	0	0	4	0	0
GCF_000283495.2	0	1	1	1	0	2	2
GCF_000283595.1	0	0	0	0	0	0	0
GCF_000283915.1	0	0	0	0	0	0	0
GCF_000284075.1	0	0	0	0	0	0	0
GCF_000284115.1	0	0	0	0	0	0	0
GCF_000284155.1	0	0	0	0	0	0	0
GCF_000284275.1	1	0	0	0	17	0	0
GCF_000284295.1	1	1	0	0	5	2	0
GCF_000284315.1	0	0	0	0	0	0	0
GCF_000284335.1	0	1	0	0	0	3	0
GCF_000284515.1	1	1	0	0	1	3	0
GCF_000284615.1	1	1	0	0	2	1	0
GCF_000284635.1	0	0	0	0	0	0	0
GCF_000285495.1	1	1	0	0	1	3	0
GCF_000285515.1	0	1	0	0	0	2	0
GCF_000285535.1	0	1	0	0	0	8	0
GCF_000285555.1	1	1	0	0	1	1	0
GCF_000285595.1	0	1	0	0	0	3	0
GCF_000287155.2	0	1	0	0	0	1	0
GCF_000287275.1	0	0	0	0	0	0	0
GCF_000287335.1	0	0	0	0	0	0	0
GCF_000287355.1	0	0	0	0	0	0	0
GCF_000287615.1	0	0	0	0	0	0	0
GCF_000292685.1	0	0	0	0	0	0	0
GCF_000294655.1	0	0	0	0	0	0	0
GCF_000295095.1	1	0	0	0	1	0	0
GCF_000295935.2	0	1	0	0	0	1	0
GCF_000296405.1	1	0	0	0	1	0	0
GCF_000296445.1	1	1	1	0	2	2	1
GCF_000296465.1	0	1	0	0	0	3	0
GCF_000296505.1	0	0	0	0	0	0	0
GCF_000296695.1	0	1	0	0	0	2	0
GCF_000296815.2	0	0	0	0	0	0	0
GCF_000296835.1	1	1	0	0	1	2	0
GCF_000297025.1	0	1	0	0	0	2	0
GCF_000297055.2	0	0	0	0	0	0	0
GCF_000297075.2	1	0	0	0	4	0	0
GCF_000297115.1	0	1	1	1	0	7	3
GCF_000297255.1	1	0	0	0	2	0	0
GCF_000297395.2	1	1	0	0	2	2	0
GCF_000298075.1	0	0	0	0	0	0	0
GCF_000298195.1	1	1	1	1	22	3	2
GCF_000298235.1	1	1	0	0	11	1	0
GCF_000298255.1	1	1	0	0	5	2	0
GCF_000298295.1	1	0	0	0	1	0	0
GCF_000298875.1	0	1	0	0	0	1	0
GCF_000299035.1	1	1	0	0	2	3	0
GCF_000299335.2	1	0	0	0	5	0	0
GCF_000299355.1	0	1	1	1	0	7	4
GCF_000299365.1	0	0	0	0	0	0	0
GCF_000299395.1	0	0	0	0	0	0	0
GCF_000299575.1	1	1	0	0	2	2	0
GCF_000299895.1	0	0	0	0	0	0	0
GCF_000299915.1	0	1	0	0	0	1	0
GCF_000300005.1	1	0	0	0	12	0	0
GCF_000300095.1	1	1	0	0	12	2	0
GCF_000300195.1	0	1	1	0	0	4	1
GCF_000300235.2	1	1	0	0	3	1	0
GCF_000300275.1	1	0	0	0	3	0	0
GCF_000300335.1	1	1	0	0	5	3	0
GCF_000300515.1	1	1	0	0	6	3	0
GCF_000300815.1	0	0	0	0	0	0	0
GCF_000300855.1	1	0	0	0	3	0	0
GCF_000300875.1	0	1	0	0	0	1	0
GCF_000300975.2	1	1	0	0	4	1	0
GCF_000300995.1	1	0	0	0	3	0	0
GCF_000301035.1	0	1	1	0	0	2	1
GCF_000302595.1	0	1	0	0	0	2	0
GCF_000303155.1	0	0	0	0	0	0	0
GCF_000304355.2	0	1	0	0	0	1	0
GCF_000304455.1	0	0	0	0	0	0	0
GCF_000305935.1	0	1	1	1	0	3	5
GCF_000306235.2	1	0	0	0	1	0	0
GCF_000306255.2	1	1	0	0	1	1	0
GCF_000306885.1	0	0	0	0	0	0	0
GCF_000306965.1	0	1	0	0	0	5	0
GCF_000307105.1	1	1	1	1	3	4	3
GCF_000307165.1	0	1	0	0	0	2	0
GCF_000307265.1	1	1	1	1	2	3	4
GCF_000307585.2	0	1	1	1	0	4	2
GCF_000307875.1	1	1	0	0	7	3	0
GCF_000308215.1	0	1	0	0	0	1	0
GCF_000308275.2	0	1	1	1	0	2	2
GCF_000308295.2	1	0	0	0	15	0	0
GCF_000308315.1	1	0	0	0	1	0	0
GCF_000308375.1	1	0	0	0	16	0	0
GCF_000308415.1	1	1	0	0	5	1	0
GCF_000308435.1	1	0	0	0	4	0	0
GCF_000308495.1	1	0	0	0	9	0	0
GCF_000308515.1	1	0	0	0	20	0	0
GCF_000308575.1	1	0	0	0	10	0	0
GCF_000308595.1	1	0	0	0	21	0	0
GCF_000308615.1	1	1	1	1	54	3	4
GCF_000308655.1	1	1	0	0	6	1	0
GCF_000308675.1	1	0	0	0	6	0	0
GCF_000308695.1	1	1	0	0	12	1	0
GCF_000308755.1	1	0	0	0	3	0	0
GCF_000308775.1	1	0	0	0	19	0	0
GCF_000308795.1	1	1	0	0	4	1	0
GCF_000308815.1	1	1	0	0	9	3	0
GCF_000308855.1	1	0	0	0	6	0	0
GCF_000309385.1	0	0	0	0	0	0	0
GCF_000309885.1	1	0	0	0	1	0	0
GCF_000310225.1	1	1	1	1	5	2	2
GCF_000311725.1	1	1	0	0	1	3	0
GCF_000311785.1	1	1	0	0	4	5	0
GCF_000311825.1	0	1	1	1	0	2	2
GCF_000311845.1	0	1	1	0	0	4	1
GCF_000311865.1	1	1	1	1	2	3	6
GCF_000311985.1	1	1	1	1	2	2	2
GCF_000312005.1	0	0	0	0	0	0	0
GCF_000312025.1	0	1	1	1	0	2	2
GCF_000312045.1	1	0	0	0	6	0	0
GCF_000312105.1	1	1	0	0	1	1	0
GCF_000312125.1	1	1	0	0	1	2	0
GCF_000312305.1	0	1	0	0	0	2	0
GCF_000312345.1	1	0	0	0	2	0	0
GCF_000312365.2	1	1	0	0	1	3	0
GCF_000312405.1	0	1	0	0	0	1	0
GCF_000312425.1	1	0	0	0	33	0	0
GCF_000312445.1	0	1	0	0	0	3	0
GCF_000312485.1	0	1	0	0	0	2	0
GCF_000312525.1	0	0	0	0	0	0	0
GCF_000312545.1	0	0	0	0	0	0	0
GCF_000312665.1	1	1	0	0	1	1	0
GCF_000313175.2	1	0	0	0	1	0	0
GCF_000313915.1	0	1	0	0	0	1	0
GCF_000314005.1	0	0	0	0	0	0	0
GCF_000314675.2	1	0	0	0	14	0	0
GCF_000314855.2	1	0	0	0	1	0	0
GCF_000314895.2	1	0	0	0	2	0	0
GCF_000314975.1	0	1	0	0	0	1	0
GCF_000314995.1	1	1	0	0	3	4	0
GCF_000315015.1	1	1	0	0	3	2	0
GCF_000315055.1	1	1	0	0	4	2	0
GCF_000315075.1	1	1	0	0	2	3	0
GCF_000315235.1	0	1	0	0	0	1	0
GCF_000315365.1	0	1	1	1	0	4	4
GCF_000315445.1	0	1	0	0	0	1	0
GCF_000315465.1	0	0	0	0	0	0	0
GCF_000315485.1	0	1	0	0	0	3	0
GCF_000315565.1	0	0	0	0	0	0	0
GCF_000315795.1	1	0	0	0	3	0	0
GCF_000316195.1	0	1	0	0	0	1	0
GCF_000316515.1	0	1	0	0	0	1	0
GCF_000317105.1	0	1	0	0	0	1	0
GCF_000317125.1	0	1	0	0	0	1	0
GCF_000317145.1	0	0	0	0	0	0	0
GCF_000317205.1	0	1	0	0	0	1	0
GCF_000317225.1	0	0	0	0	0	0	0
GCF_000317285.1	0	1	0	0	0	1	0
GCF_000317305.3	1	0	0	0	8	0	0
GCF_000317475.1	0	1	0	0	0	1	0
GCF_000317495.1	0	0	0	0	0	0	0
GCF_000317515.1	0	1	0	0	0	2	0
GCF_000317535.1	0	1	0	0	0	1	0
GCF_000317575.1	0	0	0	0	0	0	0
GCF_000317615.1	0	0	0	0	0	0	0
GCF_000317675.1	0	0	0	0	0	0	0
GCF_000317695.1	0	0	0	0	0	0	0
GCF_000317795.1	1	0	0	0	2	0	0
GCF_000317835.1	1	1	0	0	1	3	0
GCF_000318195.2	0	0	0	0	0	0	0
GCF_000319245.1	0	0	0	0	0	0	0
GCF_000319305.2	1	0	0	0	5	0	0
GCF_000319365.1	0	0	0	0	0	0	0
GCF_000319385.1	0	0	0	0	0	0	0
GCF_000319575.2	0	0	0	0	0	0	0
GCF_000320365.1	0	0	0	0	0	0	0
GCF_000321025.1	0	1	1	1	0	2	2
GCF_000321165.1	0	1	1	0	0	3	1
GCF_000321415.2	0	1	0	0	0	1	0
GCF_000325705.1	1	1	0	0	2	2	0
GCF_000327045.1	0	0	0	0	0	0	0
GCF_000327285.1	1	1	0	0	1	2	0
GCF_000327485.1	0	1	0	0	0	1	0
GCF_000328525.1	1	0	0	0	1	0	0
GCF_000328625.1	0	1	1	1	0	2	2
GCF_000328665.1	0	1	0	0	0	1	0
GCF_000328685.1	1	0	0	0	3	0	0
GCF_000328705.1	1	1	0	0	6	2	0
GCF_000328725.1	0	0	0	0	0	0	0
GCF_000330705.1	0	0	0	0	0	0	0
GCF_000330725.2	0	1	0	0	0	1	0
GCF_000330885.1	1	1	0	0	3	3	0
GCF_000331025.1	0	1	1	1	0	3	2
GCF_000331065.1	0	0	0	0	0	0	0
GCF_000331105.1	1	0	0	0	1	0	0
GCF_000331185.2	1	1	0	0	7	2	0
GCF_000331515.1	0	1	1	0	0	2	1
GCF_000331535.1	1	1	0	0	1	1	0
GCF_000331575.1	1	1	0	0	3	2	0
GCF_000331715.1	0	0	0	0	0	0	0
GCF_000331735.1	1	1	0	0	1	1	0
GCF_000331995.1	0	1	0	0	0	4	0
GCF_000332115.1	0	1	0	0	0	1	0
GCF_000332155.1	0	1	0	0	0	2	0
GCF_000332215.1	0	0	0	0	0	0	0
GCF_000332235.1	0	0	0	0	0	0	0
GCF_000332295.1	0	1	0	0	0	1	0
GCF_000332315.1	0	0	0	0	0	0	0
GCF_000332355.1	0	1	0	0	0	1	0
GCF_000332515.2	1	0	0	0	1	0	0
GCF_000332975.1	1	1	0	0	5	1	0
GCF_000333015.1	1	0	0	0	4	0	0
GCF_000333895.2	1	1	0	0	1	2	0
GCF_000334155.1	0	1	0	0	0	1	0
GCF_000334215.1	1	0	0	0	1	0	0
GCF_000334455.1	1	1	0	0	10	1	0
GCF_000334895.1	1	0	0	0	5	0	0
GCF_000334915.1	0	0	0	0	0	0	0
GCF_000335475.2	1	1	0	0	2	2	0
GCF_000336465.1	1	0	0	0	3	0	0
GCF_000336555.1	1	0	0	0	14	0	0
GCF_000336615.1	1	0	0	0	1	0	0
GCF_000336675.1	1	0	0	0	4	0	0
GCF_000336695.1	1	0	0	0	3	0	0
GCF_000336715.1	1	0	0	0	2	0	0
GCF_000336755.1	0	0	0	0	0	0	0
GCF_000336875.1	1	0	0	0	2	0	0
GCF_000336915.1	1	0	0	0	3	0	0
GCF_000336935.1	1	0	0	0	4	0	0
GCF_000336995.1	1	0	0	0	1	0	0
GCF_000337015.1	1	0	0	0	2	0	0
GCF_000337035.1	1	0	0	0	2	0	0
GCF_000337095.1	1	0	0	0	1	0	0
GCF_000337135.1	1	0	0	0	3	0	0
GCF_000337175.1	1	0	0	0	3	0	0
GCF_000337195.1	1	0	0	0	4	0	0
GCF_000337215.1	1	1	0	0	6	1	0
GCF_000337335.1	1	0	0	0	2	0	0
GCF_000337355.1	1	0	0	0	2	0	0
GCF_000337375.1	1	0	0	0	3	0	0
GCF_000337395.1	1	0	0	0	2	0	0
GCF_000337415.1	1	0	0	0	1	0	0
GCF_000337435.1	1	0	0	0	2	0	0
GCF_000337455.1	1	0	0	0	2	0	0
GCF_000337475.1	1	0	0	0	2	0	0
GCF_000337495.1	1	0	0	0	2	0	0
GCF_000337515.1	1	0	0	0	1	0	0
GCF_000337535.1	1	0	0	0	5	0	0
GCF_000337555.1	1	0	0	0	7	0	0
GCF_000337575.1	1	0	0	0	5	0	0
GCF_000337595.1	1	1	0	0	5	1	0
GCF_000337675.1	1	0	0	0	4	0	0
GCF_000337695.1	1	0	0	0	4	0	0
GCF_000337735.1	1	0	0	0	3	0	0
GCF_000337755.1	1	1	0	0	1	1	0
GCF_000337795.1	1	1	0	0	2	2	0
GCF_000337815.1	0	1	0	0	0	1	0
GCF_000337895.1	1	0	0	0	2	0	0
GCF_000337915.1	1	0	0	0	2	0	0
GCF_000338055.1	1	1	0	0	1	1	0
GCF_000340375.1	0	1	0	0	0	2	0
GCF_000340475.1	1	1	0	0	4	3	0
GCF_000340795.1	0	0	0	0	0	0	0
GCF_000340825.1	0	0	0	0	0	0	0
GCF_000340865.1	0	0	0	0	0	0	0
GCF_000340885.1	0	1	1	1	0	7	4
GCF_000340905.1	0	0	0	0	0	0	0
GCF_000340965.1	1	1	0	0	2	2	0
GCF_000340985.1	1	1	0	0	4	1	0
GCF_000341005.1	1	1	0	0	4	1	0
GCF_000341025.1	1	1	0	0	8	2	0
GCF_000341045.1	1	1	0	0	11	2	0
GCF_000341065.1	1	1	0	0	8	1	0
GCF_000341085.1	1	1	0	0	6	2	0
GCF_000341105.1	1	1	0	0	6	1	0
GCF_000341125.1	1	1	0	0	4	1	0
GCF_000341145.1	1	1	0	0	3	2	0
GCF_000341185.1	1	1	0	0	3	1	0
GCF_000341205.1	1	1	0	0	4	1	0
GCF_000341245.1	1	1	0	0	4	1	0
GCF_000341265.1	1	1	0	0	8	1	0
GCF_000341345.1	1	0	0	0	1	0	0
GCF_000341355.1	0	0	0	0	0	0	0
GCF_000341395.1	0	1	1	0	0	1	1
GCF_000341545.2	0	0	0	0	0	0	0
GCF_000341895.1	0	1	1	0	0	1	1
GCF_000342005.1	1	1	0	0	8	3	0
GCF_000342045.1	1	1	1	1	8	4	5
GCF_000342165.1	1	1	0	0	6	1	0
GCF_000344785.1	0	0	0	0	0	0	0
GCF_000344805.1	1	0	0	0	14	0	0
GCF_000346295.1	0	1	0	0	0	1	0
GCF_000346315.1	0	1	0	0	0	2	0
GCF_000346485.2	0	1	0	0	0	1	0
GCF_000346505.1	0	0	0	0	0	0	0
GCF_000346615.1	0	1	0	0	0	2	0
GCF_000347175.1	1	1	0	0	1	1	0
GCF_000347775.1	1	1	0	0	2	1	0
GCF_000348685.1	0	1	0	0	0	1	0
GCF_000348725.1	0	0	0	0	0	0	0
GCF_000348785.1	1	1	0	0	9	1	0
GCF_000348905.1	1	1	0	0	1	1	0
GCF_000348925.1	0	1	0	0	0	1	0
GCF_000348945.1	1	1	0	0	2	1	0
GCF_000349205.1	0	0	0	0	0	0	0
GCF_000349325.1	1	1	0	0	5	4	0
GCF_000350085.1	1	1	0	0	5	1	0
GCF_000350105.1	0	0	0	0	0	0	0
GCF_000350145.1	1	0	0	0	7	0	0
GCF_000350165.1	1	1	1	0	1	4	1
GCF_000350525.1	1	1	0	0	1	1	0
GCF_000350545.1	1	1	1	1	3	6	4
GCF_000355675.1	1	0	0	0	1	0	0
GCF_000355695.1	0	1	0	0	0	2	0
GCF_000355765.4	0	0	0	0	0	0	0
GCF_000355905.1	0	1	0	0	0	1	0
GCF_000359525.1	1	1	0	0	5	3	0
GCF_000359605.1	0	0	0	0	0	0	0
GCF_000359745.1	1	1	0	0	5	2	0
GCF_000364285.1	0	0	0	0	0	0	0
GCF_000364325.1	0	1	0	0	0	2	0
GCF_000364725.1	0	0	0	0	0	0	0
GCF_000364845.1	1	0	0	0	3	0	0
GCF_000365025.1	1	1	0	0	1	1	0
GCF_000367205.1	0	1	0	0	0	2	0
GCF_000367925.1	1	0	0	0	2	0	0
GCF_000367945.1	1	0	0	0	1	0	0
GCF_000367965.1	1	0	0	0	1	0	0
GCF_000368025.1	1	0	0	0	1	0	0
GCF_000368565.1	1	0	0	0	4	0	0
GCF_000368585.1	1	0	0	0	1	0	0
GCF_000368805.1	1	0	0	0	2	0	0
GCF_000369005.1	1	0	0	0	1	0	0
GCF_000369845.1	1	0	0	0	2	0	0
GCF_000369885.1	1	0	0	0	5	0	0
GCF_000369945.1	1	1	0	0	3	2	0
GCF_000371465.1	0	1	1	1	0	6	2
GCF_000371705.1	1	1	1	0	3	3	1
GCF_000371785.1	1	1	0	0	6	1	0
GCF_000371805.1	0	1	1	0	0	2	1
GCF_000371925.1	1	1	0	0	1	2	0
GCF_000372445.1	1	0	0	0	2	0	0
GCF_000372465.1	1	1	0	0	6	5	0
GCF_000372745.1	1	1	0	0	15	2	0
GCF_000372805.1	1	0	0	0	5	0	0
GCF_000372845.1	1	0	0	0	1	0	0
GCF_000372865.1	0	0	0	0	0	0	0
GCF_000372885.1	1	0	0	0	2	0	0
GCF_000373105.1	1	1	0	0	1	1	0
GCF_000373185.1	0	1	0	0	0	1	0
GCF_000373205.1	1	1	0	0	1	1	0
GCF_000373265.1	1	1	0	0	1	1	0
GCF_000373365.1	1	1	0	0	31	2	0
GCF_000373385.1	0	0	0	0	0	0	0
GCF_000373485.1	1	0	0	0	4	0	0
GCF_000373545.1	1	1	1	1	3	2	2
GCF_000373785.1	0	1	0	0	0	2	0
GCF_000373925.1	1	1	0	0	8	6	0
GCF_000373965.1	0	0	0	0	0	0	0
GCF_000373985.1	0	1	1	1	0	5	2
GCF_000374005.1	1	1	0	0	2	1	0
GCF_000374025.1	0	1	0	0	0	1	0
GCF_000374045.1	0	0	0	0	0	0	0
GCF_000374065.1	0	1	0	0	0	1	0
GCF_000374085.1	0	1	0	0	0	1	0
GCF_000374105.1	0	0	0	0	0	0	0
GCF_000374125.1	1	0	0	0	2	0	0
GCF_000374145.1	1	1	0	0	1	1	0
GCF_000374165.1	1	1	0	0	25	1	0
GCF_000374285.1	0	0	0	0	0	0	0
GCF_000374305.1	1	1	0	0	3	1	0
GCF_000374325.1	0	1	0	0	0	1	0
GCF_000374345.1	0	1	0	0	0	4	0
GCF_000374365.1	0	1	0	0	0	1	0
GCF_000374405.1	0	1	0	0	0	2	0
GCF_000374445.1	1	1	0	0	3	3	0
GCF_000374465.1	1	1	0	0	3	1	0
GCF_000374485.1	0	1	0	0	0	1	0
GCF_000374525.1	1	0	0	0	4	0	0
GCF_000374545.1	0	1	0	0	0	2	0
GCF_000374565.1	1	1	0	0	3	1	0
GCF_000374585.1	1	1	0	0	1	1	0
GCF_000374625.1	1	0	0	0	1	0	0
GCF_000374645.1	1	0	0	0	2	0	0
GCF_000374805.1	0	1	0	0	0	1	0
GCF_000374825.1	0	1	0	0	0	5	0
GCF_000374845.1	0	1	0	0	0	9	0
GCF_000375365.1	0	0	0	0	0	0	0
GCF_000375405.1	0	1	0	0	0	2	0
GCF_000375425.1	0	1	0	0	0	2	0
GCF_000375465.1	0	0	0	0	0	0	0
GCF_000375485.1	0	1	1	0	0	1	1
GCF_000375545.1	1	0	0	0	3	0	0
GCF_000375645.1	0	0	0	0	0	0	0
GCF_000376105.1	1	1	0	0	1	4	0
GCF_000376225.1	1	1	0	0	2	1	0
GCF_000376245.1	0	1	0	0	0	3	0
GCF_000376265.1	1	0	0	0	2	0	0
GCF_000376385.1	1	1	1	1	1	5	4
GCF_000376425.1	0	0	0	0	0	0	0
GCF_000376545.2	1	1	0	0	9	2	0
GCF_000376565.1	1	1	0	0	17	5	0
GCF_000376605.1	0	0	0	0	0	0	0
GCF_000376785.1	1	1	0	0	2	1	0
GCF_000376805.1	1	0	0	0	5	0	0
GCF_000376825.1	1	1	0	0	4	4	0
GCF_000376885.1	0	0	0	0	0	0	0
GCF_000376945.1	1	1	0	0	1	2	0
GCF_000376985.1	0	1	0	0	0	3	0
GCF_000377005.1	0	1	0	0	0	1	0
GCF_000377505.1	0	1	0	0	0	3	0
GCF_000377665.1	1	0	0	0	4	0	0
GCF_000377705.1	1	0	0	0	2	0	0
GCF_000377745.1	1	1	0	0	3	2	0
GCF_000377765.1	0	1	0	0	0	2	0
GCF_000378005.1	0	0	0	0	0	0	0
GCF_000378045.1	1	1	0	0	2	1	0
GCF_000378085.1	0	1	0	0	0	1	0
GCF_000378105.1	1	0	0	0	1	0	0
GCF_000378125.1	1	0	0	0	2	0	0
GCF_000378145.1	0	1	0	0	0	4	0
GCF_000378165.1	0	0	0	0	0	0	0
GCF_000378185.1	0	1	0	0	0	1	0
GCF_000378205.1	0	1	0	0	0	3	0
GCF_000378225.1	0	0	0	0	0	0	0
GCF_000378245.1	1	1	1	1	22	7	6
GCF_000378345.1	1	0	0	0	5	0	0
GCF_000378365.1	0	1	0	0	0	1	0
GCF_000378385.1	0	1	0	0	0	6	0
GCF_000378405.1	0	0	0	0	0	0	0
GCF_000378425.1	0	1	0	0	0	5	0
GCF_000378445.1	1	1	0	0	1	2	0
GCF_000378465.1	1	0	0	0	5	0	0
GCF_000378485.1	0	0	0	0	0	0	0
GCF_000378505.1	1	0	0	0	3	0	0
GCF_000378625.1	1	1	0	0	1	2	0
GCF_000378765.1	0	1	0	0	0	1	0
GCF_000378825.1	1	0	0	0	1	0	0
GCF_000378845.1	1	0	0	0	1	0	0
GCF_000378965.1	0	0	0	0	0	0	0
GCF_000379025.1	0	1	1	1	0	4	3
GCF_000379045.1	1	1	0	0	4	1	0
GCF_000379065.1	1	0	0	0	1	0	0
GCF_000379085.1	1	0	0	0	1	0	0
GCF_000379425.1	1	1	0	0	1	1	0
GCF_000379445.1	1	0	0	0	2	0	0
GCF_000379465.1	1	1	0	0	26	6	0
GCF_000379525.1	0	0	0	0	0	0	0
GCF_000379545.1	1	1	0	0	1	1	0
GCF_000379625.1	1	1	0	0	9	1	0
GCF_000379645.1	1	1	0	0	5	7	0
GCF_000379665.1	0	1	0	0	0	1	0
GCF_000379685.1	1	1	0	0	3	4	0
GCF_000379725.1	0	0	0	0	0	0	0
GCF_000379765.1	0	1	0	0	0	3	0
GCF_000379805.1	1	0	0	0	1	0	0
GCF_000379825.1	1	1	0	0	1	1	0
GCF_000379845.1	0	0	0	0	0	0	0
GCF_000379945.1	0	0	0	0	0	0	0
GCF_000379965.1	0	1	0	0	0	2	0
GCF_000379985.1	0	1	0	0	0	1	0
GCF_000380005.1	0	0	0	0	0	0	0
GCF_000380025.1	0	1	0	0	0	1	0
GCF_000380045.1	0	1	0	0	0	1	0
GCF_000380105.1	0	1	0	0	0	2	0
GCF_000380125.1	0	0	0	0	0	0	0
GCF_000380145.1	0	0	0	0	0	0	0
GCF_000380165.1	1	1	0	0	1	3	0
GCF_000380185.1	1	1	0	0	1	2	0
GCF_000380245.2	1	1	0	0	9	2	0
GCF_000380485.1	1	0	0	0	4	0	0
GCF_000380505.1	1	1	0	0	4	1	0
GCF_000380565.1	1	1	0	0	4	1	0
GCF_000380645.1	1	1	0	0	4	2	0
GCF_000380965.1	1	1	0	0	3	1	0
GCF_000380985.1	0	1	0	0	0	3	0
GCF_000381005.1	0	1	0	0	0	1	0
GCF_000381025.1	1	1	0	0	10	2	0
GCF_000381045.1	0	0	0	0	0	0	0
GCF_000381065.1	0	1	0	0	0	2	0
GCF_000381085.1	0	0	0	0	0	0	0
GCF_000381125.1	1	0	0	0	4	0	0
GCF_000381265.1	1	0	0	0	13	0	0
GCF_000381345.1	1	1	0	0	2	1	0
GCF_000381725.1	1	1	1	1	1	1	2
GCF_000381745.1	1	0	0	0	1	0	0
GCF_000381765.1	1	1	0	0	3	1	0
GCF_000381885.1	1	1	0	0	8	1	0
GCF_000381905.1	1	1	1	1	1	4	2
GCF_000381965.1	0	0	0	0	0	0	0
GCF_000381985.1	1	1	0	0	3	1	0
GCF_000382065.1	0	0	0	0	0	0	0
GCF_000382125.1	0	1	0	0	0	1	0
GCF_000382165.1	0	1	0	0	0	2	0
GCF_000382205.1	0	1	0	0	0	1	0
GCF_000382225.1	1	0	0	0	1	0	0
GCF_000382245.1	1	1	0	0	1	1	0
GCF_000382265.1	1	1	0	0	1	1	0
GCF_000382285.1	1	0	0	0	6	0	0
GCF_000382325.1	1	1	0	0	3	1	0
GCF_000382345.1	1	1	1	1	12	3	2
GCF_000382425.1	0	1	0	0	0	1	0
GCF_000382445.1	0	1	0	0	0	1	0
GCF_000383275.1	1	1	0	0	16	2	0
GCF_000383295.1	1	1	1	1	1	5	7
GCF_000383415.1	0	0	0	0	0	0	0
GCF_000383575.1	1	0	0	0	1	0	0
GCF_000383595.1	1	1	0	0	7	4	0
GCF_000383775.1	1	0	1	1	4	0	2
GCF_000383795.1	1	0	0	0	1	0	0
GCF_000383855.1	0	0	0	0	0	0	0
GCF_000383875.1	0	1	0	0	0	4	0
GCF_000383915.1	1	1	0	0	19	3	0
GCF_000383955.1	1	1	0	0	1	2	0
GCF_000383975.1	1	0	0	0	7	0	0
GCF_000384035.1	1	1	0	0	4	1	0
GCF_000384075.1	0	0	0	0	0	0	0
GCF_000384115.1	1	0	0	0	15	0	0
GCF_000384135.1	0	0	0	0	0	0	0
GCF_000384175.1	1	1	0	0	5	3	0
GCF_000384195.1	0	1	0	0	0	3	0
GCF_000384215.1	1	1	0	0	8	3	0
GCF_000384235.1	0	0	0	0	0	0	0
GCF_000384295.1	1	1	0	0	10	3	0
GCF_000384315.1	1	1	0	0	14	1	0
GCF_000384395.1	1	1	1	1	2	3	2
GCF_000384415.1	1	0	0	0	3	0	0
GCF_000384655.1	0	1	1	1	0	2	2
GCF_000384815.1	0	1	1	0	0	2	1
GCF_000384965.1	0	0	0	0	0	0	0
GCF_000385175.1	0	1	0	0	0	1	0
GCF_000385215.1	0	0	0	0	0	0	0
GCF_000385335.1	1	0	0	0	6	0	0
GCF_000385565.1	1	1	1	1	3	2	2
GCF_000387765.1	0	1	1	1	0	5	2
GCF_000388115.1	0	1	0	0	0	1	0
GCF_000388175.3	0	0	0	0	0	0	0
GCF_000390185.1	0	0	0	0	0	0	0
GCF_000392435.1	0	0	0	0	0	0	0
GCF_000393015.1	0	1	0	0	0	2	0
GCF_000393975.1	1	1	1	0	1	6	1
GCF_000393995.1	0	1	1	0	0	4	1
GCF_000394015.1	0	1	1	0	0	4	1
GCF_000394035.1	0	1	0	0	0	3	0
GCF_000394055.1	0	1	0	0	0	3	0
GCF_000397065.2	1	0	0	0	2	0	0
GCF_000397185.1	0	0	0	0	0	0	0
GCF_000400485.1	1	0	0	0	1	0	0
GCF_000400635.2	1	1	0	0	9	2	0
GCF_000400935.1	0	0	0	0	0	0	0
GCF_000400955.1	0	0	0	0	0	0	0
GCF_000402035.1	1	1	0	0	13	1	0
GCF_000403135.1	0	1	0	0	0	1	0
GCF_000403355.2	1	1	1	0	1	2	1
GCF_000403375.2	0	1	0	0	0	4	0
GCF_000406945.1	0	1	0	0	0	4	0
GCF_000407205.1	0	1	0	0	0	1	0
GCF_000407225.1	0	1	0	0	0	1	0
GCF_000407365.1	0	1	0	0	0	3	0
GCF_000407605.1	0	1	0	0	0	3	0
GCF_000409775.1	1	0	0	0	4	0	0
GCF_000410535.2	0	0	0	0	0	0	0
GCF_000410875.1	1	0	0	0	3	0	0
GCF_000411175.1	0	1	0	0	0	2	0
GCF_000411375.1	0	1	0	0	0	2	0
GCF_000412185.1	1	0	0	0	2	0	0
GCF_000412335.2	1	1	0	0	3	1	0
GCF_000412635.1	0	0	0	0	0	0	0
GCF_000412675.1	1	0	0	0	4	0	0
GCF_000412995.1	0	1	1	1	0	4	3
GCF_000413055.1	0	1	0	0	0	3	0
GCF_000413895.1	1	0	0	0	3	0	0
GCF_000413935.1	1	0	0	0	1	0	0
GCF_000416965.1	0	1	0	0	0	1	0
GCF_000416985.1	0	1	0	0	0	1	0
GCF_000417735.2	0	0	0	0	0	0	0
GCF_000418365.1	1	0	0	0	2	0	0
GCF_000419445.1	0	1	0	0	0	1	0
GCF_000419525.1	1	0	0	0	4	0	0
GCF_000419585.1	0	0	0	0	0	0	0
GCF_000419685.1	0	1	0	0	0	1	0
GCF_000420025.1	1	0	0	0	2	0	0
GCF_000420045.1	1	0	0	0	1	0	0
GCF_000420065.1	0	1	0	0	0	1	0
GCF_000420085.1	1	1	1	1	1	4	6
GCF_000420125.1	1	0	0	0	3	0	0
GCF_000420145.1	1	1	0	0	2	1	0
GCF_000420245.1	0	1	0	0	0	1	0
GCF_000420265.1	1	1	0	0	4	1	0
GCF_000420285.1	1	1	0	0	5	2	0
GCF_000420305.1	1	0	0	0	5	0	0
GCF_000420325.1	1	1	0	0	9	1	0
GCF_000420365.1	0	1	0	0	0	2	0
GCF_000420385.1	0	0	0	0	0	0	0
GCF_000420405.1	1	1	0	0	2	2	0
GCF_000420425.1	0	1	0	0	0	1	0
GCF_000420445.1	0	0	0	0	0	0	0
GCF_000420485.1	0	1	1	0	0	1	1
GCF_000420505.1	0	0	0	0	0	0	0
GCF_000420525.1	1	0	0	0	2	0	0
GCF_000420545.1	1	0	0	0	1	0	0
GCF_000420565.1	1	1	0	0	1	1	0
GCF_000420625.1	1	0	0	0	5	0	0
GCF_000420645.1	1	1	1	1	1	1	2
GCF_000420665.1	1	0	0	0	4	0	0
GCF_000420705.1	1	1	0	0	2	1	0
GCF_000420725.1	0	0	0	0	0	0	0
GCF_000420745.1	1	1	0	0	2	1	0
GCF_000420765.1	1	0	0	0	8	0	0
GCF_000420785.1	0	1	0	0	0	1	0
GCF_000420805.1	1	0	0	0	2	0	0
GCF_000421105.1	1	1	1	0	1	1	1
GCF_000421145.1	1	1	0	0	7	4	0
GCF_000421165.1	1	1	0	0	2	1	0
GCF_000421185.1	1	1	0	0	2	2	0
GCF_000421225.1	1	1	0	0	1	1	0
GCF_000421245.1	0	1	0	0	0	2	0
GCF_000421265.1	1	1	0	0	4	1	0
GCF_000421285.1	1	1	1	1	4	5	4
GCF_000421465.1	0	0	0	0	0	0	0
GCF_000421525.1	0	1	0	0	0	3	0
GCF_000421545.1	1	1	0	0	2	4	0
GCF_000421565.1	1	1	0	0	3	6	0
GCF_000421585.1	0	1	1	0	0	2	1
GCF_000421605.1	0	1	1	1	0	2	2
GCF_000421625.1	1	0	0	0	3	0	0
GCF_000421645.1	1	0	0	0	9	0	0
GCF_000421665.1	0	1	0	0	0	2	0
GCF_000421685.1	0	1	0	0	0	1	0
GCF_000421705.1	1	0	0	0	7	0	0
GCF_000421745.1	1	0	0	0	1	0	0
GCF_000421765.1	0	0	0	0	0	0	0
GCF_000421825.1	0	1	0	0	0	2	0
GCF_000421845.1	1	0	0	0	1	0	0
GCF_000422085.1	1	0	0	0	1	0	0
GCF_000422245.1	0	1	1	0	0	2	1
GCF_000422265.1	0	1	0	0	0	1	0
GCF_000422285.1	1	1	1	1	3	4	5
GCF_000422305.1	0	0	0	0	0	0	0
GCF_000422325.1	1	0	0	0	2	0	0
GCF_000422385.1	1	1	0	0	1	1	0
GCF_000422405.1	1	0	0	0	1	0	0
GCF_000422425.1	1	0	0	0	2	0	0
GCF_000422445.1	0	1	0	0	0	4	0
GCF_000422465.1	0	1	0	0	0	6	0
GCF_000422505.1	0	1	0	0	0	4	0
GCF_000422565.1	0	1	0	0	0	1	0
GCF_000422585.1	1	0	0	0	1	0	0
GCF_000422625.1	1	1	1	0	8	2	1
GCF_000422645.1	1	0	0	0	2	0	0
GCF_000422665.1	0	1	0	0	0	1	0
GCF_000422685.1	0	1	0	0	0	1	0
GCF_000422705.1	0	1	0	0	0	1	0
GCF_000422725.1	0	1	0	0	0	1	0
GCF_000422745.1	1	0	0	0	3	0	0
GCF_000422765.1	1	0	0	0	2	0	0
GCF_000422785.1	1	0	0	0	3	0	0
GCF_000422805.1	1	1	0	0	10	1	0
GCF_000422825.1	1	0	0	0	10	0	0
GCF_000422845.1	0	0	0	0	0	0	0
GCF_000422865.1	1	1	0	0	2	1	0
GCF_000422885.1	1	0	0	0	52	0	0
GCF_000422945.1	0	0	0	0	0	0	0
GCF_000422965.1	0	1	0	0	0	4	0
GCF_000422985.1	1	0	0	0	8	0	0
GCF_000423005.1	1	1	0	0	1	1	0
GCF_000423025.1	1	1	0	0	5	1	0
GCF_000423045.1	0	1	0	0	0	1	0
GCF_000423065.1	0	1	0	0	0	1	0
GCF_000423105.1	0	1	0	0	0	1	0
GCF_000423125.1	1	0	0	0	4	0	0
GCF_000423145.1	0	1	0	0	0	1	0
GCF_000423165.1	1	1	0	0	1	1	0
GCF_000423185.1	1	1	0	0	4	3	0
GCF_000423205.1	0	0	0	0	0	0	0
GCF_000423225.1	1	1	0	0	7	1	0
GCF_000423245.1	0	0	0	0	0	0	0
GCF_000423285.1	1	0	0	0	1	0	0
GCF_000423325.1	0	0	0	0	0	0	0
GCF_000423345.1	1	1	0	0	3	1	0
GCF_000423425.1	1	1	0	0	1	1	0
GCF_000423445.1	0	1	0	0	0	3	0
GCF_000423465.1	1	1	0	0	1	6	0
GCF_000423505.1	0	0	0	0	0	0	0
GCF_000423525.1	1	1	1	1	2	3	3
GCF_000423545.1	1	0	0	0	4	0	0
GCF_000423565.1	1	0	0	0	1	0	0
GCF_000423585.1	0	1	0	0	0	1	0
GCF_000423605.1	1	1	0	0	2	1	0
GCF_000423625.1	1	0	0	0	8	0	0
GCF_000423645.1	1	0	0	0	10	0	0
GCF_000423665.1	1	1	0	0	6	2	0
GCF_000423705.1	1	1	0	0	7	1	0
GCF_000423725.1	0	1	0	0	0	2	0
GCF_000423745.1	0	1	0	0	0	1	0
GCF_000423765.1	0	0	0	0	0	0	0
GCF_000423785.1	0	1	0	0	0	1	0
GCF_000423805.1	1	1	0	0	17	1	0
GCF_000423825.1	0	0	0	0	0	0	0
GCF_000423845.1	0	1	1	1	0	2	2
GCF_000423865.1	0	1	1	0	0	2	1
GCF_000424025.1	0	1	0	0	0	4	0
GCF_000424065.1	0	1	0	0	0	1	0
GCF_000424105.1	0	1	0	0	0	2	0
GCF_000424665.1	0	1	0	0	0	2	0
GCF_000424985.1	0	0	0	0	0	0	0
GCF_000425025.1	0	0	0	0	0	0	0
GCF_000425065.1	1	1	0	0	16	1	0
GCF_000425105.1	1	0	0	0	1	0	0
GCF_000425125.1	0	1	0	0	0	4	0
GCF_000425145.1	1	1	0	0	2	1	0
GCF_000425165.1	0	1	0	0	0	1	0
GCF_000425185.1	0	1	0	0	0	2	0
GCF_000425265.1	0	1	1	0	0	2	1
GCF_000425305.1	0	1	0	0	0	2	0
GCF_000425365.1	1	0	0	0	14	0	0
GCF_000425385.1	1	1	0	0	3	2	0
GCF_000425405.1	1	1	0	0	3	1	0
GCF_000425425.1	1	1	0	0	2	1	0
GCF_000425445.1	0	1	0	0	0	2	0
GCF_000425465.1	0	1	0	0	0	1	0
GCF_000425485.1	0	1	0	0	0	1	0
GCF_000425505.1	0	1	0	0	0	1	0
GCF_000425565.1	1	0	0	0	2	0	0
GCF_000425585.1	1	0	0	0	2	0	0
GCF_000425625.1	1	0	0	0	8	0	0
GCF_000425645.1	1	1	0	0	1	1	0
GCF_000425665.1	0	1	0	0	0	2	0
GCF_000425705.1	1	1	0	0	1	5	0
GCF_000425725.1	1	1	0	0	1	1	0
GCF_000425745.1	1	0	0	0	2	0	0
GCF_000425785.1	1	0	0	0	3	0	0
GCF_000425825.1	0	0	0	0	0	0	0
GCF_000425845.1	0	0	0	0	0	0	0
GCF_000425865.1	0	1	0	0	0	2	0
GCF_000425905.1	1	1	0	0	1	1	0
GCF_000425945.1	1	1	0	0	6	1	0
GCF_000426225.1	1	1	0	0	1	2	0
GCF_000426285.1	1	1	0	0	4	2	0
GCF_000426305.1	0	1	1	0	0	3	1
GCF_000426365.1	1	0	0	0	1	0	0
GCF_000426385.1	1	1	0	0	1	1	0
GCF_000426425.1	0	1	0	0	0	1	0
GCF_000426445.1	1	0	0	0	16	0	0
GCF_000426465.1	0	1	0	0	0	3	0
GCF_000426505.1	1	0	0	0	16	0	0
GCF_000426525.1	1	0	0	0	11	0	0
GCF_000426565.1	0	1	0	0	0	1	0
GCF_000426585.1	0	1	0	0	0	1	0
GCF_000426625.1	0	1	1	1	0	5	3
GCF_000426645.1	1	1	0	0	15	4	0
GCF_000426665.1	0	1	0	0	0	2	0
GCF_000426685.1	1	0	0	0	5	0	0
GCF_000426705.1	0	1	0	0	0	3	0
GCF_000426725.1	0	1	0	0	0	2	0
GCF_000426765.1	0	1	0	0	0	1	0
GCF_000426825.1	1	0	0	0	2	0	0
GCF_000426905.1	0	0	0	0	0	0	0
GCF_000427095.1	0	1	0	0	0	3	0
GCF_000427335.1	0	1	0	0	0	1	0
GCF_000427365.1	0	1	0	0	0	1	0
GCF_000427405.1	0	0	0	0	0	0	0
GCF_000427425.1	0	1	1	1	0	4	4
GCF_000427445.1	0	0	0	0	0	0	0
GCF_000427465.1	1	1	0	0	4	1	0
GCF_000427565.1	1	1	1	1	1	7	6
GCF_000427625.1	0	0	0	0	0	0	0
GCF_000427645.1	1	0	0	0	1	0	0
GCF_000427665.1	1	1	0	0	8	1	0
GCF_000427685.1	1	0	0	0	3	0	0
GCF_000427785.1	1	1	0	0	3	2	0
GCF_000427825.1	1	1	0	0	13	2	0
GCF_000427865.1	1	0	0	0	1	0	0
GCF_000427885.1	1	1	0	0	1	2	0
GCF_000427905.1	1	1	0	0	7	1	0
GCF_000427965.1	0	1	0	0	0	1	0
GCF_000428065.1	0	1	0	0	0	1	0
GCF_000428145.1	0	1	0	0	0	1	0
GCF_000428465.1	1	1	0	0	5	1	0
GCF_000428485.1	0	1	0	0	0	2	0
GCF_000428525.1	1	0	0	0	3	0	0
GCF_000428725.1	0	0	0	0	0	0	0
GCF_000428765.1	1	0	0	0	2	0	0
GCF_000428785.1	0	0	0	0	0	0	0
GCF_000428825.1	0	1	1	1	0	1	2
GCF_000428845.1	0	0	0	0	0	0	0
GCF_000428885.1	1	0	0	0	2	0	0
GCF_000428905.1	1	1	0	0	2	1	0
GCF_000428945.1	1	1	0	0	7	4	0
GCF_000428985.1	1	1	0	0	2	1	0
GCF_000429005.1	1	0	0	0	7	0	0
GCF_000429025.1	1	1	0	0	24	2	0
GCF_000429045.1	1	1	0	0	7	1	0
GCF_000429065.1	0	0	0	0	0	0	0
GCF_000429085.1	1	1	0	0	5	2	0
GCF_000429105.1	1	1	0	0	1	1	0
GCF_000429125.1	0	1	0	0	0	1	0
GCF_000429145.1	1	0	0	0	4	0	0
GCF_000429225.1	0	1	0	0	0	1	0
GCF_000429245.1	1	1	0	0	1	1	0
GCF_000429265.1	0	0	0	0	0	0	0
GCF_000429305.1	0	1	1	0	0	3	1
GCF_000429325.1	0	1	0	0	0	1	0
GCF_000429345.1	1	1	1	1	7	4	6
GCF_000429365.1	1	0	0	0	9	0	0
GCF_000429405.1	0	0	0	0	0	0	0
GCF_000429425.1	0	0	0	0	0	0	0
GCF_000429445.1	0	0	0	0	0	0	0
GCF_000429465.1	0	0	0	0	0	0	0
GCF_000429485.1	1	1	0	0	2	1	0
GCF_000429505.1	1	1	0	0	2	1	0
GCF_000429525.1	1	1	0	0	1	1	0
GCF_000429545.1	1	0	0	0	2	0	0
GCF_000429585.1	0	0	0	0	0	0	0
GCF_000429625.1	1	1	0	0	5	2	0
GCF_000429645.1	1	1	1	0	12	1	1
GCF_000429665.1	1	1	1	0	1	2	1
GCF_000429685.1	0	1	0	0	0	3	0
GCF_000429705.1	1	1	0	0	1	3	0
GCF_000429725.1	0	1	0	0	0	2	0
GCF_000429765.1	1	1	0	0	6	1	0
GCF_000429785.1	0	1	0	0	0	1	0
GCF_000429825.1	1	1	0	0	2	8	0
GCF_000429845.1	1	0	0	0	15	0	0
GCF_000429865.1	1	1	0	0	4	2	0
GCF_000429925.1	1	1	1	1	2	3	4
GCF_000429945.1	1	1	1	1	1	1	2
GCF_000429965.1	1	1	1	0	2	2	1
GCF_000429985.1	0	1	1	1	0	2	2
GCF_000430005.1	0	0	0	0	0	0	0
GCF_000430025.1	0	1	0	0	0	1	0
GCF_000430045.1	1	1	0	0	2	1	0
GCF_000430505.1	1	0	0	0	1	0	0
GCF_000430525.1	0	1	0	0	0	1	0
GCF_000430545.1	0	1	0	0	0	1	0
GCF_000430585.1	1	1	0	0	1	3	0
GCF_000430605.1	1	1	0	0	1	2	0
GCF_000430625.1	1	1	0	0	5	5	0
GCF_000430645.1	0	1	0	0	0	2	0
GCF_000430685.1	1	1	0	0	4	5	0
GCF_000430705.1	1	1	0	0	5	2	0
GCF_000430725.1	1	0	0	0	22	0	0
GCF_000430745.1	1	1	0	0	2	4	0
GCF_000430765.1	1	1	0	0	2	5	0
GCF_000430785.1	1	1	0	0	1	2	0
GCF_000430805.1	0	1	0	0	0	1	0
GCF_000430825.1	0	1	0	0	0	3	0
GCF_000430845.1	0	1	0	0	0	2	0
GCF_000430885.1	1	1	1	1	1	6	5
GCF_000430905.1	0	1	0	0	0	2	0
GCF_000430995.1	0	1	1	1	0	5	2
GCF_000438455.1	0	0	0	0	0	0	0
GCF_000439375.1	0	0	0	0	0	0	0
GCF_000439435.1	0	0	0	0	0	0	0
GCF_000439455.1	0	0	0	0	0	0	0
GCF_000439895.1	0	0	0	0	0	0	0
GCF_000441555.1	0	0	0	0	0	0	0
GCF_000442255.1	1	0	0	0	8	0	0
GCF_000442275.2	1	0	0	0	3	0	0
GCF_000442315.1	0	1	0	0	0	3	0
GCF_000442645.1	1	0	0	0	1	0	0
GCF_000443165.1	1	0	0	0	12	0	0
GCF_000444995.1	1	1	0	0	4	2	0
GCF_000445065.1	1	0	0	0	4	0	0
GCF_000445105.1	1	1	0	0	4	1	0
GCF_000445125.1	0	1	0	0	0	1	0
GCF_000445445.2	1	1	1	1	1	7	3
GCF_000445475.1	0	1	1	1	0	1	2
GCF_000446015.1	0	0	0	0	0	0	0
GCF_000447205.1	1	0	0	0	2	0	0
GCF_000447675.1	0	1	1	1	0	2	2
GCF_000454065.1	1	1	0	0	4	5	0
GCF_000454545.1	0	0	0	0	0	0	0
GCF_000454725.1	0	0	0	0	0	0	0
GCF_000455245.1	0	0	0	0	0	0	0
GCF_000455265.1	0	1	0	0	0	9	0
GCF_000455285.1	0	1	0	0	0	2	0
GCF_000455345.1	1	0	0	0	1	0	0
GCF_000455365.1	1	1	0	0	1	1	0
GCF_000455445.1	0	1	0	0	0	1	0
GCF_000455525.1	1	0	0	0	6	0	0
GCF_000455605.1	0	1	0	0	0	1	0
GCF_000466385.1	1	1	0	0	3	3	0
GCF_000466965.1	1	1	0	0	4	1	0
GCF_000466985.1	1	0	0	0	2	0	0
GCF_000467125.1	0	1	0	0	0	2	0
GCF_000468055.1	0	1	0	0	0	2	0
GCF_000468495.1	0	1	1	1	0	3	2
GCF_000468535.1	0	1	1	1	0	2	2
GCF_000468615.2	0	0	0	0	0	0	0
GCF_000468955.1	0	1	0	0	0	3	0
GCF_000469155.1	1	0	0	0	7	0	0
GCF_000469325.1	0	1	0	0	0	3	0
GCF_000469345.1	0	1	1	1	0	4	3
GCF_000469465.1	0	1	0	0	0	2	0
GCF_000469585.1	1	1	0	0	1	1	0
GCF_000469665.2	0	0	0	0	0	0	0
GCF_000470655.1	0	0	0	0	0	0	0
GCF_000470775.1	1	0	0	0	1	0	0
GCF_000471025.2	0	0	0	0	0	0	0
GCF_000471625.1	1	0	0	0	1	0	0
GCF_000471645.3	0	1	0	0	0	1	0
GCF_000472525.1	1	1	0	0	13	2	0
GCF_000472665.1	0	1	1	1	0	4	4
GCF_000472825.1	1	1	0	0	13	1	0
GCF_000472905.1	1	1	0	0	2	2	0
GCF_000472965.1	1	1	0	0	22	1	0
GCF_000473085.1	1	0	0	0	12	0	0
GCF_000473145.1	1	1	0	0	5	1	0
GCF_000473165.1	1	1	0	0	8	1	0
GCF_000473205.1	1	1	0	0	16	2	0
GCF_000473225.1	1	0	0	0	14	0	0
GCF_000473365.1	0	0	0	0	0	0	0
GCF_000473765.1	0	1	0	0	0	2	0
GCF_000473895.1	0	0	0	0	0	0	0
GCF_000473995.1	1	1	1	1	1	6	2
GCF_000474235.1	1	0	0	0	1	0	0
GCF_000474275.2	1	1	0	0	3	2	0
GCF_000474745.1	0	1	0	0	0	2	0
GCF_000474945.1	1	0	0	0	10	0	0
GCF_000477415.1	0	0	0	0	0	0	0
GCF_000477435.1	0	0	0	0	0	0	0
GCF_000477535.1	0	1	0	0	0	2	0
GCF_000478195.2	0	1	0	0	0	1	0
GCF_000478565.1	1	0	0	0	1	0	0
GCF_000478605.2	1	1	0	0	3	3	0
GCF_000478885.1	1	1	1	0	1	2	1
GCF_000479315.1	0	0	0	0	0	0	0
GCF_000482365.1	0	0	0	0	0	0	0
GCF_000482465.1	1	1	0	0	1	1	0
GCF_000482485.1	1	1	0	0	1	3	0
GCF_000482705.1	1	1	0	0	1	1	0
GCF_000482725.1	0	0	0	0	0	0	0
GCF_000482785.1	1	0	0	0	4	0	0
GCF_000482805.1	0	0	0	0	0	0	0
GCF_000482825.1	0	1	1	0	0	2	1
GCF_000482845.1	0	0	0	0	0	0	0
GCF_000482865.1	1	1	0	0	2	3	0
GCF_000483125.1	0	1	0	0	0	1	0
GCF_000483165.1	0	0	0	0	0	0	0
GCF_000483485.1	0	0	0	0	0	0	0
GCF_000484535.1	0	1	0	0	0	1	0
GCF_000484635.1	1	0	0	0	7	0	0
GCF_000484695.1	1	0	0	0	1	0	0
GCF_000485845.1	0	0	0	0	0	0	0
GCF_000485905.1	0	1	0	0	0	1	0
GCF_000487995.2	0	1	1	0	0	2	1
GCF_000488215.1	0	0	0	0	0	0	0
GCF_000488275.1	1	0	0	0	1	0	0
GCF_000493735.1	0	1	0	0	0	3	0
GCF_000494755.1	1	1	0	0	3	2	0
GCF_000495255.1	0	0	0	0	0	0	0
GCF_000495435.3	1	1	1	1	4	2	4
GCF_000495475.1	1	0	0	0	1	0	0
GCF_000496075.1	1	0	0	0	6	0	0
GCF_000496595.1	0	0	0	0	0	0	0
GCF_000496735.2	0	0	0	0	0	0	0
GCF_000497245.1	0	1	0	0	0	3	0
GCF_000497445.1	1	1	0	0	5	2	0
GCF_000498475.1	0	1	0	0	0	1	0
GCF_000498495.1	0	1	0	0	0	1	0
GCF_000498535.1	0	1	0	0	0	1	0
GCF_000498575.2	1	0	0	0	5	0	0
GCF_000498655.1	0	1	0	0	0	1	0
GCF_000498955.2	0	1	0	0	0	1	0
GCF_000499525.1	0	1	1	0	0	3	1
GCF_000499665.2	0	0	0	0	0	0	0
GCF_000499785.1	0	1	0	0	0	2	0
GCF_000500045.1	0	0	0	0	0	0	0
GCF_000500065.1	0	0	0	0	0	0	0
GCF_000500935.1	0	1	0	0	0	1	0
GCF_000503895.1	0	0	0	0	0	0	0
GCF_000504085.1	0	1	1	1	0	7	2
GCF_000504105.1	0	1	1	1	0	6	2
GCF_000504145.1	0	1	0	0	0	4	0
GCF_000504205.1	0	1	0	0	0	1	0
GCF_000504245.1	1	0	0	0	3	0	0
GCF_000504285.1	1	1	0	0	5	3	0
GCF_000504305.1	0	1	1	0	0	1	1
GCF_000504585.2	1	0	0	0	13	0	0
GCF_000505545.1	1	1	0	0	2	1	0
GCF_000505725.1	0	0	0	0	0	0	0
GCF_000506865.1	1	0	0	0	3	0	0
GCF_000507245.1	0	0	0	0	0	0	0
GCF_000507845.1	0	1	0	0	0	1	0
GCF_000508165.1	0	1	0	0	0	1	0
GCF_000508225.1	0	0	0	0	0	0	0
GCF_000508245.1	0	0	0	0	0	0	0
GCF_000510645.1	0	0	0	0	0	0	0
GCF_000511175.1	0	1	0	0	0	1	0
GCF_000511305.1	1	1	0	0	13	2	0
GCF_000511355.1	1	1	0	0	7	1	0
GCF_000511385.1	1	1	0	0	5	1	0
GCF_000511935.2	0	1	0	0	0	2	0
GCF_000511955.1	0	1	1	1	0	3	2
GCF_000512205.2	1	0	1	0	7	0	1
GCF_000512235.1	1	1	1	1	2	5	7
GCF_000512295.1	0	1	0	0	0	1	0
GCF_000512735.1	0	1	0	0	0	1	0
GCF_000512915.1	0	1	0	0	0	1	0
GCF_000513095.1	0	1	0	0	0	1	0
GCF_000513115.1	0	1	0	0	0	4	0
GCF_000513135.1	0	1	0	0	0	3	0
GCF_000513195.1	0	1	0	0	0	2	0
GCF_000513275.1	0	1	0	0	0	5	0
GCF_000513295.1	1	0	0	0	3	0	0
GCF_000513475.1	0	0	0	0	0	0	0
GCF_000513715.1	0	0	0	0	0	0	0
GCF_000513835.1	1	0	0	0	4	0	0
GCF_000514815.1	1	0	0	0	2	0	0
GCF_000515255.1	1	0	0	0	1	0	0
GCF_000515335.1	0	1	0	0	0	3	0
GCF_000515355.1	1	1	0	0	2	1	0
GCF_000515395.1	1	1	0	0	3	4	0
GCF_000517025.1	0	1	1	1	0	5	3
GCF_000517065.1	0	1	1	0	0	2	1
GCF_000517085.1	1	1	0	0	2	1	0
GCF_000517265.1	0	0	0	0	0	0	0
GCF_000517365.1	0	0	0	0	0	0	0
GCF_000517385.1	1	1	0	0	1	1	0
GCF_000517405.1	0	1	0	0	0	1	0
GCF_000517425.1	1	1	0	0	5	2	0
GCF_000517445.1	0	0	0	0	0	0	0
GCF_000517625.1	1	0	0	0	5	0	0
GCF_000518205.1	0	0	0	0	0	0	0
GCF_000518225.1	0	0	0	0	0	0	0
GCF_000518245.1	0	1	1	1	0	2	2
GCF_000518265.1	1	1	0	0	3	2	0
GCF_000518285.1	0	0	0	0	0	0	0
GCF_000518305.1	0	0	0	0	0	0	0
GCF_000518485.1	0	1	0	0	0	1	0
GCF_000518545.1	0	1	0	0	0	3	0
GCF_000518565.1	0	1	1	1	0	6	5
GCF_000518605.1	1	1	0	0	1	2	0
GCF_000518645.1	1	0	0	0	15	0	0
GCF_000518665.1	1	1	0	0	2	2	0
GCF_000518685.1	0	1	0	0	0	1	0
GCF_000518725.1	0	0	0	0	0	0	0
GCF_000518765.1	0	1	1	0	0	4	1
GCF_000518785.1	1	0	0	0	2	0	0
GCF_000518805.1	0	1	0	0	0	2	0
GCF_000519045.1	1	0	0	0	2	0	0
GCF_000519125.1	0	1	1	0	0	2	1
GCF_000519185.1	1	1	0	0	39	2	0
GCF_000519205.1	1	1	0	0	17	2	0
GCF_000519265.1	0	1	1	0	0	2	1
GCF_000519325.1	1	0	0	0	7	0	0
GCF_000519345.1	0	1	0	0	0	1	0
GCF_000520015.2	1	1	0	0	1	1	0
GCF_000520715.1	0	1	1	1	0	5	2
GCF_000520815.1	0	1	0	0	0	5	0
GCF_000520955.1	0	1	0	0	0	1	0
GCF_000520975.1	0	1	0	0	0	2	0
GCF_000520995.1	0	1	0	0	0	2	0
GCF_000521485.1	0	0	0	0	0	0	0
GCF_000521505.1	1	0	0	0	22	0	0
GCF_000521725.1	0	0	0	0	0	0	0
GCF_000521785.1	1	1	0	0	6	1	0
GCF_000521805.1	0	0	0	0	0	0	0
GCF_000521865.1	1	1	0	0	5	1	0
GCF_000522545.2	1	1	0	0	23	2	0
GCF_000522985.1	1	1	0	0	1	2	0
GCF_000524475.1	1	0	0	0	19	0	0
GCF_000524555.1	0	0	0	0	0	0	0
GCF_000525635.1	1	1	0	0	6	3	0
GCF_000525775.1	1	1	1	1	1	3	4
GCF_000525855.1	0	1	0	0	0	2	0
GCF_000525875.1	0	1	0	0	0	2	0
GCF_000525915.1	0	0	0	0	0	0	0
GCF_000525995.1	0	1	0	0	0	4	0
GCF_000526155.1	1	1	1	1	3	4	3
GCF_000526235.1	0	0	0	0	0	0	0
GCF_000526375.1	0	1	1	1	0	2	2
GCF_000526395.1	0	1	0	0	0	2	0
GCF_000526415.1	1	1	0	0	2	2	0
GCF_000526495.1	0	1	1	1	0	4	3
GCF_000526675.1	0	1	0	0	0	1	0
GCF_000526695.1	0	1	0	0	0	3	0
GCF_000526715.1	0	0	0	0	0	0	0
GCF_000526875.1	1	1	0	0	1	1	0
GCF_000526915.1	1	0	0	0	8	0	0
GCF_000526955.1	0	0	0	0	0	0	0
GCF_000526995.1	1	1	1	1	2	11	3
GCF_000527035.1	0	0	0	0	0	0	0
GCF_000527095.1	0	0	0	0	0	0	0
GCF_000527135.1	1	0	0	0	2	0	0
GCF_000527155.1	0	0	0	0	0	0	0
GCF_000530755.1	0	0	0	0	0	0	0
GCF_000531125.1	1	0	0	0	3	0	0
GCF_000550785.1	0	0	0	0	0	0	0
GCF_000550805.1	1	0	0	0	1	0	0
GCF_000559025.1	1	0	0	0	1	0	0
GCF_000565015.1	0	0	0	0	0	0	0
GCF_000565175.1	0	0	0	0	0	0	0
GCF_000565215.1	0	0	0	0	0	0	0
GCF_000566685.1	0	0	0	0	0	0	0
GCF_000568815.1	0	1	1	1	0	2	2
GCF_000576305.1	0	1	0	0	0	4	0
GCF_000576555.1	1	0	0	0	1	0	0
GCF_000576575.1	1	1	1	1	12	2	2
GCF_000576595.1	1	1	0	0	5	1	0
GCF_000576635.1	1	1	0	0	15	1	0
GCF_000577275.2	1	1	0	0	1	2	0
GCF_000577815.1	0	1	0	0	0	3	0
GCF_000577895.1	0	1	1	1	0	3	2
GCF_000582515.1	0	1	0	0	0	2	0
GCF_000582535.1	0	0	0	0	0	0	0
GCF_000583855.1	0	1	0	0	0	2	0
GCF_000585215.1	0	0	0	0	0	0	0
GCF_000585235.1	0	0	0	0	0	0	0
GCF_000585335.1	1	1	1	0	3	3	1
GCF_000585355.1	0	0	0	0	0	0	0
GCF_000585375.1	1	1	1	1	17	3	2
GCF_000585395.1	0	1	0	0	0	6	0
GCF_000585415.1	1	0	0	0	4	0	0
GCF_000585495.1	0	0	0	0	0	0	0
GCF_000590555.1	1	0	0	0	2	0	0
GCF_000590795.1	1	1	0	0	4	2	0
GCF_000590865.3	0	0	0	0	0	0	0
GCF_000590885.1	0	1	0	0	0	1	0
GCF_000590925.1	1	1	0	0	3	1	0
GCF_000591035.1	0	0	0	0	0	0	0
GCF_000591055.1	1	0	0	0	1	0	0
GCF_000597725.1	1	1	1	0	1	1	1
GCF_000597865.1	0	1	1	1	0	3	3
GCF_000598065.1	0	1	0	0	0	4	0
GCF_000599865.1	1	1	0	0	1	1	0
GCF_000599985.1	0	1	0	0	0	1	0
GCF_000600005.1	0	0	0	0	0	0	0
GCF_000600105.1	1	1	0	0	2	2	0
GCF_000600335.2	1	1	0	0	1	3	0
GCF_000600975.2	1	0	0	0	2	0	0
GCF_000601455.1	0	1	1	1	0	6	2
GCF_000601485.1	1	1	0	0	1	1	0
GCF_000603945.1	0	0	0	0	0	0	0
GCF_000612035.1	0	0	0	0	0	0	0
GCF_000612055.1	1	1	0	0	1	1	0
GCF_000612505.1	1	1	1	1	1	7	2
GCF_000612625.1	1	1	0	0	4	2	0
GCF_000612665.1	1	1	0	0	2	5	0
GCF_000612685.1	1	0	0	0	7	0	0
GCF_000612805.1	0	1	0	0	0	3	0
GCF_000612845.1	0	1	1	1	0	4	5
GCF_000612865.1	0	1	0	0	0	2	0
GCF_000613045.3	0	1	0	0	0	1	0
GCF_000613185.1	1	1	0	0	14	1	0
GCF_000613285.1	1	1	0	0	3	1	0
GCF_000613305.1	0	1	0	0	0	1	0
GCF_000613845.1	0	1	0	0	0	1	0
GCF_000613885.1	0	1	0	0	0	2	0
GCF_000613945.1	0	1	0	0	0	1	0
GCF_000614065.1	0	0	0	0	0	0	0
GCF_000614125.1	0	1	0	0	0	2	0
GCF_000614545.1	0	1	0	0	0	2	0
GCF_000614975.1	1	1	0	0	1	2	0
GCF_000615945.1	0	1	0	0	0	2	0
GCF_000616095.1	1	0	0	0	8	0	0
GCF_000617925.1	0	0	0	0	0	0	0
GCF_000619805.1	0	0	0	0	0	0	0
GCF_000619845.1	1	0	0	0	1	0	0
GCF_000619885.1	1	1	0	0	1	2	0
GCF_000619905.2	1	0	0	0	1	0	0
GCF_000619945.1	0	1	1	1	0	7	5
GCF_000620045.1	1	0	0	0	2	0	0
GCF_000620065.1	1	0	0	0	1	0	0
GCF_000620085.1	1	1	0	0	3	1	0
GCF_000620125.1	1	1	1	1	1	5	5
GCF_000620145.1	0	1	0	0	0	1	0
GCF_000620305.1	0	1	1	1	0	5	5
GCF_000620765.1	1	1	1	1	1	2	2
GCF_000620785.1	1	1	0	0	17	4	0
GCF_000620805.1	0	1	0	0	0	2	0
GCF_000620845.1	0	1	0	0	0	1	0
GCF_000621025.1	1	0	0	0	2	0	0
GCF_000621085.1	0	0	0	0	0	0	0
GCF_000621105.1	0	1	0	0	0	1	0
GCF_000621125.1	0	1	0	0	0	1	0
GCF_000621145.1	1	0	0	0	1	0	0
GCF_000621165.1	1	1	0	0	2	1	0
GCF_000621205.1	1	1	0	0	2	1	0
GCF_000621305.1	1	0	0	0	3	0	0
GCF_000621325.1	0	1	0	0	0	1	0
GCF_000621385.1	0	0	0	0	0	0	0
GCF_000621445.1	0	1	0	0	0	3	0
GCF_000621485.1	1	1	1	1	1	9	4
GCF_000621505.1	0	1	1	1	0	14	4
GCF_000621585.1	0	1	0	0	0	1	0
GCF_000621625.1	1	1	0	0	1	1	0
GCF_000621665.1	1	0	0	0	1	0	0
GCF_000621825.1	0	1	0	0	0	1	0
GCF_000621965.1	0	1	0	0	0	1	0
GCF_000622165.1	0	0	0	0	0	0	0
GCF_000622205.1	0	0	0	0	0	0	0
GCF_000622245.1	1	1	1	1	1	4	2
GCF_000622325.1	1	1	0	0	9	2	0
GCF_000622365.1	1	0	0	0	4	0	0
GCF_000622385.1	1	1	0	0	8	1	0
GCF_000622405.1	1	0	0	0	4	0	0
GCF_000622425.1	1	1	0	0	3	1	0
GCF_000626675.1	1	0	0	0	2	0	0
GCF_000626715.1	0	1	0	0	0	2	0
GCF_000632495.1	1	1	0	0	1	2	0
GCF_000632845.1	0	0	0	0	0	0	0
GCF_000632985.1	0	0	0	0	0	0	0
GCF_000633635.1	0	1	0	0	0	3	0
GCF_000633935.1	0	1	0	0	0	1	0
GCF_000647975.1	1	0	0	0	4	0	0
GCF_000648275.1	0	0	0	0	0	0	0
GCF_000661915.1	1	0	0	0	4	0	0
GCF_000661955.1	0	0	0	0	0	0	0
GCF_000671395.1	1	0	0	0	2	0	0
GCF_000682675.1	1	0	0	0	5	0	0
GCF_000682695.1	1	0	0	0	10	0	0
GCF_000682755.1	1	0	0	0	10	0	0
GCF_000684975.1	1	1	0	0	16	2	0
GCF_000685015.1	1	1	0	0	18	1	0
GCF_000685035.1	1	1	0	0	16	2	0
GCF_000685075.1	1	1	0	0	31	1	0
GCF_000685155.1	0	1	1	0	0	2	1
GCF_000685215.1	1	0	0	0	5	0	0
GCF_000685235.1	1	0	0	0	8	0	0
GCF_000685255.1	1	0	0	0	7	0	0
GCF_000685275.1	1	0	0	0	9	0	0
GCF_000685315.1	1	0	0	0	11	0	0
GCF_000685395.1	0	0	0	0	0	0	0
GCF_000685865.1	0	1	0	0	0	2	0
GCF_000685905.1	0	0	0	0	0	0	0
GCF_000686045.1	1	0	0	0	4	0	0
GCF_000686525.1	0	1	1	0	0	2	1
GCF_000686585.1	0	0	0	0	0	0	0
GCF_000686645.1	1	1	1	1	3	5	4
GCF_000686665.1	0	1	0	0	0	1	0
GCF_000686705.1	0	1	1	1	0	5	3
GCF_000686725.1	0	1	1	1	0	6	3
GCF_000686885.1	0	1	0	0	0	1	0
GCF_000686905.1	1	0	0	0	2	0	0
GCF_000687145.1	0	0	0	0	0	0	0
GCF_000687165.1	1	1	0	0	9	1	0
GCF_000687535.1	0	0	0	0	0	0	0
GCF_000687555.1	0	1	1	0	0	7	1
GCF_000687735.1	0	1	0	0	0	1	0
GCF_000687775.1	0	0	0	0	0	0	0
GCF_000687795.1	0	0	0	0	0	0	0
GCF_000687815.1	0	0	0	0	0	0	0
GCF_000687835.1	0	1	0	0	0	1	0
GCF_000687875.1	1	1	0	0	1	1	0
GCF_000688235.1	1	0	0	0	4	0	0
GCF_000688255.1	1	0	0	0	2	0	0
GCF_000688295.1	1	0	0	0	29	0	0
GCF_000688395.1	0	1	0	0	0	2	0
GCF_000688415.1	1	0	0	0	1	0	0
GCF_000688455.1	1	1	0	0	1	2	0
GCF_000688515.1	1	1	0	0	5	1	0
GCF_000689175.1	0	0	0	0	0	0	0
GCF_000689395.1	1	1	0	0	6	1	0
GCF_000690055.1	0	0	0	0	0	0	0
GCF_000691225.1	1	0	0	0	1	0	0
GCF_000691805.2	0	1	0	0	0	1	0
GCF_000695095.2	1	1	0	0	1	2	0
GCF_000695625.1	1	1	1	1	10	3	2
GCF_000695795.1	1	0	0	0	2	0	0
GCF_000695835.1	0	0	0	0	0	0	0
GCF_000696185.1	1	1	0	0	1	2	0
GCF_000696225.1	1	1	0	0	2	1	0
GCF_000696345.2	1	0	0	0	3	0	0
GCF_000696675.2	1	0	0	0	14	0	0
GCF_000697965.2	1	1	0	0	4	1	0
GCF_000698785.1	0	0	0	0	0	0	0
GCF_000699505.1	0	0	0	0	0	0	0
GCF_000699585.2	1	1	1	1	1	4	6
GCF_000701405.1	1	1	0	0	1	2	0
GCF_000701425.1	1	1	0	0	2	3	0
GCF_000701445.1	1	0	0	0	4	0	0
GCF_000701485.1	0	0	0	0	0	0	0
GCF_000701505.1	0	0	0	0	0	0	0
GCF_000701525.1	0	0	0	0	0	0	0
GCF_000701585.1	1	0	0	0	4	0	0
GCF_000701665.1	1	1	0	0	2	1	0
GCF_000701785.1	0	0	0	0	0	0	0
GCF_000701805.1	0	0	0	0	0	0	0
GCF_000701825.1	0	0	0	0	0	0	0
GCF_000701905.1	1	1	1	1	1	4	2
GCF_000702065.1	0	1	0	0	0	2	0
GCF_000702425.1	0	1	0	0	0	1	0
GCF_000702445.1	0	1	0	0	0	1	0
GCF_000702505.1	1	1	0	0	2	2	0
GCF_000702585.1	0	1	0	0	0	1	0
GCF_000702625.1	0	1	0	0	0	2	0
GCF_000702665.1	0	1	1	0	0	1	1
GCF_000702705.1	0	0	0	0	0	0	0
GCF_000702725.1	0	0	0	0	0	0	0
GCF_000702785.1	0	0	0	0	0	0	0
GCF_000703125.1	0	1	1	1	0	4	2
GCF_000705355.1	1	1	0	0	3	2	0
GCF_000705555.1	1	0	0	0	2	0	0
GCF_000706625.1	0	0	0	0	0	0	0
GCF_000706645.1	0	0	0	0	0	0	0
GCF_000708045.1	1	1	0	0	2	1	0
GCF_000708285.2	0	1	0	0	0	2	0
GCF_000708615.2	0	1	0	0	0	2	0
GCF_000709345.1	1	1	0	0	11	1	0
GCF_000709415.1	1	1	0	0	1	3	0
GCF_000709555.1	0	0	0	0	0	0	0
GCF_000709915.1	1	1	0	0	8	2	0
GCF_000709935.2	0	0	0	0	0	0	0
GCF_000710615.1	1	0	0	0	2	0	0
GCF_000710755.1	1	1	0	0	5	1	0
GCF_000710775.1	1	1	0	0	2	1	0
GCF_000710955.1	1	1	0	0	5	1	0
GCF_000711195.1	0	0	0	0	0	0	0
GCF_000711215.1	0	1	0	0	0	1	0
GCF_000711225.1	1	0	0	0	3	0	0
GCF_000711245.1	1	0	0	0	3	0	0
GCF_000711295.1	0	1	0	0	0	1	0
GCF_000711715.1	1	0	0	0	4	0	0
GCF_000711725.1	1	1	0	0	19	1	0
GCF_000711735.1	0	1	1	1	0	3	2
GCF_000711795.1	1	1	0	0	1	1	0
GCF_000711875.1	0	1	0	0	0	1	0
GCF_000711895.1	0	0	0	0	0	0	0
GCF_000711905.1	0	1	0	0	0	2	0
GCF_000711955.1	1	1	0	0	6	1	0
GCF_000711975.1	0	1	1	1	0	4	4
GCF_000711985.1	0	1	0	0	0	4	0
GCF_000712035.1	1	1	0	0	1	1	0
GCF_000712165.1	0	0	0	0	0	0	0
GCF_000712185.1	0	0	0	0	0	0	0
GCF_000712295.1	1	1	1	0	1	2	1
GCF_000712595.1	1	1	0	0	1	2	0
GCF_000714535.1	1	1	0	0	3	1	0
GCF_000714545.1	1	1	0	0	2	2	0
GCF_000714555.1	1	1	0	0	3	1	0
GCF_000714715.1	0	1	1	0	0	1	1
GCF_000714815.1	1	1	0	0	2	1	0
GCF_000714935.1	0	1	0	0	0	2	0
GCF_000715015.1	1	0	0	0	6	0	0
GCF_000715845.1	1	1	0	0	7	2	0
GCF_000716025.1	1	1	0	0	3	2	0
GCF_000716435.1	1	1	0	0	12	6	0
GCF_000716445.1	1	1	0	0	7	2	0
GCF_000716545.1	1	1	0	0	2	3	0
GCF_000716625.1	1	1	0	0	7	3	0
GCF_000716675.1	1	1	0	0	6	2	0
GCF_000716785.1	1	1	1	1	10	3	2
GCF_000716805.1	1	1	0	0	14	3	0
GCF_000716875.1	1	1	0	0	2	1	0
GCF_000717025.1	1	1	0	0	2	3	0
GCF_000717135.1	1	1	0	0	4	3	0
GCF_000717335.1	1	1	0	0	27	2	0
GCF_000717595.1	1	1	0	0	7	3	0
GCF_000717745.1	1	1	0	0	10	2	0
GCF_000717995.1	1	1	0	0	5	3	0
GCF_000718005.1	1	1	0	0	2	1	0
GCF_000718015.1	1	1	0	0	6	2	0
GCF_000718085.1	1	1	0	0	1	5	0
GCF_000718165.1	1	1	0	0	19	6	0
GCF_000718255.1	1	1	0	0	5	1	0
GCF_000718305.1	1	1	0	0	8	2	0
GCF_000718625.1	1	1	0	0	5	2	0
GCF_000718635.1	1	1	0	0	8	3	0
GCF_000718985.1	1	1	0	0	3	2	0
GCF_000719095.1	1	1	0	0	12	3	0
GCF_000719135.1	1	1	0	0	2	1	0
GCF_000719265.1	1	1	0	0	6	2	0
GCF_000719285.1	1	1	0	0	5	4	0
GCF_000720335.1	1	0	0	0	8	0	0
GCF_000720475.1	1	1	0	0	4	2	0
GCF_000720485.1	1	1	0	0	16	2	0
GCF_000720835.1	1	1	0	0	5	2	0
GCF_000720925.1	1	1	0	0	2	2	0
GCF_000721075.1	1	1	0	0	19	2	0
GCF_000721105.1	1	1	0	0	10	5	0
GCF_000721185.1	1	1	0	0	4	3	0
GCF_000721705.1	1	1	0	0	4	3	0
GCF_000722545.1	0	1	1	1	0	8	2
GCF_000722635.1	1	1	0	0	2	1	0
GCF_000722875.1	1	0	0	0	11	0	0
GCF_000723165.1	1	1	0	0	3	2	0
GCF_000723185.1	0	0	0	0	0	0	0
GCF_000723205.1	1	1	0	0	2	1	0
GCF_000723225.2	0	0	0	0	0	0	0
GCF_000723365.1	0	0	0	0	0	0	0
GCF_000723425.2	1	0	0	0	13	0	0
GCF_000723465.1	0	1	0	0	0	2	0
GCF_000723565.1	0	0	0	0	0	0	0
GCF_000723585.1	1	1	0	0	3	5	0
GCF_000723605.1	1	1	0	0	5	3	0
GCF_000723845.1	1	1	0	0	2	2	0
GCF_000723885.1	0	1	0	0	0	8	0
GCF_000723905.1	0	1	0	0	0	3	0
GCF_000724085.1	0	1	0	0	0	2	0
GCF_000724225.2	1	1	1	1	2	3	3
GCF_000724605.1	0	1	0	0	0	1	0
GCF_000724625.1	0	1	0	0	0	1	0
GCF_000724775.3	1	1	0	0	2	5	0
GCF_000725125.1	1	1	0	0	4	3	0
GCF_000725365.1	1	1	0	0	1	2	0
GCF_000725405.1	1	1	0	0	2	1	0
GCF_000725425.1	0	0	0	0	0	0	0
GCF_000725475.1	1	1	0	0	9	2	0
GCF_000725485.1	1	1	0	0	7	3	0
GCF_000725545.1	1	1	0	0	6	3	0
GCF_000725565.1	1	1	0	0	8	2	0
GCF_000725785.1	1	1	0	0	7	4	0
GCF_000730285.1	0	0	0	0	0	0	0
GCF_000730385.1	0	1	0	0	0	2	0
GCF_000730585.1	1	0	0	0	4	0	0
GCF_000730645.1	1	0	0	0	4	0	0
GCF_000730685.1	0	1	0	0	0	1	0
GCF_000731315.1	1	1	0	0	3	2	0
GCF_000731675.1	1	0	0	0	2	0	0
GCF_000731785.2	0	0	0	0	0	0	0
GCF_000731795.2	0	0	0	0	0	0	0
GCF_000731955.1	1	0	0	0	2	0	0
GCF_000731985.1	1	0	0	0	2	0	0
GCF_000732195.1	1	1	0	0	4	2	0
GCF_000732615.1	1	1	0	0	18	1	0
GCF_000732635.1	0	1	1	0	0	2	1
GCF_000732725.1	0	1	1	1	0	2	3
GCF_000732925.1	1	1	0	0	8	2	0
GCF_000732945.1	0	0	0	0	0	0	0
GCF_000733125.1	1	0	0	0	1	0	0
GCF_000733295.1	1	0	0	0	1	0	0
GCF_000733715.2	1	0	0	0	4	0	0
GCF_000733725.1	1	1	0	0	4	1	0
GCF_000733765.1	1	0	0	0	5	0	0
GCF_000733845.1	1	1	0	0	4	3	0
GCF_000733855.1	0	0	0	0	0	0	0
GCF_000733865.1	0	0	0	0	0	0	0
GCF_000733935.1	0	0	0	0	0	0	0
GCF_000734015.1	0	1	1	1	0	2	2
GCF_000734965.1	0	1	1	0	0	2	1
GCF_000735695.2	0	1	0	0	0	1	0
GCF_000735715.2	1	1	0	0	2	1	0
GCF_000736415.1	0	0	0	0	0	0	0
GCF_000737065.1	1	1	0	0	2	2	0
GCF_000737315.1	1	0	0	0	1	0	0
GCF_000737685.1	1	1	0	0	2	1	0
GCF_000737705.1	0	1	0	0	0	2	0
GCF_000737765.1	0	1	0	0	0	2	0
GCF_000737785.1	0	1	0	0	0	2	0
GCF_000737865.1	0	1	0	0	0	1	0
GCF_000737905.1	1	1	0	0	1	1	0
GCF_000738005.1	0	1	0	0	0	1	0
GCF_000738775.1	1	0	0	0	7	0	0
GCF_000739045.1	1	1	0	0	6	1	0
GCF_000739065.1	0	1	1	0	0	2	1
GCF_000739085.1	1	1	0	0	25	3	0
GCF_000739435.1	0	0	0	0	0	0	0
GCF_000739555.1	1	0	0	0	2	0	0
GCF_000739575.1	0	1	0	0	0	1	0
GCF_000739595.1	1	0	0	0	1	0	0
GCF_000739695.1	1	1	0	0	6	1	0
GCF_000739775.1	1	1	0	0	14	2	0
GCF_000739935.1	1	0	0	0	1	0	0
GCF_000739995.1	1	0	0	0	4	0	0
GCF_000740055.1	0	1	0	0	0	1	0
GCF_000740775.1	1	0	0	0	5	0	0
GCF_000740785.1	1	1	0	0	2	1	0
GCF_000740965.1	0	1	0	0	0	2	0
GCF_000741205.1	1	1	0	0	1	1	0
GCF_000741365.1	0	1	0	0	0	1	0
GCF_000741525.1	0	1	0	0	0	2	0
GCF_000741535.1	0	1	0	0	0	1	0
GCF_000741575.1	1	1	0	0	1	1	0
GCF_000741785.1	0	1	0	0	0	1	0
GCF_000742475.1	0	0	0	0	0	0	0
GCF_000742835.1	0	0	0	0	0	0	0
GCF_000743535.1	1	0	0	0	1	0	0
GCF_000743575.1	1	1	0	0	2	4	0
GCF_000743715.1	1	0	0	0	4	0	0
GCF_000743945.1	0	0	0	0	0	0	0
GCF_000744105.1	0	0	0	0	0	0	0
GCF_000744185.1	0	1	0	0	0	3	0
GCF_000744225.1	1	1	0	0	3	2	0
GCF_000744285.1	0	1	0	0	0	2	0
GCF_000744315.1	0	1	0	0	0	1	0
GCF_000744375.1	0	1	0	0	0	4	0
GCF_000744415.1	0	0	0	0	0	0	0
GCF_000744435.1	0	0	0	0	0	0	0
GCF_000744655.1	1	1	0	0	2	4	0
GCF_000744705.1	1	1	0	0	5	3	0
GCF_000744735.1	1	0	0	0	1	0	0
GCF_000744775.1	1	1	0	0	4	2	0
GCF_000744785.1	1	1	0	0	3	2	0
GCF_000744815.1	1	1	0	0	10	7	0
GCF_000744825.1	0	1	0	0	0	3	0
GCF_000744885.1	1	0	0	0	2	0	0
GCF_000745125.1	0	1	0	0	0	3	0
GCF_000745345.1	1	1	0	0	1	5	0
GCF_000745425.1	0	0	0	0	0	0	0
GCF_000745455.1	0	1	1	1	0	7	2
GCF_000745485.1	0	1	0	0	0	1	0
GCF_000745835.1	1	0	0	0	22	0	0
GCF_000745855.1	1	1	0	0	46	1	0
GCF_000745895.1	1	0	0	0	1	0	0
GCF_000745915.1	1	1	0	0	1	1	0
GCF_000745965.1	1	1	0	0	2	4	0
GCF_000745975.1	0	1	1	1	0	4	4
GCF_000746025.2	1	1	1	1	4	2	3
GCF_000746075.1	0	1	0	0	0	1	0
GCF_000746085.1	0	0	0	0	0	0	0
GCF_000746255.1	0	1	0	0	0	2	0
GCF_000746845.1	0	1	0	0	0	1	0
GCF_000746925.1	0	1	0	0	0	3	0
GCF_000747075.1	1	0	0	0	1	0	0
GCF_000747155.1	1	0	0	0	1	0	0
GCF_000747315.1	0	0	0	0	0	0	0
GCF_000749845.1	0	1	0	0	0	2	0
GCF_000750005.2	1	0	0	0	2	0	0
GCF_000750635.1	1	1	0	0	5	5	0
GCF_000750955.1	0	0	0	0	0	0	0
GCF_000751075.1	0	0	0	0	0	0	0
GCF_000751215.2	1	1	0	0	25	1	0
GCF_000753735.1	0	1	0	0	0	1	0
GCF_000753795.1	0	0	0	0	0	0	0
GCF_000754095.2	0	0	0	0	0	0	0
GCF_000754265.1	0	0	0	0	0	0	0
GCF_000754805.1	0	1	0	0	0	2	0
GCF_000755245.1	1	1	0	0	4	1	0
GCF_000755585.2	1	1	0	0	3	4	0
GCF_000756505.1	0	1	0	0	0	2	0
GCF_000756615.1	0	1	1	1	0	7	4
GCF_000756655.1	1	0	0	0	3	0	0
GCF_000756665.1	1	0	0	0	2	0	0
GCF_000756815.1	1	0	0	0	2	0	0
GCF_000757385.1	0	1	0	0	0	1	0
GCF_000757425.2	1	0	0	0	1	0	0
GCF_000757605.1	0	0	0	0	0	0	0
GCF_000757725.1	1	0	0	0	2	0	0
GCF_000757795.1	1	1	0	0	8	1	0
GCF_000757885.1	0	1	0	0	0	7	0
GCF_000757905.1	0	0	0	0	0	0	0
GCF_000758165.1	0	1	0	0	0	1	0
GCF_000758665.1	0	1	0	0	0	7	0
GCF_000758685.1	0	1	1	1	0	10	2
GCF_000758705.1	0	1	0	0	0	6	0
GCF_000758725.1	0	1	0	0	0	7	0
GCF_000758765.1	1	1	0	0	1	3	0
GCF_000759025.1	1	1	0	0	1	2	0
GCF_000759055.1	1	0	0	0	1	0	0
GCF_000759345.1	1	0	0	0	2	0	0
GCF_000759445.1	1	0	0	0	5	0	0
GCF_000759995.1	1	0	0	0	1	0	0
GCF_000760695.4	0	1	0	0	0	1	0
GCF_000761155.1	1	0	0	0	3	0	0
GCF_000761485.1	1	0	0	0	4	0	0
GCF_000763135.2	0	1	0	0	0	1	0
GCF_000763295.1	1	1	0	0	4	1	0
GCF_000763315.1	1	1	0	0	2	4	0
GCF_000763375.1	1	1	0	0	4	3	0
GCF_000763515.1	0	1	0	0	0	5	0
GCF_000763575.1	0	1	1	1	0	6	5
GCF_000763805.1	1	0	0	0	4	0	0
GCF_000764025.1	1	0	0	0	5	0	0
GCF_000764325.1	0	1	0	0	0	1	0
GCF_000764535.1	1	0	0	0	1	0	0
GCF_000764645.1	0	1	1	0	0	2	1
GCF_000764655.1	1	1	0	0	2	1	0
GCF_000764665.1	0	1	1	0	0	2	1
GCF_000765475.1	0	1	0	0	0	1	0
GCF_000765825.2	0	0	0	0	0	0	0
GCF_000765905.2	0	0	0	0	0	0	0
GCF_000765945.1	0	0	0	0	0	0	0
GCF_000765975.1	0	0	0	0	0	0	0
GCF_000766865.1	0	1	0	0	0	4	0
GCF_000767055.1	0	0	0	0	0	0	0
GCF_000767165.1	0	0	0	0	0	0	0
GCF_000767465.1	1	0	0	0	11	0	0
GCF_000767685.1	0	0	0	0	0	0	0
GCF_000767725.1	0	0	0	0	0	0	0
GCF_000767835.1	0	0	0	0	0	0	0
GCF_000768335.1	0	0	0	0	0	0	0
GCF_000768345.1	0	0	0	0	0	0	0
GCF_000768355.1	0	0	0	0	0	0	0
GCF_000768555.3	1	0	0	0	7	0	0
GCF_000768685.1	1	1	0	0	2	2	0
GCF_000768695.1	1	1	0	0	5	3	0
GCF_000768705.1	1	1	0	0	2	4	0
GCF_000769135.1	0	0	0	0	0	0	0
GCF_000769405.2	1	1	0	0	1	3	0
GCF_000769655.1	0	0	0	0	0	0	0
GCF_000769915.1	0	1	0	0	0	1	0
GCF_000770305.1	0	1	0	0	0	3	0
GCF_000770585.1	0	0	0	0	0	0	0
GCF_000770635.1	1	1	0	0	1	4	0
GCF_000770675.1	1	1	0	0	1	1	0
GCF_000770795.1	0	0	0	0	0	0	0
GCF_000771045.1	0	1	0	0	0	1	0
GCF_000771065.1	0	1	0	0	0	1	0
GCF_000771085.1	0	1	0	0	0	1	0
GCF_000771525.1	0	0	0	0	0	0	0
GCF_000771645.1	0	1	0	0	0	1	0
GCF_000771685.1	0	1	0	0	0	2	0
GCF_000771745.2	1	0	0	0	2	0	0
GCF_000772105.1	0	1	0	0	0	2	0
GCF_000772265.1	0	1	0	0	0	1	0
GCF_000772535.1	0	0	0	0	0	0	0
GCF_000772945.1	1	1	0	0	2	2	0
GCF_000773975.1	1	0	0	0	5	0	0
GCF_000775285.1	0	0	0	0	0	0	0
GCF_000775595.1	1	1	0	0	1	1	0
GCF_000775605.1	1	1	0	0	2	2	0
GCF_000775615.1	1	1	0	0	2	2	0
GCF_000783935.2	1	1	1	0	1	2	1
GCF_000784355.1	0	1	0	0	0	1	0
GCF_000784735.1	1	1	0	0	2	2	0
GCF_000785105.2	0	1	0	0	0	2	0
GCF_000785435.2	1	1	0	0	20	1	0
GCF_000785495.1	1	0	0	0	8	0	0
GCF_000785705.2	0	0	0	0	0	0	0
GCF_000786195.1	1	1	0	0	2	1	0
GCF_000786575.1	0	1	0	0	0	2	0
GCF_000787375.1	0	1	0	0	0	4	0
GCF_000787715.1	1	0	0	0	1	0	0
GCF_000787775.1	1	1	0	0	3	1	0
GCF_000787815.1	1	1	0	0	2	2	0
GCF_000787835.1	1	1	0	0	2	3	0
GCF_000787855.1	1	1	0	0	2	3	0
GCF_000788395.1	0	1	0	0	0	1	0
GCF_000789235.1	0	1	0	0	0	1	0
GCF_000797445.1	0	1	0	0	0	1	0
GCF_000797465.1	0	1	0	0	0	1	0
GCF_000800395.1	1	1	0	0	1	2	0
GCF_000800805.1	0	1	0	0	0	1	0
GCF_000801295.1	0	0	0	0	0	0	0
GCF_000802225.1	1	0	0	0	24	0	0
GCF_000802235.1	1	1	0	0	8	2	0
GCF_000802245.2	1	1	0	0	3	3	0
GCF_000802305.1	1	1	0	0	5	3	0
GCF_000802385.1	1	0	1	0	3	0	1
GCF_000803215.1	0	1	0	0	0	2	0
GCF_000803315.1	0	1	0	0	0	2	0
GCF_000803625.1	0	0	0	0	0	0	0
GCF_000803645.1	1	1	0	0	9	1	0
GCF_000804505.1	0	0	0	0	0	0	0
GCF_000805375.1	1	0	0	0	15	0	0
GCF_000806415.1	1	0	0	0	4	0	0
GCF_000807275.1	0	0	0	0	0	0	0
GCF_000807675.2	1	1	0	0	1	4	0
GCF_000807775.2	1	0	0	0	11	0	0
GCF_000807855.2	1	1	0	0	4	2	0
GCF_000808015.1	1	1	1	0	1	4	1
GCF_000808575.1	1	1	0	0	1	1	0
GCF_000812025.2	1	1	0	0	2	1	0
GCF_000812185.1	0	0	0	0	0	0	0
GCF_000812665.2	1	1	0	0	3	1	0
GCF_000812685.1	1	1	0	0	4	2	0
GCF_000812875.1	0	1	0	0	0	2	0
GCF_000812965.1	1	1	0	0	2	2	0
GCF_000813125.1	1	1	0	0	1	3	0
GCF_000813325.1	0	1	1	0	0	2	1
GCF_000813345.1	0	1	1	0	0	1	1
GCF_000813825.1	0	1	0	0	0	2	0
GCF_000814475.1	0	0	0	0	0	0	0
GCF_000814735.1	0	1	0	0	0	2	0
GCF_000814825.1	1	1	1	0	2	2	1
GCF_000815025.1	0	0	0	0	0	0	0
GCF_000815065.1	0	0	0	0	0	0	0
GCF_000815105.2	1	0	0	0	12	0	0
GCF_000815225.1	0	0	0	0	0	0	0
GCF_000815465.1	0	0	0	0	0	0	0
GCF_000816085.1	0	1	0	0	0	1	0
GCF_000816105.1	0	1	0	0	0	1	0
GCF_000816185.1	0	0	0	0	0	0	0
GCF_000816305.1	0	0	0	0	0	0	0
GCF_000816495.1	1	0	0	0	1	0	0
GCF_000816575.1	1	1	1	1	1	2	2
GCF_000816785.1	0	0	0	0	0	0	0
GCF_000816845.1	1	1	0	0	1	2	0
GCF_000817735.3	0	1	0	0	0	1	0
GCF_000817775.3	0	0	0	0	0	0	0
GCF_000817785.2	0	0	0	0	0	0	0
GCF_000817955.1	1	1	1	0	1	1	1
GCF_000818015.1	1	0	0	0	4	0	0
GCF_000818395.1	1	0	0	0	7	0	0
GCF_000819565.1	1	0	0	0	4	0	0
GCF_000819725.1	0	1	0	0	0	1	0
GCF_000819765.1	0	1	0	0	0	1	0
GCF_000819805.1	1	1	0	0	1	1	0
GCF_000819865.1	0	1	0	0	0	1	0
GCF_000819885.1	0	0	0	0	0	0	0
GCF_000819905.1	0	1	0	0	0	2	0
GCF_000820005.1	0	1	0	0	0	1	0
GCF_000820085.1	0	1	0	0	0	1	0
GCF_000820145.1	0	1	1	0	0	2	1
GCF_000820165.1	1	1	0	0	1	1	0
GCF_000820705.1	0	1	0	0	0	4	0
GCF_000820725.1	0	1	0	0	0	1	0
GCF_000820765.1	0	1	0	0	0	2	0
GCF_000820845.2	0	1	0	0	0	3	0
GCF_000821185.2	0	0	0	0	0	0	0
GCF_000821245.2	0	1	0	0	0	4	0
GCF_000821305.1	0	1	1	1	0	3	3
GCF_000825665.2	0	0	0	0	0	0	0
GCF_000825685.1	0	0	0	0	0	0	0
GCF_000826065.2	0	0	0	0	0	0	0
GCF_000826085.1	0	1	0	0	0	3	0
GCF_000826105.1	1	1	0	0	1	1	0
GCF_000826185.2	1	1	0	0	3	2	0
GCF_000826645.1	0	1	0	0	0	1	0
GCF_000826655.1	0	1	0	0	0	1	0
GCF_000826685.1	1	1	0	0	10	1	0
GCF_000826835.2	1	1	0	0	5	1	0
GCF_000827125.1	0	1	1	0	0	2	1
GCF_000827595.2	0	1	0	0	0	1	0
GCF_000827885.1	0	1	0	0	0	1	0
GCF_000828125.2	0	0	0	0	0	0	0
GCF_000828475.1	0	0	0	0	0	0	0
GCF_000828515.1	0	0	0	0	0	0	0
GCF_000828615.1	0	0	0	0	0	0	0
GCF_000828635.1	1	1	1	1	3	2	2
GCF_000828655.1	0	1	1	1	0	5	2
GCF_000828675.1	0	1	1	1	0	6	3
GCF_000828815.1	0	0	0	0	0	0	0
GCF_000828855.1	0	0	0	0	0	0	0
GCF_000828895.1	1	1	0	0	2	1	0
GCF_000828915.1	1	1	0	0	2	1	0
GCF_000829055.1	0	1	0	0	0	2	0
GCF_000829235.1	0	0	0	0	0	0	0
GCF_000829315.1	0	0	0	0	0	0	0
GCF_000829395.1	0	1	0	0	0	2	0
GCF_000829435.1	1	1	0	0	2	3	0
GCF_000829445.1	0	1	0	0	0	2	0
GCF_000829465.1	0	1	0	0	0	1	0
GCF_000829515.1	0	1	0	0	0	2	0
GCF_000829715.2	1	1	0	0	5	2	0
GCF_000829825.1	1	1	1	1	5	3	3
GCF_000829905.1	0	1	0	0	0	4	0
GCF_000830005.1	1	1	0	0	7	2	0
GCF_000830985.1	1	0	0	0	2	0	0
GCF_000831385.1	0	1	0	0	0	1	0
GCF_000831485.1	0	1	0	0	0	2	0
GCF_000831645.3	0	1	0	0	0	2	0
GCF_000832015.1	1	1	0	0	3	1	0
GCF_000832125.1	1	1	0	0	2	2	0
GCF_000832905.1	0	1	0	0	0	2	0
GCF_000833025.1	0	1	0	0	0	1	0
GCF_000833355.1	0	0	0	0	0	0	0
GCF_000833575.1	0	0	0	0	0	0	0
GCF_000834395.1	1	0	0	0	1	0	0
GCF_000834455.1	0	1	0	0	0	2	0
GCF_000835165.1	0	0	0	0	0	0	0
GCF_000836635.1	1	1	0	0	2	2	0
GCF_000836725.1	1	1	0	0	2	1	0
GCF_000875755.1	0	0	0	0	0	0	0
GCF_000875775.1	0	0	0	0	0	0	0
GCF_000876205.1	0	1	0	0	0	2	0
GCF_000876225.1	1	1	0	0	3	1	0
GCF_000931935.2	1	1	1	1	2	5	3
GCF_000934545.1	1	0	0	0	7	0	0
GCF_000934565.1	1	0	0	0	6	0	0
GCF_000934605.2	1	0	0	0	9	0	0
GCF_000934725.1	0	0	0	0	0	0	0
GCF_000934745.1	0	1	1	1	0	2	2
GCF_000934755.1	0	1	0	0	0	1	0
GCF_000934765.1	0	1	0	0	0	1	0
GCF_000935025.1	1	1	0	0	12	2	0
GCF_000935125.1	1	1	0	0	3	1	0
GCF_000936425.1	1	1	0	0	9	1	0
GCF_000938265.1	1	1	0	0	1	1	0
GCF_000939975.1	1	0	0	0	1	0	0
GCF_000940515.1	0	1	0	0	0	1	0
GCF_000940805.1	0	1	0	0	0	2	0
GCF_000941055.1	0	1	0	0	0	1	0
GCF_000941075.1	0	0	0	0	0	0	0
GCF_000941095.1	0	0	0	0	0	0	0
GCF_000942395.1	0	1	0	0	0	3	0
GCF_000943515.2	1	1	0	0	7	2	0
GCF_000943555.1	1	0	0	0	2	0	0
GCF_000943565.1	0	0	0	0	0	0	0
GCF_000946815.1	0	1	1	1	0	4	11
GCF_000948175.1	1	1	0	0	4	5	0
GCF_000948395.1	1	0	0	0	19	0	0
GCF_000948975.2	1	1	0	0	2	2	0
GCF_000948985.2	1	1	0	0	2	2	0
GCF_000949255.1	1	0	0	0	6	0	0
GCF_000949295.1	1	0	0	0	6	0	0
GCF_000949455.1	0	1	0	0	0	6	0
GCF_000949475.1	1	0	0	0	1	0	0
GCF_000949635.1	0	1	1	1	0	4	3
GCF_000949865.1	1	0	0	0	1	0	0
GCF_000949895.1	1	0	0	0	2	0	0
GCF_000950575.1	1	1	0	0	4	2	0
GCF_000951135.1	0	0	0	0	0	0	0
GCF_000952155.1	0	0	0	0	0	0	0
GCF_000952855.1	0	1	0	0	0	1	0
GCF_000953015.1	0	0	0	0	0	0	0
GCF_000953135.1	0	0	0	0	0	0	0
GCF_000953635.1	0	0	0	0	0	0	0
GCF_000953655.1	0	0	0	0	0	0	0
GCF_000953715.1	0	1	0	0	0	4	0
GCF_000955725.1	0	1	1	1	0	6	4
GCF_000955965.1	1	1	0	0	7	4	0
GCF_000956175.1	0	0	0	0	0	0	0
GCF_000956465.1	1	1	0	0	3	2	0
GCF_000956535.1	1	0	0	0	2	0	0
GCF_000959365.1	1	1	0	0	8	1	0
GCF_000959445.1	1	1	0	0	7	1	0
GCF_000959545.1	1	1	0	0	15	2	0
GCF_000960975.1	1	1	0	0	1	1	0
GCF_000960995.1	1	1	0	0	5	1	0
GCF_000961095.1	1	1	0	0	2	7	0
GCF_000961215.1	0	0	0	0	0	0	0
GCF_000961515.1	1	1	0	0	23	2	0
GCF_000961885.1	1	1	0	0	5	2	0
GCF_000962825.1	1	1	0	0	1	1	0
GCF_000963695.1	0	0	0	0	0	0	0
GCF_000963705.1	1	1	0	0	3	2	0
GCF_000963865.1	0	1	0	0	0	2	0
GCF_000963885.1	0	1	0	0	0	2	0
GCF_000963925.1	0	1	0	0	0	1	0
GCF_000963965.1	0	0	0	0	0	0	0
GCF_000964225.1	0	0	0	0	0	0	0
GCF_000964365.1	1	0	0	0	10	0	0
GCF_000964595.1	0	0	0	0	0	0	0
GCF_000964685.1	0	0	0	0	0	0	0
GCF_000964795.1	0	0	0	0	0	0	0
GCF_000966195.1	1	1	0	0	1	1	0
GCF_000966265.1	0	0	0	0	0	0	0
GCF_000966975.1	1	1	0	0	6	1	0
GCF_000967245.1	0	1	0	0	0	2	0
GCF_000967265.1	0	1	0	0	0	1	0
GCF_000967305.2	1	0	0	0	9	0	0
GCF_000967425.1	1	1	0	0	5	1	0
GCF_000967495.1	1	1	0	0	1	1	0
GCF_000967545.1	0	1	0	0	0	1	0
GCF_000967625.1	0	1	0	0	0	2	0
GCF_000967915.1	0	1	0	0	0	2	0
GCF_000968055.1	0	0	0	0	0	0	0
GCF_000968175.1	0	1	0	0	0	1	0
GCF_000968195.1	0	1	0	0	0	1	0
GCF_000968375.1	1	1	1	1	1	7	5
GCF_000968535.1	0	0	0	0	0	0	0
GCF_000968685.2	1	1	0	0	6	2	0
GCF_000969415.1	1	1	0	0	2	3	0
GCF_000969445.1	0	1	0	0	0	2	0
GCF_000969705.1	1	1	0	0	7	2	0
GCF_000969765.1	0	0	0	0	0	0	0
GCF_000969885.1	0	1	1	0	0	2	1
GCF_000969905.1	0	1	0	0	0	1	0
GCF_000970025.1	0	1	0	0	0	1	0
GCF_000970085.1	0	1	0	0	0	1	0
GCF_000970205.1	0	1	0	0	0	1	0
GCF_000970265.1	0	1	0	0	0	1	0
GCF_000970285.1	0	1	1	0	0	2	1
GCF_000970455.1	1	1	0	0	1	2	0
GCF_000970465.2	1	1	0	0	3	6	0
GCF_000970675.1	1	1	0	0	1	2	0
GCF_000970685.1	1	1	0	0	1	2	0
GCF_000970755.1	0	1	0	0	0	1	0
GCF_000970775.1	0	1	0	0	0	2	0
GCF_000970795.1	0	0	0	0	0	0	0
GCF_000971115.1	0	1	0	0	0	1	0
GCF_000971135.1	0	1	0	0	0	1	0
GCF_000971155.1	0	1	0	0	0	2	0
GCF_000971175.1	0	0	0	0	0	0	0
GCF_000971195.1	0	1	0	0	0	1	0
GCF_000971215.1	0	1	0	0	0	1	0
GCF_000971235.1	0	1	0	0	0	1	0
GCF_000971255.1	1	1	0	0	2	1	0
GCF_000971295.1	0	1	0	0	0	3	0
GCF_000971395.1	0	1	0	0	0	1	0
GCF_000971765.1	0	0	0	0	0	0	0
GCF_000971965.1	0	1	0	0	0	6	0
GCF_000971985.1	1	1	0	0	1	6	0
GCF_000972175.1	1	0	0	0	2	0	0
GCF_000972495.1	1	0	0	0	1	0	0
GCF_000972785.3	1	0	0	0	11	0	0
GCF_000973065.1	0	1	0	0	0	1	0
GCF_000973085.1	0	1	0	0	0	1	0
GCF_000973105.1	1	0	0	0	1	0	0
GCF_000973505.1	0	0	0	0	0	0	0
GCF_000973545.1	0	0	0	0	0	0	0
GCF_000973625.1	1	0	0	0	6	0	0
GCF_000973705.1	1	1	1	1	2	10	12
GCF_000973725.1	1	1	0	0	1	1	0
GCF_000974365.1	0	0	0	0	0	0	0
GCF_000974425.1	0	0	0	0	0	0	0
GCF_000974445.1	1	1	0	0	7	2	0
GCF_000974685.2	0	0	0	0	0	0	0
GCF_000974765.1	1	0	0	0	4	0	0
GCF_000974785.1	0	0	0	0	0	0	0
GCF_000974805.1	0	1	0	0	0	1	0
GCF_000974985.2	1	1	0	0	8	3	0
GCF_000975035.1	0	0	0	0	0	0	0
GCF_000975055.1	0	1	0	0	0	1	0
GCF_000975095.1	0	0	0	0	0	0	0
GCF_000975115.1	0	1	0	0	0	1	0
GCF_000975135.1	1	0	0	0	1	0	0
GCF_000975155.1	0	0	0	0	0	0	0
GCF_000975265.2	0	0	0	0	0	0	0
GCF_000980815.1	1	0	0	0	2	0	0
GCF_000980835.1	0	1	0	0	0	1	0
GCF_000980885.2	1	1	0	0	10	3	0
GCF_000980985.1	1	1	1	0	3	1	1
GCF_000981225.1	1	1	0	0	9	1	0
GCF_000981585.1	0	1	0	0	0	7	0
GCF_000981765.1	0	0	0	0	0	0	0
GCF_000981895.1	1	1	0	0	7	2	0
GCF_000982415.1	1	1	0	0	2	1	0
GCF_000983115.1	1	1	1	1	1	5	7
GCF_000986785.1	1	1	0	0	7	3	0
GCF_000986795.1	0	0	0	0	0	0	0
GCF_000987775.1	0	1	0	0	0	2	0
GCF_000987835.1	0	1	0	0	0	1	0
GCF_000993785.3	1	1	0	0	1	1	0
GCF_000993805.1	0	0	0	0	0	0	0
GCF_001005085.2	1	1	0	0	10	4	0
GCF_001005215.1	1	0	0	0	2	0	0
GCF_001005305.1	0	1	0	0	0	1	0
GCF_001005315.1	0	0	0	0	0	0	0
GCF_001005725.1	1	0	0	0	13	0	0
GCF_001006005.1	0	0	0	0	0	0	0
GCF_001006045.1	1	0	0	0	10	0	0
GCF_001006285.1	1	1	1	1	1	6	3
GCF_001006305.1	0	1	0	0	0	2	0
GCF_001006805.1	1	0	0	0	11	0	0
GCF_001007875.1	1	1	0	0	2	1	0
GCF_001007935.1	1	0	0	0	1	0	0
GCF_001008165.2	1	0	1	0	5	0	1
GCF_001010285.1	1	0	0	0	1	0	0
GCF_001010355.1	0	0	0	0	0	0	0
GCF_001010945.1	1	0	1	1	3	0	2
GCF_001011115.1	0	0	0	0	0	0	0
GCF_001012775.1	1	1	0	0	1	7	0
GCF_001012815.1	0	1	0	0	0	2	0
GCF_001012825.1	0	1	0	0	0	9	0
GCF_001013905.1	1	1	0	0	6	2	0
GCF_001015055.1	1	1	0	0	7	3	0
GCF_001017125.1	0	1	0	0	0	1	0
GCF_001017175.1	1	1	0	0	7	2	0
GCF_001017435.1	1	1	0	0	4	1	0
GCF_001017655.1	0	0	0	0	0	0	0
GCF_001017755.1	1	1	0	0	7	1	0
GCF_001017775.3	1	0	0	0	18	0	0
GCF_001020565.1	0	1	0	0	0	1	0
GCF_001020955.1	0	0	0	0	0	0	0
GCF_001020985.1	0	1	0	0	0	1	0
GCF_001021025.1	1	0	0	0	1	0	0
GCF_001021045.1	0	0	0	0	0	0	0
GCF_001021065.1	0	0	0	0	0	0	0
GCF_001021085.1	0	1	0	0	0	1	0
GCF_001021555.1	1	0	0	0	4	0	0
GCF_001021975.1	0	1	0	0	0	2	0
GCF_001022135.1	1	1	1	0	2	3	1
GCF_001025155.1	0	1	0	0	0	1	0
GCF_001025175.1	0	1	0	0	0	1	0
GCF_001025195.1	0	0	0	0	0	0	0
GCF_001025215.1	1	0	0	0	1	0	0
GCF_001026695.1	1	1	0	0	1	3	0
GCF_001026905.1	1	1	0	0	2	1	0
GCF_001027025.1	0	1	1	1	0	5	2
GCF_001027185.1	1	1	0	0	4	4	0
GCF_001027285.1	1	0	0	0	1	0	0
GCF_001027545.1	0	1	0	0	0	1	0
GCF_001027565.1	0	0	0	0	0	0	0
GCF_001027925.1	0	1	0	0	0	1	0
GCF_001028175.1	1	1	0	0	17	2	0
GCF_001028625.1	1	0	0	0	6	0	0
GCF_001028665.1	1	1	0	0	13	2	0
GCF_001028705.1	0	0	0	0	0	0	0
GCF_001029105.3	1	0	0	0	10	0	0
GCF_001029245.1	0	0	0	0	0	0	0
GCF_001029265.1	0	0	0	0	0	0	0
GCF_001029285.1	1	1	1	1	1	6	5
GCF_001029435.1	0	1	0	0	0	1	0
GCF_001029445.1	0	1	0	0	0	1	0
GCF_001029505.1	1	1	0	0	3	1	0
GCF_001038425.2	1	1	0	0	1	3	0
GCF_001038485.1	1	1	0	0	1	2	0
GCF_001038625.1	1	1	1	1	2	10	6
GCF_001039045.1	0	1	0	0	0	3	0
GCF_001039365.2	0	1	0	0	0	1	0
GCF_001039475.1	1	1	0	0	1	4	0
GCF_001039595.1	0	0	0	0	0	0	0
GCF_001040945.1	1	1	0	0	3	1	0
GCF_001042595.1	1	1	0	0	1	1	0
GCF_001042635.1	0	1	0	0	0	1	0
GCF_001042675.1	0	1	0	0	0	2	0
GCF_001042695.1	0	1	0	0	0	1	0
GCF_001042715.1	0	1	1	1	0	6	7
GCF_001043025.1	1	0	0	0	5	0	0
GCF_001043175.1	1	0	0	0	4	0	0
GCF_001043915.1	1	0	0	0	7	0	0
GCF_001043955.1	1	0	0	0	10	0	0
GCF_001043975.1	1	0	0	0	10	0	0
GCF_001044425.1	1	1	0	0	4	1	0
GCF_001045435.1	0	1	0	0	0	2	0
GCF_001045465.1	0	1	0	0	0	2	0
GCF_001045555.1	1	0	0	0	3	0	0
GCF_001046635.1	1	1	0	0	10	1	0
GCF_001046645.1	1	0	0	0	4	0	0
GCF_001046655.1	1	0	0	0	11	0	0
GCF_001046855.1	1	1	0	0	6	4	0
GCF_001046875.1	1	1	0	0	2	1	0
GCF_001046895.1	1	1	0	0	6	1	0
GCF_001047075.2	0	1	0	0	0	2	0
GCF_001047375.1	0	1	1	0	0	3	1
GCF_001048695.1	1	1	0	0	2	3	0
GCF_001049755.1	0	1	0	0	0	1	0
GCF_001049895.1	0	1	0	0	0	1	0
GCF_001050015.1	1	0	0	0	24	0	0
GCF_001050035.1	1	0	0	0	20	0	0
GCF_001050095.1	0	1	0	0	0	2	0
GCF_001050115.1	1	1	0	0	2	2	0
GCF_001050135.1	0	0	0	0	0	0	0
GCF_001050155.1	1	1	0	0	9	2	0
GCF_001050195.2	0	1	0	0	0	1	0
GCF_001050215.2	0	1	0	0	0	2	0
GCF_001050235.1	0	1	0	0	0	1	0
GCF_001050275.1	0	1	0	0	0	1	0
GCF_001050295.1	0	1	0	0	0	3	0
GCF_001050345.1	1	0	0	0	4	0	0
GCF_001050375.1	0	1	0	0	0	1	0
GCF_001050435.1	0	1	0	0	0	1	0
GCF_001050475.1	0	0	0	0	0	0	0
GCF_001050515.1	0	0	0	0	0	0	0
GCF_001050535.1	1	1	0	0	3	1	0
GCF_001051235.1	1	0	0	0	4	0	0
GCF_001051995.2	1	0	0	0	3	0	0
GCF_001077715.1	0	0	0	0	0	0	0
GCF_001077815.2	1	0	0	0	3	0	0
GCF_001078055.1	1	1	0	0	1	1	0
GCF_001078595.1	1	0	0	0	4	0	0
GCF_001083805.1	1	0	0	0	1	0	0
GCF_001112925.1	0	0	0	0	0	0	0
GCF_001123825.1	0	1	0	0	0	2	0
GCF_001152565.1	0	1	0	0	0	2	0
GCF_001182045.1	0	1	0	0	0	1	0
GCF_001182725.1	0	1	1	0	0	2	1
GCF_001182895.1	0	0	0	0	0	0	0
GCF_001183605.1	1	1	0	0	3	2	0
GCF_001183985.1	0	1	0	0	0	9	0
GCF_001186155.3	1	1	0	0	4	1	0
GCF_001186365.1	1	1	0	0	4	1	0
GCF_001187435.1	1	1	0	0	3	2	0
GCF_001187535.1	1	1	0	0	2	2	0
GCF_001187555.1	1	1	0	0	3	1	0
GCF_001187595.1	1	1	0	0	2	1	0
GCF_001187725.1	1	1	0	0	2	5	0
GCF_001187785.1	0	0	0	0	0	0	0
GCF_001187845.1	1	1	0	0	3	2	0
GCF_001189235.2	1	0	0	0	21	0	0
GCF_001189295.1	1	1	0	0	1	1	0
GCF_001189365.1	1	1	0	0	9	1	0
GCF_001189415.1	0	0	0	0	0	0	0
GCF_001189845.1	1	1	0	0	29	1	0
GCF_001189915.1	1	0	0	0	7	0	0
GCF_001189965.1	1	1	0	0	5	1	0
GCF_001190745.1	0	1	1	0	0	2	1
GCF_001190785.1	0	1	1	1	0	3	4
GCF_001190945.1	1	1	0	0	2	4	0
GCF_001190965.1	1	1	0	0	2	2	0
GCF_001191605.1	1	1	0	0	1	2	0
GCF_001192795.1	0	1	0	0	0	2	0
GCF_001192835.1	0	1	0	0	0	1	0
GCF_001202025.1	1	1	0	0	3	1	0
GCF_001202035.1	1	1	0	0	3	3	0
GCF_001205715.1	1	0	0	0	4	0	0
GCF_001224225.1	0	1	0	0	0	2	0
GCF_001238275.1	1	0	0	0	20	0	0
GCF_001242845.1	0	0	0	0	0	0	0
GCF_001243045.1	1	1	1	1	1	5	5
GCF_001243895.1	1	1	0	0	3	4	0
GCF_001244495.1	1	1	1	1	4	3	2
GCF_001244735.1	1	1	0	0	1	1	0
GCF_001245615.1	1	0	0	0	15	0	0
GCF_001247745.1	1	1	0	0	2	1	0
GCF_001261775.1	0	1	0	0	0	2	0
GCF_001262015.1	0	1	0	0	0	1	0
GCF_001262605.1	0	1	1	1	0	6	5
GCF_001262635.1	1	0	0	0	5	0	0
GCF_001262715.1	0	0	0	0	0	0	0
GCF_001263175.1	0	0	0	0	0	0	0
GCF_001263205.1	1	1	0	0	1	2	0
GCF_001263395.1	0	0	0	0	0	0	0
GCF_001263415.1	0	1	1	1	0	4	3
GCF_001263755.1	0	0	0	0	0	0	0
GCF_001266585.1	0	0	0	0	0	0	0
GCF_001267155.1	0	0	0	0	0	0	0
GCF_001267175.1	0	0	0	0	0	0	0
GCF_001267435.1	0	1	1	1	0	6	8
GCF_001267535.1	1	0	0	0	1	0	0
GCF_001267885.1	1	1	0	0	4	2	0
GCF_001267925.1	1	1	0	0	5	1	0
GCF_001267955.1	1	0	0	0	1	0	0
GCF_001270025.1	1	1	0	0	7	3	0
GCF_001270065.2	1	0	0	0	9	0	0
GCF_001270745.1	1	1	0	0	5	5	0
GCF_001270965.1	0	0	0	0	0	0	0
GCF_001273775.1	0	0	0	0	0	0	0
GCF_001273835.1	1	1	0	0	6	1	0
GCF_001273845.1	1	0	0	0	2	0	0
GCF_001273855.1	1	0	0	0	3	0	0
GCF_001274715.1	1	1	0	0	3	3	0
GCF_001274725.1	1	1	0	0	2	3	0
GCF_001274785.1	0	1	0	0	0	2	0
GCF_001274875.1	0	0	0	0	0	0	0
GCF_001274895.1	1	1	0	0	2	1	0
GCF_001274935.1	1	1	0	0	1	4	0
GCF_001274945.1	1	1	0	0	5	3	0
GCF_001275135.1	0	1	0	0	0	1	0
GCF_001275365.1	0	0	0	0	0	0	0
GCF_001277175.1	0	0	0	0	0	0	0
GCF_001277195.1	0	0	0	0	0	0	0
GCF_001277215.2	0	0	0	0	0	0	0
GCF_001277235.1	0	0	0	0	0	0	0
GCF_001277255.1	0	0	0	0	0	0	0
GCF_001277345.1	0	1	0	0	0	9	0
GCF_001277995.1	0	0	0	0	0	0	0
GCF_001278055.1	1	0	0	0	1	0	0
GCF_001278075.1	1	1	0	0	7	2	0
GCF_001278115.1	0	1	0	0	0	1	0
GCF_001278705.1	0	1	0	0	0	4	0
GCF_001278945.1	1	1	0	0	1	2	0
GCF_001280425.1	1	1	0	0	1	1	0
GCF_001280435.1	0	1	0	0	0	1	0
GCF_001280455.1	1	0	0	0	1	0	0
GCF_001280595.1	0	1	0	0	0	7	0
GCF_001280945.1	0	0	0	0	0	0	0
GCF_001281025.1	0	0	0	0	0	0	0
GCF_001281045.1	0	1	0	0	0	2	0
GCF_001281385.1	1	0	0	0	1	0	0
GCF_001281405.1	0	0	0	0	0	0	0
GCF_001281485.1	1	0	0	0	5	0	0
GCF_001282625.1	0	0	0	0	0	0	0
GCF_001282685.1	0	1	0	0	0	6	0
GCF_001282725.1	0	1	1	0	0	4	1
GCF_001282785.1	1	0	0	0	2	0	0
GCF_001282945.1	0	0	0	0	0	0	0
GCF_001283065.1	0	0	0	0	0	0	0
GCF_001286805.1	1	1	1	1	1	2	2
GCF_001292705.1	0	0	0	0	0	0	0
GCF_001293125.1	0	1	0	0	0	1	0
GCF_001293165.1	0	0	0	0	0	0	0
GCF_001293525.1	1	0	0	0	20	0	0
GCF_001293565.1	1	1	0	0	5	1	0
GCF_001293685.1	1	1	1	1	12	4	3
GCF_001293735.1	1	1	0	0	1	2	0
GCF_001294205.1	0	1	0	0	0	1	0
GCF_001294335.1	1	1	0	0	5	2	0
GCF_001294535.1	1	1	0	0	1	3	0
GCF_001294575.1	1	0	0	0	2	0	0
GCF_001296145.1	0	1	1	1	0	2	2
GCF_001298445.1	0	1	0	0	0	1	0
GCF_001298465.1	0	0	0	0	0	0	0
GCF_001298715.1	0	0	0	0	0	0	0
GCF_001299475.1	0	1	1	1	0	3	2
GCF_001302265.1	0	0	0	0	0	0	0
GCF_001302565.1	1	1	0	0	4	3	0
GCF_001302585.1	1	1	0	0	12	2	0
GCF_001304615.2	0	1	0	0	0	1	0
GCF_001305515.1	1	0	0	0	12	0	0
GCF_001305575.3	1	0	0	0	1	0	0
GCF_001305595.1	1	0	0	0	14	0	0
GCF_001305675.1	1	1	0	0	6	1	0
GCF_001306035.1	0	0	0	0	0	0	0
GCF_001306115.1	0	0	0	0	0	0	0
GCF_001306135.1	1	1	0	0	1	1	0
GCF_001306145.1	0	1	0	0	0	3	0
GCF_001306175.1	1	0	0	0	3	0	0
GCF_001306415.1	0	0	0	0	0	0	0
GCF_001307105.1	1	1	0	0	1	1	0
GCF_001307195.1	1	0	0	0	2	0	0
GCF_001307805.1	1	1	0	0	1	4	0
GCF_001308265.1	0	0	0	0	0	0	0
GCF_001310085.1	1	1	0	0	3	1	0
GCF_001310225.1	0	1	0	0	0	1	0
GCF_001311825.1	0	1	1	0	0	1	1
GCF_001311845.1	1	1	1	1	7	9	7
GCF_001311865.1	0	1	0	0	0	1	0
GCF_001311885.1	1	1	1	1	1	3	3
GCF_001311925.1	0	1	1	1	0	3	2
GCF_001311985.1	1	1	1	0	2	1	1
GCF_001314325.1	1	1	1	1	16	1	2
GCF_001314995.1	0	0	0	0	0	0	0
GCF_001315945.1	0	1	0	0	0	2	0
GCF_001317355.1	0	1	1	1	0	4	5
GCF_001319845.1	0	0	0	0	0	0	0
GCF_001368795.1	0	1	0	0	0	6	0
GCF_001368915.1	1	1	0	0	2	2	0
GCF_001373415.1	0	1	0	0	0	6	0
GCF_001375495.1	1	1	0	0	1	5	0
GCF_001375515.1	0	1	0	0	0	1	0
GCF_001375535.1	0	1	0	0	0	5	0
GCF_001375555.1	0	1	0	0	0	3	0
GCF_001375595.1	1	0	0	0	1	0	0
GCF_001375615.1	1	1	0	0	3	3	0
GCF_001375655.1	0	1	0	0	0	1	0
GCF_001375675.1	1	0	0	0	1	0	0
GCF_001399455.2	0	1	0	0	0	1	0
GCF_001399515.1	0	1	0	0	0	2	0
GCF_001399675.1	1	1	0	0	6	4	0
GCF_001399755.1	0	0	0	0	0	0	0
GCF_001399775.1	1	0	0	0	2	0	0
GCF_001400515.1	1	0	0	0	2	0	0
GCF_001400735.1	1	0	0	0	2	0	0
GCF_001401755.1	0	1	0	0	0	2	0
GCF_001402875.1	1	1	1	1	2	4	6
GCF_001402935.1	1	1	0	0	3	2	0
GCF_001402945.1	1	1	0	0	3	2	0
GCF_001403615.1	0	1	1	0	0	7	1
GCF_001403635.1	0	1	1	1	0	6	2
GCF_001403795.1	1	0	0	0	2	0	0
GCF_001403875.1	0	1	0	0	0	6	0
GCF_001405015.1	0	1	0	0	0	2	0
GCF_001405615.1	0	1	1	1	0	4	2
GCF_001406035.1	1	1	0	0	7	1	0
GCF_001407835.1	0	1	1	1	0	2	3
GCF_001408515.1	1	0	0	0	1	0	0
GCF_001411475.1	1	0	0	0	5	0	0
GCF_001411805.1	1	1	0	0	12	1	0
GCF_001412085.1	0	0	0	0	0	0	0
GCF_001412105.1	0	0	0	0	0	0	0
GCF_001412615.1	0	1	0	0	0	1	0
GCF_001413955.1	0	1	0	0	0	1	0
GCF_001414055.1	1	0	0	0	3	0	0
GCF_001417755.1	1	1	0	0	5	5	0
GCF_001417815.1	0	1	0	0	0	1	0
GCF_001418005.1	1	1	0	0	3	1	0
GCF_001418015.1	0	1	0	0	0	1	0
GCF_001418025.1	1	1	0	0	2	2	0
GCF_001418035.1	1	0	0	0	1	0	0
GCF_001418085.1	0	0	0	0	0	0	0
GCF_001418105.1	0	1	0	0	0	1	0
GCF_001418205.1	1	0	0	0	2	0	0
GCF_001418225.1	1	1	0	0	1	2	0
GCF_001418245.1	1	0	0	0	2	0	0
GCF_001418255.1	1	0	0	0	2	0	0
GCF_001418325.1	1	1	0	0	5	2	0
GCF_001418345.1	0	0	0	0	0	0	0
GCF_001418565.1	1	1	0	0	5	4	0
GCF_001418575.1	1	1	0	0	4	5	0
GCF_001419745.1	1	1	0	0	5	1	0
GCF_001419765.1	1	1	0	0	8	2	0
GCF_001420645.1	1	1	0	0	2	1	0
GCF_001420695.1	1	1	0	0	4	3	0
GCF_001420715.1	1	1	0	0	2	4	0
GCF_001421015.2	1	1	0	0	1	6	0
GCF_001431045.1	0	1	0	0	0	2	0
GCF_001431085.1	0	0	0	0	0	0	0
GCF_001431295.2	0	0	0	0	0	0	0
GCF_001431315.2	1	0	0	0	1	0	0
GCF_001431405.1	0	1	0	0	0	1	0
GCF_001431415.1	1	0	0	0	4	0	0
GCF_001431465.1	1	0	0	0	4	0	0
GCF_001431485.1	1	0	0	0	4	0	0
GCF_001431505.1	0	0	0	0	0	0	0
GCF_001431525.1	1	0	0	0	3	0	0
GCF_001431585.1	1	0	0	0	2	0	0
GCF_001431725.1	1	0	0	0	6	0	0
GCF_001433995.1	0	1	0	0	0	3	0
GCF_001434055.1	0	1	0	0	0	2	0
GCF_001434135.1	0	1	0	0	0	2	0
GCF_001434145.1	0	1	0	0	0	3	0
GCF_001434255.1	0	1	0	0	0	5	0
GCF_001434295.1	0	1	0	0	0	1	0
GCF_001434335.1	1	1	0	0	2	1	0
GCF_001434355.1	1	1	0	0	3	2	0
GCF_001434365.1	1	1	0	0	2	2	0
GCF_001434395.1	0	1	0	0	0	3	0
GCF_001434405.1	0	1	0	0	0	2	0
GCF_001434435.1	0	1	0	0	0	1	0
GCF_001434455.1	0	0	0	0	0	0	0
GCF_001434515.1	0	1	0	0	0	1	0
GCF_001434555.1	0	1	0	0	0	1	0
GCF_001434665.1	0	0	0	0	0	0	0
GCF_001434705.1	0	1	0	0	0	1	0
GCF_001434815.1	0	1	0	0	0	1	0
GCF_001434835.1	0	1	0	0	0	3	0
GCF_001434895.1	0	1	0	0	0	3	0
GCF_001434915.1	0	0	0	0	0	0	0
GCF_001434935.1	0	1	0	0	0	1	0
GCF_001434985.1	0	1	0	0	0	3	0
GCF_001435195.1	0	0	0	0	0	0	0
GCF_001435235.1	0	1	0	0	0	2	0
GCF_001435245.1	1	1	0	0	2	2	0
GCF_001435375.1	0	1	0	0	0	1	0
GCF_001435395.1	0	1	0	0	0	2	0
GCF_001435445.1	0	1	0	0	0	3	0
GCF_001435575.1	0	1	0	0	0	2	0
GCF_001435585.1	0	1	0	0	0	3	0
GCF_001435735.1	0	0	0	0	0	0	0
GCF_001435875.1	0	1	0	0	0	1	0
GCF_001435895.1	0	1	0	0	0	2	0
GCF_001435935.1	0	1	0	0	0	3	0
GCF_001435975.1	0	1	0	0	0	2	0
GCF_001435995.1	0	1	0	0	0	1	0
GCF_001436115.1	0	1	0	0	0	1	0
GCF_001436135.1	0	1	0	0	0	1	0
GCF_001436225.1	0	1	0	0	0	1	0
GCF_001436255.1	0	1	0	0	0	3	0
GCF_001436275.1	0	0	0	0	0	0	0
GCF_001436295.1	0	1	0	0	0	3	0
GCF_001436315.1	1	1	0	0	1	1	0
GCF_001436375.1	1	1	1	0	1	3	1
GCF_001436505.1	1	1	1	0	1	4	1
GCF_001436555.1	0	1	0	0	0	2	0
GCF_001436575.1	0	1	0	0	0	1	0
GCF_001436595.1	0	1	0	0	0	4	0
GCF_001436605.1	0	1	0	0	0	1	0
GCF_001436615.1	0	1	0	0	0	3	0
GCF_001436705.1	0	1	0	0	0	1	0
GCF_001436735.1	0	0	0	0	0	0	0
GCF_001436755.1	0	1	0	0	0	1	0
GCF_001437055.1	0	0	0	0	0	0	0
GCF_001437075.1	0	0	0	0	0	0	0
GCF_001437125.1	0	1	0	0	0	2	0
GCF_001437205.1	0	1	0	0	0	2	0
GCF_001437405.1	0	1	0	0	0	1	0
GCF_001437425.1	0	1	0	0	0	2	0
GCF_001437465.1	0	0	0	0	0	0	0
GCF_001437605.1	0	1	0	0	0	1	0
GCF_001438655.1	0	0	0	0	0	0	0
GCF_001438705.1	0	1	0	0	0	1	0
GCF_001438805.1	0	1	0	0	0	2	0
GCF_001438845.1	0	1	0	0	0	1	0
GCF_001439605.1	1	1	0	0	1	3	0
GCF_001439685.1	1	0	0	0	5	0	0
GCF_001439735.1	1	0	0	0	5	0	0
GCF_001439845.1	1	0	0	0	5	0	0
GCF_001439925.1	1	1	0	0	2	5	0
GCF_001439985.1	0	0	0	0	0	0	0
GCF_001440035.1	1	1	0	0	20	1	0
GCF_001440395.1	1	1	1	1	19	2	2
GCF_001440405.1	1	1	0	0	17	1	0
GCF_001440415.1	1	1	0	0	19	1	0
GCF_001440475.1	1	1	0	0	20	1	0
GCF_001440545.1	0	1	1	1	0	7	2
GCF_001441165.1	0	1	0	0	0	4	0
GCF_001441535.1	1	0	0	0	3	0	0
GCF_001441615.1	1	1	0	0	11	1	0
GCF_001442615.1	0	1	0	0	0	1	0
GCF_001442625.1	1	1	0	0	2	2	0
GCF_001442745.1	1	0	0	0	1	0	0
GCF_001442805.1	1	0	0	0	1	0	0
GCF_001443605.1	0	0	0	0	0	0	0
GCF_001443665.1	0	0	0	0	0	0	0
GCF_001444405.1	0	1	0	0	0	1	0
GCF_001444425.1	1	0	0	0	3	0	0
GCF_001444445.1	0	1	0	0	0	1	0
GCF_001445655.1	1	1	0	0	8	2	0
GCF_001447195.1	1	0	0	0	2	0	0
GCF_001447915.1	0	0	0	0	0	0	0
GCF_001449115.1	1	1	0	0	1	3	0
GCF_001455085.1	0	1	1	1	0	3	2
GCF_001455205.1	0	0	0	0	0	0	0
GCF_001456025.1	0	1	0	0	0	1	0
GCF_001456255.1	0	1	0	0	0	1	0
GCF_001456355.1	1	1	0	0	3	2	0
GCF_001457025.1	1	1	0	0	4	1	0
GCF_001457055.1	0	1	0	0	0	1	0
GCF_001457415.1	0	1	0	0	0	5	0
GCF_001457455.1	0	1	0	0	0	1	0
GCF_001457555.1	0	1	1	1	0	3	2
GCF_001457635.1	0	0	0	0	0	0	0
GCF_001457795.1	0	1	1	0	0	2	1
GCF_001457815.1	1	0	0	0	1	0	0
GCF_001457835.1	0	1	1	1	0	1	2
GCF_001457875.1	0	0	0	0	0	0	0
GCF_001458115.1	0	1	0	0	0	1	0
GCF_001458195.1	1	1	0	0	6	2	0
GCF_001458215.1	1	1	0	0	2	1	0
GCF_001458235.1	1	0	0	0	3	0	0
GCF_001458255.1	1	1	0	0	3	1	0
GCF_001458295.1	1	1	0	0	5	1	0
GCF_001458375.1	1	1	0	0	8	1	0
GCF_001458555.1	0	1	0	0	0	2	0
GCF_001458655.1	0	1	0	0	0	1	0
GCF_001458695.1	0	0	0	0	0	0	0
GCF_001458735.1	0	0	0	0	0	0	0
GCF_001458775.1	0	0	0	0	0	0	0
GCF_001460635.1	0	1	0	0	0	1	0
GCF_001460935.1	0	0	0	0	0	0	0
GCF_001461035.1	0	1	1	0	0	2	1
GCF_001462205.1	1	0	0	0	1	0	0
GCF_001462395.1	0	1	0	0	0	1	0
GCF_001463905.1	1	1	0	0	4	3	0
GCF_001463945.1	1	1	0	0	4	1	0
GCF_001465255.1	1	1	0	0	4	1	0
GCF_001465345.1	0	1	1	0	0	5	1
GCF_001465545.3	1	0	0	0	14	0	0
GCF_001465595.2	1	0	0	0	10	0	0
GCF_001465795.2	1	1	0	0	2	1	0
GCF_001465835.2	1	1	0	0	2	2	0
GCF_001465875.1	0	0	0	0	0	0	0
GCF_001466305.1	0	1	0	0	0	2	0
GCF_001466665.1	0	1	1	1	0	3	2
GCF_001467025.1	0	0	0	0	0	0	0
GCF_001467055.1	0	0	0	0	0	0	0
GCF_001467615.1	0	0	0	0	0	0	0
GCF_001467895.1	0	0	0	0	0	0	0
GCF_001467925.1	0	0	0	0	0	0	0
GCF_001467975.1	0	0	0	0	0	0	0
GCF_001468005.1	0	0	0	0	0	0	0
GCF_001468025.1	1	0	0	0	1	0	0
GCF_001468135.1	1	0	0	0	1	0	0
GCF_001469865.1	1	1	0	0	4	2	0
GCF_001469875.2	1	1	0	0	6	2	0
GCF_001469955.1	1	1	0	0	1	2	0
GCF_001477135.1	0	1	0	0	0	5	0
GCF_001481395.1	1	1	0	0	1	1	0
GCF_001481685.1	0	0	0	0	0	0	0
GCF_001482195.1	0	1	0	0	0	1	0
GCF_001482365.1	1	0	0	0	2	0	0
GCF_001482405.1	1	1	0	0	9	1	0
GCF_001483135.1	1	1	0	0	1	1	0
GCF_001483145.1	0	1	0	0	0	1	0
GCF_001483865.1	1	1	0	0	1	3	0
GCF_001484195.1	0	0	0	0	0	0	0
GCF_001484625.1	1	1	0	0	2	3	0
GCF_001484725.1	1	1	1	1	1	6	3
GCF_001484765.1	1	1	0	0	2	2	0
GCF_001484965.1	1	1	0	0	5	1	0
GCF_001485335.1	1	1	0	0	1	3	0
GCF_001485435.1	1	1	0	0	1	1	0
GCF_001485495.1	1	1	1	1	9	2	2
GCF_001486445.1	1	1	1	1	3	4	5
GCF_001486505.1	0	1	0	0	0	7	0
GCF_001486585.1	0	1	0	0	0	4	0
GCF_001486665.1	0	1	0	0	0	2	0
GCF_001487105.1	0	1	0	0	0	1	0
GCF_001487125.1	0	1	0	0	0	1	0
GCF_001488575.1	0	0	0	0	0	0	0
GCF_001493375.1	1	1	0	0	3	1	0
GCF_001494635.1	0	1	1	1	0	2	3
GCF_001499615.1	0	1	0	0	0	1	0
GCF_001499655.1	0	0	0	0	0	0	0
GCF_001499835.1	1	0	0	0	27	0	0
GCF_001499925.1	1	0	0	0	19	0	0
GCF_001507325.1	0	1	0	0	0	2	0
GCF_001507595.1	1	1	1	1	7	3	2
GCF_001507645.1	1	1	0	0	1	1	0
GCF_001507665.1	1	0	0	0	1	0	0
GCF_001509405.1	1	0	0	0	2	0	0
GCF_001509475.1	1	1	0	0	4	4	0
GCF_001509495.1	1	1	0	0	3	4	0
GCF_001509585.1	1	0	0	0	5	0	0
GCF_001513745.1	1	1	0	0	10	1	0
GCF_001513965.1	1	1	0	0	5	3	0
GCF_001513975.1	1	1	0	0	4	3	0
GCF_001514035.1	1	1	0	0	8	3	0
GCF_001514055.1	1	1	0	0	7	2	0
GCF_001514115.1	1	1	0	0	14	3	0
GCF_001514125.1	1	1	0	0	4	2	0
GCF_001514205.1	1	1	0	0	12	3	0
GCF_001514215.1	1	1	0	0	4	4	0
GCF_001514235.1	1	1	0	0	5	4	0
GCF_001514265.1	1	1	0	0	7	4	0
GCF_001514305.1	1	1	0	0	11	3	0
GCF_001514495.1	0	1	0	0	0	8	0
GCF_001514535.1	0	1	1	0	0	1	1
GCF_001515305.1	1	0	0	0	1	0	0
GCF_001515525.1	1	1	0	0	4	2	0
GCF_001516895.1	0	1	0	0	0	1	0
GCF_001517585.1	1	1	0	0	3	1	0
GCF_001517665.2	0	1	1	1	0	2	2
GCF_001517835.1	0	1	0	0	0	1	0
GCF_001517975.1	1	1	0	0	3	1	0
GCF_001518015.1	1	1	0	0	8	2	0
GCF_001518835.1	0	1	0	0	0	1	0
GCF_001519075.1	1	0	0	0	5	0	0
GCF_001523745.2	1	1	0	0	8	1	0
GCF_001524445.2	1	1	0	0	7	1	0
GCF_001528665.1	1	1	0	0	8	4	0
GCF_001528745.1	1	1	0	0	7	1	0
GCF_001531445.1	1	1	0	0	2	1	0
GCF_001534645.1	0	1	0	0	0	1	0
GCF_001534665.1	0	0	0	0	0	0	0
GCF_001535545.1	0	0	0	0	0	0	0
GCF_001535985.1	0	1	0	0	0	3	0
GCF_001536065.1	0	1	0	0	0	2	0
GCF_001536285.1	1	1	0	0	41	1	0
GCF_001541255.1	0	1	0	0	0	1	0
GCF_001541345.2	1	0	0	0	2	0	0
GCF_001542405.1	1	1	0	0	2	1	0
GCF_001542415.1	1	0	0	0	35	0	0
GCF_001542625.1	1	1	0	0	5	2	0
GCF_001542905.1	1	0	0	0	2	0	0
GCF_001543105.1	0	1	0	0	0	1	0
GCF_001543125.1	1	0	0	0	10	0	0
GCF_001543145.1	0	0	0	0	0	0	0
GCF_001543175.1	1	1	0	0	2	1	0
GCF_001543205.1	0	0	0	0	0	0	0
GCF_001543245.1	0	0	0	0	0	0	0
GCF_001543285.1	0	0	0	0	0	0	0
GCF_001543305.1	0	0	0	0	0	0	0
GCF_001543325.1	0	1	0	0	0	1	0
GCF_001543895.1	1	1	0	0	3	2	0
GCF_001544015.1	1	1	0	0	3	7	0
GCF_001544075.1	1	0	0	0	12	0	0
GCF_001544195.1	0	1	0	0	0	1	0
GCF_001544295.1	0	1	1	0	0	2	1
GCF_001544315.1	1	1	0	0	2	3	0
GCF_001544355.1	0	1	0	0	0	3	0
GCF_001544375.1	0	1	0	0	0	4	0
GCF_001544455.2	1	1	0	0	20	2	0
GCF_001544475.1	1	1	0	0	24	1	0
GCF_001544495.1	1	1	0	0	17	1	0
GCF_001544515.1	1	1	0	0	23	1	0
GCF_001544535.1	1	1	0	0	47	1	0
GCF_001544555.2	1	1	0	0	27	2	0
GCF_001544575.2	1	1	0	0	36	3	0
GCF_001544615.1	1	1	0	0	14	2	0
GCF_001544695.2	1	1	0	0	32	2	0
GCF_001544755.2	1	1	0	0	33	1	0
GCF_001544795.2	1	1	0	0	22	1	0
GCF_001544835.2	1	1	0	0	18	2	0
GCF_001544875.2	1	1	0	0	32	2	0
GCF_001544915.2	1	1	0	0	36	2	0
GCF_001545035.1	1	1	0	0	25	1	0
GCF_001545075.1	1	1	0	0	29	2	0
GCF_001545095.1	0	1	0	0	0	1	0
GCF_001545115.1	0	1	0	0	0	1	0
GCF_001545155.1	1	0	0	0	2	0	0
GCF_001547735.1	1	1	1	1	9	2	3
GCF_001547755.1	0	0	0	0	0	0	0
GCF_001547935.1	0	0	0	0	0	0	0
GCF_001547975.1	0	0	0	0	0	0	0
GCF_001547995.1	1	1	0	0	2	2	0
GCF_001548275.1	0	1	1	0	0	1	1
GCF_001550065.1	1	0	0	0	2	0	0
GCF_001550135.1	0	1	0	0	0	3	0
GCF_001550155.1	0	1	0	0	0	3	0
GCF_001551835.1	1	0	0	0	2	0	0
GCF_001552035.1	0	1	0	0	0	1	0
GCF_001552175.1	1	1	0	0	11	2	0
GCF_001552195.1	1	1	0	0	9	1	0
GCF_001552215.1	1	1	0	0	13	4	0
GCF_001552235.1	1	1	0	0	2	1	0
GCF_001552255.1	0	1	0	0	0	4	0
GCF_001552275.1	0	1	0	0	0	2	0
GCF_001552315.1	1	1	0	0	13	1	0
GCF_001552335.1	1	0	0	0	12	0	0
GCF_001552415.1	1	0	0	0	2	0	0
GCF_001552435.1	1	1	1	1	11	2	2
GCF_001552455.1	1	1	0	0	1	1	0
GCF_001552535.1	1	0	0	0	6	0	0
GCF_001552555.1	1	1	0	0	8	1	0
GCF_001552615.1	1	0	0	0	5	0	0
GCF_001552635.1	1	1	0	0	5	1	0
GCF_001552655.1	1	1	0	0	1	3	0
GCF_001552675.1	1	0	0	0	1	0	0
GCF_001552695.1	1	1	0	0	7	1	0
GCF_001552735.1	0	0	0	0	0	0	0
GCF_001552785.1	0	0	0	0	0	0	0
GCF_001553005.1	0	0	0	0	0	0	0
GCF_001553115.1	1	1	1	1	1	4	3
GCF_001553195.1	0	0	0	0	0	0	0
GCF_001553405.1	0	1	1	1	0	2	2
GCF_001553565.1	0	1	0	0	0	1	0
GCF_001553605.1	0	1	0	0	0	1	0
GCF_001553625.1	0	1	1	0	0	1	1
GCF_001553955.1	1	0	0	0	1	0	0
GCF_001558155.1	1	1	0	0	2	1	0
GCF_001558255.2	0	1	0	0	0	1	0
GCF_001558415.2	0	1	0	0	0	1	0
GCF_001558695.1	1	1	0	0	4	1	0
GCF_001558775.1	0	1	0	0	0	1	0
GCF_001559015.1	1	0	0	0	14	0	0
GCF_001559595.1	1	1	0	0	2	2	0
GCF_001559795.1	0	1	0	0	0	2	0
GCF_001559865.1	1	1	1	1	1	9	6
GCF_001561915.1	0	1	1	1	0	4	5
GCF_001561955.1	1	1	1	1	2	4	2
GCF_001561995.1	1	1	0	0	1	1	0
GCF_001562015.1	1	1	0	0	2	1	0
GCF_001562055.1	1	0	0	0	1	0	0
GCF_001562195.1	1	1	0	0	1	1	0
GCF_001562415.1	1	1	1	1	1	4	5
GCF_001562425.1	0	1	1	1	0	4	5
GCF_001562555.1	1	1	0	0	1	1	0
GCF_001563245.1	0	1	0	0	0	1	0
GCF_001563495.1	0	1	0	0	0	2	0
GCF_001564455.1	0	1	0	0	0	2	0
GCF_001565895.1	1	1	0	0	2	3	0
GCF_001567585.1	1	1	0	0	1	2	0
GCF_001570365.1	1	1	0	0	7	4	0
GCF_001570405.1	1	1	0	0	9	3	0
GCF_001570425.1	1	1	0	0	12	3	0
GCF_001570525.1	1	1	0	0	6	4	0
GCF_001570545.1	1	1	0	0	6	3	0
GCF_001570565.1	1	1	0	0	9	4	0
GCF_001570585.1	1	1	0	0	6	4	0
GCF_001570605.1	1	1	0	0	6	3	0
GCF_001570765.1	1	1	0	0	4	2	0
GCF_001570785.1	0	1	0	0	0	1	0
GCF_001570805.1	1	1	0	0	7	1	0
GCF_001570845.1	1	0	0	0	2	0	0
GCF_001570905.1	1	0	0	0	1	0	0
GCF_001570925.1	1	0	0	0	1	0	0
GCF_001570945.1	1	1	0	0	2	1	0
GCF_001570965.1	1	1	0	0	2	1	0
GCF_001570985.1	1	1	0	0	3	1	0
GCF_001571005.1	1	1	0	0	4	2	0
GCF_001571025.1	1	0	0	0	1	0	0
GCF_001571045.1	0	0	0	0	0	0	0
GCF_001571145.1	1	0	0	0	6	0	0
GCF_001571165.1	1	1	0	0	6	1	0
GCF_001571205.1	1	0	0	0	18	0	0
GCF_001571225.1	1	0	0	0	19	0	0
GCF_001571385.1	0	1	0	0	0	1	0
GCF_001571405.1	0	1	0	0	0	1	0
GCF_001571775.1	1	1	1	1	3	3	2
GCF_001573155.1	0	1	0	0	0	1	0
GCF_001575195.1	1	1	0	0	4	1	0
GCF_001577305.1	1	1	0	0	6	1	0
GCF_001577525.1	0	1	0	0	0	1	0
GCF_001577775.1	0	1	0	0	0	1	0
GCF_001578075.1	0	0	0	0	0	0	0
GCF_001579945.1	1	0	0	0	15	0	0
GCF_001580015.1	0	1	0	0	0	1	0
GCF_001580025.1	1	0	0	0	3	0	0
GCF_001580045.1	0	1	0	0	0	1	0
GCF_001580365.1	1	1	0	0	3	1	0
GCF_001580535.1	0	1	0	0	0	1	0
GCF_001580545.1	1	1	0	0	15	2	0
GCF_001580615.1	0	1	0	0	0	1	0
GCF_001583435.1	0	0	0	0	0	0	0
GCF_001584145.1	1	1	0	0	4	4	0
GCF_001584205.1	1	1	0	0	5	3	0
GCF_001584225.1	1	1	0	0	6	3	0
GCF_001584325.1	0	1	0	0	0	1	0
GCF_001584565.1	0	1	1	1	0	5	3
GCF_001584615.1	1	0	0	0	3	0	0
GCF_001584725.1	0	1	1	0	0	2	1
GCF_001586155.1	1	1	0	0	7	1	0
GCF_001586235.1	0	0	0	0	0	0	0
GCF_001586255.1	1	1	0	0	4	1	0
GCF_001586935.1	1	0	0	0	6	0	0
GCF_001587155.1	1	0	0	0	6	0	0
GCF_001590685.1	0	1	0	0	0	3	0
GCF_001590835.1	0	1	0	0	0	3	0
GCF_001590965.1	1	0	0	0	10	0	0
GCF_001590985.1	1	1	0	0	1	1	0
GCF_001591005.1	0	1	0	0	0	1	0
GCF_001591025.1	1	1	1	1	11	1	3
GCF_001591105.1	0	1	0	0	0	1	0
GCF_001591165.1	1	0	0	0	11	0	0
GCF_001591385.1	1	1	0	0	16	1	0
GCF_001591485.1	1	1	0	0	1	2	0
GCF_001591505.1	1	1	1	1	8	9	2
GCF_001591625.1	0	1	0	0	0	1	0
GCF_001591645.1	0	1	0	0	0	2	0
GCF_001591745.1	0	1	0	0	0	1	0
GCF_001591865.1	0	1	0	0	0	2	0
GCF_001591945.1	1	1	1	1	3	3	2
GCF_001591965.1	1	1	0	0	1	2	0
GCF_001592025.1	0	1	0	0	0	2	0
GCF_001592065.1	0	1	0	0	0	2	0
GCF_001592085.1	0	1	0	0	0	2	0
GCF_001592105.1	0	1	1	1	0	4	2
GCF_001592225.1	1	0	0	0	5	0	0
GCF_001592265.1	1	0	0	0	8	0	0
GCF_001592305.1	1	0	0	0	6	0	0
GCF_001592435.1	0	0	0	0	0	0	0
GCF_001592935.1	1	0	0	0	1	0	0
GCF_001593605.1	0	0	0	0	0	0	0
GCF_001593955.1	1	1	0	0	5	1	0
GCF_001593985.1	1	1	1	1	1	4	2
GCF_001594005.1	0	1	1	1	0	7	6
GCF_001594015.1	0	1	1	1	0	5	6
GCF_001594225.2	1	0	0	0	5	0	0
GCF_001595645.1	0	1	0	0	0	1	0
GCF_001595985.1	1	0	0	0	16	0	0
GCF_001596795.1	0	0	0	0	0	0	0
GCF_001596815.1	0	1	0	0	0	1	0
GCF_001597285.1	1	0	0	0	3	0	0
GCF_001597725.1	0	0	0	0	0	0	0
GCF_001597735.1	0	0	0	0	0	0	0
GCF_001598035.1	0	1	0	0	0	1	0
GCF_001598055.1	1	0	0	0	37	0	0
GCF_001598235.1	1	0	0	0	19	0	0
GCF_001598255.1	1	1	0	0	5	3	0
GCF_001598275.1	0	0	0	0	0	0	0
GCF_001598335.1	1	1	0	0	5	1	0
GCF_001598355.1	1	1	1	0	8	3	1
GCF_001598375.1	1	0	0	0	3	0	0
GCF_001598415.1	1	1	0	0	8	2	0
GCF_001598435.1	1	0	0	0	1	0	0
GCF_001598455.1	1	1	0	0	7	2	0
GCF_001598495.1	0	0	0	0	0	0	0
GCF_001598535.1	1	0	0	0	5	0	0
GCF_001598555.1	1	1	1	0	16	1	1
GCF_001598575.1	1	0	1	0	9	0	1
GCF_001601575.1	1	1	1	1	1	4	3
GCF_001602095.1	0	1	0	0	0	1	0
GCF_001602375.1	0	1	0	0	0	1	0
GCF_001602625.1	0	0	0	0	0	0	0
GCF_001605725.1	1	1	0	0	5	1	0
GCF_001605895.1	1	0	0	0	4	0	0
GCF_001606025.1	1	0	0	0	2	0	0
GCF_001611155.1	0	0	0	0	0	0	0
GCF_001611555.1	1	1	0	0	6	6	0
GCF_001611675.1	1	0	0	0	1	0	0
GCF_001611795.1	1	1	0	0	7	3	0
GCF_001611975.1	0	1	0	0	0	1	0
GCF_001612635.1	1	1	0	0	3	1	0
GCF_001612685.1	1	1	0	0	6	4	0
GCF_001612725.1	1	1	0	0	8	2	0
GCF_001612745.1	1	0	0	0	4	0	0
GCF_001612765.1	1	0	0	0	4	0	0
GCF_001612785.1	1	1	0	0	12	1	0
GCF_001612805.1	1	0	0	0	2	0	0
GCF_001612845.1	1	1	1	1	18	2	2
GCF_001612885.1	1	1	0	0	15	1	0
GCF_001612945.1	1	1	0	0	9	2	0
GCF_001612965.1	1	1	0	0	15	1	0
GCF_001612985.1	1	0	0	0	12	0	0
GCF_001613045.1	1	0	0	0	3	0	0
GCF_001613065.1	1	1	1	1	49	3	4
GCF_001613125.1	1	0	0	0	16	0	0
GCF_001613145.1	1	0	0	0	10	0	0
GCF_001613205.1	1	0	0	0	12	0	0
GCF_001613225.1	1	1	0	0	21	1	0
GCF_001613265.1	1	0	0	0	18	0	0
GCF_001613305.1	1	1	1	1	35	2	2
GCF_001613345.1	1	0	0	0	8	0	0
GCF_001613365.1	1	1	0	0	5	1	0
GCF_001613385.1	1	0	0	0	28	0	0
GCF_001613405.1	1	1	0	0	5	1	0
GCF_001613425.1	1	1	0	0	5	3	0
GCF_001613445.1	1	0	1	1	10	0	2
GCF_001613465.1	1	0	0	0	3	0	0
GCF_001613485.1	1	0	0	0	27	0	0
GCF_001613505.1	1	1	0	0	14	1	0
GCF_001613545.1	0	1	0	0	0	1	0
GCF_001614315.2	1	0	0	0	3	0	0
GCF_001617355.1	1	1	0	0	3	1	0
GCF_001617625.1	1	1	0	0	3	2	0
GCF_001618145.1	1	1	0	0	8	4	0
GCF_001618175.1	1	0	0	0	14	0	0
GCF_001618385.1	0	1	0	0	0	1	0
GCF_001618405.1	1	0	0	0	6	0	0
GCF_001618425.1	1	0	0	0	17	0	0
GCF_001618685.1	1	1	0	0	2	2	0
GCF_001618845.1	1	1	0	0	5	3	0
GCF_001618865.1	1	1	0	0	1	3	0
GCF_001619695.1	1	0	0	0	1	0	0
GCF_001620265.1	1	0	0	0	13	0	0
GCF_001623405.1	0	1	0	0	0	1	0
GCF_001623565.1	0	0	0	0	0	0	0
GCF_001623895.1	1	1	0	0	2	1	0
GCF_001625085.1	1	1	0	0	5	1	0
GCF_001625325.1	1	0	0	0	7	0	0
GCF_001629705.1	0	1	0	0	0	3	0
GCF_001632305.1	0	1	0	0	0	7	0
GCF_001632745.1	0	1	0	0	0	1	0
GCF_001632775.1	1	0	0	0	1	0	0
GCF_001632805.1	1	1	0	0	2	1	0
GCF_001633165.1	1	0	0	0	5	0	0
GCF_001634285.1	1	0	0	0	1	0	0
GCF_001634625.1	1	0	0	0	2	0	0
GCF_001636015.1	1	0	0	0	1	0	0
GCF_001636295.1	1	1	0	0	1	1	0
GCF_001636315.1	1	1	0	0	3	6	0
GCF_001636395.1	1	1	1	1	6	4	2
GCF_001636415.1	1	1	0	0	3	4	0
GCF_001636425.1	1	1	0	0	1	4	0
GCF_001636545.1	0	1	1	1	0	5	2
GCF_001637205.1	0	1	0	0	0	3	0
GCF_001637325.1	0	1	0	0	0	1	0
GCF_001639065.2	0	1	0	0	0	1	0
GCF_001639105.2	1	1	0	0	4	1	0
GCF_001639265.1	0	1	0	0	0	1	0
GCF_001639285.1	0	1	0	0	0	1	0
GCF_001639295.1	0	1	0	0	0	1	0
GCF_001639725.1	1	0	0	0	1	0	0
GCF_001639745.1	1	0	0	0	2	0	0
GCF_001640365.1	0	0	0	0	0	0	0
GCF_001641005.1	1	0	0	0	1	0	0
GCF_001641085.1	0	1	0	0	0	1	0
GCF_001641285.1	0	0	0	0	0	0	0
GCF_001641335.1	1	0	0	0	22	0	0
GCF_001641615.1	0	1	0	0	0	3	0
GCF_001641635.1	1	1	0	0	25	1	0
GCF_001641695.1	1	1	0	0	20	1	0
GCF_001641755.2	1	1	0	0	2	2	0
GCF_001642025.1	1	1	0	0	1	3	0
GCF_001642085.1	0	1	0	0	0	1	0
GCF_001642325.1	0	1	0	0	0	1	0
GCF_001642575.1	0	0	0	0	0	0	0
GCF_001642655.1	1	1	1	1	1	5	6
GCF_001642675.1	1	0	0	0	21	0	0
GCF_001642695.1	1	1	0	0	3	1	0
GCF_001642805.2	1	0	0	0	1	0	0
GCF_001642835.1	1	1	0	0	2	2	0
GCF_001642995.1	1	1	0	0	7	4	0
GCF_001643015.1	1	0	0	0	1	0	0
GCF_001643235.1	0	1	0	0	0	3	0
GCF_001643775.1	1	1	1	1	1	3	4
GCF_001644015.1	0	0	0	0	0	0	0
GCF_001644045.1	0	0	0	0	0	0	0
GCF_001644195.2	1	1	0	0	1	3	0
GCF_001644565.1	0	0	0	0	0	0	0
GCF_001644575.1	1	1	0	0	16	1	0
GCF_001644605.1	0	1	0	0	0	4	0
GCF_001644645.1	0	1	0	0	0	2	0
GCF_001644705.1	1	1	0	0	2	1	0
GCF_001645135.1	1	1	0	0	14	2	0
GCF_001645765.1	0	0	0	0	0	0	0
GCF_001646785.1	1	0	0	0	22	0	0
GCF_001646865.1	1	1	0	0	15	1	0
GCF_001646945.1	0	1	0	0	0	1	0
GCF_001647025.1	1	1	0	0	2	1	0
GCF_001647085.1	0	0	0	0	0	0	0
GCF_001647275.1	1	1	0	0	1	1	0
GCF_001647285.1	1	1	0	0	1	1	0
GCF_001647695.1	0	0	0	0	0	0	0
GCF_001648155.1	0	1	0	0	0	2	0
GCF_001648355.1	0	0	0	0	0	0	0
GCF_001648475.1	0	0	0	0	0	0	0
GCF_001648555.1	1	1	0	0	1	2	0
GCF_001650025.1	1	1	0	0	2	2	0
GCF_001650635.1	1	1	1	1	2	2	2
GCF_001650695.1	1	0	0	0	6	0	0
GCF_001650715.1	1	1	1	1	3	3	2
GCF_001651805.1	1	1	0	0	5	1	0
GCF_001651865.1	1	1	0	0	1	1	0
GCF_001651875.1	1	1	0	0	2	1	0
GCF_001652275.1	1	1	1	1	2	2	2
GCF_001652465.1	1	0	0	0	2	0	0
GCF_001652585.1	0	1	1	0	0	1	1
GCF_001652725.1	0	1	0	0	0	2	0
GCF_001653075.1	1	1	0	0	3	2	0
GCF_001653095.1	1	0	0	0	4	0	0
GCF_001653135.1	0	1	0	0	0	2	0
GCF_001653195.1	1	1	0	0	1	1	0
GCF_001653335.1	1	0	0	0	6	0	0
GCF_001653565.1	1	1	0	0	2	4	0
GCF_001653715.1	1	0	0	0	15	0	0
GCF_001653755.1	0	1	0	0	0	1	0
GCF_001653975.1	0	0	0	0	0	0	0
GCF_001654455.1	1	0	0	0	2	0	0
GCF_001654515.1	1	0	0	0	5	0	0
GCF_001654835.1	0	1	0	0	0	2	0
GCF_001654855.1	1	1	0	0	1	1	0
GCF_001654925.1	0	1	0	0	0	1	0
GCF_001655245.1	1	0	0	0	20	0	0
GCF_001655685.1	1	1	1	1	1	11	12
GCF_001656035.1	0	0	0	0	0	0	0
GCF_001657475.1	1	0	0	0	4	0	0
GCF_001658025.2	1	1	1	0	2	3	1
GCF_001659685.2	1	1	1	0	4	2	1
GCF_001659725.1	1	0	0	0	7	0	0
GCF_001659785.1	1	0	0	0	4	0	0
GCF_001660045.1	1	1	0	0	5	2	0
GCF_001660485.1	1	1	0	0	2	1	0
GCF_001660815.1	0	0	0	0	0	0	0
GCF_001661075.1	1	0	0	0	6	0	0
GCF_001661595.2	1	0	0	0	1	0	0
GCF_001661915.1	1	0	0	0	4	0	0
GCF_001661965.1	1	0	0	0	4	0	0
GCF_001662285.1	1	0	0	0	2	0	0
GCF_001662875.1	1	0	0	0	3	0	0
GCF_001663155.1	1	0	0	0	5	0	0
GCF_001663175.1	1	0	0	0	3	0	0
GCF_001663675.1	0	1	0	0	0	1	0
GCF_001663815.1	0	0	0	0	0	0	0
GCF_001663855.1	1	0	0	0	9	0	0
GCF_001664265.1	1	1	0	0	1	1	0
GCF_001664385.1	1	1	0	0	2	1	0
GCF_001667535.1	1	0	0	0	19	0	0
GCF_001672295.1	0	1	1	0	0	3	1
GCF_001675045.1	0	1	0	0	0	3	0
GCF_001675165.1	1	1	1	1	1	4	3
GCF_001675355.1	1	0	0	0	3	0	0
GCF_001675695.1	0	0	0	0	0	0	0
GCF_001675715.1	0	0	0	0	0	0	0
GCF_001675775.1	0	0	0	0	0	0	0
GCF_001675785.1	0	0	0	0	0	0	0
GCF_001676655.1	1	0	0	0	2	0	0
GCF_001676705.1	1	0	0	0	24	0	0
GCF_001676725.1	1	0	0	0	31	0	0
GCF_001677435.1	1	1	0	0	2	2	0
GCF_001677885.1	1	1	0	0	3	2	0
GCF_001678755.1	1	0	0	0	2	0	0
GCF_001678845.1	0	1	0	0	0	2	0
GCF_001678905.1	0	1	0	0	0	1	0
GCF_001679645.1	1	0	0	0	4	0	0
GCF_001679665.1	1	0	0	0	7	0	0
GCF_001682385.1	1	0	0	0	2	0	0
GCF_001682515.1	1	0	0	0	2	0	0
GCF_001682915.1	1	1	1	0	1	3	1
GCF_001684335.1	0	0	0	0	0	0	0
GCF_001684975.1	0	1	0	0	0	2	0
GCF_001685015.1	1	0	0	0	2	0	0
GCF_001685355.1	1	1	0	0	8	4	0
GCF_001685395.1	0	1	0	0	0	6	0
GCF_001685415.1	1	1	0	0	1	2	0
GCF_001685435.2	1	1	0	0	1	3	0
GCF_001685485.1	1	1	0	0	2	1	0
GCF_001686925.1	0	1	0	0	0	1	0
GCF_001686985.1	1	1	0	0	6	1	0
GCF_001687305.1	0	1	0	0	0	2	0
GCF_001687335.1	0	1	0	0	0	1	0
GCF_001687365.1	1	1	0	0	5	3	0
GCF_001687475.2	0	0	0	0	0	0	0
GCF_001687545.1	1	0	0	0	4	0	0
GCF_001687565.2	1	1	0	0	1	1	0
GCF_001687585.2	1	1	0	0	1	1	0
GCF_001687605.2	1	1	0	0	2	1	0
GCF_001687625.2	0	1	0	0	0	1	0
GCF_001687665.2	0	1	0	0	0	1	0
GCF_001688725.2	0	0	0	0	0	0	0
GCF_001688845.2	1	0	0	0	1	0	0
GCF_001689125.2	0	1	0	0	0	4	0
GCF_001690755.1	0	1	0	0	0	1	0
GCF_001691055.1	0	1	0	0	0	1	0
GCF_001692445.1	1	1	0	0	1	3	0
GCF_001693335.1	0	0	0	0	0	0	0
GCF_001693385.1	1	1	0	0	21	1	0
GCF_001693515.2	1	1	0	0	20	1	0
GCF_001693735.1	0	1	1	1	0	3	3
GCF_001693775.2	1	1	1	1	1	3	2
GCF_001695575.1	0	1	0	0	0	1	0
GCF_001695625.1	1	0	0	0	2	0	0
GCF_001696605.3	1	0	0	0	2	0	0
GCF_001696715.1	1	0	0	0	3	0	0
GCF_001697185.1	0	1	0	0	0	2	0
GCF_001697225.1	1	0	0	0	7	0	0
GCF_001698185.1	1	0	0	0	15	0	0
GCF_001698205.1	1	0	0	0	7	0	0
GCF_001698225.1	1	1	0	0	16	1	0
GCF_001700315.1	1	0	0	0	4	0	0
GCF_001700325.1	1	0	0	0	3	0	0
GCF_001700435.1	1	1	0	0	1	9	0
GCF_001700515.1	1	1	0	0	8	3	0
GCF_001700985.1	1	1	0	0	2	2	0
GCF_001701025.1	1	1	0	0	9	2	0
GCF_001701045.1	1	1	1	0	2	3	1
GCF_001702115.1	0	1	0	0	0	3	0
GCF_001702155.1	0	1	0	0	0	4	0
GCF_001702215.1	0	0	0	0	0	0	0
GCF_001702265.1	1	0	0	0	8	0	0
GCF_001703515.1	0	1	0	0	0	2	0
GCF_001703635.1	1	0	0	0	4	0	0
GCF_001704115.1	1	0	0	0	1	0	0
GCF_001704615.3	1	0	0	0	2	0	0
GCF_001704635.1	1	1	0	0	5	3	0
GCF_001705075.2	0	0	0	0	0	0	0
GCF_001705175.1	1	1	0	0	2	1	0
GCF_001705425.1	1	1	0	0	4	3	0
GCF_001707755.1	1	0	0	0	1	0	0
GCF_001707825.1	1	1	0	0	2	2	0
GCF_001707835.1	0	0	0	0	0	0	0
GCF_001708305.1	0	0	0	0	0	0	0
GCF_001708405.1	0	0	0	0	0	0	0
GCF_001708425.1	1	0	0	0	4	0	0
GCF_001708485.1	1	0	0	0	6	0	0
GCF_001708935.1	1	0	0	0	1	0	0
GCF_001708955.1	0	0	0	0	0	0	0
GCF_001709345.1	1	0	0	0	2	0	0
GCF_001712815.1	0	1	0	0	0	1	0
GCF_001715195.1	1	1	0	0	1	1	0
GCF_001715535.1	0	0	0	0	0	0	0
GCF_001715975.1	0	0	0	0	0	0	0
GCF_001717525.2	0	0	0	0	0	0	0
GCF_001717955.1	1	1	1	0	12	1	1
GCF_001718335.1	1	1	0	0	11	2	0
GCF_001718535.1	1	1	0	0	12	2	0
GCF_001718555.1	1	1	0	0	13	2	0
GCF_001718895.1	1	1	0	0	23	3	0
GCF_001719065.1	0	1	0	0	0	2	0
GCF_001719165.1	1	0	0	0	7	0	0
GCF_001719615.1	1	0	0	0	5	0	0
GCF_001720135.1	1	1	0	0	1	1	0
GCF_001720165.1	0	0	0	0	0	0	0
GCF_001720395.1	0	1	0	0	0	1	0
GCF_001720485.1	1	0	0	0	1	0	0
GCF_001721185.1	0	1	0	0	0	1	0
GCF_001721295.1	1	0	1	0	9	0	1
GCF_001721685.1	0	1	0	0	0	5	0
GCF_001723285.1	0	0	0	0	0	0	0
GCF_001723295.1	0	0	0	0	0	0	0
GCF_001723305.1	0	0	0	0	0	0	0
GCF_001723355.1	0	0	0	0	0	0	0
GCF_001723605.1	0	1	1	1	0	2	2
GCF_001729245.1	1	1	0	0	1	1	0
GCF_001729805.1	0	1	0	0	0	1	0
GCF_001730225.1	0	1	1	1	0	5	4
GCF_001730235.1	1	1	1	0	2	2	1
GCF_001730285.1	0	1	0	0	0	3	0
GCF_001730295.1	0	1	0	0	0	3	0
GCF_001730315.1	0	1	0	0	0	4	0
GCF_001730365.1	0	1	0	0	0	3	0
GCF_001730525.1	0	1	0	0	0	1	0
GCF_001730685.1	0	1	1	1	0	5	6
GCF_001735525.1	0	1	0	0	0	1	0
GCF_001735765.2	0	1	1	0	0	4	1
GCF_001735805.1	1	1	0	0	4	2	0
GCF_001741865.1	1	1	0	0	7	1	0
GCF_001742145.1	0	1	0	0	0	2	0
GCF_001742185.1	0	1	0	0	0	1	0
GCF_001742225.1	1	1	0	0	13	1	0
GCF_001742285.1	0	1	0	0	0	3	0
GCF_001742305.1	0	1	1	1	0	4	4
GCF_001742425.1	1	1	0	0	1	1	0
GCF_001746455.1	1	1	0	0	4	2	0
GCF_001746755.1	1	0	0	0	1	0	0
GCF_001746835.1	0	1	0	0	0	1	0
GCF_001746855.1	1	1	0	0	1	1	0
GCF_001746915.1	1	1	0	0	1	2	0
GCF_001747085.1	0	1	0	0	0	1	0
GCF_001747105.1	0	1	0	0	0	1	0
GCF_001747405.1	0	0	0	0	0	0	0
GCF_001747425.1	1	1	0	0	3	1	0
GCF_001748225.1	0	1	1	1	0	1	2
GCF_001748245.1	1	0	0	0	1	0	0
GCF_001748265.1	1	0	0	0	8	0	0
GCF_001748285.1	1	1	0	0	2	2	0
GCF_001748305.1	1	1	0	0	6	2	0
GCF_001748385.1	1	0	0	0	3	0	0
GCF_001750105.1	1	1	0	0	6	2	0
GCF_001750285.1	1	0	0	0	1	0	0
GCF_001750685.1	1	1	1	1	3	10	10
GCF_001750725.1	0	1	0	0	0	2	0
GCF_001751245.1	1	1	0	0	4	2	0
GCF_001751255.1	1	1	0	0	9	3	0
GCF_001751365.1	1	1	0	0	10	3	0
GCF_001752395.1	1	1	0	0	3	1	0
GCF_001752425.1	0	1	0	0	0	1	0
GCF_001753165.1	0	0	0	0	0	0	0
GCF_001753205.1	1	1	0	0	3	1	0
GCF_001753245.1	0	0	0	0	0	0	0
GCF_001753675.2	0	1	1	1	0	4	3
GCF_001754075.1	0	1	1	1	0	4	7
GCF_001756615.1	1	1	0	0	4	2	0
GCF_001756855.1	0	0	0	0	0	0	0
GCF_001757105.1	1	1	1	0	5	2	1
GCF_001758195.1	1	0	0	0	3	0	0
GCF_001758365.1	0	1	1	1	0	4	3
GCF_001758465.1	1	1	1	1	9	2	8
GCF_001758565.1	0	0	0	0	0	0	0
GCF_001758785.1	1	1	0	0	3	2	0
GCF_001761325.1	0	0	0	0	0	0	0
GCF_001761365.1	1	0	0	0	2	0	0
GCF_001761385.1	1	0	0	0	7	0	0
GCF_001761465.1	0	1	0	0	0	1	0
GCF_001761545.1	0	1	0	0	0	2	0
GCF_001787355.1	0	1	0	0	0	2	0
GCF_001816125.1	0	0	0	0	0	0	0
GCF_001816145.1	1	0	0	0	1	0	0
GCF_001816165.1	0	0	0	0	0	0	0
GCF_001831475.1	0	1	0	0	0	1	0
GCF_001831495.1	1	1	0	0	2	1	0
GCF_001832885.1	0	1	0	0	0	1	0
GCF_001832905.1	0	1	0	0	0	1	0
GCF_001853485.1	0	1	0	0	0	1	0
GCF_001853795.1	1	1	0	0	5	1	0
GCF_001854125.1	1	0	0	0	1	0	0
GCF_001854225.1	0	0	0	0	0	0	0
GCF_001854325.1	1	0	0	0	29	0	0
GCF_001854475.1	0	1	0	0	0	1	0
GCF_001854525.1	1	0	0	0	19	0	0
GCF_001854605.1	0	1	0	0	0	1	0
GCF_001854655.1	1	1	0	0	26	1	0
GCF_001854695.1	1	1	0	0	30	1	0
GCF_001854765.1	0	1	0	0	0	1	0
GCF_001855275.1	1	1	0	0	1	1	0
GCF_001855385.1	0	1	1	1	0	3	3
GCF_001855565.1	1	1	0	0	2	1	0
GCF_001855575.1	1	1	0	0	3	1	0
GCF_001856645.1	0	1	1	1	0	5	3
GCF_001856665.1	1	1	0	0	2	1	0
GCF_001856685.1	0	1	0	0	0	1	0
GCF_001857925.1	1	0	0	0	1	0	0
GCF_001857945.1	0	1	0	0	0	3	0
GCF_001857965.1	1	1	0	0	2	1	0
GCF_001858005.1	1	1	0	0	1	2	0
GCF_001865575.2	1	1	0	0	14	2	0
GCF_001865995.1	1	1	0	0	1	3	0
GCF_001866005.1	0	1	0	0	0	5	0
GCF_001866055.1	0	1	0	0	0	3	0
GCF_001866075.3	1	1	0	0	1	4	0
GCF_001866515.1	1	1	0	0	6	3	0
GCF_001866645.1	1	1	0	0	5	2	0
GCF_001866665.1	1	1	0	0	6	3	0
GCF_001870205.1	0	1	0	0	0	2	0
GCF_001870225.1	0	0	0	0	0	0	0
GCF_001870485.1	1	0	0	0	1	0	0
GCF_001870675.1	1	1	0	0	3	1	0
GCF_001870735.1	0	0	0	0	0	0	0
GCF_001874525.1	0	1	1	0	0	2	1
GCF_001874645.1	1	0	0	0	5	0	0
GCF_001878675.1	1	1	0	0	1	5	0
GCF_001879105.1	1	1	0	0	1	2	0
GCF_001879695.1	1	1	0	0	4	1	0
GCF_001879715.1	1	1	0	0	8	2	0
GCF_001880225.1	0	0	0	0	0	0	0
GCF_001881495.1	0	0	0	0	0	0	0
GCF_001881565.1	0	1	0	0	0	2	0
GCF_001883705.2	1	1	0	0	18	2	0
GCF_001884045.1	0	1	0	0	0	5	0
GCF_001884065.1	0	1	0	0	0	3	0
GCF_001884235.1	1	1	0	0	2	4	0
GCF_001884735.1	1	1	0	0	2	1	0
GCF_001885095.1	0	1	0	0	0	1	0
GCF_001885585.1	1	1	0	0	4	2	0
GCF_001885765.1	0	0	0	0	0	0	0
GCF_001885945.1	0	1	1	0	0	3	1
GCF_001886195.1	0	1	0	0	0	1	0
GCF_001886225.1	1	1	1	0	1	3	1
GCF_001886275.1	0	1	1	0	0	4	1
GCF_001886435.1	0	1	0	0	0	1	0
GCF_001886615.1	1	0	0	0	4	0	0
GCF_001886695.1	1	0	0	0	3	0	0
GCF_001886715.1	1	0	0	0	12	0	0
GCF_001886735.1	1	1	0	0	14	2	0
GCF_001886815.1	0	0	0	0	0	0	0
GCF_001886955.1	0	0	0	0	0	0	0
GCF_001887245.1	0	0	0	0	0	0	0
GCF_001887355.1	1	1	0	0	1	1	0
GCF_001887595.1	1	0	0	0	1	0	0
GCF_001887715.1	0	1	1	1	0	3	3
GCF_001887775.1	0	1	1	0	0	1	1
GCF_001888055.1	0	0	0	0	0	0	0
GCF_001888185.1	1	1	0	0	5	1	0
GCF_001888925.1	0	0	0	0	0	0	0
GCF_001889005.1	0	1	0	0	0	1	0
GCF_001889025.1	1	0	0	0	5	0	0
GCF_001889045.1	0	0	0	0	0	0	0
GCF_001889105.1	1	1	0	0	1	1	0
GCF_001889165.1	0	1	0	0	0	2	0
GCF_001889405.1	0	1	0	0	0	1	0
GCF_001889445.1	0	1	0	0	0	1	0
GCF_001889605.1	1	0	0	0	12	0	0
GCF_001890385.1	1	0	0	0	9	0	0
GCF_001890765.1	0	1	0	0	0	1	0
GCF_001890925.1	1	1	0	0	8	1	0
GCF_001891165.1	0	1	0	0	0	1	0
GCF_001894765.1	1	0	0	0	6	0	0
GCF_001894865.1	1	1	0	0	3	1	0
GCF_001894885.1	1	1	0	0	5	2	0
GCF_001895005.1	1	0	0	0	9	0	0
GCF_001895025.1	1	0	0	0	17	0	0
GCF_001895085.1	0	0	0	0	0	0	0
GCF_001895205.1	0	0	0	0	0	0	0
GCF_001895265.1	0	0	0	0	0	0	0
GCF_001902585.1	0	1	0	0	0	1	0
GCF_001904635.1	0	0	0	0	0	0	0
GCF_001904655.1	0	0	0	0	0	0	0
GCF_001904725.1	0	0	0	0	0	0	0
GCF_001904775.1	0	1	0	0	0	1	0
GCF_001906585.1	1	1	0	0	6	3	0
GCF_001906925.1	0	1	0	0	0	3	0
GCF_001907195.1	1	1	0	0	1	1	0
GCF_001907235.1	0	1	0	0	0	1	0
GCF_001907245.1	0	0	0	0	0	0	0
GCF_001907295.1	0	1	0	0	0	3	0
GCF_001907975.1	0	1	0	0	0	1	0
GCF_001908025.1	1	1	0	0	2	2	0
GCF_001908095.1	1	1	0	0	1	1	0
GCF_001908105.1	0	1	0	0	0	1	0
GCF_001908275.1	0	1	0	0	0	7	0
GCF_001908725.1	0	0	0	0	0	0	0
GCF_001909055.1	0	1	0	0	0	8	0
GCF_001911425.1	0	1	0	0	0	2	0
GCF_001913155.1	0	0	0	0	0	0	0
GCF_001921205.1	1	1	0	0	6	2	0
GCF_001921215.1	1	1	0	0	19	2	0
GCF_001921845.1	0	0	0	0	0	0	0
GCF_001922305.1	1	1	1	1	8	4	4
GCF_001922385.1	1	0	0	0	8	0	0
GCF_001922985.1	0	0	0	0	0	0	0
GCF_001927245.1	1	0	0	0	16	0	0
GCF_001927285.1	1	1	0	0	1	1	0
GCF_001929405.1	1	1	0	0	3	2	0
GCF_001931505.1	0	1	0	0	0	1	0
GCF_001931655.1	0	0	0	0	0	0	0
GCF_001931685.1	1	1	0	0	1	1	0
GCF_001931755.2	0	0	0	0	0	0	0
GCF_001932615.1	0	1	0	0	0	1	0
GCF_001936115.1	0	1	0	0	0	1	0
GCF_001936175.1	1	1	0	0	8	1	0
GCF_001936235.1	0	1	0	0	0	1	0
GCF_001936255.1	0	0	0	0	0	0	0
GCF_001936335.1	0	1	0	0	0	1	0
GCF_001936475.1	0	0	0	0	0	0	0
GCF_001936575.1	1	0	0	0	2	0	0
GCF_001936615.1	1	1	1	1	3	6	3
GCF_001936625.1	1	1	0	0	2	4	0
GCF_001938985.1	1	0	0	0	1	0	0
GCF_001939045.1	1	1	0	0	2	1	0
GCF_001939065.1	0	1	0	0	0	2	0
GCF_001939075.1	1	1	0	0	1	1	0
GCF_001939735.1	1	1	1	0	1	2	1
GCF_001940235.1	0	1	1	1	0	5	7
GCF_001940455.1	1	1	0	0	3	1	0
GCF_001940525.2	1	1	0	0	3	1	0
GCF_001940565.1	0	1	1	1	0	2	2
GCF_001941345.1	0	0	0	0	0	0	0
GCF_001941425.1	0	0	0	0	0	0	0
GCF_001941445.1	0	0	0	0	0	0	0
GCF_001941465.1	0	0	0	0	0	0	0
GCF_001941485.1	1	0	0	0	2	0	0
GCF_001941505.1	1	0	0	0	3	0	0
GCF_001941565.1	0	0	0	0	0	0	0
GCF_001941585.1	1	0	0	0	1	0	0
GCF_001941625.1	1	1	0	0	3	1	0
GCF_001941825.1	1	1	0	0	7	2	0
GCF_001941945.1	1	1	0	0	7	1	0
GCF_001941975.2	1	1	1	1	4	7	7
GCF_001942495.1	0	1	0	0	0	1	0
GCF_001942625.1	1	0	0	0	16	0	0
GCF_001945525.1	0	1	0	0	0	3	0
GCF_001945605.1	0	1	0	0	0	3	0
GCF_001945665.1	0	0	0	0	0	0	0
GCF_001950255.1	1	1	1	1	1	6	6
GCF_001950325.1	1	1	1	1	2	6	4
GCF_001951095.1	0	1	0	0	0	1	0
GCF_001951155.1	0	1	0	0	0	1	0
GCF_001951175.1	0	1	0	0	0	1	0
GCF_001952075.1	1	0	0	0	1	0	0
GCF_001953055.1	1	0	0	0	2	0	0
GCF_001953175.1	0	1	1	1	0	3	2
GCF_001953635.1	0	1	0	0	0	3	0
GCF_001953745.1	1	0	0	0	5	0	0
GCF_001953865.1	1	1	0	0	6	3	0
GCF_001953875.1	1	1	0	0	5	1	0
GCF_001953955.1	0	1	0	0	0	1	0
GCF_001955655.1	1	1	0	0	3	3	0
GCF_001955695.1	1	0	0	0	12	0	0
GCF_001955715.1	1	0	0	0	4	0	0
GCF_001955735.1	1	0	0	0	3	0	0
GCF_001956315.1	1	0	0	0	4	0	0
GCF_001956695.1	0	0	0	0	0	0	0
GCF_001956915.1	1	1	0	0	3	2	0
GCF_001956985.1	0	1	0	0	0	2	0
GCF_001968835.1	1	1	0	0	2	1	0
GCF_001968985.1	0	1	0	0	0	1	0
GCF_001971585.1	0	1	0	0	0	2	0
GCF_001971705.1	1	1	0	0	7	1	0
GCF_001971745.1	0	1	0	0	0	1	0
GCF_001974985.1	1	1	0	0	2	2	0
GCF_001975665.1	0	0	0	0	0	0	0
GCF_001975705.1	1	1	0	0	8	1	0
GCF_001975725.1	0	0	0	0	0	0	0
GCF_001975785.1	1	1	0	0	2	1	0
GCF_001975955.2	0	1	0	0	0	2	0
GCF_001976145.1	1	0	0	0	1	0	0
GCF_001981305.1	1	0	0	0	2	0	0
GCF_001981525.1	1	1	0	0	6	1	0
GCF_001982605.1	1	0	0	0	1	0	0
GCF_001982615.1	1	0	0	0	18	0	0
GCF_001982635.1	1	0	0	0	30	0	0
GCF_001983105.1	1	0	0	0	35	0	0
GCF_001983935.1	1	1	0	0	1	2	0
GCF_001984445.1	1	1	0	0	7	2	0
GCF_001984715.1	0	1	0	0	0	1	0
GCF_001984825.2	0	1	0	0	0	1	0
GCF_001988955.1	1	1	0	0	1	1	0
GCF_001989575.1	0	0	0	0	0	0	0
GCF_001990485.1	0	1	0	0	0	2	0
GCF_001991075.2	0	1	1	1	0	5	2
GCF_001995215.1	1	1	0	0	10	2	0
GCF_001995255.1	0	0	0	0	0	0	0
GCF_001995985.1	0	0	0	0	0	0	0
GCF_001996005.1	0	0	0	0	0	0	0
GCF_001996185.1	0	0	0	0	0	0	0
GCF_001996285.1	1	1	0	0	2	1	0
GCF_001997295.1	0	0	0	0	0	0	0
GCF_001997345.1	1	1	0	0	1	2	0
GCF_001997385.1	0	1	0	0	0	2	0
GCF_001998325.1	1	1	0	0	6	1	0
GCF_001998825.1	0	1	0	0	0	1	0
GCF_001998865.1	0	1	0	0	0	1	0
GCF_001998965.1	0	1	0	0	0	1	0
GCF_001999225.1	0	1	0	0	0	1	0
GCF_001999245.1	1	0	0	0	6	0	0
GCF_001999305.1	0	0	0	0	0	0	0
GCF_001999465.1	1	1	0	0	1	2	0
GCF_001999765.1	0	1	0	0	0	1	0
GCF_001999905.1	1	1	0	0	2	3	0
GCF_001999945.1	1	1	0	0	8	2	0
GCF_001999965.1	0	0	0	0	0	0	0
GCF_002000055.1	1	0	0	0	1	0	0
GCF_002000085.1	1	0	0	0	3	0	0
GCF_002000125.1	0	1	0	0	0	1	0
GCF_002000365.1	0	0	0	0	0	0	0
GCF_002000485.1	0	1	0	0	0	1	0
GCF_002000545.1	0	1	0	0	0	1	0
GCF_002003465.1	1	1	0	0	2	4	0
GCF_002003665.1	0	0	0	0	0	0	0
GCF_002005145.1	0	1	1	1	0	4	3
GCF_002005165.1	1	1	0	0	1	6	0
GCF_002005305.1	0	1	0	0	0	1	0
GCF_002005405.1	0	1	0	0	0	1	0
GCF_002005465.1	0	1	0	0	0	2	0
GCF_002005485.1	0	1	0	0	0	2	0
GCF_002006345.1	0	1	1	0	0	5	1
GCF_002006355.2	1	1	1	1	1	6	2
GCF_002006795.1	1	0	0	0	1	0	0
GCF_002006995.1	1	1	0	0	1	3	0
GCF_002007645.1	0	1	1	1	0	3	3
GCF_002008345.1	1	1	1	1	2	9	10
GCF_002009015.1	1	1	0	0	4	2	0
GCF_002009235.1	1	1	0	0	3	2	0
GCF_002009295.1	0	1	0	0	0	2	0
GCF_002009335.2	0	1	1	1	0	3	3
GCF_002009425.1	0	1	0	0	0	1	0
GCF_002013915.1	0	1	0	0	0	1	0
GCF_002014825.1	0	0	0	0	0	0	0
GCF_002014855.1	0	0	0	0	0	0	0
GCF_002015115.1	0	1	0	0	0	1	0
GCF_002017865.1	1	0	0	0	3	0	0
GCF_002018015.1	0	0	0	0	0	0	0
GCF_002018435.1	0	1	0	0	0	2	0
GCF_002019225.1	0	0	0	0	0	0	0
GCF_002019595.1	1	1	0	0	3	4	0
GCF_002019605.1	1	1	0	0	6	3	0
GCF_002019635.1	0	1	0	0	0	8	0
GCF_002019645.1	1	1	0	0	2	6	0
GCF_002019665.1	1	1	0	0	1	5	0
GCF_002019695.1	1	1	0	0	1	5	0
GCF_002019705.1	1	1	0	0	1	3	0
GCF_002019735.1	0	1	0	0	0	2	0
GCF_002019765.1	1	1	0	0	2	1	0
GCF_002019795.1	0	1	0	0	0	3	0
GCF_002020135.1	1	1	0	0	2	1	0
GCF_002020255.1	0	0	0	0	0	0	0
GCF_002020355.1	1	1	0	0	2	1	0
GCF_002020805.1	0	1	0	0	0	1	0
GCF_002020875.1	0	0	0	0	0	0	0
GCF_002021095.1	0	0	0	0	0	0	0
GCF_002021565.1	0	1	0	0	0	13	0
GCF_002021755.1	0	1	0	0	0	1	0
GCF_002021945.1	1	0	0	0	1	0	0
GCF_002022125.1	0	1	0	0	0	1	0
GCF_002023665.2	0	1	0	0	0	1	0
GCF_002023715.1	0	1	0	0	0	1	0
GCF_002024805.1	0	1	0	0	0	1	0
GCF_002025725.1	1	1	0	0	4	1	0
GCF_002026305.1	0	1	0	0	0	2	0
GCF_002027205.1	0	0	0	0	0	0	0
GCF_002027705.1	0	1	0	0	0	10	0
GCF_002028325.1	1	0	0	0	5	0	0
GCF_002028405.1	1	0	0	0	4	0	0
GCF_002029235.1	0	1	1	0	0	5	1
GCF_002029295.1	0	1	1	1	0	7	4
GCF_002043005.1	1	1	0	0	17	3	0
GCF_002051585.1	0	1	1	1	0	8	14
GCF_002056295.1	1	0	0	0	2	0	0
GCF_002056725.1	1	0	0	0	6	0	0
GCF_002056795.1	0	1	0	0	0	1	0
GCF_002057455.1	1	1	1	1	10	7	2
GCF_002067135.1	1	1	0	0	1	1	0
GCF_002072065.1	1	1	0	0	3	3	0
GCF_002072105.2	0	1	0	0	0	1	0
GCF_002072215.1	0	1	0	0	0	1	0
GCF_002072955.1	0	0	0	0	0	0	0
GCF_002073255.2	0	0	0	0	0	0	0
GCF_002073495.2	1	1	0	0	1	1	0
GCF_002073895.1	0	0	0	0	0	0	0
GCF_002074155.1	0	1	1	1	0	7	2
GCF_002075085.1	0	0	0	0	0	0	0
GCF_002075285.3	0	0	0	0	0	0	0
GCF_002075795.1	0	1	0	0	0	2	0
GCF_002075885.1	1	1	0	0	2	1	0
GCF_002076895.1	1	0	0	0	1	0	0
GCF_002076915.1	0	0	0	0	0	0	0
GCF_002077135.1	0	0	0	0	0	0	0
GCF_002077695.1	1	1	0	0	1	1	0
GCF_002077945.1	1	0	0	0	2	0	0
GCF_002078015.1	1	1	0	0	2	1	0
GCF_002078095.1	1	1	0	0	1	2	0
GCF_002078315.1	0	0	0	0	0	0	0
GCF_002078355.1	1	1	0	0	3	2	0
GCF_002078505.1	1	1	0	0	3	1	0
GCF_002078605.1	0	1	0	0	0	1	0
GCF_002080125.1	0	0	0	0	0	0	0
GCF_002080395.1	0	0	0	0	0	0	0
GCF_002080475.1	0	1	1	1	0	6	7
GCF_002081715.1	1	0	0	0	3	0	0
GCF_002081995.1	1	0	0	0	1	0	0
GCF_002082135.1	1	0	0	0	18	0	0
GCF_002082195.1	1	1	0	0	6	2	0
GCF_002082605.1	1	1	0	0	2	2	0
GCF_002085925.2	1	1	0	0	2	1	0
GCF_002086115.1	1	0	0	0	19	0	0
GCF_002086125.1	1	1	0	0	24	1	0
GCF_002086165.1	1	0	0	0	25	0	0
GCF_002086285.1	1	0	0	0	12	0	0
GCF_002086485.1	1	1	0	0	20	3	0
GCF_002086515.1	1	0	0	0	4	0	0
GCF_002086545.1	1	1	0	0	26	1	0
GCF_002086635.1	1	0	0	0	24	0	0
GCF_002086695.1	1	1	0	0	17	2	0
GCF_002086735.1	1	1	0	0	28	1	0
GCF_002086795.1	1	0	0	0	18	0	0
GCF_002086915.1	1	0	0	0	17	0	0
GCF_002087085.1	0	1	0	0	0	3	0
GCF_002087235.1	1	0	0	0	2	0	0
GCF_002087295.1	1	0	0	0	1	0	0
GCF_002087335.1	1	1	0	0	6	2	0
GCF_002088235.1	1	1	0	0	4	1	0
GCF_002088935.1	1	0	0	0	9	0	0
GCF_002088975.1	1	0	0	0	8	0	0
GCF_002091475.1	1	1	0	0	4	1	0
GCF_002091575.1	1	0	0	0	6	0	0
GCF_002091635.1	1	0	0	0	5	0	0
GCF_002093115.1	1	1	1	1	2	3	4
GCF_002093625.1	1	0	0	0	2	0	0
GCF_002093975.1	1	1	0	0	5	4	0
GCF_002094855.1	0	1	0	0	0	1	0
GCF_002094885.1	1	1	0	0	2	1	0
GCF_002095315.1	0	1	0	0	0	1	0
GCF_002095475.1	1	0	0	0	2	0	0
GCF_002095485.1	0	1	0	0	0	1	0
GCF_002095535.1	1	1	0	0	2	2	0
GCF_002096055.1	1	1	0	0	5	2	0
GCF_002097535.1	1	1	0	0	2	3	0
GCF_002097715.1	1	1	0	0	16	1	0
GCF_002101335.1	0	1	0	0	0	1	0
GCF_002101395.1	1	0	0	0	1	0	0
GCF_002101555.1	1	1	0	0	7	1	0
GCF_002101585.1	1	0	0	0	13	0	0
GCF_002101595.1	1	1	0	0	14	1	0
GCF_002101675.1	1	1	0	0	22	1	0
GCF_002101705.1	1	0	0	0	24	0	0
GCF_002101735.1	1	1	0	0	17	1	0
GCF_002101775.1	1	0	0	0	18	0	0
GCF_002101785.1	1	1	0	0	22	1	0
GCF_002101815.1	1	1	0	0	22	1	0
GCF_002101965.1	1	0	0	0	22	0	0
GCF_002102025.1	1	0	0	0	20	0	0
GCF_002102065.1	1	0	0	0	15	0	0
GCF_002102175.1	1	0	0	0	15	0	0
GCF_002102185.1	1	0	0	0	17	0	0
GCF_002102255.1	1	0	0	0	28	0	0
GCF_002102265.1	1	0	0	0	13	0	0
GCF_002102345.1	1	0	0	0	23	0	0
GCF_002102355.1	1	0	0	0	25	0	0
GCF_002102395.1	1	0	0	0	5	0	0
GCF_002102415.1	1	0	0	0	31	0	0
GCF_002104335.1	0	0	0	0	0	0	0
GCF_002104435.1	1	0	0	0	1	0	0
GCF_002104455.1	1	0	0	0	3	0	0
GCF_002104475.1	1	1	0	0	1	1	0
GCF_002104515.1	1	0	0	0	2	0	0
GCF_002104675.1	1	0	0	0	12	0	0
GCF_002104765.1	1	1	0	0	28	1	0
GCF_002105195.1	1	0	0	0	1	0	0
GCF_002105285.1	1	1	0	0	5	1	0
GCF_002105465.1	1	0	0	0	7	0	0
GCF_002105555.1	1	0	0	0	2	0	0
GCF_002109495.1	0	1	0	0	0	1	0
GCF_002111585.1	0	0	0	0	0	0	0
GCF_002115725.1	1	1	0	0	6	2	0
GCF_002115745.1	1	1	0	0	4	1	0
GCF_002115755.1	1	1	0	0	2	2	0
GCF_002115805.1	1	1	0	0	6	2	0
GCF_002116635.1	1	1	0	0	21	1	0
GCF_002116695.1	1	1	0	0	1	2	0
GCF_002116735.1	1	0	0	0	9	0	0
GCF_002117005.1	0	1	0	0	0	2	0
GCF_002117085.1	0	1	0	0	0	1	0
GCF_002117105.1	1	1	0	0	8	1	0
GCF_002117125.1	0	1	0	0	0	1	0
GCF_002117145.1	0	0	0	0	0	0	0
GCF_002117445.1	0	1	0	0	0	1	0
GCF_002118315.1	1	1	0	0	2	1	0
GCF_002119425.1	1	1	1	1	1	1	2
GCF_002119525.1	0	1	0	0	0	1	0
GCF_002119765.1	1	1	0	0	10	1	0
GCF_002120225.1	0	0	0	0	0	0	0
GCF_002127535.1	0	1	0	0	0	1	0
GCF_002127545.1	0	1	0	0	0	1	0
GCF_002127965.1	1	0	0	0	3	0	0
GCF_002128405.1	0	1	0	0	0	3	0
GCF_002128425.1	1	1	0	0	3	5	0
GCF_002135195.1	1	0	0	0	3	0	0
GCF_002135235.1	1	0	0	0	1	0	0
GCF_002139935.1	0	0	0	0	0	0	0
GCF_002142475.1	0	0	0	0	0	0	0
GCF_002148795.1	1	0	0	0	14	0	0
GCF_002148965.1	1	1	0	0	10	5	0
GCF_002149015.1	1	1	0	0	9	1	0
GCF_002149035.1	1	1	0	0	7	5	0
GCF_002149925.1	0	0	0	0	0	0	0
GCF_002150005.2	1	0	0	0	1	0	0
GCF_002150035.1	1	1	0	0	1	1	0
GCF_002150685.1	0	1	0	0	0	2	0
GCF_002150765.1	1	1	0	0	7	2	0
GCF_002150785.1	0	1	0	0	0	1	0
GCF_002150805.1	1	1	0	0	2	1	0
GCF_002150845.1	1	1	0	0	4	1	0
GCF_002153375.1	1	1	0	0	2	2	0
GCF_002153915.1	0	1	0	0	0	1	0
GCF_002154225.1	1	1	0	0	2	1	0
GCF_002154335.2	0	1	0	0	0	1	0
GCF_002154375.1	1	1	0	0	3	2	0
GCF_002154385.1	1	1	0	0	4	2	0
GCF_002154505.1	1	1	0	0	14	4	0
GCF_002154615.1	1	1	0	0	5	4	0
GCF_002155145.1	1	1	0	0	2	1	0
GCF_002155265.1	1	0	0	0	1	0	0
GCF_002155305.1	1	0	0	0	4	0	0
GCF_002155425.1	1	0	0	0	5	0	0
GCF_002155685.1	1	0	0	0	5	0	0
GCF_002155695.1	1	0	0	0	7	0	0
GCF_002155915.1	1	1	0	0	5	3	0
GCF_002155975.1	1	1	0	0	7	2	0
GCF_002156385.1	1	1	0	0	1	3	0
GCF_002156525.1	0	1	0	0	0	1	0
GCF_002156545.1	0	1	0	0	0	1	0
GCF_002156705.1	1	0	0	0	2	0	0
GCF_002156865.1	1	1	0	0	2	5	0
GCF_002156965.1	0	0	0	0	0	0	0
GCF_002157165.1	1	0	0	0	11	0	0
GCF_002157205.1	1	1	0	0	2	1	0
GCF_002157225.2	0	1	0	0	0	2	0
GCF_002157465.1	0	1	1	1	0	3	3
GCF_002157735.2	0	1	0	0	0	1	0
GCF_002157835.1	1	1	0	0	15	1	0
GCF_002157855.1	1	1	0	0	1	3	0
GCF_002157875.1	0	0	0	0	0	0	0
GCF_002157895.1	0	0	0	0	0	0	0
GCF_002158865.1	1	0	0	0	17	0	0
GCF_002158995.1	1	0	0	0	2	0	0
GCF_002159895.1	1	1	1	1	2	6	3
GCF_002160355.1	0	1	1	0	0	3	1
GCF_002160635.1	0	1	0	0	0	1	0
GCF_002160865.1	0	1	0	0	0	3	0
GCF_002162115.2	0	0	0	0	0	0	0
GCF_002162355.1	0	1	0	0	0	2	0
GCF_002162375.1	1	1	0	0	2	1	0
GCF_002163585.1	1	0	0	0	1	0	0
GCF_002165375.2	1	0	0	0	2	0	0
GCF_002165625.1	1	0	0	0	2	0	0
GCF_002167005.1	1	1	0	0	1	1	0
GCF_002173515.1	0	0	0	0	0	0	0
GCF_002173775.1	1	1	0	0	2	1	0
GCF_002174125.1	1	0	0	0	4	0	0
GCF_002174535.1	1	1	0	0	5	2	0
GCF_002177115.1	0	1	0	0	0	2	0
GCF_002177135.1	1	0	0	0	3	0	0
GCF_002179915.1	0	1	0	0	0	2	0
GCF_002189065.1	0	0	0	0	0	0	0
GCF_002189605.1	1	0	0	0	1	0	0
GCF_002192415.1	0	1	0	0	0	9	0
GCF_002192535.1	1	0	0	0	6	0	0
GCF_002197645.1	0	1	1	0	0	5	1
GCF_002197665.1	1	1	0	0	6	1	0
GCF_002197685.1	1	1	0	0	8	1	0
GCF_002197845.1	1	1	0	0	1	3	0
GCF_002198095.1	1	1	0	0	1	1	0
GCF_002198115.1	0	0	0	0	0	0	0
GCF_002200845.1	1	1	0	0	1	2	0
GCF_002200855.1	1	1	0	0	1	3	0
GCF_002200915.1	1	1	0	0	2	4	0
GCF_002201475.1	0	1	0	0	0	2	0
GCF_002201795.1	0	1	0	0	0	2	0
GCF_002204235.2	0	0	0	0	0	0	0
GCF_002204745.1	1	0	0	0	1	0	0
GCF_002204815.1	0	0	0	0	0	0	0
GCF_002204835.1	0	1	0	0	0	1	0
GCF_002205635.1	1	0	0	0	9	0	0
GCF_002205645.1	1	1	0	0	6	3	0
GCF_002205675.1	1	0	0	0	8	0	0
GCF_002205845.1	1	1	0	0	3	1	0
GCF_002206385.2	0	1	0	0	0	2	0
GCF_002206625.1	1	0	0	0	6	0	0
GCF_002206635.1	1	0	0	0	6	0	0
GCF_002207765.1	1	1	1	1	1	7	12
GCF_002207865.1	0	1	0	0	0	1	0
GCF_002208805.2	0	1	0	0	0	2	0
GCF_002208825.2	1	0	0	0	4	0	0
GCF_002209125.2	1	1	0	0	5	3	0
GCF_002209385.1	0	0	0	0	0	0	0
GCF_002209445.1	0	0	0	0	0	0	0
GCF_002209565.1	1	0	0	0	60	0	0
GCF_002210095.1	1	1	0	0	11	1	0
GCF_002210225.1	0	0	0	0	0	0	0
GCF_002210435.1	1	1	0	0	3	2	0
GCF_002211225.1	1	1	0	0	11	2	0
GCF_002211445.1	1	0	0	0	12	0	0
GCF_002211785.1	0	0	0	0	0	0	0
GCF_002213425.1	1	1	0	0	4	1	0
GCF_002214165.1	0	0	0	0	0	0	0
GCF_002214185.1	1	1	0	0	10	5	0
GCF_002214365.1	0	0	0	0	0	0	0
GCF_002214385.1	0	0	0	0	0	0	0
GCF_002214395.1	0	1	0	0	0	1	0
GCF_002214465.1	0	0	0	0	0	0	0
GCF_002214485.1	0	0	0	0	0	0	0
GCF_002214505.1	0	0	0	0	0	0	0
GCF_002214565.1	0	0	0	0	0	0	0
GCF_002214585.1	0	0	0	0	0	0	0
GCF_002214605.1	0	1	0	0	0	1	0
GCF_002214625.1	0	0	0	0	0	0	0
GCF_002214645.1	1	0	0	0	8	0	0
GCF_002215035.1	0	0	0	0	0	0	0
GCF_002215215.1	1	1	0	0	8	2	0
GCF_002215585.1	1	1	0	0	1	3	0
GCF_002216005.1	1	1	1	1	1	2	6
GCF_002216145.1	0	0	0	0	0	0	0
GCF_002216775.1	1	1	0	0	2	3	0
GCF_002216795.1	1	1	0	0	1	1	0
GCF_002216855.1	0	0	0	0	0	0	0
GCF_002217195.1	1	1	0	0	2	1	0
GCF_002217275.1	1	1	0	0	2	2	0
GCF_002217285.1	0	1	0	0	0	1	0
GCF_002217335.1	0	1	0	0	0	1	0
GCF_002217355.1	1	1	0	0	2	1	0
GCF_002217655.1	1	1	0	0	3	2	0
GCF_002217735.1	1	1	0	0	3	1	0
GCF_002217755.1	1	1	0	0	13	4	0
GCF_002217925.1	0	1	0	0	0	4	0
GCF_002217985.1	0	1	0	0	0	3	0
GCF_002218045.2	0	1	0	0	0	1	0
GCF_002220155.1	1	0	0	0	3	0	0
GCF_002220195.1	0	1	0	0	0	1	0
GCF_002220285.1	0	1	0	0	0	4	0
GCF_002220865.2	1	1	0	0	1	2	0
GCF_002221505.1	0	0	0	0	0	0	0
GCF_002221525.1	0	0	0	0	0	0	0
GCF_002222595.2	0	1	1	0	0	2	1
GCF_002222655.1	1	0	0	0	4	0	0
GCF_002224225.1	1	0	0	0	2	0	0
GCF_002224265.1	0	1	0	0	0	2	0
GCF_002224365.1	1	1	0	0	4	5	0
GCF_002224645.1	1	1	1	1	1	5	4
GCF_002233675.1	0	1	0	0	0	3	0
GCF_002233755.1	1	0	0	0	1	0	0
GCF_002234405.1	1	1	0	0	6	2	0
GCF_002234495.1	0	1	0	0	0	1	0
GCF_002234535.1	1	1	0	0	2	1	0
GCF_002234595.1	1	1	0	0	12	3	0
GCF_002234615.1	1	1	0	0	1	4	0
GCF_002234915.1	0	1	0	0	0	1	0
GCF_002237575.1	0	0	0	0	0	0	0
GCF_002237735.1	1	1	0	0	1	3	0
GCF_002237775.1	0	1	0	0	0	3	0
GCF_002238045.1	1	0	0	0	3	0	0
GCF_002238335.1	0	0	0	0	0	0	0
GCF_002240035.1	0	0	0	0	0	0	0
GCF_002240225.1	0	1	0	0	0	6	0
GCF_002240355.1	1	1	0	0	19	1	0
GCF_002240415.1	0	1	0	0	0	6	0
GCF_002242685.1	1	0	0	0	2	0	0
GCF_002242805.1	1	1	0	0	7	3	0
GCF_002243045.1	0	1	0	0	0	2	0
GCF_002243135.1	0	1	1	1	0	2	3
GCF_002243385.1	1	1	1	1	2	3	5
GCF_002243515.1	0	1	0	0	0	3	0
GCF_002243645.1	1	1	0	0	4	8	0
GCF_002245355.1	0	1	0	0	0	2	0
GCF_002245615.1	1	0	0	0	20	0	0
GCF_002245625.1	1	0	0	0	4	0	0
GCF_002245655.1	1	0	0	0	3	0	0
GCF_002245695.1	1	1	0	0	1	2	0
GCF_002250055.1	0	1	0	0	0	3	0
GCF_002250565.1	0	1	0	0	0	1	0
GCF_002250625.1	1	1	0	0	3	1	0
GCF_002250655.1	1	1	0	0	18	1	0
GCF_002250835.2	0	1	1	0	0	5	1
GCF_002251085.2	0	1	1	0	0	5	1
GCF_002251735.1	1	1	0	0	3	2	0
GCF_002251755.1	1	0	0	0	10	0	0
GCF_002251775.1	0	1	0	0	0	1	0
GCF_002251795.1	1	1	0	0	6	2	0
GCF_002251835.1	0	1	0	0	0	1	0
GCF_002252325.1	0	0	0	0	0	0	0
GCF_002252445.1	1	1	0	0	4	4	0
GCF_002252475.1	1	1	0	0	4	2	0
GCF_002252505.1	1	1	0	0	3	2	0
GCF_002252535.1	1	1	0	0	4	4	0
GCF_002252565.1	0	1	1	1	0	5	5
GCF_002252705.1	0	1	0	0	0	1	0
GCF_002252985.1	1	0	0	0	2	0	0
GCF_002257545.1	0	1	0	0	0	1	0
GCF_002257585.1	0	1	0	0	0	2	0
GCF_002257665.1	1	1	0	0	1	1	0
GCF_002258215.1	1	1	0	0	2	1	0
GCF_002259525.1	0	0	0	0	0	0	0
GCF_002259585.1	0	0	0	0	0	0	0
GCF_002259605.1	0	1	0	0	0	1	0
GCF_002259645.1	0	0	0	0	0	0	0
GCF_002259705.1	0	0	0	0	0	0	0
GCF_002259745.1	0	1	0	0	0	1	0
GCF_002259755.1	0	1	0	0	0	2	0
GCF_002259795.1	0	0	0	0	0	0	0
GCF_002260845.1	0	1	0	0	0	1	0
GCF_002261115.1	1	1	0	0	5	2	0
GCF_002262875.1	1	1	0	0	2	1	0
GCF_002262935.1	1	1	0	0	1	1	0
GCF_002263495.1	1	1	0	0	2	1	0
GCF_002263515.1	1	1	0	0	3	1	0
GCF_002265435.1	1	0	0	0	1	0	0
GCF_002266285.1	0	1	0	0	0	3	0
GCF_002266435.3	1	0	0	0	18	0	0
GCF_002266855.1	0	1	0	0	0	1	0
GCF_002268635.1	1	1	0	0	1	2	0
GCF_002269345.1	1	0	0	0	3	0	0
GCF_002269385.1	0	1	0	0	0	1	0
GCF_002269685.1	0	1	0	0	0	2	0
GCF_002270055.1	1	1	1	1	2	8	13
GCF_002270415.1	1	1	0	0	10	4	0
GCF_002270465.1	0	1	1	1	0	6	2
GCF_002272015.1	0	1	0	0	0	6	0
GCF_002272945.1	0	0	0	0	0	0	0
GCF_002277935.1	0	1	0	0	0	3	0
GCF_002277955.1	0	1	0	0	0	2	0
GCF_002278015.2	0	1	0	0	0	2	0
GCF_002278035.1	1	1	0	0	6	3	0
GCF_002278075.1	1	1	0	0	16	1	0
GCF_002278135.3	1	0	0	0	20	0	0
GCF_002282855.1	1	1	0	0	4	1	0
GCF_002282895.1	0	1	0	0	0	1	0
GCF_002283365.1	0	1	0	0	0	2	0
GCF_002284535.1	1	1	0	0	5	2	0
GCF_002284575.1	1	1	0	0	7	2	0
GCF_002285125.1	0	0	0	0	0	0	0
GCF_002285415.1	1	1	0	0	7	1	0
GCF_002285435.1	1	0	0	0	1	0	0
GCF_002285495.1	0	1	0	0	0	3	0
GCF_002285515.1	0	0	0	0	0	0	0
GCF_002285575.1	0	1	0	0	0	1	0
GCF_002285635.2	0	1	0	0	0	2	0
GCF_002285715.1	1	0	0	0	25	0	0
GCF_002285935.1	1	1	1	0	1	2	1
GCF_002286915.1	1	1	0	0	1	1	0
GCF_002286935.1	1	1	0	0	1	1	0
GCF_002286965.1	1	0	0	0	1	0	0
GCF_002286975.1	1	0	0	0	5	0	0
GCF_002286985.1	1	0	0	0	2	0	0
GCF_002287065.1	1	0	0	0	4	0	0
GCF_002287075.1	1	0	0	0	1	0	0
GCF_002287175.1	0	1	0	0	0	1	0
GCF_002287195.1	0	1	0	0	0	1	0
GCF_002287235.1	0	1	0	0	0	1	0
GCF_002287375.1	1	1	0	0	1	3	0
GCF_002287885.2	1	0	0	0	1	0	0
GCF_002287965.1	0	0	0	0	0	0	0
GCF_002288005.1	1	0	0	0	2	0	0
GCF_002288065.1	0	0	0	0	0	0	0
GCF_002288145.1	1	0	0	0	2	0	0
GCF_002288185.1	0	1	0	0	0	1	0
GCF_002288285.1	1	0	0	0	1	0	0
GCF_002288305.1	0	0	0	0	0	0	0
GCF_002288325.1	0	0	0	0	0	0	0
GCF_002288365.1	0	1	0	0	0	1	0
GCF_002288525.1	1	1	0	0	3	1	0
GCF_002288545.1	0	1	0	0	0	2	0
GCF_002288825.1	1	0	0	0	2	0	0
GCF_002288875.1	1	1	0	0	6	1	0
GCF_002289455.1	0	1	0	0	0	1	0
GCF_002290025.1	0	1	0	0	0	3	0
GCF_002290085.1	0	0	0	0	0	0	0
GCF_002290485.1	1	1	1	0	3	1	1
GCF_002291425.1	1	1	0	0	1	1	0
GCF_002291445.1	1	0	0	0	2	0	0
GCF_002295105.1	1	1	0	0	1	2	0
GCF_002300525.1	0	0	0	0	0	0	0
GCF_002300555.2	1	0	0	0	7	0	0
GCF_002302415.1	0	0	0	0	0	0	0
GCF_002302475.1	0	0	0	0	0	0	0
GCF_002302495.1	0	0	0	0	0	0	0
GCF_002302565.1	0	0	0	0	0	0	0
GCF_002302635.1	0	0	0	0	0	0	0
GCF_002305855.1	1	0	0	0	1	0	0
GCF_002305895.1	1	1	0	0	1	1	0
GCF_002307495.1	1	0	0	0	2	0	0
GCF_002309535.1	0	1	1	0	0	2	1
GCF_002310495.1	1	1	0	0	1	1	0
GCF_002310795.1	0	1	0	0	0	1	0
GCF_002310835.1	0	1	0	0	0	1	0
GCF_002310855.1	0	0	0	0	0	0	0
GCF_002312815.1	1	1	0	0	2	1	0
GCF_002327105.1	1	0	0	0	1	0	0
GCF_002327145.1	1	1	0	0	2	2	0
GCF_002327205.1	1	1	0	0	1	4	0
GCF_002332425.1	1	1	0	0	1	1	0
GCF_002335445.1	0	1	1	0	0	1	1
GCF_002335745.1	1	1	0	0	2	3	0
GCF_002335815.1	1	1	0	0	3	2	0
GCF_002343915.1	1	1	0	0	2	1	0
GCF_002351485.1	1	0	0	0	2	0	0
GCF_002352765.1	1	1	0	0	2	4	0
GCF_002354875.1	1	1	0	0	3	2	0
GCF_002355155.1	0	0	0	0	0	0	0
GCF_002355215.1	0	0	0	0	0	0	0
GCF_002355275.1	1	0	0	0	23	0	0
GCF_002355335.1	1	0	0	0	21	0	0
GCF_002355375.1	1	0	0	0	2	0	0
GCF_002355415.1	1	0	0	0	3	0	0
GCF_002355435.1	0	1	0	0	0	2	0
GCF_002355475.1	1	0	0	0	3	0	0
GCF_002355535.1	1	1	0	0	2	1	0
GCF_002355595.1	1	0	0	0	2	0	0
GCF_002355635.1	1	0	0	0	3	0	0
GCF_002355735.1	0	1	0	0	0	1	0
GCF_002355775.1	1	0	0	0	11	0	0
GCF_002355855.1	1	0	0	0	4	0	0
GCF_002355955.1	0	0	0	0	0	0	0
GCF_002355975.1	1	0	0	0	1	0	0
GCF_002356115.1	0	0	0	0	0	0	0
GCF_002356295.1	0	1	1	0	0	1	1
GCF_002356315.1	1	0	0	0	16	0	0
GCF_002356335.1	1	1	0	0	3	1	0
GCF_002356535.2	1	0	0	0	12	0	0
GCF_002356555.2	0	1	0	0	0	1	0
GCF_002358085.1	1	1	0	0	2	1	0
GCF_002362315.1	1	1	0	0	11	1	0
GCF_002368115.1	0	0	0	0	0	0	0
GCF_002369955.1	0	0	0	0	0	0	0
GCF_002370195.2	1	1	0	0	2	1	0
GCF_002370525.2	1	0	0	0	3	0	0
GCF_002374275.1	1	0	0	0	8	0	0
GCF_002374315.1	1	0	0	0	3	0	0
GCF_002374835.1	1	1	0	0	4	1	0
GCF_002374855.1	1	1	0	0	5	1	0
GCF_002381345.1	0	0	0	0	0	0	0
GCF_002393445.1	1	1	1	0	2	2	1
GCF_002393505.1	1	1	0	0	1	1	0
GCF_002407065.1	1	1	0	0	1	2	0
GCF_002407185.1	1	1	0	0	1	1	0
GCF_002407265.1	0	0	0	0	0	0	0
GCF_002407485.1	1	1	0	0	2	1	0
GCF_002412335.2	0	1	0	0	0	1	0
GCF_002441655.1	0	1	0	0	0	3	0
GCF_002441695.1	0	1	0	0	0	2	0
GCF_002441855.2	1	1	0	0	1	4	0
GCF_002441885.1	0	1	0	0	0	2	0
GCF_002441935.1	0	0	0	0	0	0	0
GCF_002442935.1	0	1	0	0	0	2	0
GCF_002443295.1	0	1	1	1	0	6	7
GCF_002464935.1	1	0	0	0	1	0	0
GCF_002494345.1	1	0	0	0	3	0	0
GCF_002499975.2	1	1	0	0	1	2	0
GCF_002504085.1	1	0	0	0	12	0	0
GCF_002504165.1	1	0	0	0	2	0	0
GCF_002514725.1	1	1	0	0	4	1	0
GCF_002514735.1	1	0	0	0	1	0	0
GCF_002529485.1	1	1	0	0	5	3	0
GCF_002531755.2	1	1	0	0	1	2	0
GCF_002531935.1	1	1	0	0	4	1	0
GCF_002532075.1	1	0	0	0	4	0	0
GCF_002532535.1	1	0	0	0	3	0	0
GCF_002549795.1	1	0	0	0	1	0	0
GCF_002554705.1	1	0	0	0	1	0	0
GCF_002554795.1	1	0	0	0	1	0	0
GCF_002557795.1	0	1	0	0	0	1	0
GCF_002563675.1	1	1	0	0	2	3	0
GCF_002563695.1	1	1	0	0	4	1	0
GCF_002563715.1	1	1	0	0	1	1	0
GCF_002563855.1	1	1	0	0	32	1	0
GCF_002563925.1	1	1	0	0	1	2	0
GCF_002564005.1	0	1	0	0	0	1	0
GCF_002564025.1	0	0	0	0	0	0	0
GCF_002564045.1	1	1	0	0	8	3	0
GCF_002568625.1	1	1	0	0	5	5	0
GCF_002573965.1	1	1	0	0	9	1	0
GCF_002583405.1	0	1	0	0	0	2	0
GCF_002591335.1	1	1	0	0	7	2	0
GCF_002591785.1	1	1	0	0	4	3	0
GCF_002591895.1	1	1	0	0	1	3	0
GCF_002591975.1	1	0	0	0	25	0	0
GCF_002592005.1	1	0	0	0	18	0	0
GCF_002607735.1	1	1	1	1	2	1	2
GCF_002607855.1	0	1	1	1	0	3	4
GCF_002608105.1	0	1	0	0	0	1	0
GCF_002614725.1	0	1	0	0	0	2	0
GCF_002631185.1	1	0	0	0	23	0	0
GCF_002631205.1	0	1	0	0	0	1	0
GCF_002632485.1	0	1	0	0	0	1	0
GCF_002632595.1	0	0	0	0	0	0	0
GCF_002632615.1	0	1	0	0	0	1	0
GCF_002632755.1	0	1	0	0	0	1	0
GCF_002632825.1	0	0	0	0	0	0	0
GCF_002632875.1	0	1	0	0	0	1	0
GCF_002646595.1	1	1	0	0	1	2	0
GCF_002688585.1	1	0	0	0	1	0	0
GCF_002688605.1	1	1	0	0	1	4	0
GCF_002706425.1	0	1	0	0	0	1	0
GCF_002706665.1	1	1	0	0	1	1	0
GCF_002706745.1	0	1	0	0	0	2	0
GCF_002706795.1	0	1	0	0	0	2	0
GCF_002715865.1	0	1	0	0	0	3	0
GCF_002723955.1	0	1	0	0	0	3	0
GCF_002723995.1	0	1	0	0	0	2	0
GCF_002724055.1	0	1	1	1	0	6	3
GCF_002727065.1	1	1	0	0	10	1	0
GCF_002727125.1	1	0	0	0	1	0	0
GCF_002727185.1	0	1	0	0	0	1	0
GCF_002734215.1	1	1	0	0	4	7	0
GCF_002735305.1	1	1	1	1	1	2	2
GCF_002735925.1	0	1	0	0	0	3	0
GCF_002736065.1	1	0	0	0	4	0	0
GCF_002738225.1	1	1	0	0	2	1	0
GCF_002741015.1	1	1	0	0	5	2	0
GCF_002741055.1	0	1	0	0	0	6	0
GCF_002742285.1	1	1	0	0	1	2	0
GCF_002742385.2	0	0	0	0	0	0	0
GCF_002744715.1	1	1	0	0	7	1	0
GCF_002744735.1	1	0	0	0	2	0	0
GCF_002744755.1	0	1	0	0	0	1	0
GCF_002746455.1	0	1	0	0	0	4	0
GCF_002749495.1	1	0	0	0	3	0	0
GCF_002749615.1	1	1	0	0	5	2	0
GCF_002749675.1	0	0	0	0	0	0	0
GCF_002749895.1	0	1	0	0	0	1	0
GCF_002749945.1	1	1	1	1	2	10	11
GCF_002750855.1	1	0	0	0	8	0	0
GCF_002751875.1	1	1	0	0	1	1	0
GCF_002752675.1	1	1	0	0	3	2	0
GCF_002754935.1	0	0	0	0	0	0	0
GCF_002760615.1	1	1	0	0	4	1	0
GCF_002760655.1	1	1	0	0	6	2	0
GCF_002760665.1	1	1	0	0	4	2	0
GCF_002761235.1	1	1	0	0	1	1	0
GCF_002761295.1	0	1	0	0	0	1	0
GCF_002761755.1	1	1	0	0	4	3	0
GCF_002761955.1	0	1	1	1	0	2	2
GCF_002762215.1	1	0	0	0	7	0	0
GCF_002762335.1	0	1	0	0	0	2	0
GCF_002763455.1	1	1	0	0	2	1	0
GCF_002764115.1	1	1	0	0	2	1	0
GCF_002770595.1	0	1	0	0	0	3	0
GCF_002770725.1	0	1	0	0	0	6	0
GCF_002776555.1	0	0	0	0	0	0	0
GCF_002776695.1	1	0	0	0	19	0	0
GCF_002777255.1	1	1	1	1	5	4	4
GCF_002777965.1	1	1	1	1	2	1	2
GCF_002786295.1	1	0	1	0	6	0	1
GCF_002786325.1	1	0	0	0	16	0	0
GCF_002787055.1	0	0	0	0	0	0	0
GCF_002788215.1	0	0	0	0	0	0	0
GCF_002794255.1	1	1	0	0	2	2	0
GCF_002795245.1	1	0	0	0	24	0	0
GCF_002795265.1	0	0	0	0	0	0	0
GCF_002795305.1	0	1	0	0	0	1	0
GCF_002795405.1	0	0	0	0	0	0	0
GCF_002795425.1	0	1	0	0	0	1	0
GCF_002795805.1	0	0	0	0	0	0	0
GCF_002795825.1	0	0	0	0	0	0	0
GCF_002795845.1	1	1	0	0	1	1	0
GCF_002795865.1	1	0	0	0	3	0	0
GCF_002796605.1	1	1	0	0	7	1	0
GCF_002796795.1	1	1	0	0	2	1	0
GCF_002797355.1	0	1	0	0	0	2	0
GCF_002797395.1	0	1	0	0	0	2	0
GCF_002797415.1	0	1	0	0	0	1	0
GCF_002797495.1	1	1	0	0	8	1	0
GCF_002797535.1	0	1	0	0	0	3	0
GCF_002797555.1	1	0	0	0	1	0	0
GCF_002797575.1	1	0	0	0	6	0	0
GCF_002797675.1	0	1	0	0	0	1	0
GCF_002797685.1	1	1	0	0	2	1	0
GCF_002797715.1	1	0	0	0	2	0	0
GCF_002797735.1	0	1	0	0	0	1	0
GCF_002797755.1	1	0	0	0	6	0	0
GCF_002797775.1	1	1	0	0	3	1	0
GCF_002797815.1	0	0	0	0	0	0	0
GCF_002797855.1	1	1	0	0	3	1	0
GCF_002797875.1	0	1	0	0	0	1	0
GCF_002797915.1	1	1	0	0	1	2	0
GCF_002797975.1	1	1	1	1	1	9	2
GCF_002798015.1	0	0	0	0	0	0	0
GCF_002798305.1	1	0	0	0	1	0	0
GCF_002798405.1	0	1	0	0	0	3	0
GCF_002802865.1	0	1	0	0	0	1	0
GCF_002802875.1	0	1	0	0	0	1	0
GCF_002802905.1	0	1	0	0	0	1	0
GCF_002802915.1	0	1	0	0	0	1	0
GCF_002802965.1	0	1	0	0	0	2	0
GCF_002802985.1	1	0	0	0	7	0	0
GCF_002803295.2	0	0	0	0	0	0	0
GCF_002803515.1	0	0	0	0	0	0	0
GCF_002803535.1	1	1	0	0	3	2	0
GCF_002803845.1	1	1	0	0	5	2	0
GCF_002803985.1	0	0	0	0	0	0	0
GCF_002804005.1	0	0	0	0	0	0	0
GCF_002804025.1	0	0	0	0	0	0	0
GCF_002804065.1	1	1	0	0	6	1	0
GCF_002804105.1	0	0	0	0	0	0	0
GCF_002804205.1	0	0	0	0	0	0	0
GCF_002804245.1	0	0	0	0	0	0	0
GCF_002806945.1	1	1	0	0	1	1	0
GCF_002806975.1	1	0	0	0	8	0	0
GCF_002806995.1	0	1	0	0	0	1	0
GCF_002807015.1	0	1	0	0	0	1	0
GCF_002807035.1	0	0	0	0	0	0	0
GCF_002807055.1	0	1	0	0	0	1	0
GCF_002807665.1	0	1	0	0	0	2	0
GCF_002807685.1	0	1	0	0	0	1	0
GCF_002811195.1	1	1	0	0	1	3	0
GCF_002811245.1	0	1	0	0	0	1	0
GCF_002811475.1	1	1	0	0	1	1	0
GCF_002811765.1	1	1	0	0	1	1	0
GCF_002811875.1	1	1	0	0	1	1	0
GCF_002811925.1	1	1	0	0	1	1	0
GCF_002811945.1	1	0	0	0	1	0	0
GCF_002811955.2	1	0	0	0	1	0	0
GCF_002811985.1	1	1	0	0	1	1	0
GCF_002812085.1	1	0	0	0	1	0	0
GCF_002812205.1	1	1	0	0	1	1	0
GCF_002812225.1	1	1	0	0	1	1	0
GCF_002812485.1	1	1	0	0	2	1	0
GCF_002812705.1	1	0	0	0	23	0	0
GCF_002812985.1	0	1	0	0	0	1	0
GCF_002813205.1	0	1	0	0	0	1	0
GCF_002813245.1	1	0	0	0	12	0	0
GCF_002813375.1	1	0	1	1	16	0	2
GCF_002813445.1	1	0	0	0	7	0	0
GCF_002813455.1	1	0	0	0	4	0	0
GCF_002813555.1	0	0	0	0	0	0	0
GCF_002813575.1	1	1	0	0	1	1	0
GCF_002813695.1	0	1	0	0	0	1	0
GCF_002813755.1	0	1	0	0	0	3	0
GCF_002813775.1	0	0	0	0	0	0	0
GCF_002817655.1	0	0	0	0	0	0	0
GCF_002831565.1	0	0	0	0	0	0	0
GCF_002833365.1	0	1	0	0	0	1	0
GCF_002834145.1	1	0	0	0	4	0	0
GCF_002834295.1	1	1	0	0	1	1	0
GCF_002835605.1	1	0	0	0	3	0	0
GCF_002835735.1	1	1	0	0	8	5	0
GCF_002835805.1	0	1	0	0	0	1	0
GCF_002836945.1	0	1	0	0	0	2	0
GCF_002837135.1	0	0	0	0	0	0	0
GCF_002837145.1	1	0	0	0	4	0	0
GCF_002838765.1	0	0	0	0	0	0	0
GCF_002843175.1	0	1	0	0	0	1	0
GCF_002843305.1	1	1	0	0	3	3	0
GCF_002843315.1	1	1	1	0	3	2	1
GCF_002843355.2	0	1	0	0	0	1	0
GCF_002843425.1	1	1	0	0	2	1	0
GCF_002843565.1	0	0	0	0	0	0	0
GCF_002844195.1	1	0	0	0	5	0	0
GCF_002844235.1	1	1	0	0	4	1	0
GCF_002844275.1	1	1	0	0	4	1	0
GCF_002844375.1	1	1	0	0	5	2	0
GCF_002844395.1	0	1	1	1	0	5	2
GCF_002844535.1	0	1	0	0	0	2	0
GCF_002844555.1	1	0	0	0	1	0	0
GCF_002844575.1	1	1	0	0	1	3	0
GCF_002845745.1	1	1	0	0	3	2	0
GCF_002846365.1	1	0	0	0	12	0	0
GCF_002846395.1	1	1	0	0	1	1	0
GCF_002846475.1	1	1	0	0	15	1	0
GCF_002846495.1	1	1	0	0	3	1	0
GCF_002846575.1	0	1	0	0	0	1	0
GCF_002846655.1	0	1	0	0	0	1	0
GCF_002847305.1	1	1	0	0	2	1	0
GCF_002847445.1	1	1	0	0	6	1	0
GCF_002847505.1	0	0	0	0	0	0	0
GCF_002847645.1	0	1	0	0	0	1	0
GCF_002847845.2	0	1	0	0	0	2	0
GCF_002848365.2	1	0	0	0	1	0	0
GCF_002849615.1	1	0	0	0	34	0	0
GCF_002849655.1	1	0	0	0	26	0	0
GCF_002849715.1	1	1	0	0	6	1	0
GCF_002849795.1	0	1	0	0	0	1	0
GCF_002849835.1	1	1	0	0	3	5	0
GCF_002849855.1	0	1	0	0	0	1	0
GCF_002849875.1	0	1	0	0	0	2	0
GCF_002849895.1	0	1	0	0	0	3	0
GCF_002850495.1	0	0	0	0	0	0	0
GCF_002850605.1	0	0	0	0	0	0	0
GCF_002850745.1	1	1	0	0	5	4	0
GCF_002858675.1	1	1	0	0	1	1	0
GCF_002858715.1	1	0	0	0	2	0	0
GCF_002858805.1	1	0	0	0	1	0	0
GCF_002858925.1	1	0	0	0	7	0	0
GCF_002858935.1	1	1	0	0	1	1	0
GCF_002860125.1	1	1	0	0	1	6	0
GCF_002860345.1	1	1	0	0	1	1	0
GCF_002860355.1	0	1	0	0	0	1	0
GCF_002860365.1	0	1	0	0	0	1	0
GCF_002860685.3	0	1	0	0	0	1	0
GCF_002861525.1	0	1	0	0	0	1	0
GCF_002863865.1	1	0	0	0	4	0	0
GCF_002864045.1	1	1	0	0	3	1	0
GCF_002864175.1	0	1	0	0	0	4	0
GCF_002864685.1	1	0	0	0	12	0	0
GCF_002865545.1	0	1	0	0	0	1	0
GCF_002865605.1	1	1	0	0	2	1	0
GCF_002865995.1	1	1	1	1	1	4	3
GCF_002866825.1	1	0	0	0	18	0	0
GCF_002866925.1	1	1	0	0	3	1	0
GCF_002868715.1	1	0	0	0	6	0	0
GCF_002868735.1	1	1	1	0	15	1	1
GCF_002869505.1	1	1	0	0	6	1	0
GCF_002869745.1	1	1	0	0	5	1	0
GCF_002869765.1	0	1	0	0	0	2	0
GCF_002870965.1	1	0	0	0	9	0	0
GCF_002871005.1	1	1	0	0	10	1	0
GCF_002871095.1	0	0	0	0	0	0	0
GCF_002871895.1	0	1	0	0	0	2	0
GCF_002871975.1	0	0	0	0	0	0	0
GCF_002871995.2	0	1	0	0	0	3	0
GCF_002872255.1	0	1	0	0	0	3	0
GCF_002872415.1	1	1	0	0	1	1	0
GCF_002872475.1	1	0	0	0	4	0	0
GCF_002874535.1	1	1	0	0	1	2	0
GCF_002874775.1	0	1	1	1	0	2	2
GCF_002877605.2	0	1	0	0	0	2	0
GCF_002879535.1	1	1	0	0	5	2	0
GCF_002879615.1	1	0	0	0	8	0	0
GCF_002879885.1	1	1	0	0	8	1	0
GCF_002884445.1	0	1	0	0	0	6	0
GCF_002884495.1	1	1	0	0	2	1	0
GCF_002885975.1	1	1	0	0	3	1	0
GCF_002886045.1	1	1	0	0	3	1	0
GCF_002886185.1	0	1	0	0	0	2	0
GCF_002886255.1	1	1	0	0	3	2	0
GCF_002887555.1	1	1	0	0	2	2	0
GCF_002887615.1	0	1	0	0	0	1	0
GCF_002887775.1	0	1	0	0	0	1	0
GCF_002891025.1	0	1	1	0	0	9	1
GCF_002891295.1	1	1	0	0	5	1	0
GCF_002891435.1	1	1	0	0	6	2	0
GCF_002892185.1	1	1	0	0	5	1	0
GCF_002892535.1	1	0	0	0	1	0	0
GCF_002893625.1	1	1	0	0	5	3	0
GCF_002893765.1	1	1	0	0	2	2	0
GCF_002894645.1	1	1	0	0	1	1	0
GCF_002895005.1	0	0	0	0	0	0	0
GCF_002895435.1	0	1	0	0	0	3	0
GCF_002895525.1	0	1	0	0	0	4	0
GCF_002895565.1	0	1	0	0	0	4	0
GCF_002895605.1	0	1	0	0	0	4	0
GCF_002895925.1	1	1	0	0	1	2	0
GCF_002895945.1	0	0	0	0	0	0	0
GCF_002896855.1	0	1	1	1	0	9	2
GCF_002896965.1	1	1	0	0	14	2	0
GCF_002897135.1	0	1	0	0	0	1	0
GCF_002897375.1	1	1	0	0	1	2	0
GCF_002899695.1	1	1	1	0	3	4	1
GCF_002899825.2	1	1	0	0	1	2	0
GCF_002899895.1	0	1	0	0	0	2	0
GCF_002899945.2	1	1	0	0	1	2	0
GCF_002900965.1	1	1	0	0	3	1	0
GCF_002900975.1	1	1	0	0	2	1	0
GCF_002901445.1	1	1	0	0	1	2	0
GCF_002902145.1	0	1	0	0	0	1	0
GCF_002902305.1	0	1	0	0	0	3	0
GCF_002902845.1	1	1	0	0	2	1	0
GCF_002902925.1	1	1	0	0	28	3	0
GCF_002902965.1	1	1	0	0	36	2	0
GCF_002904165.1	0	1	0	0	0	3	0
GCF_002906155.1	1	0	0	0	5	0	0
GCF_002906165.1	1	0	0	0	8	0	0
GCF_002906215.1	0	0	0	0	0	0	0
GCF_002906255.1	0	1	0	0	0	2	0
GCF_002906475.1	0	1	0	0	0	1	0
GCF_002906575.1	1	0	0	0	4	0	0
GCF_002906655.1	0	1	0	0	0	1	0
GCF_002909235.1	0	0	0	0	0	0	0
GCF_002909255.1	0	0	0	0	0	0	0
GCF_002909375.1	0	1	0	0	0	3	0
GCF_002909415.1	1	1	0	0	3	3	0
GCF_002911015.1	1	1	0	0	5	2	0
GCF_002911665.1	1	1	0	0	3	1	0
GCF_002911695.1	0	1	0	0	0	1	0
GCF_002915175.1	1	1	0	0	2	1	0
GCF_002915575.1	0	1	1	0	0	3	1
GCF_002916695.1	1	1	1	1	3	2	2
GCF_002916915.1	0	1	0	0	0	2	0
GCF_002917105.1	1	1	0	0	10	1	0
GCF_002917885.1	0	1	0	0	0	1	0
GCF_002917925.1	1	1	0	0	15	1	0
GCF_002920895.1	1	1	0	0	2	1	0
GCF_002920915.1	0	0	0	0	0	0	0
GCF_002921145.1	0	0	0	0	0	0	0
GCF_002924365.1	1	1	0	0	2	1	0
GCF_002924445.1	1	0	0	0	20	0	0
GCF_002924615.1	0	1	0	0	0	8	0
GCF_002924625.1	0	1	0	0	0	2	0
GCF_002925705.1	1	1	0	0	11	2	0
GCF_002925845.1	1	0	0	0	6	0	0
GCF_002926065.1	1	1	0	0	1	5	0
GCF_002927275.1	1	1	0	0	1	1	0
GCF_002927635.1	1	1	0	0	1	1	0
GCF_002929725.1	1	1	0	0	1	2	0
GCF_002930105.1	1	0	0	0	5	0	0
GCF_002930125.1	0	0	0	0	0	0	0
GCF_002930145.1	0	0	0	0	0	0	0
GCF_002930155.1	0	0	0	0	0	0	0
GCF_002930195.1	0	0	0	0	0	0	0
GCF_002930615.1	1	0	0	0	4	0	0
GCF_002930645.1	1	0	0	0	8	0	0
GCF_002933275.1	1	0	0	0	2	0	0
GCF_002933345.1	0	0	0	0	0	0	0
GCF_002933875.1	1	1	1	1	1	3	4
GCF_002934005.1	0	1	0	0	0	1	0
GCF_002934265.1	1	1	0	0	3	2	0
GCF_002934445.1	0	1	0	0	0	1	0
GCF_002934455.1	1	1	0	0	15	2	0
GCF_002934545.1	1	1	1	1	1	8	2
GCF_002934605.1	0	1	0	0	0	1	0
GCF_002934625.1	1	0	0	0	1	0	0
GCF_002934635.1	1	1	0	0	3	2	0
GCF_002934665.1	1	0	0	0	8	0	0
GCF_002934685.1	1	0	0	0	16	0	0
GCF_002936955.1	0	0	0	0	0	0	0
GCF_002936985.1	1	1	0	0	3	1	0
GCF_002937075.1	1	1	1	1	1	3	4
GCF_002937115.1	1	1	1	1	31	3	2
GCF_002938425.1	1	0	0	0	3	0	0
GCF_002939475.1	1	1	0	0	3	2	0
GCF_002939785.1	0	0	0	0	0	0	0
GCF_002940045.1	0	0	0	0	0	0	0
GCF_002940065.1	0	0	0	0	0	0	0
GCF_002940745.1	0	1	0	0	0	1	0
GCF_002943415.1	1	0	0	0	1	0	0
GCF_002943425.1	0	0	0	0	0	0	0
GCF_002943495.1	1	1	0	0	2	4	0
GCF_002943565.1	1	1	0	0	6	1	0
GCF_002943715.1	0	1	0	0	0	1	0
GCF_002943755.1	0	1	0	0	0	1	0
GCF_002945325.1	0	1	1	1	0	2	2
GCF_002946355.1	1	1	0	0	2	5	0
GCF_002946835.1	1	1	0	0	12	1	0
GCF_002949635.1	1	0	0	0	4	0	0
GCF_002950395.1	1	1	0	0	2	1	0
GCF_002950575.1	1	0	0	0	2	0	0
GCF_002951615.1	1	1	0	0	1	1	0
GCF_002951835.1	0	0	0	0	0	0	0
GCF_002951935.1	0	1	0	0	0	4	0
GCF_002952055.1	0	1	0	0	0	1	0
GCF_002952315.1	0	0	0	0	0	0	0
GCF_002952775.1	1	0	0	0	2	0	0
GCF_002953195.1	1	1	0	0	1	1	0
GCF_002953735.1	0	0	0	0	0	0	0
GCF_002954225.1	1	1	0	0	2	1	0
GCF_002954245.1	1	1	0	0	6	2	0
GCF_002954265.1	0	1	0	0	0	2	0
GCF_002954325.1	0	1	0	0	0	1	0
GCF_002954445.1	0	0	0	0	0	0	0
GCF_002954455.1	0	1	0	0	0	1	0
GCF_002954545.1	0	0	0	0	0	0	0
GCF_002954665.1	0	1	0	0	0	1	0
GCF_002954685.1	0	0	0	0	0	0	0
GCF_002954715.1	0	1	0	0	0	1	0
GCF_002954725.1	0	1	0	0	0	1	0
GCF_002954765.1	0	1	0	0	0	1	0
GCF_002954775.1	1	1	0	0	14	3	0
GCF_002959775.1	0	1	0	0	0	1	0
GCF_002959855.1	0	1	0	0	0	1	0
GCF_002959895.1	0	1	0	0	0	1	0
GCF_002959935.1	0	1	0	0	0	1	0
GCF_002964605.1	0	1	0	0	0	6	0
GCF_002964845.1	1	1	0	0	2	1	0
GCF_002964965.1	0	1	0	0	0	1	0
GCF_002966125.1	0	1	0	0	0	1	0
GCF_002968575.1	1	1	0	0	1	3	0
GCF_002968635.1	1	1	0	0	2	2	0
GCF_002968815.1	1	1	0	0	5	2	0
GCF_002968995.1	0	0	0	0	0	0	0
GCF_002970975.1	1	0	0	0	4	0	0
GCF_002973535.1	1	1	0	0	2	2	0
GCF_002973595.1	0	1	0	0	0	1	0
GCF_002973605.1	0	1	0	0	0	4	0
GCF_002975205.1	1	1	0	0	6	4	0
GCF_002976435.1	1	1	0	0	2	1	0
GCF_002980495.1	1	1	0	0	4	1	0
GCF_002980525.1	1	1	0	0	2	1	0
GCF_002980575.1	1	1	0	0	2	1	0
GCF_002980595.1	1	0	0	0	6	0	0
GCF_002980625.1	1	0	0	0	3	0	0
GCF_002982015.1	1	1	0	0	3	2	0
GCF_002982075.1	1	1	0	0	4	4	0
GCF_002982115.1	1	1	0	0	2	2	0
GCF_002982315.1	1	0	0	0	2	0	0
GCF_002983865.1	1	1	0	0	2	1	0
GCF_002993285.1	1	0	0	0	4	0	0
GCF_002993325.1	0	1	0	0	0	1	0
GCF_002993335.1	0	1	0	0	0	1	0
GCF_002993365.1	0	1	0	0	0	2	0
GCF_002993885.1	1	0	0	0	18	0	0
GCF_002993925.1	0	1	0	0	0	1	0
GCF_002993965.1	0	0	0	0	0	0	0
GCF_002994005.1	0	0	0	0	0	0	0
GCF_002994045.1	0	1	0	0	0	1	0
GCF_002994635.1	1	1	0	0	2	1	0
GCF_002995495.1	1	1	0	0	20	1	0
GCF_002995745.1	0	1	0	0	0	6	0
GCF_002995785.1	1	1	1	1	1	7	3
GCF_002995795.1	1	1	1	1	1	4	2
GCF_002995805.1	0	1	1	1	0	5	7
GCF_002995845.1	0	1	1	1	0	4	3
GCF_002998295.1	0	1	0	0	0	1	0
GCF_002998435.1	0	1	0	0	0	1	0
GCF_002998535.1	0	1	0	0	0	1	0
GCF_002998925.1	1	1	1	1	1	3	4
GCF_003001695.1	0	1	0	0	0	1	0
GCF_003001905.1	1	1	0	0	3	2	0
GCF_003001955.1	1	1	0	0	9	1	0
GCF_003002055.1	1	1	1	1	1	4	2
GCF_003002065.1	1	1	0	0	2	2	0
GCF_003002095.1	1	1	0	0	7	2	0
GCF_003002815.1	1	1	0	0	6	5	0
GCF_003002825.1	0	0	0	0	0	0	0
GCF_003002875.1	1	1	0	0	2	1	0
GCF_003002895.1	1	1	0	0	3	3	0
GCF_003002915.1	1	0	0	0	4	0	0
GCF_003002925.1	1	0	0	0	3	0	0
GCF_003002955.1	1	1	0	0	1	3	0
GCF_003003005.1	0	0	0	0	0	0	0
GCF_003003055.1	1	0	0	0	19	0	0
GCF_003003095.1	1	0	0	0	1	0	0
GCF_003003125.1	0	1	0	0	0	1	0
GCF_003003155.1	0	1	0	0	0	1	0
GCF_003003235.1	1	0	0	0	36	0	0
GCF_003003255.1	1	1	0	0	4	1	0
GCF_003003265.1	0	0	0	0	0	0	0
GCF_003003275.1	0	1	0	0	0	3	0
GCF_003003285.1	1	0	0	0	2	0	0
GCF_003003355.1	1	1	0	0	4	1	0
GCF_003003375.1	1	1	0	0	11	1	0
GCF_003003695.1	0	0	0	0	0	0	0
GCF_003003775.1	0	0	0	0	0	0	0
GCF_003003845.1	0	0	0	0	0	0	0
GCF_003003925.1	0	1	0	0	0	1	0
GCF_003004665.1	0	0	0	0	0	0	0
GCF_003004785.1	1	0	0	0	10	0	0
GCF_003006155.1	1	1	0	0	4	1	0
GCF_003007675.1	1	0	0	0	6	0	0
GCF_003007685.1	1	0	0	0	1	0	0
GCF_003007735.2	1	1	0	0	9	1	0
GCF_003007785.1	0	0	0	0	0	0	0
GCF_003008425.1	0	1	0	0	0	1	0
GCF_003008515.1	1	0	0	0	9	0	0
GCF_003008535.1	1	0	0	0	6	0	0
GCF_003008555.2	1	1	0	0	3	1	0
GCF_003008575.1	1	0	0	0	7	0	0
GCF_003008595.1	1	0	0	0	5	0	0
GCF_003008695.1	0	1	0	0	0	1	0
GCF_003010915.2	1	1	0	0	4	1	0
GCF_003010935.1	1	1	0	0	2	1	0
GCF_003010955.1	1	1	0	0	3	1	0
GCF_003010965.1	1	1	0	0	6	1	0
GCF_003011895.2	1	1	0	0	3	3	0
GCF_003011925.2	0	0	0	0	0	0	0
GCF_003012055.1	1	1	1	1	2	5	6
GCF_003012345.1	1	1	0	0	2	1	0
GCF_003012705.1	1	1	0	0	4	3	0
GCF_003012735.1	1	1	1	0	5	1	1
GCF_003012745.1	1	1	1	1	7	3	4
GCF_003012775.1	1	0	0	0	1	0	0
GCF_003012795.1	1	0	0	0	1	0	0
GCF_003012815.1	1	0	0	0	1	0	0
GCF_003012915.1	0	1	0	0	0	1	0
GCF_003012935.1	1	1	0	0	1	2	0
GCF_003013245.1	0	0	0	0	0	0	0
GCF_003013395.1	1	1	0	0	2	5	0
GCF_003013475.1	1	1	0	0	1	5	0
GCF_003013675.1	1	0	0	0	10	0	0
GCF_003013695.1	1	0	0	0	3	0	0
GCF_003014435.1	1	0	0	0	3	0	0
GCF_003014475.1	1	1	0	0	4	2	0
GCF_003014485.1	1	1	0	0	16	1	0
GCF_003014535.1	0	1	0	0	0	1	0
GCF_003014575.1	0	1	0	0	0	1	0
GCF_003014595.1	0	0	0	0	0	0	0
GCF_003014615.1	1	0	0	0	1	0	0
GCF_003014655.1	1	1	0	0	1	2	0
GCF_003014675.1	1	1	0	0	2	3	0
GCF_003014695.1	0	1	0	0	0	1	0
GCF_003014715.1	1	1	0	0	1	1	0
GCF_003014735.1	1	1	0	0	4	2	0
GCF_003014755.1	0	1	0	0	0	1	0
GCF_003015125.1	1	0	1	0	4	0	1
GCF_003015145.1	0	0	0	0	0	0	0
GCF_003015185.1	1	0	0	0	1	0	0
GCF_003019255.1	1	1	0	0	1	1	0
GCF_003019295.1	0	1	1	1	0	2	2
GCF_003019315.1	1	1	1	0	2	4	1
GCF_003019655.1	1	1	1	1	1	5	2
GCF_003019675.1	0	1	0	0	0	4	0
GCF_003019695.1	0	1	1	1	0	2	2
GCF_003019925.1	1	0	0	0	1	0	0
GCF_003020585.1	0	1	0	0	0	2	0
GCF_003023845.1	0	1	0	0	0	1	0
GCF_003024155.1	0	1	0	0	0	2	0
GCF_003024195.1	1	1	0	0	11	6	0
GCF_003024235.1	1	0	0	0	1	0	0
GCF_003024515.2	1	0	0	0	3	0	0
GCF_003024525.3	1	0	0	0	1	0	0
GCF_003024655.1	1	1	1	1	3	7	3
GCF_003024675.1	0	1	0	0	0	2	0
GCF_003024805.1	1	0	0	0	1	0	0
GCF_003025005.1	1	1	0	0	1	1	0
GCF_003025345.2	1	0	0	0	6	0	0
GCF_003025495.1	0	1	1	0	0	2	1
GCF_003025515.1	1	1	0	0	1	1	0
GCF_003025555.1	1	1	0	0	1	2	0
GCF_003025615.1	0	1	0	0	0	2	0
GCF_003026215.1	0	1	0	0	0	2	0
GCF_003026395.1	0	1	0	0	0	1	0
GCF_003026455.1	1	1	0	0	1	2	0
GCF_003026475.1	0	1	0	0	0	1	0
GCF_003026495.1	1	1	0	0	1	2	0
GCF_003026895.1	0	1	0	0	0	1	0
GCF_003028295.1	0	1	0	0	0	1	0
GCF_003028415.1	0	1	0	0	0	1	0
GCF_003028575.1	1	0	0	0	6	0	0
GCF_003028855.1	1	1	0	0	2	2	0
GCF_003029735.1	0	1	0	0	0	1	0
GCF_003030465.1	1	1	1	1	6	2	2
GCF_003033885.1	1	0	0	0	5	0	0
GCF_003034225.1	1	0	0	0	6	0	0
GCF_003034845.1	1	0	0	0	2	0	0
GCF_003034915.1	1	1	0	0	7	3	0
GCF_003044035.1	1	0	0	0	1	0	0
GCF_003044065.1	1	1	0	0	2	3	0
GCF_003044185.1	1	1	0	0	3	1	0
GCF_003044275.1	1	1	0	0	1	2	0
GCF_003045775.1	1	0	0	0	7	0	0
GCF_003046185.1	1	0	0	0	6	0	0
GCF_003046315.1	1	0	0	0	1	0	0
GCF_003046325.1	1	1	0	0	3	1	0
GCF_003046475.1	1	1	0	0	2	1	0
GCF_003046545.1	1	0	0	0	1	0	0
GCF_003046585.1	1	1	0	0	1	1	0
GCF_003046625.1	0	1	1	0	0	1	1
GCF_003046775.1	0	1	0	0	0	1	0
GCF_003047265.1	1	1	0	0	4	2	0
GCF_003047285.1	1	0	0	0	4	0	0
GCF_003047295.1	1	1	0	0	4	2	0
GCF_003049505.1	0	1	0	0	0	3	0
GCF_003049605.2	1	1	0	0	3	2	0
GCF_003049645.1	1	1	0	0	1	2	0
GCF_003049665.1	1	1	0	0	2	1	0
GCF_003049725.1	0	0	0	0	0	0	0
GCF_003049785.1	1	1	0	0	2	1	0
GCF_003050615.1	1	1	0	0	1	1	0
GCF_003050705.1	1	0	0	0	4	0	0
GCF_003050755.1	1	0	0	0	2	0	0
GCF_003050785.1	1	0	0	0	2	0	0
GCF_003051055.1	1	0	0	0	1	0	0
GCF_003051085.1	0	1	0	0	0	1	0
GCF_003051105.1	0	0	0	0	0	0	0
GCF_003051865.1	1	0	0	0	2	0	0
GCF_003052265.1	1	0	0	0	8	0	0
GCF_003052295.1	0	0	0	0	0	0	0
GCF_003052585.1	1	0	0	0	2	0	0
GCF_003052605.1	1	0	0	0	4	0	0
GCF_003053085.1	0	1	0	0	0	1	0
GCF_003053725.1	1	0	0	0	6	0	0
GCF_003053745.1	1	0	0	0	2	0	0
GCF_003053845.1	1	0	0	0	3	0	0
GCF_003054005.1	1	1	0	0	15	1	0
GCF_003054025.1	0	0	0	0	0	0	0
GCF_003054045.1	0	1	0	0	0	2	0
GCF_003054055.1	1	1	0	0	1	1	0
GCF_003054175.1	1	0	0	0	4	0	0
GCF_003054195.1	1	1	0	0	2	2	0
GCF_003054225.1	0	1	0	0	0	1	0
GCF_003054245.1	1	1	0	0	2	3	0
GCF_003054265.1	0	1	0	0	0	1	0
GCF_003054285.1	1	0	0	0	3	0	0
GCF_003054475.1	0	0	0	0	0	0	0
GCF_003054555.1	1	1	0	0	5	3	0
GCF_003055045.1	1	1	0	0	1	3	0
GCF_003055625.1	0	1	0	0	0	1	0
GCF_003056015.1	0	0	0	0	0	0	0
GCF_003056305.1	1	0	0	0	3	0	0
GCF_003056335.1	1	1	0	0	1	1	0
GCF_003056345.1	1	1	0	0	1	2	0
GCF_003056355.1	1	1	0	0	7	3	0
GCF_003056405.1	1	1	0	0	1	3	0
GCF_003056725.1	1	1	0	0	5	1	0
GCF_003057615.1	1	0	0	0	1	0	0
GCF_003057865.1	0	1	0	0	0	2	0
GCF_003057875.1	1	0	0	0	7	0	0
GCF_003057885.1	1	0	0	0	3	0	0
GCF_003057965.1	0	1	1	0	0	1	1
GCF_003058085.1	1	1	0	0	4	1	0
GCF_003058265.1	0	1	0	0	0	2	0
GCF_003058325.1	1	0	0	0	8	0	0
GCF_003058365.1	0	0	0	0	0	0	0
GCF_003058465.1	1	1	0	0	28	1	0
GCF_003060865.1	1	1	0	0	4	1	0
GCF_003063245.1	0	0	0	0	0	0	0
GCF_003063295.1	0	0	0	0	0	0	0
GCF_003063455.1	1	0	0	0	5	0	0
GCF_003063475.1	1	0	0	0	6	0	0
GCF_003063625.1	0	1	0	0	0	2	0
GCF_003065365.1	1	0	0	0	7	0	0
GCF_003065385.1	1	0	0	0	7	0	0
GCF_003065405.1	1	0	0	0	2	0	0
GCF_003065425.1	1	1	0	0	2	3	0
GCF_003065605.1	1	0	0	0	5	0	0
GCF_003067705.1	1	1	0	0	1	1	0
GCF_003069505.1	0	0	0	0	0	0	0
GCF_003070865.1	1	0	0	0	1	0	0
GCF_003070885.1	1	1	0	0	1	2	0
GCF_003071065.1	1	1	0	0	2	1	0
GCF_003071345.1	0	1	0	0	0	1	0
GCF_003071385.1	0	1	0	0	0	1	0
GCF_003071405.1	1	1	0	0	1	1	0
GCF_003072065.1	1	1	0	0	2	1	0
GCF_003072125.1	1	1	0	0	3	1	0
GCF_003072465.1	0	0	0	0	0	0	0
GCF_003072485.1	0	0	0	0	0	0	0
GCF_003072505.1	1	0	0	0	11	0	0
GCF_003072645.1	1	1	0	0	2	1	0
GCF_003073115.1	1	0	0	0	20	0	0
GCF_003073135.1	1	0	0	0	6	0	0
GCF_003073175.1	1	1	0	0	3	4	0
GCF_003074055.1	1	1	0	0	5	3	0
GCF_003074135.1	1	0	0	0	6	0	0
GCF_003074995.2	1	0	0	0	3	0	0
GCF_003075035.1	1	0	0	0	2	0	0
GCF_003075095.1	1	1	0	0	4	1	0
GCF_003076135.1	1	0	0	0	11	0	0
GCF_003076455.1	1	1	0	0	2	1	0
GCF_003076475.1	0	1	0	0	0	1	0
GCF_003076595.1	0	0	0	0	0	0	0
GCF_003076635.1	0	1	0	0	0	2	0
GCF_003076755.1	1	1	0	0	4	1	0
GCF_003086355.1	0	0	0	0	0	0	0
GCF_003086415.1	0	0	0	0	0	0	0
GCF_003094615.1	1	0	0	0	7	0	0
GCF_003095375.1	0	1	0	0	0	1	0
GCF_003096015.2	1	0	0	0	1	0	0
GCF_003096035.1	0	1	0	0	0	1	0
GCF_003096075.1	1	0	0	0	6	0	0
GCF_003096095.1	1	0	0	0	5	0	0
GCF_003096175.1	1	1	1	1	2	7	5
GCF_003096195.1	0	1	0	0	0	1	0
GCF_003096275.1	1	1	0	0	4	1	0
GCF_003096355.1	1	1	0	0	1	1	0
GCF_003096415.1	0	1	1	0	0	1	1
GCF_003096575.1	0	1	0	0	0	1	0
GCF_003096635.1	0	1	1	1	0	1	2
GCF_003096655.1	1	0	0	0	1	0	0
GCF_003096675.1	1	0	0	0	5	0	0
GCF_003096695.1	0	1	0	0	0	1	0
GCF_003096815.1	0	1	0	0	0	2	0
GCF_003096835.1	0	0	0	0	0	0	0
GCF_003096875.1	1	1	0	0	31	2	0
GCF_003096995.1	0	0	0	0	0	0	0
GCF_003097295.1	1	0	0	0	2	0	0
GCF_003097315.1	0	0	0	0	0	0	0
GCF_003097495.1	1	0	0	0	2	0	0
GCF_003097515.1	1	1	0	0	5	3	0
GCF_003097535.1	0	1	0	0	0	1	0
GCF_003097575.1	0	0	0	0	0	0	0
GCF_003097615.1	1	0	0	0	19	0	0
GCF_003097635.1	0	1	0	0	0	1	0
GCF_003097655.1	0	0	0	0	0	0	0
GCF_003100395.1	1	0	0	0	2	0	0
GCF_003101015.1	0	0	0	0	0	0	0
GCF_003104955.1	1	1	1	1	7	1	2
GCF_003111605.1	0	1	0	0	0	2	0
GCF_003111625.1	0	1	0	0	0	1	0
GCF_003112435.1	0	0	0	0	0	0	0
GCF_003112515.1	1	1	0	0	3	1	0
GCF_003112535.1	1	1	0	0	7	3	0
GCF_003112575.1	1	1	1	0	4	3	1
GCF_003112595.1	1	1	0	0	6	5	0
GCF_003112675.1	1	1	0	0	1	1	0
GCF_003112735.1	1	0	0	0	7	0	0
GCF_003112775.1	1	0	0	0	23	0	0
GCF_003113265.1	1	0	0	0	1	0	0
GCF_003113315.1	1	0	0	0	1	0	0
GCF_003113895.1	0	1	0	0	0	1	0
GCF_003114815.1	1	0	0	0	1	0	0
GCF_003114835.2	1	0	0	0	1	0	0
GCF_003114855.1	1	0	0	0	1	0	0
GCF_003115815.1	1	1	1	1	2	2	2
GCF_003115855.1	1	0	0	0	2	0	0
GCF_003116135.1	1	0	0	0	17	0	0
GCF_003116585.1	1	0	0	0	12	0	0
GCF_003116815.1	1	0	0	0	8	0	0
GCF_003116835.1	0	1	0	0	0	2	0
GCF_003119195.2	1	0	0	0	13	0	0
GCF_003121295.1	1	1	0	0	3	2	0
GCF_003121585.1	1	1	0	0	2	1	0
GCF_003121625.1	1	0	0	0	14	0	0
GCF_003121895.1	0	0	0	0	0	0	0
GCF_003121925.1	1	0	0	0	1	0	0
GCF_003121985.1	0	1	1	0	0	1	1
GCF_003122085.1	1	1	0	0	3	1	0
GCF_003122215.1	1	1	1	0	8	1	1
GCF_003122325.1	1	1	0	0	7	3	0
GCF_003122365.1	1	1	0	0	4	3	0
GCF_003122385.1	1	1	0	0	2	1	0
GCF_003123685.1	1	0	0	0	27	0	0
GCF_003123725.1	1	0	0	0	3	0	0
GCF_003123745.1	0	1	0	0	0	1	0
GCF_003124125.1	0	1	0	0	0	1	0
GCF_003129465.1	1	0	0	0	2	0	0
GCF_003129485.1	0	0	0	0	0	0	0
GCF_003129565.1	1	0	0	0	1	0	0
GCF_003129605.1	1	0	0	0	2	0	0
GCF_003129905.1	0	1	0	0	0	1	0
GCF_003129925.1	0	1	0	0	0	1	0
GCF_003130255.1	0	0	0	0	0	0	0
GCF_003130405.1	0	1	0	0	0	1	0
GCF_003130585.1	1	1	0	0	1	2	0
GCF_003130705.1	1	1	1	1	26	1	2
GCF_003130795.1	1	0	0	0	2	0	0
GCF_003131185.1	1	0	0	0	3	0	0
GCF_003131205.1	0	1	0	0	0	2	0
GCF_003143515.1	1	1	0	0	4	3	0
GCF_003143535.1	0	0	0	0	0	0	0
GCF_003143555.1	0	1	0	0	0	1	0
GCF_003143695.2	0	1	0	0	0	1	0
GCF_003143755.1	0	1	0	0	0	1	0
GCF_003143775.1	1	0	0	0	1	0	0
GCF_003144035.1	0	1	0	0	0	1	0
GCF_003144315.1	1	0	0	0	3	0	0
GCF_003144405.1	1	1	1	1	2	1	2
GCF_003148385.1	0	1	0	0	0	1	0
GCF_003148465.1	0	1	0	0	0	4	0
GCF_003148475.1	1	1	0	0	4	1	0
GCF_003148495.1	1	1	0	0	8	2	0
GCF_003148525.1	0	1	0	0	0	1	0
GCF_003148565.1	0	1	0	0	0	1	0
GCF_003148585.1	1	0	0	0	2	0	0
GCF_003148625.1	0	0	0	0	0	0	0
GCF_003148645.1	0	0	0	0	0	0	0
GCF_003148665.1	0	1	0	0	0	1	0
GCF_003148745.1	1	1	0	0	1	1	0
GCF_003148775.1	1	1	0	0	5	1	0
GCF_003148845.1	0	1	0	0	0	2	0
GCF_003148865.1	1	1	0	0	6	2	0
GCF_003148885.1	0	1	0	0	0	1	0
GCF_003148905.1	1	0	0	0	1	0	0
GCF_003148935.1	1	1	0	0	1	1	0
GCF_003149085.1	1	1	0	0	2	1	0
GCF_003149185.1	0	1	0	0	0	2	0
GCF_003149455.1	0	0	0	0	0	0	0
GCF_003149495.1	1	1	0	0	1	4	0
GCF_003149515.1	0	0	0	0	0	0	0
GCF_003149535.1	1	1	0	0	5	2	0
GCF_003149745.1	0	1	0	0	0	1	0
GCF_003150675.1	0	1	0	0	0	1	0
GCF_003150835.1	1	0	0	0	8	0	0
GCF_003150935.1	0	1	0	0	0	1	0
GCF_003151025.1	1	1	0	0	1	1	0
GCF_003151135.1	1	0	0	0	1	0	0
GCF_003160695.1	1	0	0	0	2	0	0
GCF_003171655.1	1	0	0	0	10	0	0
GCF_003171675.1	1	1	0	0	2	1	0
GCF_003171715.1	1	0	1	0	12	0	1
GCF_003172875.1	1	0	0	0	3	0	0
GCF_003172895.1	1	0	0	0	2	0	0
GCF_003172915.1	1	1	0	0	2	1	0
GCF_003172955.1	1	1	0	0	4	3	0
GCF_003172995.1	0	1	0	0	0	2	0
GCF_003173015.1	1	0	0	0	1	0	0
GCF_003173035.1	1	0	0	0	3	0	0
GCF_003173055.1	1	0	0	0	5	0	0
GCF_003173335.1	0	1	0	0	0	2	0
GCF_003173355.1	0	1	1	1	0	2	2
GCF_003173575.1	1	1	0	0	2	1	0
GCF_003173595.1	1	1	0	0	2	1	0
GCF_003173615.1	1	1	0	0	18	1	0
GCF_003173695.1	0	1	0	0	0	2	0
GCF_003173715.1	1	0	0	0	4	0	0
GCF_003173735.1	1	0	0	0	6	0	0
GCF_003173755.1	1	0	0	0	6	0	0
GCF_003176835.1	0	1	0	0	0	3	0
GCF_003176875.1	0	0	0	0	0	0	0
GCF_003176895.1	0	1	0	0	0	2	0
GCF_003176915.1	0	0	0	0	0	0	0
GCF_003177055.1	1	1	0	0	2	1	0
GCF_003182095.1	1	0	0	0	3	0	0
GCF_003182135.1	1	1	0	0	15	1	0
GCF_003182275.1	1	0	0	0	11	0	0
GCF_003182375.1	1	0	0	0	3	0	0
GCF_003182415.1	1	1	0	0	5	1	0
GCF_003182475.1	0	1	0	0	0	1	0
GCF_003182485.1	1	0	0	0	4	0	0
GCF_003182595.1	0	0	0	0	0	0	0
GCF_003185655.1	0	1	0	0	0	1	0
GCF_003185895.1	1	1	0	0	1	1	0
GCF_003194085.1	1	0	0	0	1	0	0
GCF_003194385.1	1	1	0	0	5	2	0
GCF_003194565.2	0	0	0	0	0	0	0
GCF_003194585.1	1	0	0	0	8	0	0
GCF_003194605.1	1	0	0	0	7	0	0
GCF_003194625.1	1	0	0	0	5	0	0
GCF_003201205.1	1	1	0	0	11	1	0
GCF_003201285.1	0	1	1	1	0	3	2
GCF_003201355.1	0	1	0	0	0	3	0
GCF_003201595.1	1	0	0	0	4	0	0
GCF_003201605.1	0	1	0	0	0	1	0
GCF_003201675.2	0	1	0	0	0	2	0
GCF_003201765.2	0	1	0	0	0	2	0
GCF_003201815.1	1	1	0	0	4	2	0
GCF_003201835.2	1	1	0	0	1	2	0
GCF_003201855.1	1	0	0	0	2	0	0
GCF_003201875.1	1	1	0	0	1	6	0
GCF_003201955.1	1	0	0	0	7	0	0
GCF_003201975.1	1	1	0	0	5	2	0
GCF_003202035.1	1	0	0	0	2	0	0
GCF_003202065.1	1	1	0	0	3	2	0
GCF_003202155.1	0	1	0	0	0	1	0
GCF_003202165.1	1	0	0	0	4	0	0
GCF_003202235.1	1	1	1	1	39	3	4
GCF_003202285.1	1	1	1	1	22	2	2
GCF_003202405.1	1	1	0	0	2	2	0
GCF_003202435.1	1	1	0	0	2	1	0
GCF_003204205.1	0	1	0	0	0	1	0
GCF_003205195.1	1	0	0	0	1	0	0
GCF_003205515.1	1	0	0	0	9	0	0
GCF_003205575.1	1	1	0	0	4	1	0
GCF_003205615.1	1	1	0	0	1	3	0
GCF_003205875.1	1	1	0	0	1	1	0
GCF_003206045.1	1	1	0	0	6	1	0
GCF_003206065.1	1	1	0	0	6	2	0
GCF_003206115.1	1	1	0	0	5	1	0
GCF_003206135.1	1	1	0	0	6	1	0
GCF_003206155.1	1	0	0	0	5	0	0
GCF_003206575.1	1	1	0	0	7	1	0
GCF_003206615.1	1	1	0	0	7	1	0
GCF_003206645.1	1	1	0	0	1	1	0
GCF_003206695.1	1	1	0	0	5	2	0
GCF_003206715.1	1	1	0	0	6	1	0
GCF_003207695.1	1	1	0	0	1	1	0
GCF_003207895.1	0	0	0	0	0	0	0
GCF_003207955.1	0	1	0	0	0	2	0
GCF_003208175.1	0	1	1	1	0	6	2
GCF_003208215.1	0	1	0	0	0	1	0
GCF_003208435.1	1	1	0	0	6	1	0
GCF_003208655.1	0	1	0	0	0	1	0
GCF_003217075.1	1	1	0	0	18	2	0
GCF_003217155.1	1	0	0	0	1	0	0
GCF_003217215.1	1	0	0	0	1	0	0
GCF_003217235.1	1	1	0	0	2	1	0
GCF_003217255.1	1	1	0	0	1	1	0
GCF_003217295.1	1	1	0	0	3	1	0
GCF_003217325.1	1	0	0	0	4	0	0
GCF_003217355.1	1	1	1	1	2	3	2
GCF_003217475.1	1	0	0	0	18	0	0
GCF_003217515.1	0	1	0	0	0	2	0
GCF_003217575.1	1	0	0	0	1	0	0
GCF_003217775.1	0	1	0	0	0	6	0
GCF_003219795.1	1	1	0	0	4	4	0
GCF_003219815.1	1	1	0	0	7	2	0
GCF_003226255.1	0	0	0	0	0	0	0
GCF_003226325.1	0	1	0	0	0	2	0
GCF_003226345.1	1	1	0	0	1	2	0
GCF_003226565.1	1	0	0	0	3	0	0
GCF_003226695.1	0	0	0	0	0	0	0
GCF_003226895.2	1	1	0	0	2	1	0
GCF_003231275.1	1	0	0	0	5	0	0
GCF_003231285.1	1	1	0	0	1	1	0
GCF_003231495.1	0	0	0	0	0	0	0
GCF_003233655.1	1	0	0	0	5	0	0
GCF_003233695.1	1	0	0	0	1	0	0
GCF_003233845.1	0	1	0	0	0	2	0
GCF_003234935.1	1	0	0	0	1	0	0
GCF_003234965.1	1	1	0	0	2	1	0
GCF_003236175.1	0	0	0	0	0	0	0
GCF_003236295.1	1	1	0	0	4	5	0
GCF_003236315.1	1	1	0	0	2	2	0
GCF_003236335.1	1	1	0	0	4	1	0
GCF_003236385.1	1	1	0	0	7	5	0
GCF_003236395.1	1	1	0	0	11	4	0
GCF_003240565.2	1	1	0	0	1	1	0
GCF_003240585.1	1	1	0	0	3	3	0
GCF_003244315.1	1	1	0	0	1	1	0
GCF_003245365.1	0	0	0	0	0	0	0
GCF_003253435.1	0	0	0	0	0	0	0
GCF_003253485.1	0	1	0	0	0	1	0
GCF_003253545.1	0	1	0	0	0	1	0
GCF_003253705.1	1	1	0	0	28	1	0
GCF_003253745.1	1	1	0	0	8	4	0
GCF_003253775.1	0	0	0	0	0	0	0
GCF_003253995.1	1	1	0	0	9	1	0
GCF_003254055.1	0	0	0	0	0	0	0
GCF_003254115.1	0	1	0	0	0	1	0
GCF_003254155.1	1	0	0	0	4	0	0
GCF_003254175.1	1	0	0	0	1	0	0
GCF_003254275.1	0	1	0	0	0	1	0
GCF_003254335.1	1	1	0	0	2	2	0
GCF_003254355.1	0	0	0	0	0	0	0
GCF_003254465.1	1	1	0	0	5	1	0
GCF_003254475.1	1	0	1	1	10	0	2
GCF_003254505.1	1	0	0	0	6	0	0
GCF_003254525.1	1	1	0	0	8	1	0
GCF_003254545.1	1	1	0	0	2	1	0
GCF_003254575.1	1	1	0	0	10	1	0
GCF_003254585.1	1	1	0	0	2	2	0
GCF_003254645.1	1	1	0	0	3	1	0
GCF_003254665.1	1	0	0	0	5	0	0
GCF_003254705.1	1	0	0	0	1	0	0
GCF_003254745.1	0	1	0	0	0	2	0
GCF_003258295.1	1	1	0	0	2	2	0
GCF_003258315.1	1	0	0	0	1	0	0
GCF_003258335.1	1	0	0	0	4	0	0
GCF_003258355.1	0	1	0	0	0	1	0
GCF_003258365.1	1	0	0	0	3	0	0
GCF_003258515.1	1	0	0	0	2	0	0
GCF_003258595.1	1	1	0	0	32	1	0
GCF_003258605.2	1	1	0	0	9	3	0
GCF_003258705.1	1	1	0	0	2	1	0
GCF_003258835.1	1	0	0	0	11	0	0
GCF_003258865.1	1	1	1	1	12	1	4
GCF_003258945.1	1	0	0	0	24	0	0
GCF_003259005.1	0	0	0	0	0	0	0
GCF_003259155.1	1	1	0	0	1	1	0
GCF_003259175.1	0	1	0	0	0	1	0
GCF_003259185.1	1	0	0	0	3	0	0
GCF_003259195.1	1	1	0	0	1	1	0
GCF_003259255.1	0	0	0	0	0	0	0
GCF_003259265.1	0	1	0	0	0	1	0
GCF_003259335.1	0	1	0	0	0	1	0
GCF_003259375.1	0	0	0	0	0	0	0
GCF_003259435.1	0	1	0	0	0	1	0
GCF_003259505.1	0	0	0	0	0	0	0
GCF_003259525.1	0	1	0	0	0	1	0
GCF_003259615.1	0	1	0	0	0	1	0
GCF_003259745.1	0	0	0	0	0	0	0
GCF_003259835.1	0	1	0	0	0	1	0
GCF_003259845.1	1	0	0	0	7	0	0
GCF_003259935.1	1	1	0	0	2	2	0
GCF_003259955.1	1	1	0	0	3	2	0
GCF_003260015.1	1	1	0	0	2	2	0
GCF_003260095.1	0	1	0	0	0	1	0
GCF_003260125.1	1	0	0	0	1	0	0
GCF_003260195.1	1	1	0	0	2	1	0
GCF_003260205.1	0	0	0	0	0	0	0
GCF_003260265.1	1	1	1	1	16	2	2
GCF_003260975.1	0	1	0	0	0	2	0
GCF_003261055.1	1	1	0	0	9	3	0
GCF_003261575.2	1	1	1	0	2	4	1
GCF_003261635.1	1	1	0	0	3	4	0
GCF_003263355.1	0	0	0	0	0	0	0
GCF_003263785.1	0	0	0	0	0	0	0
GCF_003264475.1	1	1	0	0	2	2	0
GCF_003265225.1	1	0	0	0	1	0	0
GCF_003265305.2	0	0	0	0	0	0	0
GCF_003265325.1	1	1	0	0	9	1	0
GCF_003265345.1	1	1	0	0	7	2	0
GCF_003265355.1	1	1	0	0	1	3	0
GCF_003265965.1	1	0	0	0	6	0	0
GCF_003268025.1	1	1	0	0	2	4	0
GCF_003268275.1	0	1	0	0	0	4	0
GCF_003268475.1	1	1	0	0	2	2	0
GCF_003268595.1	0	1	0	0	0	3	0
GCF_003268615.1	0	0	0	0	0	0	0
GCF_003268655.1	1	1	0	0	7	3	0
GCF_003268815.1	0	1	0	0	0	1	0
GCF_003268855.1	0	1	0	0	0	1	0
GCF_003269065.1	1	0	0	0	7	0	0
GCF_003269425.1	0	1	0	0	0	2	0
GCF_003269445.1	0	0	0	0	0	0	0
GCF_003270085.1	1	1	0	0	4	3	0
GCF_003284585.1	1	0	0	0	1	0	0
GCF_003284725.1	1	1	1	1	3	2	2
GCF_003284895.1	1	1	0	0	1	1	0
GCF_003285015.1	0	1	0	0	0	5	0
GCF_003285045.1	0	0	0	0	0	0	0
GCF_003285065.1	0	0	0	0	0	0	0
GCF_003285265.1	1	0	0	0	1	0	0
GCF_003286075.1	1	0	0	0	3	0	0
GCF_003286125.1	0	1	0	0	0	2	0
GCF_003286395.1	1	1	0	0	10	1	0
GCF_003286915.1	1	1	0	0	1	1	0
GCF_003287285.1	1	1	0	0	1	2	0
GCF_003287455.1	0	1	0	0	0	2	0
GCF_003287735.1	0	0	0	0	0	0	0
GCF_003287895.1	0	1	0	0	0	2	0
GCF_003288115.1	1	0	0	0	1	0	0
GCF_003289645.1	1	1	1	1	22	1	2
GCF_003289925.1	1	0	0	0	1	0	0
GCF_003289945.1	1	1	0	0	6	2	0
GCF_003289955.1	0	1	0	0	0	1	0
GCF_003289965.1	1	1	0	0	6	1	0
GCF_003290025.1	1	0	0	0	2	0	0
GCF_003290125.1	1	1	0	0	2	3	0
GCF_003290385.1	0	0	0	0	0	0	0
GCF_003290445.1	0	0	0	0	0	0	0
GCF_003293675.1	0	0	0	0	0	0	0
GCF_003293695.1	0	0	0	0	0	0	0
GCF_003293845.1	0	0	0	0	0	0	0
GCF_003294055.1	1	1	0	0	16	2	0
GCF_003298775.1	1	0	0	0	4	0	0
GCF_003298795.1	1	0	0	0	3	0	0
GCF_003308995.1	0	1	0	0	0	1	0
GCF_003309065.1	1	1	0	0	2	1	0
GCF_003311635.1	0	1	0	0	0	2	0
GCF_003311805.1	0	1	0	0	0	1	0
GCF_003312425.1	0	1	0	0	0	1	0
GCF_003312875.1	1	1	0	0	14	2	0
GCF_003312915.1	1	1	0	0	2	1	0
GCF_003313245.1	1	1	0	0	2	1	0
GCF_003313325.1	0	1	0	0	0	1	0
GCF_003313335.1	1	1	0	0	1	1	0
GCF_003313395.1	1	1	0	0	11	4	0
GCF_003313465.1	0	1	0	0	0	2	0
GCF_003313505.1	0	1	0	0	0	2	0
GCF_003314435.2	0	1	0	0	0	1	0
GCF_003314975.1	1	1	0	0	2	1	0
GCF_003314995.1	1	1	0	0	3	1	0
GCF_003315135.1	1	1	0	0	4	1	0
GCF_003315175.1	1	0	0	0	6	0	0
GCF_003315205.1	0	1	0	0	0	2	0
GCF_003315245.1	1	0	0	0	3	0	0
GCF_003315295.1	0	0	0	0	0	0	0
GCF_003315595.1	1	1	0	0	2	1	0
GCF_003315615.1	0	1	0	0	0	1	0
GCF_003315635.1	0	1	0	0	0	1	0
GCF_003315775.1	1	1	0	0	6	1	0
GCF_003315795.1	1	1	0	0	8	4	0
GCF_003316635.1	1	0	0	0	4	0	0
GCF_003316695.1	0	0	0	0	0	0	0
GCF_003316845.1	0	0	0	0	0	0	0
GCF_003316875.1	0	0	0	0	0	0	0
GCF_003317055.1	0	1	1	0	0	3	1
GCF_003318295.1	1	1	0	0	3	3	0
GCF_003323715.1	1	1	0	0	6	2	0
GCF_003323735.1	1	1	0	0	5	2	0
GCF_003323745.1	1	1	0	0	6	3	0
GCF_003323815.1	1	0	0	0	1	0	0
GCF_003324485.1	1	1	0	0	1	1	0
GCF_003324525.1	0	1	0	0	0	1	0
GCF_003324675.1	1	1	0	0	3	1	0
GCF_003325355.1	1	0	0	0	1	0	0
GCF_003325455.1	0	1	0	0	0	4	0
GCF_003325475.1	1	1	0	0	2	1	0
GCF_003326475.1	1	1	0	0	3	1	0
GCF_003327285.1	1	1	0	0	1	1	0
GCF_003327535.1	1	1	0	0	2	3	0
GCF_003330725.1	1	1	0	0	2	4	0
GCF_003330785.1	1	1	0	0	12	2	0
GCF_003330825.1	1	1	0	0	12	2	0
GCF_003330865.1	1	1	0	0	7	2	0
GCF_003332275.1	1	1	0	0	2	3	0
GCF_003332305.1	1	1	0	0	4	3	0
GCF_003332325.1	0	0	0	0	0	0	0
GCF_003332885.2	0	1	0	0	0	1	0
GCF_003333265.1	1	1	0	0	6	1	0
GCF_003333285.1	1	0	0	0	5	0	0
GCF_003333305.1	1	1	0	0	2	2	0
GCF_003333325.1	0	0	0	0	0	0	0
GCF_003334855.1	0	0	0	0	0	0	0
GCF_003335045.1	1	1	0	0	3	1	0
GCF_003335215.1	1	0	0	0	2	0	0
GCF_003335255.1	0	1	0	0	0	1	0
GCF_003336205.1	0	1	0	0	0	1	0
GCF_003336225.1	0	0	0	0	0	0	0
GCF_003336245.1	1	0	0	0	3	0	0
GCF_003336365.1	1	0	0	0	9	0	0
GCF_003336425.1	1	1	0	0	8	1	0
GCF_003336665.1	1	0	0	0	1	0	0
GCF_003336675.1	1	0	0	0	4	0	0
GCF_003336705.1	1	1	0	0	1	1	0
GCF_003336745.1	1	0	0	0	2	0	0
GCF_003336755.1	1	0	0	0	4	0	0
GCF_003336805.1	1	0	0	0	1	0	0
GCF_003336875.1	1	1	0	0	1	1	0
GCF_003337215.1	0	1	0	0	0	1	0
GCF_003337305.1	0	1	0	0	0	1	0
GCF_003337315.1	0	1	0	0	0	3	0
GCF_003337355.1	0	1	0	0	0	7	0
GCF_003337375.1	1	1	0	0	1	5	0
GCF_003337415.1	0	1	1	1	0	8	3
GCF_003337425.1	1	0	0	0	8	0	0
GCF_003337435.1	0	0	0	0	0	0	0
GCF_003337485.1	0	1	0	0	0	1	0
GCF_003337555.1	1	0	0	0	55	0	0
GCF_003337565.1	1	1	0	0	5	1	0
GCF_003337575.1	1	1	0	0	3	2	0
GCF_003337715.1	1	0	0	0	1	0	0
GCF_003337735.1	1	1	1	0	1	1	1
GCF_003339505.1	1	1	0	0	2	1	0
GCF_003339525.1	1	0	0	0	1	0	0
GCF_003339615.1	0	0	0	0	0	0	0
GCF_003339775.1	0	0	0	0	0	0	0
GCF_003339815.1	1	1	1	1	8	5	5
GCF_003339865.1	1	1	0	0	2	2	0
GCF_003340385.1	1	1	1	1	1	4	3
GCF_003340475.1	1	0	0	0	4	0	0
GCF_003340495.1	0	1	0	0	0	1	0
GCF_003340555.1	1	0	0	0	6	0	0
GCF_003342675.1	1	0	0	0	3	0	0
GCF_003343245.1	1	0	0	0	1	0	0
GCF_003343305.1	0	1	1	0	0	4	1
GCF_003344345.1	0	0	0	0	0	0	0
GCF_003344535.1	0	1	0	0	0	2	0
GCF_003344635.1	1	1	0	0	4	1	0
GCF_003344765.1	1	0	0	0	6	0	0
GCF_003344785.1	1	1	0	0	7	1	0
GCF_003344865.1	1	0	0	0	5	0	0
GCF_003344925.1	0	1	0	0	0	1	0
GCF_003344965.1	1	1	0	0	3	4	0
GCF_003345255.1	1	0	0	0	3	0	0
GCF_003345355.1	1	1	0	0	1	1	0
GCF_003345525.1	1	1	0	0	2	1	0
GCF_003345655.1	1	0	0	0	5	0	0
GCF_003346515.1	1	1	0	0	4	1	0
GCF_003346755.1	1	1	1	0	1	2	1
GCF_003346775.1	0	1	1	0	0	1	1
GCF_003346815.1	0	0	0	0	0	0	0
GCF_003346865.1	1	0	0	0	1	0	0
GCF_003347135.1	0	0	0	0	0	0	0
GCF_003347495.1	0	1	0	0	0	1	0
GCF_003347595.2	1	0	0	0	2	0	0
GCF_003347635.1	1	0	1	1	10	0	2
GCF_003347665.1	1	1	0	0	4	2	0
GCF_003350295.1	0	1	0	0	0	1	0
GCF_003350325.1	0	1	0	0	0	1	0
GCF_003350345.1	1	0	0	0	7	0	0
GCF_003350405.1	1	1	0	0	1	2	0
GCF_003350445.1	1	1	0	0	8	4	0
GCF_003350455.1	0	1	0	0	0	1	0
GCF_003350475.1	1	0	0	0	25	0	0
GCF_003350505.1	1	1	0	0	1	3	0
GCF_003350525.1	1	1	0	0	14	1	0
GCF_003350535.1	1	1	0	0	2	2	0
GCF_003350545.1	0	0	0	0	0	0	0
GCF_003350585.1	1	1	0	0	8	6	0
GCF_003350925.1	0	0	0	0	0	0	0
GCF_003351025.1	0	1	0	0	0	3	0
GCF_003351045.1	1	1	0	0	2	1	0
GCF_003351175.1	1	1	0	0	1	2	0
GCF_003351225.1	0	0	0	0	0	0	0
GCF_003351345.1	1	0	0	0	11	0	0
GCF_003351565.1	0	0	0	0	0	0	0
GCF_003351745.1	1	0	0	0	1	0	0
GCF_003351765.1	1	0	0	0	2	0	0
GCF_003351905.1	0	0	0	0	0	0	0
GCF_003352005.1	1	1	0	0	1	5	0
GCF_003352165.1	1	0	0	0	10	0	0
GCF_003352185.1	1	0	0	0	5	0	0
GCF_003352835.1	1	1	0	0	5	1	0
GCF_003353055.1	1	0	0	0	54	0	0
GCF_003353065.1	1	1	0	0	1	1	0
GCF_003353175.1	1	1	0	0	13	2	0
GCF_003353425.1	0	1	0	0	0	1	0
GCF_003355155.1	1	1	0	0	7	2	0
GCF_003355455.1	1	0	0	0	4	0	0
GCF_003355475.1	1	1	0	0	1	1	0
GCF_003355495.1	1	0	0	0	1	0	0
GCF_003355515.1	0	0	0	0	0	0	0
GCF_003362725.1	0	0	0	0	0	0	0
GCF_003362755.1	1	0	0	0	1	0	0
GCF_003362805.1	0	1	0	0	0	3	0
GCF_003363015.1	1	1	0	0	1	1	0
GCF_003363135.1	1	1	0	0	2	1	0
GCF_003363155.1	1	0	0	0	1	0	0
GCF_003363265.1	1	0	0	0	1	0	0
GCF_003363435.1	0	1	1	1	0	4	3
GCF_003363485.1	1	0	0	0	2	0	0
GCF_003363675.2	0	1	0	0	0	2	0
GCF_003363715.1	0	1	0	0	0	1	0
GCF_003363775.1	0	0	0	0	0	0	0
GCF_003364175.1	0	0	0	0	0	0	0
GCF_003364195.1	0	0	0	0	0	0	0
GCF_003364205.1	0	0	0	0	0	0	0
GCF_003364255.1	0	1	0	0	0	1	0
GCF_003364265.1	0	0	0	0	0	0	0
GCF_003364315.1	0	0	0	0	0	0	0
GCF_003364335.1	0	0	0	0	0	0	0
GCF_003366055.1	0	0	0	0	0	0	0
GCF_003367075.2	0	0	0	0	0	0	0
GCF_003367175.1	1	1	0	0	10	3	0
GCF_003367195.1	1	0	0	0	7	0	0
GCF_003367235.1	1	0	0	0	10	0	0
GCF_003367245.1	1	0	0	0	1	0	0
GCF_003367315.1	1	1	0	0	1	1	0
GCF_003367375.1	0	1	0	0	0	1	0
GCF_003367395.1	1	0	0	0	7	0	0
GCF_003367475.1	0	1	0	0	0	1	0
GCF_003367705.1	1	1	0	0	2	2	0
GCF_003367905.1	1	1	1	1	2	2	2
GCF_003368325.1	1	1	0	0	14	2	0
GCF_003368535.1	0	1	1	1	0	2	5
GCF_003369445.1	1	1	0	0	3	3	0
GCF_003369565.1	1	1	0	0	1	5	0
GCF_003369575.1	1	1	0	0	3	4	0
GCF_003369835.1	1	0	0	0	8	0	0
GCF_003369925.1	0	1	0	0	0	4	0
GCF_003382275.1	1	1	0	0	2	1	0
GCF_003382365.1	1	0	0	0	1	0	0
GCF_003382565.3	0	1	0	0	0	2	0
GCF_003382685.1	1	0	0	0	2	0	0
GCF_003383595.3	0	0	0	0	0	0	0
GCF_003383615.1	0	1	0	0	0	1	0
GCF_003384725.1	0	1	0	0	0	2	0
GCF_003385115.1	0	1	0	0	0	1	0
GCF_003385185.1	1	1	0	0	10	1	0
GCF_003385215.1	1	1	0	0	12	1	0
GCF_003385235.1	1	1	0	0	15	3	0
GCF_003385395.1	0	1	0	0	0	3	0
GCF_003385415.1	0	1	0	0	0	2	0
GCF_003385455.1	0	1	0	0	0	3	0
GCF_003385495.1	0	1	0	0	0	3	0
GCF_003385515.1	0	1	0	0	0	1	0
GCF_003385555.1	1	0	0	0	3	0	0
GCF_003385595.1	0	1	0	0	0	2	0
GCF_003385755.1	0	1	0	0	0	1	0
GCF_003385775.1	1	0	0	0	7	0	0
GCF_003385845.1	1	1	0	0	2	1	0
GCF_003385895.1	0	1	0	0	0	1	0
GCF_003385955.1	1	1	0	0	3	1	0
GCF_003386075.1	1	0	1	1	3	0	2
GCF_003386095.1	0	0	0	0	0	0	0
GCF_003386165.1	0	0	0	0	0	0	0
GCF_003386195.1	1	0	0	0	2	0	0
GCF_003386205.1	0	1	0	0	0	6	0
GCF_003386235.1	1	1	0	0	2	7	0
GCF_003386275.1	0	1	0	0	0	1	0
GCF_003386535.1	0	1	0	0	0	6	0
GCF_003386555.1	1	1	0	0	5	1	0
GCF_003386665.1	0	0	0	0	0	0	0
GCF_003386795.1	1	1	0	0	2	1	0
GCF_003386865.1	1	1	0	0	1	1	0
GCF_003386945.1	1	1	0	0	3	3	0
GCF_003387075.1	1	1	0	0	3	4	0
GCF_003387165.1	0	0	0	0	0	0	0
GCF_003387375.1	1	0	0	0	1	0	0
GCF_003387475.1	1	1	0	0	7	4	0
GCF_003387535.1	0	0	0	0	0	0	0
GCF_003387575.1	1	1	0	0	2	2	0
GCF_003387615.1	0	1	0	0	0	2	0
GCF_003388735.1	0	1	0	0	0	6	0
GCF_003390395.1	1	0	0	0	1	0	0
GCF_003390515.1	0	1	0	0	0	1	0
GCF_003390885.1	1	1	0	0	1	1	0
GCF_003390925.1	1	1	0	0	11	1	0
GCF_003391055.1	0	1	1	1	0	4	3
GCF_003391115.1	1	0	0	0	2	0	0
GCF_003391255.1	1	0	0	0	4	0	0
GCF_003391335.1	0	0	0	0	0	0	0
GCF_003397585.1	0	0	0	0	0	0	0
GCF_003397705.1	0	0	0	0	0	0	0
GCF_003399445.1	1	0	0	0	3	0	0
GCF_003402235.1	1	1	0	0	5	1	0
GCF_003402575.1	0	1	0	0	0	1	0
GCF_003402975.1	1	0	0	0	1	0	0
GCF_003403015.1	1	0	0	0	3	0	0
GCF_003403035.1	1	1	0	0	5	2	0
GCF_003403075.1	0	1	0	0	0	1	0
GCF_003403095.1	1	0	0	0	2	0	0
GCF_003403135.1	1	1	0	0	2	3	0
GCF_003403295.1	0	1	0	0	0	1	0
GCF_003408705.1	1	0	0	0	5	0	0
GCF_003410055.1	0	0	0	0	0	0	0
GCF_003410415.1	1	1	0	0	6	3	0
GCF_003412455.1	0	1	0	0	0	1	0
GCF_003412465.1	0	0	0	0	0	0	0
GCF_003413745.1	0	1	0	0	0	1	0
GCF_003415655.1	0	1	0	0	0	2	0
GCF_003415675.1	1	0	0	0	3	0	0
GCF_003416765.1	0	1	0	0	0	2	0
GCF_003416885.1	0	0	0	0	0	0	0
GCF_003417535.1	1	0	0	0	10	0	0
GCF_003419895.1	0	1	0	0	0	2	0
GCF_003425685.1	1	1	0	0	5	2	0
GCF_003426025.1	0	1	0	0	0	2	0
GCF_003426055.1	0	1	0	0	0	3	0
GCF_003426775.1	1	1	0	0	3	4	0
GCF_003426815.1	1	1	0	0	25	3	0
GCF_003426875.1	0	1	0	0	0	1	0
GCF_003426945.1	1	0	0	0	2	0	0
GCF_003427025.1	1	1	0	0	6	4	0
GCF_003428155.1	0	0	0	0	0	0	0
GCF_003428165.1	1	0	0	0	2	0	0
GCF_003428625.2	1	1	0	0	1	1	0
GCF_003428695.1	1	1	0	0	3	2	0
GCF_003428865.1	0	0	0	0	0	0	0
GCF_003428925.1	1	1	0	0	5	4	0
GCF_003429095.1	1	1	0	0	4	1	0
GCF_003429105.1	1	1	0	0	9	3	0
GCF_003429285.1	0	1	0	0	0	1	0
GCF_003429565.1	1	1	0	0	4	3	0
GCF_003429665.1	0	1	0	0	0	2	0
GCF_003430825.1	1	0	0	0	3	0	0
GCF_003431825.1	1	0	1	1	12	0	2
GCF_003432065.1	0	1	0	0	0	1	0
GCF_003432115.1	0	1	0	0	0	1	0
GCF_003432485.1	1	1	0	0	6	2	0
GCF_003433515.1	1	1	0	0	2	3	0
GCF_003434055.1	1	1	0	0	3	4	0
GCF_003435485.1	0	1	0	0	0	2	0
GCF_003439925.1	1	1	0	0	1	2	0
GCF_003443655.1	0	1	0	0	0	1	0
GCF_003443895.1	1	1	0	0	16	2	0
GCF_003443995.1	1	1	0	0	3	1	0
GCF_003444685.1	1	0	0	0	3	0	0
GCF_003444775.1	1	1	0	0	1	1	0
GCF_003449015.1	0	1	0	0	0	1	0
GCF_003449035.1	0	0	0	0	0	0	0
GCF_003457605.1	1	1	0	0	15	1	0
GCF_003459085.1	0	1	0	0	0	2	0
GCF_003464225.1	0	1	0	0	0	2	0
GCF_003470205.1	0	0	0	0	0	0	0
GCF_003475105.1	0	1	0	0	0	2	0
GCF_003475485.1	0	1	0	0	0	3	0
GCF_003491405.1	1	1	0	0	1	1	0
GCF_003499275.1	1	0	0	0	2	0	0
GCF_003515065.1	1	0	0	0	15	0	0
GCF_003515075.1	1	0	1	1	9	0	6
GCF_003515105.1	0	1	0	0	0	3	0
GCF_003515685.1	0	1	0	0	0	6	0
GCF_003515705.1	1	1	0	0	4	4	0
GCF_003515775.1	1	1	0	0	3	1	0
GCF_003515985.1	0	0	0	0	0	0	0
GCF_003516125.1	0	0	0	0	0	0	0
GCF_003516145.1	1	1	0	0	1	1	0
GCF_003522965.1	1	1	0	0	1	2	0
GCF_003534205.1	0	1	0	0	0	3	0
GCF_003544815.1	0	0	0	0	0	0	0
GCF_003544835.1	0	0	0	0	0	0	0
GCF_003544855.1	1	1	1	0	1	2	1
GCF_003544895.1	1	1	0	0	3	1	0
GCF_003544915.1	0	0	0	0	0	0	0
GCF_003544935.1	0	1	1	0	0	1	1
GCF_003545695.1	0	1	0	0	0	1	0
GCF_003545715.1	0	1	0	0	0	1	0
GCF_003545815.1	1	1	0	0	6	1	0
GCF_003545825.1	1	1	0	0	3	1	0
GCF_003545875.1	1	1	0	0	1	1	0
GCF_003545925.1	1	1	0	0	1	1	0
GCF_003546685.2	0	1	0	0	0	1	0
GCF_003546845.1	0	0	0	0	0	0	0
GCF_003546865.1	0	1	0	0	0	1	0
GCF_003550015.1	0	1	0	0	0	1	0
GCF_003550065.1	1	1	0	0	11	1	0
GCF_003550175.1	1	0	0	0	3	0	0
GCF_003555545.1	0	1	0	0	0	1	0
GCF_003568585.1	1	1	0	0	1	1	0
GCF_003568665.1	1	0	0	0	2	0	0
GCF_003568725.2	1	0	0	0	5	0	0
GCF_003568825.1	0	1	0	0	0	1	0
GCF_003568845.1	1	1	0	0	3	1	0
GCF_003568865.1	1	1	0	0	5	2	0
GCF_003568965.1	0	0	0	0	0	0	0
GCF_003568985.1	0	0	0	0	0	0	0
GCF_003569005.1	1	0	0	0	4	0	0
GCF_003569045.1	1	1	0	0	2	3	0
GCF_003569765.1	1	0	0	0	9	0	0
GCF_003569805.1	1	1	0	0	4	1	0
GCF_003570705.1	1	1	0	0	1	2	0
GCF_003570715.1	1	1	0	0	3	2	0
GCF_003570725.1	1	1	0	0	6	2	0
GCF_003570845.1	0	0	0	0	0	0	0
GCF_003570885.1	1	0	0	0	3	0	0
GCF_003570905.1	1	1	0	0	1	6	0
GCF_003570935.1	0	1	0	0	0	1	0
GCF_003571725.1	0	1	0	0	0	1	0
GCF_003572205.1	1	0	0	0	9	0	0
GCF_003573535.1	0	1	0	0	0	1	0
GCF_003573545.1	0	1	0	0	0	1	0
GCF_003574085.1	1	1	0	0	2	1	0
GCF_003574095.1	1	1	0	0	2	1	0
GCF_003574135.1	0	0	0	0	0	0	0
GCF_003574215.1	1	0	0	0	2	0	0
GCF_003574295.1	0	1	0	0	0	2	0
GCF_003574315.2	0	1	0	0	0	3	0
GCF_003574345.1	1	1	0	0	2	1	0
GCF_003574395.1	1	1	0	0	3	1	0
GCF_003574425.1	0	0	0	0	0	0	0
GCF_003574465.1	1	0	0	0	20	0	0
GCF_003574475.2	0	0	0	0	0	0	0
GCF_003574485.1	0	0	0	0	0	0	0
GCF_003574655.1	1	1	0	0	1	1	0
GCF_003574675.1	1	0	0	0	3	0	0
GCF_003574735.1	1	1	0	0	4	1	0
GCF_003574785.1	1	1	0	0	3	2	0
GCF_003574835.2	1	1	0	0	5	1	0
GCF_003574965.1	1	0	0	0	1	0	0
GCF_003575225.1	0	1	1	1	0	5	2
GCF_003575965.1	1	0	0	0	5	0	0
GCF_003575975.1	1	1	0	0	2	3	0
GCF_003576245.1	1	0	0	0	5	0	0
GCF_003576285.1	1	0	0	0	12	0	0
GCF_003576345.1	1	0	0	0	6	0	0
GCF_003576375.1	1	1	0	0	1	1	0
GCF_003576405.1	1	1	0	0	1	1	0
GCF_003576455.2	0	1	0	0	0	3	0
GCF_003576475.1	0	1	0	0	0	1	0
GCF_003576595.1	1	0	0	0	3	0	0
GCF_003576695.1	1	1	0	0	3	1	0
GCF_003576705.1	1	0	0	0	31	0	0
GCF_003577475.1	0	1	0	0	0	2	0
GCF_003579925.1	1	1	0	0	3	4	0
GCF_003581425.1	1	1	0	0	1	2	0
GCF_003581445.1	1	0	0	0	22	0	0
GCF_003581585.1	0	1	0	0	0	5	0
GCF_003581605.1	1	1	0	0	3	1	0
GCF_003581615.1	0	1	0	0	0	2	0
GCF_003581645.1	1	1	0	0	6	1	0
GCF_003583365.1	0	0	0	0	0	0	0
GCF_003583405.1	1	1	0	0	2	1	0
GCF_003583725.1	1	0	0	0	2	0	0
GCF_003583765.1	0	1	0	0	0	7	0
GCF_003583925.1	1	0	0	0	1	0	0
GCF_003583935.1	1	1	0	0	2	1	0
GCF_003583985.1	0	0	0	0	0	0	0
GCF_003584015.1	1	1	0	0	4	1	0
GCF_003584105.1	0	1	0	0	0	1	0
GCF_003584125.1	1	0	0	0	2	0	0
GCF_003584135.1	0	1	0	0	0	1	0
GCF_003584165.1	1	1	0	0	1	1	0
GCF_003584645.1	0	1	0	0	0	1	0
GCF_003584685.1	1	1	0	0	2	2	0
GCF_003584745.1	1	0	0	0	10	0	0
GCF_003585765.1	1	1	0	0	1	1	0
GCF_003585925.1	0	0	0	0	0	0	0
GCF_003585935.1	0	1	0	0	0	1	0
GCF_003585965.1	0	0	0	0	0	0	0
GCF_003585975.1	0	0	0	0	0	0	0
GCF_003586265.1	1	0	0	0	2	0	0
GCF_003586285.1	1	0	0	0	4	0	0
GCF_003586305.1	0	0	0	0	0	0	0
GCF_003589745.1	1	1	1	0	1	4	1
GCF_003589885.1	1	1	0	0	4	1	0
GCF_003589925.1	1	1	0	0	1	1	0
GCF_003590145.2	1	0	0	0	2	0	0
GCF_003590775.1	1	0	0	0	14	0	0
GCF_003590795.1	1	1	0	0	2	1	0
GCF_003590815.1	1	1	0	0	2	1	0
GCF_003590835.1	1	0	0	0	17	0	0
GCF_003590855.1	1	1	0	0	9	1	0
GCF_003590875.1	1	0	0	0	7	0	0
GCF_003590945.1	1	1	1	1	4	1	2
GCF_003591035.1	1	0	0	0	22	0	0
GCF_003591175.1	1	0	0	0	2	0	0
GCF_003591515.1	1	1	0	0	11	1	0
GCF_003591655.1	1	0	0	0	7	0	0
GCF_003594815.1	1	1	0	0	3	1	0
GCF_003594875.1	1	1	0	0	4	5	0
GCF_003594885.1	1	1	0	0	3	1	0
GCF_003594935.2	0	1	0	0	0	1	0
GCF_003595175.1	1	0	0	0	9	0	0
GCF_003595195.1	0	0	0	0	0	0	0
GCF_003595215.1	1	0	0	0	1	0	0
GCF_003595235.1	1	1	0	0	8	5	0
GCF_003595525.1	0	0	0	0	0	0	0
GCF_003596335.1	0	0	0	0	0	0	0
GCF_003596405.1	1	0	0	0	3	0	0
GCF_003597125.1	1	0	0	0	2	0	0
GCF_003598715.1	1	1	0	0	4	3	0
GCF_003600155.1	1	0	0	0	7	0	0
GCF_003600245.1	1	1	0	0	9	4	0
GCF_003600355.1	1	1	1	1	2	5	5
GCF_003600625.1	1	1	0	0	2	2	0
GCF_003600645.1	0	1	0	0	0	2	0
GCF_003600895.1	1	0	0	0	1	0	0
GCF_003601925.1	0	1	0	0	0	1	0
GCF_003601975.1	1	1	0	0	9	2	0
GCF_003602095.1	1	1	0	0	1	2	0
GCF_003602235.1	0	1	0	0	0	2	0
GCF_003602275.1	1	1	0	0	1	1	0
GCF_003604195.1	1	0	0	0	6	0	0
GCF_003604215.1	1	0	0	0	14	0	0
GCF_003605195.1	1	0	1	0	7	0	1
GCF_003605385.1	1	0	0	0	3	0	0
GCF_003605405.2	1	1	0	0	3	2	0
GCF_003605435.1	0	1	0	0	0	9	0
GCF_003605475.1	1	0	0	0	4	0	0
GCF_003605575.1	0	0	0	0	0	0	0
GCF_003605635.1	0	0	0	0	0	0	0
GCF_003605645.1	0	1	0	0	0	2	0
GCF_003605755.1	1	1	0	0	4	1	0
GCF_003606265.1	1	1	0	0	1	5	0
GCF_003606285.1	0	0	0	0	0	0	0
GCF_003606325.2	0	0	0	0	0	0	0
GCF_003606345.3	0	0	0	0	0	0	0
GCF_003606365.2	0	1	0	0	0	2	0
GCF_003606385.1	0	0	0	0	0	0	0
GCF_003609575.1	1	1	0	0	2	1	0
GCF_003609595.1	0	1	1	1	0	4	2
GCF_003609605.1	1	1	0	0	4	1	0
GCF_003609635.1	0	1	1	0	0	6	1
GCF_003609645.1	0	1	1	1	0	6	6
GCF_003609975.1	0	0	0	0	0	0	0
GCF_003609995.1	0	0	0	0	0	0	0
GCF_003610015.1	0	0	0	0	0	0	0
GCF_003610195.1	1	0	0	0	5	0	0
GCF_003610355.1	0	1	0	0	0	1	0
GCF_003610465.1	0	1	0	0	0	1	0
GCF_003610495.1	1	1	0	0	2	3	0
GCF_003610535.1	0	0	0	0	0	0	0
GCF_003610555.1	0	1	0	0	0	1	0
GCF_003610635.1	0	1	0	0	0	1	0
GCF_003610695.1	0	1	0	0	0	3	0
GCF_003610735.1	0	0	0	0	0	0	0
GCF_003610775.1	1	0	0	0	4	0	0
GCF_003610805.1	1	0	0	0	1	0	0
GCF_003610915.1	1	1	0	0	1	1	0
GCF_003611035.1	1	1	0	0	4	1	0
GCF_003611465.1	1	0	0	0	2	0	0
GCF_003611475.1	1	0	0	0	3	0	0
GCF_003611585.1	1	1	0	0	1	2	0
GCF_003611635.1	1	1	0	0	1	2	0
GCF_003611695.1	1	1	0	0	1	1	0
GCF_003611735.1	1	1	0	0	1	1	0
GCF_003612015.1	1	1	0	0	1	1	0
GCF_003612055.1	1	1	0	0	1	1	0
GCF_003612125.1	1	1	0	0	1	1	0
GCF_003612165.1	1	1	0	0	1	1	0
GCF_003612395.1	1	1	0	0	1	3	0
GCF_003614185.1	0	1	0	0	0	11	0
GCF_003614235.1	1	1	1	1	2	3	3
GCF_003614435.1	1	1	0	0	20	1	0
GCF_003614855.1	0	1	0	0	0	1	0
GCF_003614885.1	0	1	0	0	0	1	0
GCF_003614925.1	1	1	0	0	3	3	0
GCF_003614975.1	1	0	0	0	1	0	0
GCF_003626515.1	0	0	0	0	0	0	0
GCF_003626535.1	1	1	0	0	5	1	0
GCF_003626545.1	1	1	0	0	2	5	0
GCF_003626575.1	1	1	0	0	7	1	0
GCF_003626645.1	1	1	0	0	7	2	0
GCF_003626655.1	1	1	0	0	3	3	0
GCF_003626695.1	0	1	0	0	0	4	0
GCF_003626755.1	1	1	0	0	2	1	0
GCF_003626895.1	1	0	0	0	5	0	0
GCF_003626915.1	1	0	0	0	4	0	0
GCF_003627035.1	0	0	0	0	0	0	0
GCF_003627055.1	1	1	0	0	2	1	0
GCF_003627075.1	1	1	0	0	3	1	0
GCF_003627095.1	0	1	0	0	0	3	0
GCF_003627135.1	0	0	0	0	0	0	0
GCF_003627155.1	0	0	0	0	0	0	0
GCF_003627755.1	1	1	0	0	6	5	0
GCF_003627955.1	1	1	0	0	2	1	0
GCF_003627965.1	1	1	1	1	3	4	5
GCF_003628125.1	1	1	0	0	9	2	0
GCF_003628145.1	1	1	0	0	8	1	0
GCF_003628305.1	0	1	0	0	0	6	0
GCF_003628445.1	1	1	0	0	4	3	0
GCF_003628505.1	1	1	0	0	3	4	0
GCF_003628535.1	1	1	0	0	4	2	0
GCF_003628755.1	0	1	0	0	0	2	0
GCF_003633615.1	1	0	0	0	2	0	0
GCF_003633685.1	1	1	0	0	2	3	0
GCF_003633715.1	0	1	0	0	0	1	0
GCF_003633725.1	0	1	0	0	0	1	0
GCF_003633755.1	1	1	0	0	4	2	0
GCF_003633775.1	1	1	0	0	2	1	0
GCF_003633895.1	1	0	0	0	1	0	0
GCF_003633955.1	1	0	0	0	14	0	0
GCF_003634015.1	1	0	0	0	4	0	0
GCF_003634045.1	1	0	0	0	2	0	0
GCF_003634095.1	1	1	0	0	4	2	0
GCF_003634105.1	1	1	0	0	1	1	0
GCF_003634215.1	1	0	0	0	10	0	0
GCF_003634235.1	1	1	1	0	1	1	1
GCF_003634275.1	1	0	0	0	2	0	0
GCF_003634315.1	0	0	0	0	0	0	0
GCF_003634455.1	0	1	0	0	0	1	0
GCF_003634525.1	1	0	0	0	9	0	0
GCF_003634555.1	1	0	0	0	2	0	0
GCF_003634585.1	0	1	0	0	0	1	0
GCF_003634695.1	0	1	0	0	0	3	0
GCF_003634705.1	1	1	0	0	6	2	0
GCF_003634715.1	1	0	0	0	1	0	0
GCF_003634755.1	0	1	0	0	0	1	0
GCF_003634775.1	0	1	0	0	0	3	0
GCF_003634925.1	1	1	0	0	7	1	0
GCF_003634935.1	1	1	0	0	6	2	0
GCF_003634965.1	1	0	0	0	2	0	0
GCF_003634995.1	1	1	0	0	4	2	0
GCF_003635025.1	1	1	0	0	13	2	0
GCF_003635045.1	1	1	0	0	1	2	0
GCF_003640395.1	1	1	0	0	3	1	0
GCF_003640545.1	0	0	0	0	0	0	0
GCF_003640665.1	1	1	0	0	3	1	0
GCF_003641185.1	1	1	0	0	1	1	0
GCF_003646465.1	1	0	0	0	16	0	0
GCF_003651225.1	1	1	0	0	3	3	0
GCF_003651245.1	1	0	0	0	5	0	0
GCF_003660105.1	0	0	0	0	0	0	0
GCF_003660165.1	1	0	0	0	13	0	0
GCF_003660285.1	0	0	0	0	0	0	0
GCF_003660395.1	0	0	0	0	0	0	0
GCF_003660445.1	1	0	0	0	1	0	0
GCF_003660455.1	1	0	0	0	4	0	0
GCF_003663795.1	1	1	0	0	3	2	0
GCF_003663885.1	1	1	0	0	3	1	0
GCF_003664005.1	0	1	0	0	0	1	0
GCF_003664035.1	1	1	0	0	2	2	0
GCF_003664125.1	1	1	0	0	1	1	0
GCF_003664185.1	0	0	0	0	0	0	0
GCF_003664325.1	0	0	0	0	0	0	0
GCF_003664375.1	0	0	0	0	0	0	0
GCF_003664555.1	1	1	0	0	3	3	0
GCF_003664585.1	1	1	0	0	2	1	0
GCF_003664645.1	1	0	0	0	3	0	0
GCF_003665065.1	1	1	0	0	3	3	0
GCF_003666245.1	0	0	0	0	0	0	0
GCF_003667275.1	0	1	0	0	0	1	0
GCF_003667315.2	1	1	0	0	5	1	0
GCF_003667345.1	0	0	0	0	0	0	0
GCF_003667525.1	0	0	0	0	0	0	0
GCF_003667565.1	1	1	0	0	1	4	0
GCF_003667575.1	1	1	0	0	1	5	0
GCF_003667885.1	0	1	0	0	0	3	0
GCF_003668555.1	1	0	0	0	2	0	0
GCF_003668565.1	1	1	0	0	1	2	0
GCF_003668575.1	1	1	0	0	1	4	0
GCF_003668875.1	1	1	0	0	1	1	0
GCF_003670275.1	0	0	0	0	0	0	0
GCF_003670295.1	0	0	0	0	0	0	0
GCF_003671975.1	1	0	0	0	3	0	0
GCF_003674065.1	1	1	0	0	7	1	0
GCF_003674095.1	1	0	0	0	8	0	0
GCF_003675325.1	1	1	0	0	4	2	0
GCF_003675385.1	0	1	0	0	0	3	0
GCF_003675855.1	1	1	0	0	1	1	0
GCF_003675875.1	1	0	0	0	4	0	0
GCF_003675895.1	0	0	0	0	0	0	0
GCF_003687175.1	1	1	0	0	2	1	0
GCF_003687415.2	1	1	0	0	3	1	0
GCF_003687485.1	0	1	0	0	0	1	0
GCF_003687725.1	1	1	0	0	1	1	0
GCF_003688285.1	1	1	0	0	5	1	0
GCF_003688405.1	0	1	0	0	0	1	0
GCF_003688415.1	1	1	0	0	2	1	0
GCF_003688495.1	0	1	0	0	0	1	0
GCF_003688555.1	1	0	0	0	11	0	0
GCF_003688665.1	0	0	0	0	0	0	0
GCF_003688855.1	1	1	0	0	1	3	0
GCF_003688895.1	0	0	0	0	0	0	0
GCF_003691365.1	0	1	0	0	0	1	0
GCF_003691585.1	1	1	1	1	2	6	4
GCF_003693445.1	1	0	0	0	1	0	0
GCF_003696205.1	0	0	0	0	0	0	0
GCF_003696215.1	1	1	0	0	5	2	0
GCF_003696235.1	1	1	0	0	5	2	0
GCF_003696265.1	1	0	0	0	13	0	0
GCF_003696285.1	1	0	0	0	3	0	0
GCF_003696315.1	1	0	0	0	4	0	0
GCF_003696345.1	1	0	0	0	27	0	0
GCF_003696365.1	1	0	0	0	5	0	0
GCF_003697345.1	0	0	0	0	0	0	0
GCF_003697785.1	1	0	0	0	10	0	0
GCF_003697815.1	1	0	0	0	4	0	0
GCF_003703475.1	1	0	0	0	3	0	0
GCF_003703815.1	1	0	0	0	8	0	0
GCF_003703885.1	1	1	0	0	1	3	0
GCF_003703975.1	0	0	0	0	0	0	0
GCF_003704105.1	1	0	0	0	2	0	0
GCF_003709565.1	1	1	0	0	6	1	0
GCF_003710065.1	0	1	0	0	0	2	0
GCF_003710085.1	1	1	0	0	8	1	0
GCF_003710105.1	0	1	0	0	0	2	0
GCF_003710245.1	1	1	0	0	1	1	0
GCF_003710255.1	1	1	0	0	1	4	0
GCF_003710805.1	1	1	0	0	3	1	0
GCF_003710825.1	1	1	0	0	3	7	0
GCF_003710915.1	1	1	0	0	4	3	0
GCF_003710935.1	0	1	0	0	0	3	0
GCF_003710965.1	1	1	0	0	5	6	0
GCF_003710985.1	1	1	0	0	1	4	0
GCF_003711085.1	0	0	0	0	0	0	0
GCF_003711105.1	1	1	0	0	1	2	0
GCF_003711245.1	0	1	0	0	0	1	0
GCF_003711265.1	0	0	0	0	0	0	0
GCF_003711845.1	1	1	0	0	2	1	0
GCF_003713065.1	0	1	0	0	0	8	0
GCF_003716325.1	1	1	0	0	3	1	0
GCF_003716585.1	1	0	0	0	1	0	0
GCF_003716875.1	0	0	0	0	0	0	0
GCF_003718735.1	0	1	0	0	0	2	0
GCF_003719195.1	1	0	0	0	3	0	0
GCF_003719295.1	1	0	0	0	4	0	0
GCF_003719305.1	1	1	0	0	29	2	0
GCF_003719725.1	1	1	0	0	4	1	0
GCF_003719825.1	0	0	0	0	0	0	0
GCF_003721155.3	1	1	0	0	2	3	0
GCF_003721215.1	1	1	0	0	10	2	0
GCF_003721225.1	0	0	0	0	0	0	0
GCF_003721245.1	0	1	0	0	0	1	0
GCF_003721275.1	1	0	0	0	2	0	0
GCF_003721515.1	1	1	0	0	1	1	0
GCF_003721565.1	1	1	0	0	1	1	0
GCF_003721595.1	1	1	0	0	2	1	0
GCF_003722295.1	1	1	0	0	2	1	0
GCF_003722315.1	0	1	1	1	0	10	5
GCF_003722335.1	1	0	0	0	8	0	0
GCF_003722355.1	1	0	0	0	1	0	0
GCF_003724155.1	1	1	0	0	2	2	0
GCF_003725295.1	1	1	1	1	1	4	2
GCF_003725335.1	1	1	0	0	2	2	0
GCF_003725415.1	0	1	1	1	0	3	2
GCF_003725535.1	1	0	0	0	2	0	0
GCF_003725545.1	1	1	0	0	1	1	0
GCF_003725695.1	1	0	0	0	9	0	0
GCF_003725735.1	1	0	0	0	2	0	0
GCF_003725775.1	1	0	0	0	2	0	0
GCF_003725795.1	1	1	0	0	2	1	0
GCF_003725995.1	1	1	1	0	5	4	1
GCF_003726035.1	1	1	0	0	3	3	0
GCF_003729955.1	0	1	0	0	0	2	0
GCF_003729985.1	0	1	0	0	0	3	0
GCF_003730015.1	0	1	0	0	0	2	0
GCF_003730065.1	0	1	0	0	0	2	0
GCF_003730115.1	0	0	0	0	0	0	0
GCF_003730135.1	1	0	0	0	4	0	0
GCF_003730195.1	1	1	0	0	1	1	0
GCF_003730275.1	1	0	0	0	2	0	0
GCF_003730295.1	1	1	0	0	1	1	0
GCF_003731635.1	0	1	0	0	0	2	0
GCF_003732525.1	1	1	1	1	2	4	6
GCF_003732545.1	1	0	0	0	4	0	0
GCF_003751225.1	1	1	0	0	33	2	0
GCF_003751265.1	1	1	0	0	2	3	0
GCF_003751385.1	1	1	1	1	10	3	3
GCF_003751625.1	0	1	0	0	0	1	0
GCF_003751635.1	1	1	1	1	2	2	2
GCF_003751805.1	1	1	0	0	2	2	0
GCF_003751945.1	1	1	0	0	5	2	0
GCF_003752005.1	1	1	0	0	8	2	0
GCF_003752125.1	1	1	1	1	28	2	2
GCF_003752155.1	0	1	0	0	0	9	0
GCF_003752405.1	1	1	0	0	1	2	0
GCF_003752415.1	1	1	0	0	1	2	0
GCF_003752465.1	1	1	0	0	2	1	0
GCF_003752505.1	1	0	0	0	2	0	0
GCF_003752585.1	1	1	0	0	2	1	0
GCF_003755125.1	1	1	0	0	3	4	0
GCF_003762925.1	1	1	0	0	1	1	0
GCF_003788585.1	1	1	0	0	2	1	0
GCF_003788635.1	1	0	0	0	7	0	0
GCF_003789055.1	1	0	0	0	4	0	0
GCF_003795125.1	0	1	0	0	0	2	0
GCF_003795145.1	0	0	0	0	0	0	0
GCF_003797145.1	0	1	0	0	0	1	0
GCF_003797185.1	1	0	0	0	8	0	0
GCF_003797835.1	1	1	0	0	2	1	0
GCF_003797945.1	1	0	0	0	2	0	0
GCF_003798325.1	1	1	0	0	2	2	0
GCF_003812505.1	0	1	0	0	0	1	0
GCF_003812765.1	0	0	0	0	0	0	0
GCF_003813775.1	0	0	0	0	0	0	0
GCF_003813865.1	1	1	0	0	1	2	0
GCF_003813885.1	0	0	0	0	0	0	0
GCF_003813905.1	1	0	0	0	2	0	0
GCF_003813965.1	0	0	0	0	0	0	0
GCF_003813985.1	0	0	0	0	0	0	0
GCF_003814005.1	0	0	0	0	0	0	0
GCF_003814555.1	1	0	0	0	1	0	0
GCF_003814695.1	0	1	0	0	0	3	0
GCF_003814705.1	1	1	0	0	3	2	0
GCF_003814745.1	0	1	0	0	0	4	0
GCF_003814815.1	0	1	0	0	0	1	0
GCF_003814835.1	0	1	0	0	0	1	0
GCF_003814885.1	1	1	0	0	2	2	0
GCF_003814915.1	1	0	0	0	3	0	0
GCF_003815015.1	0	1	1	1	0	2	3
GCF_003815535.1	1	0	0	0	1	0	0
GCF_003815615.1	0	1	0	0	0	3	0
GCF_003815695.1	0	1	0	0	0	2	0
GCF_003815775.1	0	1	0	0	0	2	0
GCF_003815875.1	1	1	0	0	1	2	0
GCF_003815915.1	0	1	0	0	0	2	0
GCF_003815975.1	0	1	0	0	0	3	0
GCF_003815995.1	0	1	0	0	0	2	0
GCF_003818135.1	1	1	0	0	1	3	0
GCF_003820355.1	1	1	0	0	1	2	0
GCF_003837865.1	1	1	0	0	8	1	0
GCF_003838225.1	0	1	0	0	0	1	0
GCF_003841485.1	1	0	0	0	5	0	0
GCF_003841505.1	1	0	0	0	3	0	0
GCF_003843835.1	1	0	0	0	3	0	0
GCF_003843875.1	1	1	0	0	2	2	0
GCF_003846135.1	0	1	0	0	0	2	0
GCF_003850045.1	1	1	0	0	7	1	0
GCF_003850565.1	1	0	0	0	4	0	0
GCF_003851005.1	1	1	1	0	2	1	1
GCF_003851125.1	0	0	0	0	0	0	0
GCF_003851555.1	1	0	0	0	5	0	0
GCF_003851885.1	0	1	0	0	0	1	0
GCF_003852045.1	1	0	0	0	6	0	0
GCF_003852155.1	1	1	0	0	1	2	0
GCF_003852705.1	0	1	0	0	0	2	0
GCF_003852715.1	0	1	0	0	0	2	0
GCF_003852895.1	1	1	0	0	6	1	0
GCF_003854965.1	1	1	1	1	1	7	2
GCF_003855095.1	1	1	1	1	24	3	4
GCF_003855155.1	0	1	0	0	0	1	0
GCF_003855255.1	1	0	0	0	18	0	0
GCF_003855395.1	1	1	0	0	1	1	0
GCF_003855455.1	0	0	0	0	0	0	0
GCF_003856495.1	1	1	0	0	1	1	0
GCF_003856525.1	1	0	0	0	1	0	0
GCF_003856835.1	1	0	0	0	2	0	0
GCF_003856865.1	1	1	0	0	6	1	0
GCF_003857015.1	1	1	0	0	9	1	0
GCF_003857035.1	1	1	0	0	5	1	0
GCF_003857055.1	1	1	0	0	4	1	0
GCF_003858455.1	1	0	0	0	1	0	0
GCF_003858535.1	0	0	0	0	0	0	0
GCF_003858635.1	0	0	0	0	0	0	0
GCF_003858645.1	0	0	0	0	0	0	0
GCF_003858655.1	1	1	1	1	2	2	2
GCF_003860345.1	1	0	0	0	9	0	0
GCF_003860405.1	1	0	0	0	5	0	0
GCF_003860465.1	1	1	0	0	1	3	0
GCF_003860525.1	0	1	0	0	0	2	0
GCF_003860565.1	0	1	0	0	0	1	0
GCF_003860585.1	0	1	0	0	0	2	0
GCF_003862465.1	0	1	0	0	0	1	0
GCF_003862475.1	1	1	1	1	2	5	3
GCF_003862485.1	1	1	1	1	2	8	5
GCF_003862495.1	1	0	0	0	1	0	0
GCF_003863335.1	1	1	0	0	10	1	0
GCF_003863355.1	0	1	1	0	0	2	1
GCF_003863365.1	1	1	0	0	8	1	0
GCF_003863965.1	0	1	0	0	0	6	0
GCF_003864255.1	1	0	0	0	5	0	0
GCF_003864295.1	0	0	0	0	0	0	0
GCF_003864335.1	0	1	0	0	0	1	0
GCF_003864415.1	0	1	0	0	0	1	0
GCF_003864975.1	0	0	0	0	0	0	0
GCF_003865015.1	0	0	0	0	0	0	0
GCF_003865035.1	0	1	1	1	0	2	2
GCF_003865075.1	0	0	0	0	0	0	0
GCF_003865135.1	1	1	0	0	4	3	0
GCF_003865155.1	1	1	0	0	4	2	0
GCF_003865345.1	0	1	0	0	0	1	0
GCF_003865365.1	0	1	0	0	0	1	0
GCF_003865375.1	1	1	0	0	1	1	0
GCF_003865405.1	0	0	0	0	0	0	0
GCF_003867015.1	0	0	0	0	0	0	0
GCF_003885045.1	0	1	1	1	0	7	5
GCF_003885105.1	1	1	0	0	1	1	0
GCF_003892345.1	0	0	0	0	0	0	0
GCF_003925875.1	0	1	1	0	0	3	1
GCF_003931795.1	0	1	0	0	0	2	0
GCF_003931855.1	0	1	0	0	0	4	0
GCF_003931915.1	1	1	0	0	15	1	0
GCF_003932015.1	0	1	1	1	0	3	2
GCF_003932035.1	0	1	0	0	0	2	0
GCF_003932295.1	1	0	0	0	1	0	0
GCF_003932505.1	0	0	0	0	0	0	0
GCF_003932715.1	1	1	0	0	5	2	0
GCF_003932735.1	0	0	0	0	0	0	0
GCF_003932995.1	1	1	0	0	10	1	0
GCF_003933235.1	1	0	0	0	4	0	0
GCF_003933245.1	0	1	0	0	0	1	0
GCF_003933735.1	1	0	0	0	4	0	0
GCF_003933745.1	1	1	0	0	1	1	0
GCF_003934165.1	1	1	0	0	7	2	0
GCF_003934285.1	1	0	0	0	2	0	0
GCF_003934295.1	0	1	0	0	0	2	0
GCF_003935525.1	1	0	0	0	4	0	0
GCF_003935895.2	0	1	0	0	0	2	0
GCF_003937825.1	1	1	0	0	1	3	0
GCF_003937945.1	1	1	1	1	15	4	2
GCF_003938655.1	1	1	0	0	2	1	0
GCF_003940805.1	1	0	0	0	2	0	0
GCF_003940825.1	1	0	0	0	3	0	0
GCF_003944705.1	1	0	0	0	1	0	0
GCF_003944715.1	1	0	0	0	1	0	0
GCF_003944765.1	1	0	0	0	1	0	0
GCF_003944795.1	0	0	0	0	0	0	0
GCF_003945325.1	1	0	0	0	1	0	0
GCF_003945345.1	0	1	0	0	0	4	0
GCF_003945365.1	1	1	0	0	3	1	0
GCF_003945385.1	1	0	0	0	18	0	0
GCF_003946015.1	0	0	0	0	0	0	0
GCF_003946025.1	0	1	0	0	0	1	0
GCF_003946045.1	0	1	0	0	0	2	0
GCF_003946085.1	0	1	0	0	0	3	0
GCF_003946095.1	0	1	0	0	0	2	0
GCF_003946115.1	0	1	0	0	0	2	0
GCF_003946145.1	0	1	0	0	0	2	0
GCF_003946165.1	0	1	0	0	0	2	0
GCF_003946175.1	0	1	0	0	0	1	0
GCF_003946205.1	0	0	0	0	0	0	0
GCF_003946215.1	0	1	0	0	0	2	0
GCF_003946265.1	0	1	0	0	0	2	0
GCF_003946305.1	0	1	0	0	0	3	0
GCF_003946325.1	0	0	0	0	0	0	0
GCF_003946335.1	0	1	0	0	0	2	0
GCF_003946345.1	0	1	0	0	0	1	0
GCF_003946385.1	0	1	0	0	0	1	0
GCF_003946395.1	0	1	0	0	0	2	0
GCF_003946405.1	0	0	0	0	0	0	0
GCF_003946445.1	0	1	0	0	0	1	0
GCF_003946465.1	0	1	0	0	0	1	0
GCF_003946485.1	0	1	0	0	0	1	0
GCF_003946505.1	0	0	0	0	0	0	0
GCF_003946515.1	0	0	0	0	0	0	0
GCF_003946545.1	0	1	0	0	0	2	0
GCF_003946555.1	0	1	0	0	0	2	0
GCF_003946575.1	0	1	0	0	0	1	0
GCF_003946605.1	0	1	0	0	0	1	0
GCF_003946625.1	0	0	0	0	0	0	0
GCF_003946645.1	0	1	0	0	0	1	0
GCF_003946655.1	0	1	0	0	0	1	0
GCF_003946675.1	0	1	0	0	0	1	0
GCF_003946695.1	0	1	0	0	0	2	0
GCF_003946725.1	1	1	1	0	1	3	1
GCF_003946865.1	0	1	0	0	0	3	0
GCF_003946885.1	1	1	0	0	5	2	0
GCF_003946915.1	1	1	0	0	2	2	0
GCF_003950295.1	0	1	0	0	0	1	0
GCF_003950315.1	0	1	0	0	0	1	0
GCF_003950325.1	0	1	1	0	0	3	1
GCF_003950515.1	0	1	0	0	0	1	0
GCF_003951095.1	0	1	0	0	0	2	0
GCF_003951285.1	1	1	0	0	27	1	0
GCF_003951975.1	1	1	0	0	1	1	0
GCF_003952005.1	0	1	0	0	0	1	0
GCF_003952025.1	1	1	0	0	1	1	0
GCF_003952165.1	1	1	0	0	16	1	0
GCF_003952225.1	0	1	0	0	0	6	0
GCF_003952265.1	1	1	0	0	1	3	0
GCF_003952345.1	1	1	0	0	1	1	0
GCF_003952725.1	1	0	0	0	4	0	0
GCF_003952945.1	0	1	0	0	0	1	0
GCF_003953935.1	1	1	0	0	3	3	0
GCF_003953955.1	0	0	0	0	0	0	0
GCF_003955665.1	1	1	0	0	1	3	0
GCF_003955685.1	1	0	0	0	1	0	0
GCF_003955715.1	1	1	0	0	8	4	0
GCF_003955735.1	1	1	0	0	4	1	0
GCF_003955755.1	0	1	0	0	0	3	0
GCF_003956045.1	0	0	0	0	0	0	0
GCF_003957295.1	0	1	0	0	0	1	0
GCF_003957515.1	1	0	0	0	4	0	0
GCF_003957745.1	1	1	0	0	1	1	0
GCF_003958625.1	1	0	0	0	5	0	0
GCF_003958635.1	1	0	1	0	2	0	1
GCF_003958645.1	0	0	0	0	0	0	0
GCF_003963515.1	1	1	0	0	6	4	0
GCF_003963535.1	1	1	0	0	5	4	0
GCF_003963555.1	0	1	0	0	0	1	0
GCF_003965815.1	1	1	0	0	14	1	0
GCF_003966125.1	1	1	0	0	4	1	0
GCF_003966155.1	1	0	0	0	2	0	0
GCF_003966225.1	1	1	0	0	1	2	0
GCF_003966255.1	1	1	0	0	1	3	0
GCF_003966265.1	1	1	0	0	1	2	0
GCF_003966335.1	0	1	0	0	0	1	0
GCF_003966565.1	1	0	0	0	2	0	0
GCF_003966625.1	0	1	0	0	0	2	0
GCF_003966655.1	0	0	0	0	0	0	0
GCF_003966715.1	1	1	1	1	1	2	2
GCF_003966735.1	0	1	1	0	0	2	1
GCF_003966755.1	0	0	0	0	0	0	0
GCF_003966875.1	0	1	0	0	0	2	0
GCF_003966895.1	0	1	1	1	0	13	12
GCF_003966915.1	0	1	0	0	0	1	0
GCF_003966955.1	1	1	1	1	2	2	2
GCF_003966975.1	0	1	0	0	0	2	0
GCF_003967035.1	0	0	0	0	0	0	0
GCF_003967075.1	1	1	1	0	8	1	1
GCF_003967195.1	0	0	0	0	0	0	0
GCF_003967275.1	0	0	0	0	0	0	0
GCF_003967355.1	1	1	0	0	7	3	0
GCF_003967515.1	1	1	0	0	1	4	0
GCF_003967535.1	0	1	0	0	0	2	0
GCF_003967555.1	0	1	0	0	0	2	0
GCF_003967575.1	0	1	0	0	0	2	0
GCF_003968655.1	0	0	0	0	0	0	0
GCF_003970355.1	0	1	0	0	0	1	0
GCF_003970385.1	0	1	0	0	0	1	0
GCF_003970675.1	0	1	0	0	0	1	0
GCF_003970735.1	1	1	0	0	10	1	0
GCF_003970795.1	1	0	0	0	6	0	0
GCF_003970915.1	1	0	0	0	3	0	0
GCF_003970925.1	1	0	0	0	1	0	0
GCF_003971195.1	1	1	0	0	1	2	0
GCF_003971235.1	0	1	0	0	0	3	0
GCF_003977595.1	1	1	0	0	1	1	0
GCF_003977605.1	0	1	0	0	0	1	0
GCF_003977615.1	1	0	0	0	1	0	0
GCF_003977665.1	1	0	0	0	2	0	0
GCF_003977685.1	0	1	0	0	0	2	0
GCF_003985135.1	1	1	0	0	1	1	0
GCF_003985155.1	1	1	0	0	2	1	0
GCF_003986955.1	0	0	0	0	0	0	0
GCF_003986975.1	0	0	0	0	0	0	0
GCF_003987015.1	0	0	0	0	0	0	0
GCF_003987045.1	0	0	0	0	0	0	0
GCF_003987065.1	0	1	0	0	0	1	0
GCF_003987095.1	0	0	0	0	0	0	0
GCF_003987105.1	0	0	0	0	0	0	0
GCF_003987135.1	0	0	0	0	0	0	0
GCF_003987145.1	0	0	0	0	0	0	0
GCF_003987175.1	0	0	0	0	0	0	0
GCF_003987185.1	0	0	0	0	0	0	0
GCF_003987215.1	0	1	0	0	0	1	0
GCF_003987225.1	0	1	0	0	0	1	0
GCF_003987255.1	0	0	0	0	0	0	0
GCF_003987275.1	0	0	0	0	0	0	0
GCF_003987315.1	0	0	0	0	0	0	0
GCF_003987335.1	0	0	0	0	0	0	0
GCF_003987345.1	0	0	0	0	0	0	0
GCF_003987355.1	0	0	0	0	0	0	0
GCF_003987395.1	0	1	0	0	0	1	0
GCF_003987405.1	0	0	0	0	0	0	0
GCF_003987435.1	0	0	0	0	0	0	0
GCF_003987475.1	0	0	0	0	0	0	0
GCF_003987485.1	0	0	0	0	0	0	0
GCF_003987495.1	0	0	0	0	0	0	0
GCF_003987515.1	0	0	0	0	0	0	0
GCF_003987565.1	0	1	1	0	0	2	1
GCF_003987595.1	0	1	0	0	0	2	0
GCF_003987645.1	0	1	0	0	0	4	0
GCF_003987655.1	0	1	1	0	0	4	1
GCF_003989135.1	1	1	0	0	11	2	0
GCF_003989665.1	1	0	0	0	12	0	0
GCF_003989745.1	0	0	0	0	0	0	0
GCF_003989795.1	1	0	0	0	3	0	0
GCF_003989825.1	1	0	0	0	5	0	0
GCF_003990045.1	0	1	0	0	0	3	0
GCF_003990155.1	0	0	0	0	0	0	0
GCF_003990185.1	1	0	0	0	5	0	0
GCF_003990335.1	1	1	0	0	4	3	0
GCF_003990445.1	1	1	1	0	6	1	1
GCF_003990645.1	1	1	0	0	2	3	0
GCF_003990895.1	0	1	0	0	0	2	0
GCF_003990915.1	1	1	0	0	1	1	0
GCF_003991135.1	1	1	1	1	1	5	2
GCF_003991195.1	0	0	0	0	0	0	0
GCF_003991355.1	0	1	0	0	0	1	0
GCF_003991425.1	0	1	0	0	0	11	0
GCF_003991565.1	0	0	0	0	0	0	0
GCF_003991875.1	1	1	1	1	1	1	2
GCF_003991895.1	0	1	0	0	0	1	0
GCF_003991975.1	0	0	0	0	0	0	0
GCF_003992065.1	0	0	0	0	0	0	0
GCF_003992115.1	0	0	0	0	0	0	0
GCF_003992125.1	0	1	0	0	0	1	0
GCF_003992595.1	0	1	0	0	0	2	0
GCF_003992615.1	0	1	0	0	0	1	0
GCF_003992665.1	1	1	0	0	4	1	0
GCF_003992675.1	0	1	0	0	0	2	0
GCF_003992725.1	1	1	1	1	2	3	2
GCF_003993775.1	1	1	0	0	4	1	0
GCF_003993795.1	1	0	0	0	12	0	0
GCF_003994235.2	0	0	0	0	0	0	0
GCF_003994255.1	1	1	0	0	1	1	0
GCF_003994465.1	0	1	0	0	0	5	0
GCF_003994475.1	0	1	0	0	0	8	0
GCF_003994485.1	1	1	0	0	5	2	0
GCF_003996965.1	0	1	0	0	0	2	0
GCF_003996985.1	0	1	0	0	0	1	0
GCF_003999195.1	1	1	0	0	6	3	0
GCF_003999255.1	0	1	1	1	0	5	5
GCF_003999335.1	1	1	0	0	8	1	0
GCF_003999355.1	0	1	0	0	0	1	0
GCF_003999375.1	0	1	0	0	0	1	0
GCF_003999585.1	0	0	0	0	0	0	0
GCF_003999975.1	1	1	0	0	4	4	0
GCF_003999995.1	1	1	0	0	2	6	0
GCF_004000215.1	1	1	0	0	12	2	0
GCF_004000255.1	1	1	0	0	6	1	0
GCF_004000275.1	1	1	1	1	6	1	2
GCF_004000435.1	1	1	0	0	4	3	0
GCF_004000605.1	1	1	0	0	2	1	0
GCF_004000725.1	1	1	0	0	1	4	0
GCF_004000765.1	0	1	0	0	0	5	0
GCF_004000785.1	1	1	1	1	1	9	2
GCF_004000805.1	0	1	0	0	0	5	0
GCF_004000825.1	0	1	0	0	0	3	0
GCF_004000845.1	0	1	0	0	0	4	0
GCF_004000905.1	0	1	0	0	0	4	0
GCF_004000925.1	0	1	0	0	0	8	0
GCF_004000945.1	0	1	0	0	0	7	0
GCF_004000985.1	1	1	0	0	3	4	0
GCF_004001045.1	0	1	0	0	0	6	0
GCF_004001065.1	1	1	0	0	1	2	0
GCF_004001245.1	0	1	1	0	0	1	1
GCF_004001325.1	0	0	0	0	0	0	0
GCF_004004515.1	1	0	0	0	3	0	0
GCF_004004555.2	1	0	0	0	6	0	0
GCF_004004565.1	1	1	0	0	3	2	0
GCF_004005485.1	1	1	0	0	3	1	0
GCF_004005565.1	1	1	0	0	1	1	0
GCF_004005815.1	0	1	0	0	0	1	0
GCF_004005845.1	1	1	0	0	12	1	0
GCF_004005855.1	1	1	0	0	17	1	0
GCF_004005865.1	1	1	0	0	13	1	0
GCF_004005905.1	1	0	1	0	4	0	1
GCF_004005935.1	1	0	0	0	2	0	0
GCF_004005945.1	0	1	0	0	0	2	0
GCF_004005965.1	0	0	0	0	0	0	0
GCF_004006175.1	1	1	0	0	5	2	0
GCF_004006375.1	0	0	0	0	0	0	0
GCF_004006435.1	0	1	0	0	0	3	0
GCF_004006535.1	1	1	1	1	1	3	2
GCF_004008975.1	1	0	0	0	22	0	0
GCF_004009905.1	1	1	0	0	3	1	0
GCF_004010055.1	1	1	0	0	1	1	0
GCF_004010095.1	0	1	0	0	0	1	0
GCF_004010155.1	1	1	0	0	2	3	0
GCF_004010955.1	0	0	0	0	0	0	0
GCF_004011095.1	1	0	0	0	1	0	0
GCF_004011115.1	1	0	0	0	1	0	0
GCF_004011135.1	1	1	0	0	2	2	0
GCF_004011155.1	0	1	0	0	0	5	0
GCF_004011175.1	1	1	0	0	1	1	0
GCF_004011505.1	1	1	0	0	10	6	0
GCF_004011805.1	1	0	0	0	7	0	0
GCF_004011825.1	1	1	0	0	5	2	0
GCF_004011835.1	1	1	0	0	5	2	0
GCF_004011865.1	1	0	0	0	8	0	0
GCF_004011885.1	0	0	0	0	0	0	0
GCF_004011905.1	1	1	0	0	10	1	0
GCF_004014775.2	0	1	0	0	0	1	0
GCF_004014855.1	0	1	0	0	0	2	0
GCF_004014875.1	1	0	0	0	5	0	0
GCF_004015185.1	0	1	1	1	0	6	2
GCF_004015795.1	0	0	0	0	0	0	0
GCF_004016505.1	1	1	0	0	5	2	0
GCF_004016515.1	1	1	0	0	8	1	0
GCF_004016525.1	1	1	0	0	2	1	0
GCF_004022265.1	1	1	0	0	3	1	0
GCF_004022465.1	1	1	0	0	3	1	0
GCF_004022565.1	1	0	0	0	8	0	0
GCF_004022585.1	1	0	0	0	2	0	0
GCF_004023625.1	1	1	0	0	9	4	0
GCF_004023665.1	1	1	0	0	3	1	0
GCF_004025325.1	0	0	0	0	0	0	0
GCF_004025525.1	0	1	0	0	0	2	0
GCF_004025845.1	1	1	0	0	1	1	0
GCF_004025965.2	1	1	0	0	2	2	0
GCF_004028155.1	0	1	0	0	0	1	0
GCF_004028235.1	1	1	0	0	1	1	0
GCF_004028275.1	0	0	0	0	0	0	0
GCF_004028635.1	1	1	0	0	6	4	0
GCF_004053875.1	1	1	0	0	1	5	0
GCF_004054105.1	1	1	0	0	12	1	0
GCF_004054195.1	0	1	0	0	0	2	0
GCF_004063735.1	1	1	0	0	9	1	0
GCF_004078635.1	0	1	0	0	0	6	0
GCF_004078655.1	0	1	0	0	0	7	0
GCF_004087835.1	0	0	0	0	0	0	0
GCF_004087915.1	0	1	1	1	0	2	3
GCF_004101785.1	1	1	1	0	2	2	1
GCF_004101845.1	0	0	0	0	0	0	0
GCF_004102025.1	0	1	0	0	0	2	0
GCF_004102045.2	0	1	0	0	0	3	0
GCF_004102725.1	0	1	0	0	0	1	0
GCF_004102745.1	0	1	1	1	0	5	3
GCF_004102945.1	0	1	0	0	0	1	0
GCF_004103615.1	0	1	0	0	0	1	0
GCF_004103715.1	0	1	1	1	0	4	5
GCF_004103735.1	0	1	0	0	0	1	0
GCF_004103825.1	1	0	0	0	3	0	0
GCF_004104015.1	0	1	0	0	0	2	0
GCF_004104035.1	0	1	0	0	0	1	0
GCF_004104055.1	0	1	0	0	0	2	0
GCF_004104075.1	0	1	0	0	0	2	0
GCF_004104355.1	0	1	1	0	0	2	1
GCF_004104375.1	0	1	0	0	0	1	0
GCF_004114535.1	1	0	0	0	20	0	0
GCF_004114895.1	0	0	0	0	0	0	0
GCF_004114915.1	1	0	0	0	24	0	0
GCF_004114935.1	1	1	0	0	30	1	0
GCF_004114955.1	1	1	0	0	22	1	0
GCF_004114975.1	1	0	0	0	21	0	0
GCF_004114995.1	1	0	0	0	2	0	0
GCF_004115085.1	0	1	0	0	0	1	0
GCF_004115155.1	0	1	0	0	0	3	0
GCF_004115975.1	1	1	0	0	1	1	0
GCF_004116265.1	0	1	0	0	0	5	0
GCF_004116335.1	0	0	0	0	0	0	0
GCF_004116385.1	1	0	0	0	2	0	0
GCF_004116405.1	1	0	0	0	8	0	0
GCF_004116625.1	0	0	0	0	0	0	0
GCF_004116975.1	1	1	1	1	2	1	2
GCF_004117055.1	1	1	0	0	1	6	0
GCF_004117075.1	0	1	0	0	0	1	0
GCF_004117095.1	0	1	0	0	0	6	0
GCF_004117855.1	1	0	0	0	4	0	0
GCF_004117875.1	0	1	1	1	0	5	3
GCF_004117915.1	0	1	0	0	0	2	0
GCF_004117935.1	1	1	0	0	5	3	0
GCF_004118155.1	0	1	0	0	0	1	0
GCF_004118265.1	1	1	0	0	2	1	0
GCF_004118285.1	0	0	0	0	0	0	0
GCF_004118325.1	1	0	0	0	3	0	0
GCF_004118375.1	1	1	0	0	1	1	0
GCF_004118675.1	1	1	0	0	2	1	0
GCF_004120195.1	1	1	0	0	2	2	0
GCF_004121055.1	1	0	0	0	35	0	0
GCF_004121315.1	1	1	0	0	2	2	0
GCF_004122035.1	0	1	1	0	0	1	1
GCF_004122095.1	0	1	0	0	0	1	0
GCF_004122105.1	0	1	0	0	0	1	0
GCF_004122115.1	1	0	0	0	2	0	0
GCF_004122145.1	0	1	0	0	0	1	0
GCF_004122165.1	0	1	0	0	0	1	0
GCF_004122735.1	1	1	0	0	7	2	0
GCF_004123145.1	0	1	0	0	0	2	0
GCF_004123295.1	0	1	0	0	0	1	0
GCF_004123805.1	1	0	0	0	1	0	0
GCF_004124235.1	0	1	0	0	0	2	0
GCF_004124255.1	0	0	0	0	0	0	0
GCF_004124315.2	0	1	0	0	0	3	0
GCF_004126515.1	1	0	0	0	2	0	0
GCF_004126535.1	0	1	0	0	0	4	0
GCF_004134775.1	0	1	0	0	0	2	0
GCF_004134825.1	1	1	0	0	2	4	0
GCF_004134865.1	1	1	0	0	1	4	0
GCF_004134905.2	1	1	0	0	4	1	0
GCF_004135055.1	1	0	0	0	4	0	0
GCF_004135285.1	1	0	1	1	3	0	2
GCF_004135345.1	1	1	0	0	2	1	0
GCF_004135365.1	0	1	0	0	0	4	0
GCF_004135385.1	1	1	0	0	1	1	0
GCF_004135405.1	1	1	0	0	1	2	0
GCF_004135605.1	1	0	1	0	3	0	1
GCF_004135625.1	1	0	0	0	6	0	0
GCF_004135645.1	1	1	1	1	1	5	2
GCF_004135675.1	0	1	0	0	0	1	0
GCF_004135935.1	1	0	0	0	1	0	0
GCF_004135975.1	1	1	1	0	1	1	1
GCF_004136555.1	1	1	0	0	3	2	0
GCF_004136575.1	1	0	0	0	2	0	0
GCF_004136635.1	1	0	0	0	1	0	0
GCF_004137085.1	1	1	0	0	5	1	0
GCF_004137235.1	1	0	0	0	4	0	0
GCF_004137245.1	1	0	0	0	3	0	0
GCF_004137255.1	1	0	0	0	4	0	0
GCF_004137345.1	1	0	0	0	2	0	0
GCF_004137355.1	1	0	0	0	2	0	0
GCF_004137685.1	1	1	0	0	5	1	0
GCF_004137795.1	0	1	0	0	0	2	0
GCF_004137855.1	0	1	0	0	0	1	0
GCF_004138105.1	0	1	0	0	0	4	0
GCF_004138125.1	0	1	0	0	0	1	0
GCF_004138135.1	1	0	0	0	1	0	0
GCF_004138215.1	0	1	1	1	0	4	4
GCF_004138325.1	1	1	0	0	1	1	0
GCF_004138335.1	1	1	1	1	10	1	2
GCF_004138395.1	0	0	0	0	0	0	0
GCF_004138405.1	0	0	0	0	0	0	0
GCF_004138445.1	0	0	0	0	0	0	0
GCF_004138485.1	1	1	0	0	24	1	0
GCF_004138495.1	1	1	0	0	9	3	0
GCF_004138525.1	1	1	0	0	2	3	0
GCF_004139715.1	0	1	0	0	0	1	0
GCF_004143485.2	1	0	0	0	3	0	0
GCF_004150225.1	0	0	0	0	0	0	0
GCF_004151275.2	0	0	0	0	0	0	0
GCF_004151455.1	0	0	0	0	0	0	0
GCF_004152935.1	1	1	0	0	1	1	0
GCF_004153445.1	1	0	0	0	27	0	0
GCF_004153455.1	1	0	0	0	22	0	0
GCF_004153545.1	0	1	0	0	0	2	0
GCF_004153605.1	1	0	0	0	3	0	0
GCF_004153685.1	1	0	0	0	13	0	0
GCF_004154955.1	1	1	1	1	10	3	5
GCF_004167665.1	1	1	0	0	1	1	0
GCF_004167995.1	0	1	0	0	0	1	0
GCF_004168035.1	1	1	0	0	8	2	0
GCF_004168255.1	0	1	0	0	0	2	0
GCF_004168285.1	0	1	0	0	0	2	0
GCF_004168365.1	0	0	0	0	0	0	0
GCF_004168465.1	0	0	0	0	0	0	0
GCF_004181775.1	0	0	0	0	0	0	0
GCF_004208415.1	1	1	0	0	4	6	0
GCF_004208515.1	1	0	0	0	1	0	0
GCF_004208525.1	1	0	0	0	2	0	0
GCF_004208535.1	1	1	0	0	8	1	0
GCF_004208635.1	1	0	0	0	2	0	0
GCF_004209755.1	1	1	0	0	4	3	0
GCF_004210275.1	0	0	0	0	0	0	0
GCF_004210305.1	0	0	0	0	0	0	0
GCF_004214795.1	0	0	0	0	0	0	0
GCF_004214815.1	0	0	0	0	0	0	0
GCF_004214835.1	0	0	0	0	0	0	0
GCF_004214895.1	1	0	0	0	2	0	0
GCF_004214935.1	1	1	0	0	6	2	0
GCF_004216495.1	0	0	0	0	0	0	0
GCF_004216535.1	1	1	0	0	2	2	0
GCF_004216555.1	1	1	0	0	2	2	0
GCF_004216565.1	1	1	0	0	6	1	0
GCF_004216575.1	1	0	0	0	2	0	0
GCF_004216665.1	1	1	0	0	1	1	0
GCF_004216695.1	1	0	0	0	37	0	0
GCF_004216715.1	1	1	0	0	1	1	0
GCF_004216755.1	1	0	0	0	2	0	0
GCF_004216775.1	0	1	0	0	0	1	0
GCF_004216855.1	1	0	0	0	2	0	0
GCF_004216895.1	0	1	0	0	0	1	0
GCF_004216915.1	0	1	0	0	0	2	0
GCF_004217045.1	1	0	0	0	19	0	0
GCF_004217095.1	1	0	0	0	35	0	0
GCF_004217115.1	0	1	1	0	0	1	1
GCF_004217135.1	1	1	0	0	2	1	0
GCF_004217145.1	1	1	0	0	5	9	0
GCF_004217175.1	1	0	0	0	4	0	0
GCF_004217185.1	1	0	0	0	21	0	0
GCF_004217215.1	1	1	0	0	4	1	0
GCF_004217335.1	1	0	0	0	3	0	0
GCF_004217385.1	1	1	0	0	6	3	0
GCF_004217445.1	0	0	0	0	0	0	0
GCF_004217455.1	1	0	0	0	7	0	0
GCF_004217495.1	1	1	0	0	2	2	0
GCF_004217545.1	1	1	0	0	1	2	0
GCF_004217555.1	1	1	0	0	4	4	0
GCF_004217565.1	1	1	0	0	2	2	0
GCF_004217615.1	1	1	0	0	6	1	0
GCF_004217665.1	0	0	0	0	0	0	0
GCF_004284785.1	0	0	0	0	0	0	0
GCF_004291315.1	0	1	0	0	0	1	0
GCF_004293625.1	0	0	0	0	0	0	0
GCF_004295125.1	1	1	1	1	1	3	4
GCF_004295345.1	0	1	0	0	0	1	0
GCF_004295585.1	1	1	0	0	1	3	0
GCF_004295645.1	1	1	0	0	1	2	0
GCF_004295665.1	0	1	0	0	0	1	0
GCF_004295685.1	0	1	0	0	0	1	0
GCF_004296335.1	0	1	0	0	0	1	0
GCF_004296475.1	0	0	0	0	0	0	0
GCF_004296495.1	0	0	0	0	0	0	0
GCF_004296515.1	0	0	0	0	0	0	0
GCF_004296535.1	0	0	0	0	0	0	0
GCF_004296575.1	1	0	0	0	1	0	0
GCF_004297185.1	0	1	0	0	0	1	0
GCF_004299785.2	0	0	0	0	0	0	0
GCF_004300825.1	1	1	0	0	3	1	0
GCF_004300865.1	0	0	0	0	0	0	0
GCF_004305975.1	1	1	0	0	3	2	0
GCF_004306155.1	0	0	0	0	0	0	0
GCF_004306515.1	1	1	0	0	2	4	0
GCF_004306555.1	1	1	0	0	2	4	0
GCF_004307015.1	1	0	0	0	2	0	0
GCF_004307995.1	1	1	0	0	3	8	0
GCF_004309355.1	1	1	1	0	1	6	1
GCF_004309735.1	0	1	0	0	0	1	0
GCF_004310285.1	1	1	0	0	1	1	0
GCF_004310325.1	0	1	0	0	0	1	0
GCF_004310345.1	1	1	0	0	5	1	0
GCF_004310395.1	0	1	1	0	0	2	1
GCF_004310425.1	1	1	0	0	3	1	0
GCF_004310665.1	1	1	0	0	2	2	0
GCF_004310685.1	1	1	0	0	1	1	0
GCF_004310865.1	1	0	0	0	2	0	0
GCF_004319545.1	0	1	1	1	0	3	2
GCF_004322705.1	1	0	0	0	1	0	0
GCF_004322755.1	1	1	0	0	4	3	0
GCF_004322855.1	1	1	0	0	6	2	0
GCF_004323595.1	1	0	0	0	2	0	0
GCF_004323735.1	1	1	0	0	7	1	0
GCF_004324755.1	1	1	0	0	1	2	0
GCF_004327155.1	1	1	0	0	3	2	0
GCF_004327275.1	1	0	0	0	8	0	0
GCF_004327335.1	1	0	0	0	1	0	0
GCF_004327355.1	1	0	0	0	7	0	0
GCF_004327985.1	1	0	0	0	3	0	0
GCF_004328075.1	1	0	0	0	1	0	0
GCF_004328535.1	1	1	0	0	3	1	0
GCF_004328555.1	1	0	0	0	4	0	0
GCF_004328625.1	1	1	0	0	5	3	0
GCF_004329705.1	0	1	0	0	0	2	0
GCF_004329815.1	0	1	0	0	0	1	0
GCF_004331155.1	1	0	0	0	4	0	0
GCF_004331345.1	1	1	0	0	10	5	0
GCF_004331375.1	1	1	0	0	10	5	0
GCF_004331385.1	0	1	0	0	0	1	0
GCF_004331415.1	0	1	1	0	0	2	1
GCF_004331435.1	1	1	0	0	8	4	0
GCF_004331455.1	1	1	0	0	4	1	0
GCF_004331465.1	1	1	0	0	10	5	0
GCF_004331485.1	1	1	0	0	9	6	0
GCF_004331645.1	1	0	0	0	2	0	0
GCF_004331675.1	1	1	0	0	2	3	0
GCF_004331695.1	0	1	0	0	0	1	0
GCF_004331735.1	1	1	0	0	2	2	0
GCF_004331915.1	1	1	0	0	1	1	0
GCF_004331955.1	1	1	0	0	2	1	0
GCF_004331995.1	0	1	0	0	0	1	0
GCF_004332295.1	1	0	0	0	1	0	0
GCF_004335005.1	1	1	0	0	5	2	0
GCF_004335015.1	1	0	0	0	2	0	0
GCF_004335085.1	0	1	0	0	0	2	0
GCF_004335975.1	0	0	0	0	0	0	0
GCF_004335995.1	0	0	0	0	0	0	0
GCF_004336905.1	1	0	0	0	3	0	0
GCF_004336975.1	0	0	0	0	0	0	0
GCF_004337365.2	0	1	0	0	0	1	0
GCF_004337445.1	0	1	1	0	0	1	1
GCF_004337475.1	1	0	0	0	1	0	0
GCF_004337505.1	0	0	0	0	0	0	0
GCF_004337635.1	0	1	0	0	0	1	0
GCF_004337705.1	1	0	0	0	6	0	0
GCF_004339015.1	1	0	0	0	1	0	0
GCF_004339025.1	0	0	0	0	0	0	0
GCF_004339085.1	0	0	0	0	0	0	0
GCF_004339095.1	0	1	1	0	0	4	1
GCF_004339125.1	1	0	0	0	16	0	0
GCF_004339465.1	1	0	0	0	10	0	0
GCF_004339565.1	1	0	0	0	30	0	0
GCF_004339575.1	0	1	0	0	0	1	0
GCF_004339595.1	0	0	0	0	0	0	0
GCF_004339625.1	0	0	0	0	0	0	0
GCF_004339675.1	1	0	0	0	2	0	0
GCF_004339725.1	1	1	0	0	1	1	0
GCF_004339765.1	0	0	0	0	0	0	0
GCF_004339805.1	1	1	1	0	4	2	1
GCF_004340125.1	0	1	0	0	0	6	0
GCF_004340205.1	0	1	0	0	0	1	0
GCF_004340465.1	0	1	0	0	0	4	0
GCF_004340525.1	1	0	0	0	3	0	0
GCF_004340645.1	0	1	0	0	0	1	0
GCF_004340665.1	1	1	0	0	2	1	0
GCF_004340685.1	0	1	1	1	0	6	2
GCF_004340805.1	1	0	0	0	1	0	0
GCF_004340875.1	1	1	0	0	20	3	0
GCF_004340905.1	1	0	0	0	4	0	0
GCF_004340975.1	0	1	1	1	0	3	2
GCF_004340985.1	0	1	0	0	0	2	0
GCF_004341035.1	1	1	0	0	1	10	0
GCF_004341165.1	0	0	0	0	0	0	0
GCF_004341205.1	1	1	0	0	3	1	0
GCF_004341235.1	0	1	0	0	0	1	0
GCF_004341245.1	1	0	0	0	3	0	0
GCF_004341375.1	1	0	0	0	3	0	0
GCF_004341395.1	1	1	1	1	1	4	5
GCF_004341445.1	0	1	0	0	0	1	0
GCF_004341685.1	0	1	0	0	0	1	0
GCF_004341825.1	0	0	0	0	0	0	0
GCF_004341885.1	1	1	0	0	5	1	0
GCF_004341915.1	0	1	0	0	0	1	0
GCF_004342005.1	1	0	0	0	19	0	0
GCF_004342025.1	1	1	0	0	7	3	0
GCF_004342065.1	1	1	0	0	5	1	0
GCF_004342085.1	1	1	0	0	8	4	0
GCF_004342165.1	0	1	1	0	0	4	1
GCF_004342175.1	0	0	0	0	0	0	0
GCF_004342325.1	1	1	0	0	2	1	0
GCF_004342425.1	0	0	0	0	0	0	0
GCF_004342445.1	1	1	1	1	3	3	2
GCF_004342485.1	1	1	0	0	2	1	0
GCF_004342585.1	1	0	0	0	2	0	0
GCF_004342625.1	1	0	0	0	3	0	0
GCF_004342665.1	0	1	0	0	0	1	0
GCF_004342685.1	0	1	0	0	0	1	0
GCF_004342725.1	1	0	0	0	1	0	0
GCF_004342745.1	0	1	0	0	0	4	0
GCF_004342885.1	0	1	1	1	0	4	2
GCF_004342905.1	1	1	0	0	2	1	0
GCF_004342915.1	1	0	0	0	11	0	0
GCF_004343035.1	0	1	0	0	0	1	0
GCF_004343075.1	1	0	0	0	4	0	0
GCF_004343155.1	0	0	0	0	0	0	0
GCF_004343195.1	1	1	0	0	2	5	0
GCF_004343305.1	0	0	0	0	0	0	0
GCF_004343345.1	1	1	0	0	4	3	0
GCF_004343505.1	1	0	0	0	2	0	0
GCF_004343615.1	1	0	0	0	18	0	0
GCF_004343705.1	0	0	0	0	0	0	0
GCF_004344915.1	0	1	0	0	0	7	0
GCF_004345005.1	1	1	1	1	1	3	5
GCF_004345565.1	0	1	0	0	0	2	0
GCF_004345615.1	0	0	0	0	0	0	0
GCF_004345645.1	1	1	0	0	10	2	0
GCF_004345665.1	1	1	0	0	6	4	0
GCF_004345705.1	1	1	1	1	1	6	9
GCF_004345735.1	1	1	0	0	1	1	0
GCF_004345745.1	0	1	0	0	0	1	0
GCF_004345825.1	0	0	0	0	0	0	0
GCF_004346035.1	1	1	0	0	1	2	0
GCF_004346105.1	0	0	0	0	0	0	0
GCF_004346135.1	0	1	0	0	0	1	0
GCF_004346165.1	1	1	1	1	1	4	2
GCF_004346185.1	1	0	0	0	18	0	0
GCF_004346195.1	1	0	0	0	6	0	0
GCF_004346225.1	1	0	0	0	19	0	0
GCF_004346265.1	0	0	0	0	0	0	0
GCF_004346685.1	0	1	0	0	0	1	0
GCF_004346745.1	1	0	0	0	4	0	0
GCF_004346845.1	0	1	0	0	0	1	0
GCF_004346865.1	1	1	0	0	3	2	0
GCF_004347775.1	0	1	0	0	0	2	0
GCF_004348195.1	0	0	0	0	0	0	0
GCF_004348265.1	1	1	0	0	3	1	0
GCF_004348345.1	1	1	0	0	12	3	0
GCF_004348415.1	1	1	0	0	7	2	0
GCF_004348435.1	1	1	0	0	17	1	0
GCF_004348445.1	1	1	0	0	8	1	0
GCF_004348455.1	1	1	0	0	5	5	0
GCF_004348545.1	1	1	0	0	5	2	0
GCF_004348685.1	1	1	0	0	11	3	0
GCF_004348725.1	1	1	0	0	10	3	0
GCF_004348825.1	0	0	0	0	0	0	0
GCF_004348975.1	1	0	0	0	10	0	0
GCF_004348985.1	1	1	0	0	27	2	0
GCF_004348995.1	1	1	0	0	10	5	0
GCF_004349015.1	1	1	0	0	10	4	0
GCF_004349055.1	1	1	0	0	5	5	0
GCF_004349065.1	1	1	0	0	15	3	0
GCF_004349085.1	0	1	0	0	0	1	0
GCF_004349105.1	1	1	0	0	5	3	0
GCF_004349135.1	0	1	0	0	0	1	0
GCF_004349145.1	0	1	0	0	0	1	0
GCF_004349195.1	0	1	0	0	0	2	0
GCF_004349215.1	1	1	0	0	9	3	0
GCF_004349225.1	1	1	0	0	23	1	0
GCF_004349235.1	1	1	0	0	22	3	0
GCF_004349265.1	1	0	0	0	1	0	0
GCF_004349315.1	0	0	0	0	0	0	0
GCF_004349355.1	1	1	0	0	2	1	0
GCF_004349435.1	0	1	1	1	0	3	4
GCF_004352805.1	1	1	1	1	13	2	2
GCF_004352825.1	0	0	0	0	0	0	0
GCF_004352835.1	1	0	0	0	1	0	0
GCF_004352845.1	0	0	0	0	0	0	0
GCF_004352915.1	0	1	0	0	0	2	0
GCF_004353185.1	0	1	1	0	0	3	1
GCF_004353325.1	0	0	0	0	0	0	0
GCF_004353525.1	0	1	1	1	0	6	5
GCF_004353825.1	1	1	0	0	5	3	0
GCF_004353845.1	1	1	1	0	1	4	1
GCF_004353865.1	1	0	0	0	11	0	0
GCF_004353895.1	0	1	1	0	0	1	1
GCF_004353905.1	1	1	0	0	24	2	0
GCF_004353915.1	1	1	0	0	31	1	0
GCF_004353985.1	1	0	0	0	24	0	0
GCF_004354015.1	1	1	1	1	6	5	2
GCF_004354045.1	0	1	0	0	0	5	0
GCF_004354085.1	1	1	0	0	11	1	0
GCF_004354305.1	0	1	0	0	0	2	0
GCF_004354365.1	0	1	0	0	0	1	0
GCF_004354595.1	0	1	0	0	0	4	0
GCF_004354645.1	0	1	0	0	0	1	0
GCF_004354815.1	0	0	0	0	0	0	0
GCF_004354915.1	1	1	0	0	2	2	0
GCF_004355005.1	1	0	0	0	28	0	0
GCF_004355185.1	1	1	0	0	1	1	0
GCF_004355225.1	0	0	0	0	0	0	0
GCF_004357985.1	1	0	0	0	2	0	0
GCF_004357995.1	1	1	0	0	1	4	0
GCF_004358025.1	1	1	0	0	1	1	0
GCF_004358035.1	0	0	0	0	0	0	0
GCF_004358095.2	1	0	0	0	2	0	0
GCF_004358105.1	1	1	0	0	3	1	0
GCF_004358165.1	0	0	0	0	0	0	0
GCF_004358185.1	1	1	0	0	13	1	0
GCF_004358205.1	1	1	0	0	2	2	0
GCF_004358325.1	0	1	0	0	0	1	0
GCF_004358345.1	0	1	0	0	0	2	0
GCF_004358425.1	1	0	0	0	3	0	0
GCF_004358445.1	0	1	0	0	0	1	0
GCF_004358675.1	1	1	0	0	3	1	0
GCF_004358695.1	1	1	0	0	1	1	0
GCF_004358895.1	1	1	0	0	4	1	0
GCF_004359005.1	1	1	0	0	6	1	0
GCF_004359195.1	0	1	0	0	0	2	0
GCF_004359375.1	0	1	0	0	0	1	0
GCF_004359515.1	0	1	0	0	0	1	0
GCF_004359545.1	0	1	0	0	0	2	0
GCF_004359955.1	1	0	0	0	3	0	0
GCF_004359965.1	0	0	0	0	0	0	0
GCF_004359985.1	1	1	0	0	11	1	0
GCF_004360145.1	1	1	0	0	3	2	0
GCF_004360155.1	0	1	0	0	0	2	0
GCF_004361065.1	0	0	0	0	0	0	0
GCF_004361735.1	1	0	0	0	1	0	0
GCF_004361795.1	1	0	0	0	4	0	0
GCF_004361835.1	1	1	0	0	3	1	0
GCF_004361915.1	0	0	0	0	0	0	0
GCF_004362145.1	1	1	0	0	2	1	0
GCF_004362215.1	1	1	0	0	3	1	0
GCF_004362245.1	0	1	0	0	0	1	0
GCF_004362335.1	0	0	0	0	0	0	0
GCF_004362375.1	1	1	0	0	5	4	0
GCF_004362405.1	1	1	0	0	4	2	0
GCF_004362495.1	1	0	0	0	10	0	0
GCF_004362515.1	1	1	0	0	4	2	0
GCF_004362525.1	1	1	0	0	11	2	0
GCF_004362535.1	0	1	0	0	0	1	0
GCF_004362665.1	0	1	0	0	0	1	0
GCF_004362715.1	0	1	0	0	0	1	0
GCF_004362745.1	1	1	0	0	3	2	0
GCF_004362805.1	0	0	0	0	0	0	0
GCF_004362825.1	1	1	0	0	5	2	0
GCF_004362855.1	1	0	0	0	2	0	0
GCF_004362865.1	0	1	0	0	0	1	0
GCF_004362975.1	0	1	1	1	0	4	2
GCF_004363005.1	0	0	0	0	0	0	0
GCF_004363035.1	0	0	0	0	0	0	0
GCF_004363045.1	0	1	0	0	0	1	0
GCF_004363075.1	1	1	0	0	3	1	0
GCF_004363095.1	1	0	0	0	13	0	0
GCF_004363175.1	1	1	0	0	2	4	0
GCF_004363195.1	1	1	0	0	3	1	0
GCF_004363215.1	0	1	0	0	0	1	0
GCF_004363235.1	1	0	0	0	2	0	0
GCF_004363245.1	0	0	0	0	0	0	0
GCF_004363295.1	0	0	0	0	0	0	0
GCF_004363305.1	0	0	0	0	0	0	0
GCF_004363315.1	1	0	0	0	4	0	0
GCF_004363335.1	0	0	0	0	0	0	0
GCF_004363555.1	1	0	0	0	4	0	0
GCF_004363655.1	1	0	0	0	2	0	0
GCF_004363725.1	1	1	0	0	3	1	0
GCF_004363775.1	1	0	0	0	1	0	0
GCF_004363805.1	1	0	0	0	2	0	0
GCF_004363955.1	1	0	0	0	19	0	0
GCF_004363965.1	0	1	0	0	0	2	0
GCF_004364125.1	1	0	0	0	2	0	0
GCF_004364155.1	0	1	1	0	0	4	1
GCF_004364165.1	0	0	0	0	0	0	0
GCF_004364175.1	0	1	0	0	0	1	0
GCF_004364315.1	1	0	0	0	1	0	0
GCF_004364325.1	1	1	0	0	26	4	0
GCF_004364345.1	0	1	0	0	0	2	0
GCF_004364555.1	1	1	1	1	3	3	2
GCF_004364575.1	0	1	0	0	0	1	0
GCF_004364585.1	1	0	0	0	2	0	0
GCF_004364635.1	1	0	0	0	1	0	0
GCF_004364645.1	0	1	0	0	0	1	0
GCF_004364805.1	1	1	0	0	6	2	0
GCF_004364865.1	1	1	0	0	7	2	0
GCF_004364935.1	1	0	0	0	12	0	0
GCF_004364975.1	0	1	0	0	0	1	0
GCF_004365095.1	0	0	0	0	0	0	0
GCF_004365175.1	1	1	0	0	4	3	0
GCF_004365405.1	1	0	0	0	1	0	0
GCF_004365575.1	0	1	1	0	0	4	1
GCF_004365595.1	0	1	1	1	0	2	2
GCF_004365635.1	1	1	0	0	4	1	0
GCF_004365655.1	0	1	0	0	0	2	0
GCF_004365815.1	0	1	0	0	0	4	0
GCF_004365875.1	1	1	0	0	6	7	0
GCF_004365915.1	1	1	0	0	2	1	0
GCF_004365965.1	1	0	0	0	6	0	0
GCF_004366075.1	1	1	0	0	10	5	0
GCF_004366355.1	1	0	0	0	2	0	0
GCF_004366375.1	1	1	1	1	1	4	2
GCF_004366575.1	0	0	0	0	0	0	0
GCF_004366595.1	1	1	0	0	9	1	0
GCF_004366635.1	1	1	0	0	2	1	0
GCF_004366735.1	0	0	0	0	0	0	0
GCF_004366795.1	0	0	0	0	0	0	0
GCF_004366815.1	1	0	0	0	2	0	0
GCF_004367585.1	1	1	0	0	2	2	0
GCF_004367745.1	1	1	0	0	4	1	0
GCF_004368925.1	0	0	0	0	0	0	0
GCF_004368965.1	1	0	0	0	1	0	0
GCF_004369205.1	1	1	1	1	1	9	7
GCF_004369225.1	1	1	1	1	4	7	3
GCF_004375095.1	1	1	0	0	2	1	0
GCF_004378255.1	0	1	0	0	0	1	0
GCF_004379295.1	1	0	0	0	5	0	0
GCF_004379335.1	0	0	0	0	0	0	0
GCF_004382795.1	1	0	0	0	28	0	0
GCF_004402015.1	1	1	0	0	2	1	0
GCF_004402215.1	1	1	0	0	2	3	0
GCF_004402235.1	1	1	0	0	1	2	0
GCF_004402375.1	1	0	0	0	2	0	0
GCF_004402485.1	1	1	0	0	2	2	0
GCF_004402515.1	1	0	0	0	2	0	0
GCF_004402535.1	1	0	0	0	2	0	0
GCF_004402595.1	1	1	0	0	2	1	0
GCF_004402625.1	1	0	0	0	2	0	0
GCF_004402695.1	0	1	0	0	0	1	0
GCF_004402705.1	1	1	0	0	3	1	0
GCF_004402785.1	1	0	0	0	2	0	0
GCF_004402975.1	1	1	0	0	35	2	0
GCF_004403065.1	1	1	0	0	1	1	0
GCF_004403185.1	1	0	0	0	3	0	0
GCF_004403305.1	1	1	0	0	1	2	0
GCF_004403345.1	1	0	0	0	2	0	0
GCF_004403395.1	1	0	0	0	1	0	0
GCF_004403415.1	1	0	0	0	3	0	0
GCF_004403465.1	1	0	0	0	2	0	0
GCF_004403515.1	1	1	0	0	1	1	0
GCF_004403945.1	0	1	0	0	0	2	0
GCF_004403985.1	1	0	0	0	4	0	0
GCF_004404025.1	1	0	0	0	3	0	0
GCF_004404055.1	1	0	0	0	3	0	0
GCF_004405125.1	0	1	0	0	0	2	0
GCF_004421005.1	1	1	0	0	1	2	0
GCF_004421025.1	1	0	0	0	1	0	0
GCF_004421105.1	0	0	0	0	0	0	0
GCF_004458765.1	1	1	0	0	3	2	0
GCF_004514475.2	0	1	0	0	0	2	0
GCF_004519295.1	1	1	0	0	2	2	0
GCF_004519315.1	0	1	0	0	0	1	0
GCF_004519335.1	1	0	0	0	7	0	0
GCF_004519515.1	0	1	0	0	0	1	0
GCF_004519545.1	1	1	0	0	3	1	0
GCF_004521895.1	1	0	0	0	3	0	0
GCF_004521915.1	0	1	0	0	0	4	0
GCF_004522155.1	1	0	0	0	3	0	0
GCF_004522175.1	1	0	0	0	3	0	0
GCF_004522235.1	1	1	0	0	18	2	0
GCF_004524775.2	0	1	0	0	0	1	0
GCF_004524855.1	1	1	0	0	32	1	0
GCF_004526345.1	1	0	0	0	1	0	0
GCF_004535825.1	0	1	0	0	0	1	0
GCF_004551525.1	0	1	0	0	0	1	0
GCF_004551575.1	0	0	0	0	0	0	0
GCF_004564075.1	0	1	0	0	0	1	0
GCF_004564235.1	0	1	0	0	0	6	0
GCF_004564275.1	1	1	0	0	2	1	0
GCF_004564325.1	1	1	0	0	3	2	0
GCF_004564355.1	1	1	1	1	4	2	2
GCF_004564375.1	1	0	0	0	6	0	0
GCF_004565465.1	1	1	0	0	3	5	0
GCF_004569585.1	0	0	0	0	0	0	0
GCF_004570845.1	1	1	0	0	3	1	0
GCF_004570865.1	1	0	0	0	21	0	0
GCF_004571025.1	1	1	0	0	24	1	0
GCF_004571135.1	0	0	0	0	0	0	0
GCF_004571195.1	0	0	0	0	0	0	0
GCF_004614165.1	1	1	0	0	3	2	0
GCF_004614185.1	1	1	0	0	4	2	0
GCF_004614195.1	1	1	0	0	3	1	0
GCF_004634195.1	0	1	0	0	0	1	0
GCF_004634215.1	1	1	0	0	2	1	0
GCF_004634245.1	1	1	0	0	2	2	0
GCF_004634425.1	1	1	0	0	5	1	0
GCF_004661485.1	0	0	0	0	0	0	0
GCF_004681125.1	1	0	0	0	9	0	0
GCF_004681185.1	1	0	0	0	2	0	0
GCF_004681965.1	1	0	0	0	14	0	0
GCF_004681975.1	1	0	0	0	7	0	0
GCF_004682015.1	1	0	0	0	24	0	0
GCF_004682045.1	1	0	0	0	8	0	0
GCF_004682055.1	1	0	0	0	6	0	0
GCF_004683865.2	1	1	0	0	3	1	0
GCF_004683965.1	1	0	0	0	3	0	0
GCF_004684055.1	0	1	0	0	0	3	0
GCF_004684205.1	1	0	0	0	1	0	0
GCF_004684245.1	1	0	0	0	2	0	0
GCF_004684345.1	1	0	0	0	1	0	0
GCF_004684805.1	1	1	0	0	3	2	0
GCF_004684875.1	0	1	0	0	0	1	0
GCF_004684905.1	0	1	0	0	0	4	0
GCF_004684935.1	1	1	0	0	1	1	0
GCF_004698125.1	1	1	0	0	1	1	0
GCF_004745425.1	0	1	1	0	0	2	1
GCF_004745505.1	0	1	0	0	0	2	0
GCF_004745525.1	0	1	0	0	0	1	0
GCF_004745575.1	1	0	0	0	1	0	0
GCF_004745595.1	0	1	0	0	0	1	0
GCF_004745635.1	1	1	0	0	12	1	0
GCF_004745645.1	1	0	0	0	1	0	0
GCF_004745825.1	1	1	0	0	1	1	0
GCF_004745865.1	1	0	0	0	1	0	0
GCF_004745955.1	1	0	0	0	1	0	0
GCF_004758605.1	1	1	0	0	3	2	0
GCF_004761865.1	1	0	0	0	18	0	0
GCF_004761875.1	1	0	0	0	5	0	0
GCF_004762015.1	1	0	0	0	1	0	0
GCF_004762035.2	1	0	0	0	4	0	0
GCF_004764705.1	1	1	0	0	4	5	0
GCF_004765605.1	1	0	0	0	1	0	0
GCF_004765785.1	1	1	0	0	1	1	0
GCF_004765805.1	1	0	0	0	1	0	0
GCF_004765815.2	1	0	0	0	1	0	0
GCF_004766045.1	1	1	1	1	2	11	12
GCF_004766125.1	1	0	0	0	1	0	0
GCF_004768445.1	0	1	0	0	0	2	0
GCF_004768465.1	1	1	0	0	2	1	0
GCF_004768525.1	0	1	0	0	0	1	0
GCF_004768745.1	1	0	0	0	1	0	0
GCF_004769195.1	1	1	0	0	1	1	0
GCF_004769235.1	1	0	0	0	1	0	0
GCF_004769275.1	1	0	0	0	1	0	0
GCF_004769295.1	1	0	0	0	1	0	0
GCF_004769405.1	1	1	0	0	1	1	0
GCF_004769555.1	1	1	0	0	1	1	0
GCF_004769575.1	1	0	0	0	1	0	0
GCF_004769615.1	1	1	0	0	1	1	0
GCF_004769665.1	1	0	0	0	1	0	0
GCF_004769775.1	1	0	0	0	1	0	0
GCF_004770045.1	1	0	0	0	1	0	0
GCF_004770055.1	1	1	0	0	1	1	0
GCF_004770105.1	1	1	0	0	1	1	0
GCF_004770145.1	1	0	0	0	1	0	0
GCF_004770155.1	1	0	0	0	1	0	0
GCF_004770265.1	1	0	0	0	1	0	0
GCF_004770365.1	1	0	0	0	1	0	0
GCF_004770475.1	1	0	0	0	1	0	0
GCF_004770555.1	1	0	0	0	1	0	0
GCF_004770615.1	1	1	0	0	1	1	0
GCF_004770625.1	1	0	0	0	1	0	0
GCF_004770635.1	1	1	0	0	1	1	0
GCF_004770745.1	1	0	0	0	1	0	0
GCF_004770765.1	1	0	0	0	1	0	0
GCF_004770895.1	1	1	0	0	1	1	0
GCF_004770995.1	1	0	0	0	1	0	0
GCF_004771005.1	1	0	0	0	1	0	0
GCF_004771075.1	0	1	0	0	0	1	0
GCF_004771275.1	1	1	0	0	1	1	0
GCF_004784475.1	1	1	0	0	11	3	0
GCF_004785645.1	0	1	0	0	0	1	0
GCF_004785665.1	0	1	0	0	0	1	0
GCF_004785795.1	1	0	0	0	3	0	0
GCF_004785935.1	0	1	0	0	0	1	0
GCF_004785955.1	1	1	0	0	1	1	0
GCF_004786015.1	0	0	0	0	0	0	0
GCF_004786035.1	1	0	0	0	6	0	0
GCF_004786095.1	1	1	0	0	1	1	0
GCF_004791675.1	0	1	1	1	0	4	3
GCF_004791695.1	1	1	0	0	2	1	0
GCF_004792415.1	1	1	0	0	1	1	0
GCF_004792515.1	0	1	0	0	0	1	0
GCF_004792655.1	0	1	0	0	0	1	0
GCF_004792665.1	1	0	0	0	2	0	0
GCF_004792685.1	1	1	0	0	6	2	0
GCF_004792695.1	1	0	0	0	2	0	0
GCF_004793545.1	1	1	0	0	4	2	0
GCF_004793885.1	0	1	0	0	0	4	0
GCF_004793925.1	1	1	1	1	1	3	3
GCF_004793975.1	1	0	0	0	1	0	0
GCF_004794175.1	1	1	0	0	5	3	0
GCF_004795735.1	0	0	0	0	0	0	0
GCF_004795745.1	0	1	0	0	0	1	0
GCF_004795975.1	0	0	0	0	0	0	0
GCF_004796535.1	1	1	0	0	5	1	0
GCF_004797125.1	0	1	0	0	0	1	0
GCF_004798665.1	0	1	0	0	0	2	0
GCF_004798685.1	0	0	0	0	0	0	0
GCF_004798905.1	1	0	0	0	2	0	0
GCF_004798935.1	0	1	0	0	0	1	0
GCF_004798965.1	1	0	0	0	1	0	0
GCF_004799035.1	1	1	0	0	1	1	0
GCF_004799285.1	1	1	0	0	4	1	0
GCF_004799325.1	1	0	0	0	11	0	0
GCF_004799345.1	0	0	0	0	0	0	0
GCF_004799605.1	0	0	0	0	0	0	0
GCF_004799645.1	1	0	0	0	4	0	0
GCF_004799665.1	0	0	0	0	0	0	0
GCF_004801125.1	1	1	1	0	1	2	1
GCF_004801285.1	1	1	0	0	5	1	0
GCF_004801295.1	1	0	0	0	2	0	0
GCF_004801305.1	1	0	0	0	4	0	0
GCF_004801375.1	0	1	0	0	0	1	0
GCF_004801395.1	1	1	0	0	2	1	0
GCF_004801405.1	0	1	0	0	0	6	0
GCF_004801635.1	1	0	0	0	1	0	0
GCF_004801885.1	1	1	1	1	4	3	2
GCF_004801905.1	1	1	0	0	1	3	0
GCF_004802515.1	0	1	0	0	0	4	0
GCF_004802635.2	0	0	0	0	0	0	0
GCF_004803465.1	0	1	0	0	0	1	0
GCF_004803475.1	1	1	0	0	5	1	0
GCF_004803505.1	0	0	0	0	0	0	0
GCF_004803635.1	1	0	0	0	11	0	0
GCF_004803695.1	1	1	0	0	1	1	0
GCF_004803715.2	0	0	0	0	0	0	0
GCF_004803795.1	1	0	0	0	1	0	0
GCF_004803815.1	0	1	1	0	0	1	1
GCF_004803895.1	1	1	0	0	6	4	0
GCF_004803915.1	1	1	0	0	1	1	0
GCF_004804315.1	0	1	0	0	0	1	0
GCF_004804335.1	1	1	0	0	8	2	0
GCF_004804355.1	0	1	0	0	0	2	0
GCF_004833285.1	1	0	0	0	8	0	0
GCF_004834005.1	1	0	0	0	2	0	0
GCF_004843545.1	0	1	0	0	0	3	0
GCF_004851605.1	1	0	0	0	1	0	0
GCF_004854025.1	1	1	0	0	1	1	0
GCF_004886325.1	0	0	0	0	0	0	0
GCF_004912135.1	1	0	0	0	2	0	0
GCF_004912145.1	1	0	0	0	2	0	0
GCF_004912155.1	1	1	0	0	1	3	0
GCF_004912165.1	1	1	0	0	2	1	0
GCF_004912195.1	1	0	0	0	5	0	0
GCF_004912275.1	0	1	0	0	0	1	0
GCF_004916895.1	0	1	0	0	0	1	0
GCF_004916905.1	0	1	0	0	0	2	0
GCF_004916975.1	1	1	0	0	1	8	0
GCF_004917065.1	0	1	1	0	0	2	1
GCF_004917075.1	0	1	1	1	0	4	2
GCF_004919045.1	1	1	0	0	1	2	0
GCF_004919095.1	1	0	0	0	1	0	0
GCF_004919685.1	1	1	0	0	9	3	0
GCF_004920405.1	1	0	0	0	5	0	0
GCF_004923205.2	1	1	0	0	5	1	0
GCF_004923255.1	1	0	0	0	1	0	0
GCF_004924335.1	1	1	0	0	2	1	0
GCF_004944975.1	0	0	0	0	0	0	0
GCF_004959925.1	1	0	0	0	4	0	0
GCF_004959935.1	1	1	0	0	3	1	0
GCF_004965515.1	1	0	0	0	2	0	0
GCF_005047355.1	1	1	0	0	7	6	0
GCF_005047595.1	0	0	0	0	0	0	0
GCF_005048155.1	1	1	0	0	3	2	0
GCF_005048205.1	0	1	0	0	0	1	0
GCF_005048225.1	1	1	0	0	3	2	0
GCF_005048265.1	1	1	0	0	2	1	0
GCF_005048855.1	1	1	0	0	2	2	0
GCF_005049045.1	1	1	0	0	1	8	0
GCF_005049105.1	1	1	0	0	2	2	0
GCF_005049235.1	1	0	0	0	3	0	0
GCF_005049285.1	1	0	0	0	2	0	0
GCF_005083985.2	0	0	0	0	0	0	0
GCF_005116445.1	0	1	0	0	0	1	0
GCF_005116455.1	0	0	0	0	0	0	0
GCF_005116465.1	1	1	0	0	2	2	0
GCF_005116475.1	1	1	0	0	2	1	0
GCF_005116505.1	1	1	0	0	2	2	0
GCF_005116655.2	1	1	1	1	2	2	2
GCF_005116665.1	1	1	1	0	1	2	1
GCF_005116675.2	1	1	1	0	1	1	1
GCF_005116715.1	1	1	0	0	2	1	0
GCF_005116735.1	1	1	0	0	4	1	0
GCF_005117025.1	0	1	0	0	0	1	0
GCF_005144415.1	1	1	0	0	12	1	0
GCF_005144425.2	1	0	0	0	2	0	0
GCF_005144435.2	1	0	0	0	3	0	0
GCF_005144565.1	1	1	0	0	2	1	0
GCF_005144585.1	1	1	0	0	1	2	0
GCF_005144635.2	1	1	0	0	2	1	0
GCF_005144715.1	1	0	1	1	2	0	2
GCF_005144885.1	1	0	0	0	19	0	0
GCF_005144905.1	0	1	0	0	0	1	0
GCF_005144965.1	1	0	0	0	1	0	0
GCF_005145005.1	0	1	0	0	0	3	0
GCF_005146945.1	1	1	1	1	29	1	2
GCF_005155025.1	1	0	0	0	1	0	0
GCF_005160265.1	1	0	0	0	11	0	0
GCF_005166025.1	0	0	0	0	0	0	0
GCF_005217585.1	1	1	0	0	2	2	0
GCF_005217605.1	0	0	0	0	0	0	0
GCF_005217615.1	1	1	0	0	1	4	0
GCF_005217835.1	1	0	0	0	8	0	0
GCF_005221285.1	0	0	0	0	0	0	0
GCF_005221305.1	0	0	0	0	0	0	0
GCF_005222225.1	0	1	0	0	0	2	0
GCF_005222525.1	0	1	0	0	0	2	0
GCF_005233835.1	1	1	0	0	5	4	0
GCF_005233845.1	1	1	0	0	2	2	0
GCF_005233875.1	1	1	0	0	6	7	0
GCF_005234135.1	1	1	0	0	7	1	0
GCF_005239095.1	1	0	0	0	1	0	0
GCF_005239135.1	1	0	0	0	5	0	0
GCF_005239425.1	1	1	0	0	5	2	0
GCF_005239435.1	1	0	0	0	6	0	0
GCF_005250615.1	1	0	0	0	3	0	0
GCF_005250675.1	1	0	0	0	5	0	0
GCF_005280195.1	1	1	0	0	4	2	0
GCF_005280215.1	1	1	0	0	4	2	0
GCF_005280315.1	1	1	0	0	5	3	0
GCF_005280585.1	0	0	0	0	0	0	0
GCF_005280655.1	1	1	0	0	1	1	0
GCF_005280735.1	1	1	0	0	20	1	0
GCF_005281475.1	1	1	0	0	2	2	0
GCF_005281615.1	1	1	0	0	20	1	0
GCF_005281835.1	0	1	0	0	0	1	0
GCF_005298075.1	1	0	0	0	5	0	0
GCF_005298175.1	1	0	0	0	2	0	0
GCF_005377625.1	1	1	1	0	1	2	1
GCF_005402645.1	1	1	0	0	2	5	0
GCF_005402885.1	0	0	0	0	0	0	0
GCF_005402965.1	0	0	0	0	0	0	0
GCF_005403045.1	1	0	0	0	12	0	0
GCF_005404815.1	0	1	0	0	0	2	0
GCF_005404945.1	0	1	0	0	0	1	0
GCF_005405005.1	0	1	0	0	0	1	0
GCF_005405065.1	0	1	0	0	0	2	0
GCF_005405085.1	0	1	0	0	0	3	0
GCF_005405105.1	1	1	0	0	1	2	0
GCF_005405125.1	1	1	0	0	1	2	0
GCF_005405145.1	0	1	0	0	0	1	0
GCF_005405165.1	0	1	0	0	0	1	0
GCF_005405185.1	0	1	0	0	0	4	0
GCF_005405205.1	0	1	1	0	0	3	1
GCF_005405245.1	0	1	0	0	0	1	0
GCF_005405265.1	0	1	0	0	0	3	0
GCF_005405345.1	0	1	1	0	0	3	1
GCF_005405365.1	0	1	1	0	0	4	1
GCF_005405385.1	1	1	0	0	1	1	0
GCF_005405405.1	1	0	0	0	2	0	0
GCF_005405425.1	0	0	0	0	0	0	0
GCF_005405465.1	0	1	0	0	0	1	0
GCF_005405485.1	0	1	1	0	0	4	1
GCF_005405725.1	1	0	0	0	1	0	0
GCF_005405885.1	1	1	0	0	7	2	0
GCF_005406125.1	1	0	0	0	1	0	0
GCF_005406205.1	0	0	0	0	0	0	0
GCF_005406215.1	0	0	0	0	0	0	0
GCF_005406225.1	0	0	0	0	0	0	0
GCF_005406325.1	1	0	0	0	1	0	0
GCF_005434915.1	1	0	1	1	4	0	2
GCF_005434945.1	1	0	0	0	2	0	0
GCF_005434965.1	1	1	0	0	2	1	0
GCF_005434975.1	1	0	0	0	3	0	0
GCF_005473905.2	0	1	1	1	0	6	3
GCF_005484945.1	0	1	0	0	0	1	0
GCF_005484965.1	0	1	0	0	0	1	0
GCF_005497185.1	0	1	0	0	0	2	0
GCF_005502275.1	1	1	0	0	1	3	0
GCF_005503535.1	1	1	0	0	9	2	0
GCF_005517195.1	1	1	0	0	5	3	0
GCF_005518135.1	1	0	0	0	2	0	0
GCF_005518285.1	0	1	0	0	0	1	0
GCF_005519465.1	1	1	0	0	3	3	0
GCF_005543295.1	1	0	0	0	1	0	0
GCF_005577435.1	1	1	0	0	3	4	0
GCF_005601135.1	0	1	0	0	0	2	0
GCF_005670685.2	1	1	0	0	12	1	0
GCF_005671335.1	1	1	0	0	1	4	0
GCF_005671395.1	1	1	0	0	1	3	0
GCF_005697565.1	0	0	0	0	0	0	0
GCF_005747095.1	1	1	0	0	2	4	0
GCF_005765165.1	0	1	0	0	0	3	0
GCF_005768555.2	1	1	0	0	12	5	0
GCF_005771405.1	1	1	0	0	6	2	0
GCF_005771435.1	1	1	0	0	2	1	0
GCF_005771525.1	1	0	0	0	2	0	0
GCF_005771535.1	0	1	1	1	0	2	2
GCF_005771565.1	1	1	0	0	2	1	0
GCF_005771635.1	0	1	0	0	0	2	0
GCF_005771675.1	1	0	0	0	3	0	0
GCF_005780165.1	0	1	0	0	0	1	0
GCF_005780185.1	1	0	0	0	3	0	0
GCF_005780245.1	0	1	0	0	0	1	0
GCF_005786655.1	1	1	0	0	10	4	0
GCF_005795905.1	1	1	0	0	4	2	0
GCF_005818865.1	0	0	0	0	0	0	0
GCF_005843925.1	0	1	0	0	0	1	0
GCF_005843985.1	0	0	0	0	0	0	0
GCF_005844085.1	0	0	0	0	0	0	0
GCF_005845365.1	0	0	0	0	0	0	0
GCF_005849285.1	1	0	0	0	6	0	0
GCF_005860765.1	0	0	0	0	0	0	0
GCF_005860775.1	1	1	1	0	1	5	1
GCF_005860795.2	1	1	0	0	1	1	0
GCF_005860805.1	0	0	0	0	0	0	0
GCF_005862135.1	0	0	0	0	0	0	0
GCF_005862185.2	1	1	0	0	1	1	0
GCF_005862235.1	1	1	0	0	2	2	0
GCF_005862305.2	1	1	0	0	2	3	0
GCF_005862345.1	0	0	0	0	0	0	0
GCF_005864045.1	0	1	0	0	0	1	0
GCF_005864065.1	1	1	0	0	3	1	0
GCF_005869225.1	0	0	0	0	0	0	0
GCF_005869845.1	1	0	0	0	1	0	0
GCF_005869865.1	1	1	0	0	6	4	0
GCF_005869875.1	0	1	0	0	0	5	0
GCF_005869935.1	0	0	0	0	0	0	0
GCF_005870035.1	1	1	0	0	1	1	0
GCF_005870085.1	1	1	0	0	1	4	0
GCF_005871085.1	1	0	0	0	8	0	0
GCF_005871115.1	1	1	1	0	10	1	1
GCF_005871165.1	1	1	0	0	2	1	0
GCF_005871185.1	1	0	0	0	2	0	0
GCF_005871205.1	1	0	0	0	3	0	0
GCF_005876855.1	1	0	0	0	4	0	0
GCF_005876955.1	1	1	0	0	3	1	0
GCF_005876985.1	1	1	0	0	3	1	0
GCF_005877005.1	1	1	1	1	4	1	2
GCF_005877035.1	0	0	0	0	0	0	0
GCF_005877905.1	1	0	0	0	10	0	0
GCF_005884405.1	1	0	0	0	3	0	0
GCF_005885605.1	0	1	0	0	0	1	0
GCF_005885635.1	1	1	0	0	1	1	0
GCF_005885675.1	0	0	0	0	0	0	0
GCF_005885815.1	0	0	0	0	0	0	0
GCF_005886105.2	0	1	0	0	0	2	0
GCF_005886435.1	1	1	0	0	1	1	0
GCF_005886755.1	0	1	0	0	0	2	0
GCF_005887615.1	1	0	0	0	7	0	0
GCF_005887635.2	1	0	0	0	4	0	0
GCF_005889715.1	1	1	0	0	15	2	0
GCF_005889725.1	1	1	1	1	13	6	2
GCF_005889735.1	1	1	0	0	8	6	0
GCF_005890135.1	0	1	0	0	0	3	0
GCF_005890195.1	1	0	0	0	2	0	0
GCF_005893125.1	1	1	0	0	12	5	0
GCF_005924265.1	1	1	0	0	2	1	0
GCF_005925325.1	0	1	0	0	0	2	0
GCF_005925345.1	0	1	0	0	0	2	0
GCF_005930355.1	1	1	0	0	1	6	0
GCF_005930475.1	1	0	0	0	5	0	0
GCF_005930495.1	1	0	0	0	4	0	0
GCF_005931095.1	0	0	0	0	0	0	0
GCF_005937185.1	0	1	0	0	0	3	0
GCF_005938105.1	1	1	0	0	7	3	0
GCF_005938195.1	0	1	0	0	0	2	0
GCF_005938215.1	1	1	0	0	10	1	0
GCF_005938225.1	1	0	0	0	13	0	0
GCF_005938385.1	0	1	0	0	0	5	0
GCF_005938655.1	1	0	0	0	7	0	0
GCF_005943945.1	0	0	0	0	0	0	0
GCF_005952805.1	1	1	0	0	2	1	0
GCF_006007885.1	1	1	0	0	1	1	0
GCF_006007945.1	0	1	0	0	0	1	0
GCF_006065315.1	1	1	0	0	2	2	0
GCF_006094275.1	1	1	0	0	2	1	0
GCF_006094375.1	0	1	0	0	0	1	0
GCF_006094395.1	0	1	0	0	0	2	0
GCF_006094455.1	0	1	1	0	0	3	1
GCF_006094495.1	1	1	0	0	2	4	0
GCF_006120725.1	0	1	0	0	0	1	0
GCF_006125015.1	1	1	0	0	6	1	0
GCF_006148925.1	0	1	0	0	0	1	0
GCF_006149045.1	0	0	0	0	0	0	0
GCF_006151805.1	1	1	0	0	11	1	0
GCF_006151905.1	0	1	0	0	0	3	0
GCF_006151975.2	1	1	0	0	9	1	0
GCF_006152065.1	1	1	0	0	15	2	0
GCF_006152115.1	1	1	0	0	2	3	0
GCF_006152145.1	1	1	0	0	1	3	0
GCF_006159205.1	0	1	0	0	0	1	0
GCF_006170445.1	1	1	0	0	1	1	0
GCF_006175945.1	0	1	0	0	0	2	0
GCF_006175985.1	0	0	0	0	0	0	0
GCF_006175995.1	0	1	1	0	0	2	1
GCF_006228125.1	1	1	0	0	2	2	0
GCF_006228185.1	0	0	0	0	0	0	0
GCF_006228385.1	0	1	0	0	0	1	0
GCF_006239215.1	1	1	0	0	2	1	0
GCF_006265115.1	1	0	0	0	1	0	0
GCF_006265165.1	0	0	0	0	0	0	0
GCF_006265175.1	1	1	0	0	1	4	0
GCF_006265225.1	1	1	0	0	2	3	0
GCF_006265245.1	0	0	0	0	0	0	0
GCF_006274605.1	0	0	0	0	0	0	0
GCF_006334135.1	0	0	0	0	0	0	0
GCF_006334525.1	0	0	0	0	0	0	0
GCF_006334915.2	1	1	1	1	8	4	2
GCF_006334925.1	1	0	0	0	1	0	0
GCF_006334995.2	1	1	0	0	4	3	0
GCF_006335005.1	1	1	0	0	3	1	0
GCF_006335015.1	1	1	0	0	3	1	0
GCF_006335145.1	1	1	0	0	4	3	0
GCF_006337065.1	1	1	0	0	1	1	0
GCF_006337085.1	0	0	0	0	0	0	0
GCF_006337105.1	0	0	0	0	0	0	0
GCF_006337125.1	0	1	0	0	0	2	0
GCF_006337165.1	1	1	0	0	1	1	0
GCF_006345825.1	0	1	0	0	0	5	0
GCF_006346315.1	1	0	0	0	2	0	0
GCF_006346335.1	0	1	0	0	0	1	0
GCF_006346395.1	1	1	0	0	3	1	0
GCF_006349365.1	1	1	0	0	1	1	0
GCF_006351005.1	0	0	0	0	0	0	0
GCF_006351925.1	0	1	1	0	0	2	1
GCF_006352065.1	1	1	0	0	6	1	0
GCF_006352475.1	1	0	0	0	4	0	0
GCF_006363815.1	1	1	0	0	3	1	0
GCF_006363895.1	0	1	0	0	0	1	0
GCF_006363915.1	0	0	0	0	0	0	0
GCF_006364355.1	0	1	0	0	0	1	0
GCF_006364455.1	0	1	0	0	0	1	0
GCF_006364615.1	0	0	0	0	0	0	0
GCF_006376675.1	1	1	0	0	5	4	0
GCF_006381105.1	0	0	0	0	0	0	0
GCF_006384255.1	0	0	0	0	0	0	0
GCF_006385135.1	1	1	0	0	2	2	0
GCF_006385165.1	0	0	0	0	0	0	0
GCF_006385175.1	1	0	0	0	9	0	0
GCF_006385255.1	0	1	0	0	0	1	0
GCF_006385555.1	0	1	0	0	0	1	0
GCF_006385595.1	0	0	0	0	0	0	0
GCF_006385675.1	0	0	0	0	0	0	0
GCF_006385685.1	1	1	0	0	11	1	0
GCF_006385705.1	1	1	0	0	1	2	0
GCF_006385785.1	0	0	0	0	0	0	0
GCF_006385795.1	0	0	0	0	0	0	0
GCF_006385805.1	0	0	0	0	0	0	0
GCF_006385875.1	1	0	0	0	6	0	0
GCF_006386545.1	1	1	0	0	11	1	0
GCF_006438825.1	1	1	0	0	17	1	0
GCF_006439335.1	0	1	0	0	0	1	0
GCF_006443095.1	0	1	0	0	0	1	0
GCF_006443685.1	1	0	0	0	3	0	0
GCF_006459125.1	0	0	0	0	0	0	0
GCF_006475605.1	1	1	0	0	1	3	0
GCF_006476045.1	0	1	0	0	0	3	0
GCF_006476065.1	0	0	0	0	0	0	0
GCF_006476605.1	1	1	0	0	2	3	0
GCF_006491595.2	0	1	0	0	0	1	0
GCF_006491645.1	0	1	0	0	0	1	0
GCF_006491995.1	0	0	0	0	0	0	0
GCF_006493595.1	0	0	0	0	0	0	0
GCF_006494425.1	0	1	0	0	0	4	0
GCF_006494475.1	1	1	0	0	1	2	0
GCF_006494535.1	0	0	0	0	0	0	0
GCF_006494775.1	1	1	1	1	15	1	2
GCF_006494815.1	1	0	0	0	3	0	0
GCF_006503695.1	1	0	0	0	2	0	0
GCF_006516955.1	1	1	0	0	3	1	0
GCF_006516965.1	1	1	0	0	2	2	0
GCF_006517255.1	1	1	0	0	2	2	0
GCF_006517435.1	1	1	0	0	1	5	0
GCF_006517625.1	1	1	0	0	1	2	0
GCF_006519705.1	1	1	0	0	2	1	0
GCF_006538165.1	0	0	0	0	0	0	0
GCF_006538745.1	0	0	0	0	0	0	0
GCF_006538885.1	0	1	0	0	0	1	0
GCF_006538985.1	1	1	0	0	2	4	0
GCF_006539145.1	1	0	0	0	1	0	0
GCF_006539165.1	1	1	0	0	6	2	0
GCF_006539285.1	0	1	0	0	0	2	0
GCF_006539325.1	0	1	0	0	0	1	0
GCF_006539345.1	1	1	0	0	2	1	0
GCF_006539505.1	1	1	0	0	5	2	0
GCF_006539565.1	1	0	0	0	6	0	0
GCF_006539585.1	1	0	0	0	18	0	0
GCF_006539825.1	1	0	0	0	1	0	0
GCF_006539865.1	1	0	0	0	2	0	0
GCF_006539885.1	1	1	0	0	3	2	0
GCF_006539925.1	1	1	0	0	3	1	0
GCF_006539985.1	0	0	0	0	0	0	0
GCF_006540005.1	1	0	0	0	2	0	0
GCF_006540045.1	1	1	0	0	6	6	0
GCF_006540085.1	1	1	0	0	1	3	0
GCF_006542275.1	0	1	0	0	0	7	0
GCF_006542295.1	0	0	0	0	0	0	0
GCF_006542335.1	0	1	0	0	0	1	0
GCF_006542355.1	0	1	0	0	0	1	0
GCF_006542375.1	0	1	0	0	0	1	0
GCF_006542395.2	0	0	0	0	0	0	0
GCF_006542415.1	1	0	0	0	1	0	0
GCF_006542645.1	0	0	0	0	0	0	0
GCF_006542665.1	0	1	0	0	0	1	0
GCF_006542685.1	0	0	0	0	0	0	0
GCF_006542765.1	0	1	0	0	0	4	0
GCF_006543045.1	1	0	0	0	11	0	0
GCF_006546625.1	0	1	0	0	0	1	0
GCF_006546775.1	0	0	0	0	0	0	0
GCF_006546835.1	0	1	0	0	0	2	0
GCF_006546935.1	0	0	0	0	0	0	0
GCF_006547045.1	0	0	0	0	0	0	0
GCF_006547165.1	1	1	0	0	11	4	0
GCF_006553035.1	0	1	0	0	0	2	0
GCF_006569185.2	1	1	0	0	1	1	0
GCF_006569205.1	1	1	0	0	4	2	0
GCF_006575665.1	1	1	0	0	2	1	0
GCF_006636205.1	1	1	0	0	6	1	0
GCF_006636215.1	1	1	0	0	2	1	0
GCF_006704125.1	1	0	0	0	3	0	0
GCF_006704145.1	0	1	0	0	0	1	0
GCF_006704205.1	1	1	0	0	1	3	0
GCF_006711645.1	0	1	0	0	0	2	0
GCF_006715045.1	1	1	0	0	6	3	0
GCF_006715055.1	1	1	0	0	4	1	0
GCF_006715085.1	1	1	0	0	6	5	0
GCF_006715095.1	1	1	0	0	2	1	0
GCF_006715175.1	0	0	0	0	0	0	0
GCF_006715765.1	0	0	0	0	0	0	0
GCF_006715785.1	1	1	0	0	4	4	0
GCF_006716065.1	1	1	0	0	2	1	0
GCF_006716085.1	1	1	0	0	2	1	0
GCF_006716095.1	1	1	0	0	2	3	0
GCF_006716115.1	1	1	1	1	4	1	2
GCF_006716125.1	1	0	0	0	1	0	0
GCF_006716135.1	1	1	0	0	4	2	0
GCF_006716185.1	1	1	0	0	7	1	0
GCF_006716205.1	1	1	0	0	3	2	0
GCF_006716235.1	1	0	0	0	1	0	0
GCF_006716265.1	0	0	0	0	0	0	0
GCF_006716305.1	1	0	0	0	2	0	0
GCF_006716315.1	1	1	1	1	6	1	2
GCF_006716345.1	1	1	0	0	6	4	0
GCF_006716355.1	0	1	0	0	0	1	0
GCF_006716425.1	1	1	0	0	11	4	0
GCF_006716445.1	1	1	0	0	52	2	0
GCF_006716485.1	0	1	0	0	0	3	0
GCF_006716565.1	1	0	0	0	13	0	0
GCF_006716575.1	1	1	0	0	6	1	0
GCF_006716645.1	0	1	0	0	0	1	0
GCF_006716695.1	1	0	0	0	1	0	0
GCF_006716745.1	1	1	0	0	3	2	0
GCF_006716765.1	1	1	0	0	10	1	0
GCF_006716785.1	1	1	0	0	4	1	0
GCF_006716815.1	0	1	0	0	0	1	0
GCF_006716865.1	1	1	0	0	1	1	0
GCF_006716885.1	1	0	0	0	2	0	0
GCF_006717045.1	1	1	1	1	14	3	2
GCF_006717075.1	1	1	0	0	2	1	0
GCF_006717095.1	1	0	0	0	10	0	0
GCF_006717145.1	1	1	0	0	3	1	0
GCF_006738645.1	1	0	0	0	25	0	0
GCF_006739385.1	1	1	0	0	1	3	0
GCF_006740045.1	1	0	0	0	11	0	0
GCF_006740705.1	1	1	0	0	6	1	0
GCF_006740765.1	1	1	0	0	5	1	0
GCF_006770265.1	0	1	0	0	0	3	0
GCF_006770285.1	0	1	0	0	0	2	0
GCF_006783905.1	0	1	0	0	0	3	0
GCF_006788875.1	1	1	0	0	2	4	0
GCF_006788895.1	1	0	0	0	2	0	0
GCF_006788935.1	1	1	0	0	4	2	0
GCF_006861655.1	0	0	0	0	0	0	0
GCF_006861665.1	0	0	0	0	0	0	0
GCF_006861675.1	0	1	1	1	0	4	2
GCF_006861775.1	1	1	0	0	9	1	0
GCF_006861795.1	1	1	0	0	5	3	0
GCF_006861825.1	1	1	0	0	2	1	0
GCF_006864425.1	0	0	0	0	0	0	0
GCF_006874425.1	0	1	0	0	0	4	0
GCF_006874475.1	1	1	1	1	6	3	2
GCF_006874765.1	1	0	0	0	1	0	0
GCF_006912135.1	1	1	1	1	12	2	2
GCF_006965445.1	0	1	0	0	0	2	0
GCF_006965545.2	0	1	0	0	0	2	0
GCF_006968745.1	0	1	0	0	0	1	0
GCF_006970865.1	1	0	0	0	13	0	0
GCF_006974105.1	1	1	0	0	4	1	0
GCF_006974145.1	0	1	0	0	0	1	0
GCF_006980705.1	1	0	0	0	5	0	0
GCF_007000325.2	1	1	0	0	1	1	0
GCF_007004065.1	1	1	0	0	2	1	0
GCF_007004095.1	1	0	0	0	5	0	0
GCF_007004135.1	1	1	0	0	2	1	0
GCF_007004545.3	0	1	0	0	0	1	0
GCF_007004555.1	1	1	0	0	1	1	0
GCF_007004635.1	1	1	0	0	3	3	0
GCF_007004645.1	1	1	0	0	3	1	0
GCF_007004655.1	1	1	0	0	7	1	0
GCF_007004665.1	1	1	0	0	8	2	0
GCF_007004725.1	1	1	0	0	1	1	0
GCF_007004735.1	1	0	0	0	4	0	0
GCF_007004765.1	1	0	0	0	2	0	0
GCF_007018965.1	1	1	0	0	2	1	0
GCF_007035805.1	0	1	0	0	0	1	0
GCF_007050985.1	0	1	0	0	0	1	0
GCF_007066085.1	0	1	0	0	0	7	0
GCF_007096385.1	0	0	0	0	0	0	0
GCF_007097145.1	0	1	0	0	0	1	0
GCF_007097155.1	1	0	0	0	9	0	0
GCF_007097245.1	1	1	0	0	2	2	0
GCF_007097265.1	0	1	0	0	0	1	0
GCF_007097365.1	0	0	0	0	0	0	0
GCF_007109405.1	1	0	0	0	11	0	0
GCF_007115015.1	0	0	0	0	0	0	0
GCF_007115045.1	0	0	0	0	0	0	0
GCF_007115095.1	0	1	0	0	0	3	0
GCF_007164725.1	0	1	0	0	0	1	0
GCF_007197555.1	0	1	0	0	0	1	0
GCF_007197575.1	1	0	0	0	5	0	0
GCF_007197645.1	0	1	0	0	0	3	0
GCF_007197735.1	0	1	0	0	0	1	0
GCF_007197755.1	1	0	0	0	5	0	0
GCF_007197885.1	0	1	0	0	0	4	0
GCF_007279655.1	0	1	0	0	0	1	0
GCF_007280415.1	1	0	0	0	9	0	0
GCF_007280555.1	1	1	0	0	1	2	0
GCF_007280585.1	1	1	0	0	7	1	0
GCF_007280785.1	0	0	0	0	0	0	0
GCF_007289895.1	0	1	0	0	0	2	0
GCF_007293315.1	1	1	0	0	1	3	0
GCF_007301515.1	0	1	0	0	0	3	0
GCF_007341385.1	0	1	0	0	0	1	0
GCF_007341395.1	0	1	0	0	0	2	0
GCF_007361795.1	0	0	0	0	0	0	0
GCF_007362295.1	1	1	0	0	5	2	0
GCF_007362775.1	1	1	0	0	3	1	0
GCF_007421815.1	1	0	0	0	16	0	0
GCF_007421925.1	1	0	0	0	2	0	0
GCF_007431345.1	1	1	0	0	4	1	0
GCF_007474535.1	0	1	0	0	0	2	0
GCF_007474545.1	0	1	0	0	0	2	0
GCF_007474605.1	1	0	0	0	19	0	0
GCF_007475525.1	0	1	0	0	0	1	0
GCF_007483665.1	1	1	0	0	5	5	0
GCF_007483685.1	0	0	0	0	0	0	0
GCF_007556585.1	1	0	0	0	3	0	0
GCF_007556595.1	1	0	0	0	2	0	0
GCF_007556605.1	1	0	0	0	3	0	0
GCF_007556685.1	1	0	0	0	3	0	0
GCF_007556705.1	1	0	0	0	3	0	0
GCF_007556775.1	0	0	0	0	0	0	0
GCF_007558725.1	1	1	0	0	1	1	0
GCF_007558815.1	1	0	0	0	84	0	0
GCF_007558865.1	0	1	0	0	0	1	0
GCF_007559005.1	1	0	0	0	4	0	0
GCF_007559025.1	1	0	0	0	6	0	0
GCF_007559235.1	0	0	0	0	0	0	0
GCF_007559275.1	0	1	0	0	0	1	0
GCF_007559285.1	1	0	0	0	2	0	0
GCF_007559335.1	0	1	0	0	0	1	0
GCF_007559345.1	0	0	0	0	0	0	0
GCF_007559425.1	1	1	0	0	3	1	0
GCF_007559435.1	1	1	0	0	6	1	0
GCF_007567505.1	0	1	0	0	0	2	0
GCF_007570825.1	1	0	0	0	1	0	0
GCF_007570835.1	1	0	0	0	3	0	0
GCF_007572485.1	1	0	0	0	25	0	0
GCF_007625075.1	0	1	1	0	0	4	1
GCF_007625155.1	1	0	0	0	6	0	0
GCF_007625165.1	0	0	0	0	0	0	0
GCF_007625205.1	1	0	0	0	4	0	0
GCF_007625215.1	0	0	0	0	0	0	0
GCF_007641235.1	0	0	0	0	0	0	0
GCF_007641255.1	1	1	1	1	6	5	8
GCF_007644035.1	1	0	0	0	2	0	0
GCF_007644045.2	1	0	0	0	1	0	0
GCF_007644105.1	1	0	0	0	9	0	0
GCF_007655255.1	1	0	0	0	9	0	0
GCF_007655305.1	0	0	0	0	0	0	0
GCF_007655485.1	1	0	0	0	2	0	0
GCF_007665635.1	1	0	0	0	4	0	0
GCF_007668225.1	1	0	0	0	1	0	0
GCF_007671655.1	1	0	0	0	1	0	0
GCF_007671675.1	1	1	0	0	3	1	0
GCF_007671685.1	1	0	0	0	3	0	0
GCF_007671725.1	1	0	0	0	3	0	0
GCF_007681265.1	1	0	0	0	1	0	0
GCF_007681465.1	1	0	0	0	1	0	0
GCF_007713685.1	1	1	0	0	1	1	0
GCF_007713705.1	0	1	0	0	0	1	0
GCF_007713715.1	1	1	0	0	11	3	0
GCF_007713735.2	1	1	1	1	63	3	4
GCF_007714185.1	1	0	0	0	22	0	0
GCF_007725405.1	1	1	0	0	1	1	0
GCF_007741475.1	0	1	0	0	0	1	0
GCF_007741495.1	0	1	0	0	0	2	0
GCF_007741515.1	0	1	0	0	0	2	0
GCF_007741535.1	0	1	0	0	0	1	0
GCF_007743815.1	0	0	0	0	0	0	0
GCF_007744255.1	0	1	0	0	0	2	0
GCF_007744515.1	0	1	0	0	0	1	0
GCF_007744675.1	1	1	0	0	1	2	0
GCF_007745175.1	0	1	0	0	0	2	0
GCF_007745435.1	0	1	0	0	0	1	0
GCF_007746075.1	0	1	0	0	0	1	0
GCF_007746795.1	0	1	0	0	0	2	0
GCF_007747015.1	0	1	0	0	0	1	0
GCF_007747215.1	0	1	0	0	0	3	0
GCF_007747445.1	0	0	0	0	0	0	0
GCF_007747655.1	0	1	0	0	0	2	0
GCF_007747795.1	0	1	0	0	0	1	0
GCF_007747995.1	0	1	0	0	0	2	0
GCF_007748035.1	0	1	0	0	0	1	0
GCF_007748075.1	0	1	0	0	0	1	0
GCF_007748115.1	0	1	0	0	0	1	0
GCF_007748155.1	0	1	0	0	0	3	0
GCF_007748195.1	1	1	0	0	1	2	0
GCF_007750395.1	0	1	0	0	0	1	0
GCF_007750855.1	0	1	0	0	0	2	0
GCF_007751035.1	0	1	0	0	0	1	0
GCF_007751715.1	0	1	0	0	0	1	0
GCF_007752135.1	0	1	0	0	0	1	0
GCF_007752345.1	0	0	0	0	0	0	0
GCF_007752535.1	0	1	0	0	0	2	0
GCF_007752935.1	1	0	0	0	2	0	0
GCF_007753095.1	0	1	0	0	0	1	0
GCF_007753265.1	0	1	0	0	0	1	0
GCF_007754155.1	0	0	0	0	0	0	0
GCF_007754425.1	1	1	0	0	1	3	0
GCF_007785775.2	0	1	0	0	0	1	0
GCF_007785815.1	1	0	0	0	10	0	0
GCF_007786215.1	0	0	0	0	0	0	0
GCF_007786445.1	0	1	0	0	0	2	0
GCF_007786455.1	0	1	0	0	0	5	0
GCF_007786475.1	0	1	0	0	0	3	0
GCF_007795095.1	0	0	0	0	0	0	0
GCF_007814525.1	0	1	0	0	0	1	0
GCF_007821455.1	0	0	0	0	0	0	0
GCF_007827045.1	1	1	0	0	18	2	0
GCF_007827295.1	0	1	1	0	0	1	1
GCF_007827425.1	1	0	0	0	11	0	0
GCF_007827695.1	1	1	0	0	3	1	0
GCF_007828095.1	1	0	0	0	21	0	0
GCF_007828155.1	1	0	0	0	13	0	0
GCF_007828725.1	1	0	0	0	1	0	0
GCF_007828865.1	1	1	0	0	8	4	0
GCF_007828955.1	1	1	0	0	3	4	0
GCF_007829035.1	1	0	0	0	3	0	0
GCF_007829335.1	0	1	0	0	0	1	0
GCF_007829565.1	1	1	0	0	17	1	0
GCF_007829815.1	1	1	0	0	5	3	0
GCF_007829875.1	1	1	0	0	4	2	0
GCF_007829885.1	1	1	0	0	6	2	0
GCF_007829925.1	1	1	0	0	2	1	0
GCF_007829955.1	1	1	0	0	11	1	0
GCF_007830035.1	0	0	0	0	0	0	0
GCF_007830055.1	1	1	0	0	2	1	0
GCF_007830065.1	1	0	0	0	11	0	0
GCF_007830095.1	1	1	0	0	3	2	0
GCF_007830115.1	0	0	0	0	0	0	0
GCF_007830125.1	0	0	0	0	0	0	0
GCF_007830155.1	1	0	0	0	3	0	0
GCF_007830175.1	1	1	0	0	2	7	0
GCF_007830185.1	1	1	0	0	2	1	0
GCF_007830235.1	1	1	0	0	5	3	0
GCF_007830255.1	1	0	0	0	1	0	0
GCF_007830265.1	1	1	0	0	5	2	0
GCF_007830335.1	1	1	0	0	3	1	0
GCF_007830355.1	0	1	0	0	0	1	0
GCF_007830415.1	0	1	0	0	0	1	0
GCF_007830435.1	0	1	1	0	0	2	1
GCF_007830455.1	1	1	0	0	4	3	0
GCF_007830545.1	1	1	0	0	4	1	0
GCF_007830615.1	1	1	0	0	1	1	0
GCF_007830735.1	1	1	1	1	5	3	4
GCF_007830875.1	0	1	0	0	0	1	0
GCF_007833165.1	1	1	0	0	27	1	0
GCF_007833215.1	1	0	0	0	4	0	0
GCF_007833675.1	1	1	0	0	2	2	0
GCF_007833795.1	1	1	0	0	1	2	0
GCF_007845595.1	0	0	0	0	0	0	0
GCF_007845645.1	1	1	0	0	13	1	0
GCF_007845675.1	1	1	0	0	7	2	0
GCF_007846085.1	0	1	0	0	0	2	0
GCF_007846095.1	0	1	0	0	0	1	0
GCF_007855645.1	1	1	0	0	6	1	0
GCF_007856155.1	1	1	0	0	4	2	0
GCF_007858365.1	1	0	0	0	3	0	0
GCF_007858435.1	1	0	0	0	4	0	0
GCF_007858445.1	1	1	0	0	3	1	0
GCF_007858475.1	1	1	0	0	4	1	0
GCF_007858975.2	0	1	0	0	0	2	0
GCF_007859075.1	1	1	0	0	2	1	0
GCF_007859195.1	0	0	0	0	0	0	0
GCF_007859305.1	1	0	0	0	1	0	0
GCF_007859325.1	1	1	0	0	2	1	0
GCF_007859615.1	0	0	0	0	0	0	0
GCF_007859635.1	1	0	0	0	2	0	0
GCF_007859655.1	1	1	0	0	10	3	0
GCF_007859675.1	1	1	0	0	1	5	0
GCF_007859715.1	0	1	0	0	0	1	0
GCF_007859735.1	0	1	0	0	0	2	0
GCF_007859755.1	0	1	0	0	0	1	0
GCF_007859765.1	0	1	0	0	0	1	0
GCF_007859815.1	0	1	0	0	0	1	0
GCF_007859855.1	0	1	0	0	0	1	0
GCF_007859865.1	0	0	0	0	0	0	0
GCF_007859915.1	0	1	0	0	0	2	0
GCF_007859935.1	0	1	0	0	0	2	0
GCF_007859945.1	0	1	0	0	0	1	0
GCF_007859955.1	0	1	0	0	0	1	0
GCF_007860015.1	1	1	0	0	1	3	0
GCF_007860075.1	0	1	0	0	0	1	0
GCF_007860095.1	0	1	0	0	0	1	0
GCF_007860105.1	0	1	0	0	0	1	0
GCF_007860125.1	0	0	0	0	0	0	0
GCF_007860135.1	1	1	0	0	5	1	0
GCF_007860175.1	0	1	0	0	0	1	0
GCF_007860185.1	0	1	0	0	0	1	0
GCF_007896435.1	0	1	0	0	0	1	0
GCF_007904085.1	0	0	0	0	0	0	0
GCF_007922615.2	1	1	0	0	9	2	0
GCF_007923255.1	0	0	0	0	0	0	0
GCF_007923295.1	1	0	0	0	1	0	0
GCF_007923355.1	1	0	0	0	5	0	0
GCF_007923445.1	1	1	0	0	7	1	0
GCF_007954275.1	1	1	0	0	5	1	0
GCF_007954355.1	1	0	0	0	1	0	0
GCF_007954405.1	1	0	0	0	4	0	0
GCF_007954425.1	1	0	0	0	9	0	0
GCF_007954525.1	0	1	0	0	0	2	0
GCF_007954585.1	1	0	0	0	2	0	0
GCF_007954605.1	0	1	0	0	0	2	0
GCF_007954785.1	0	1	0	0	0	2	0
GCF_007970465.1	1	0	0	0	2	0	0
GCF_007970665.1	1	0	0	0	14	0	0
GCF_007970805.1	1	1	0	0	2	2	0
GCF_007971025.1	0	1	0	0	0	2	0
GCF_007971225.1	0	0	0	0	0	0	0
GCF_007971385.1	1	1	0	0	2	1	0
GCF_007971525.1	0	1	0	0	0	3	0
GCF_007971685.1	0	0	0	0	0	0	0
GCF_007988745.1	0	0	0	0	0	0	0
GCF_007988805.1	0	0	0	0	0	0	0
GCF_007988825.1	1	1	0	0	4	3	0
GCF_007988865.1	0	1	0	0	0	1	0
GCF_007988885.1	0	1	0	0	0	1	0
GCF_007988905.1	0	1	0	0	0	1	0
GCF_007988945.1	0	1	0	0	0	1	0
GCF_007988965.1	0	1	0	0	0	3	0
GCF_007989025.1	0	1	0	0	0	1	0
GCF_007989085.1	1	0	0	0	32	0	0
GCF_007989385.1	0	1	0	0	0	3	0
GCF_007989425.1	0	0	0	0	0	0	0
GCF_007989625.1	1	0	0	0	3	0	0
GCF_007989725.1	1	1	0	0	1	2	0
GCF_007989765.1	0	1	0	0	0	3	0
GCF_007989805.1	1	0	0	0	1	0	0
GCF_007989825.1	0	1	0	0	0	1	0
GCF_007989895.1	0	1	0	0	0	1	0
GCF_007990185.1	0	1	0	0	0	3	0
GCF_007990245.1	0	1	0	0	0	1	0
GCF_007990265.1	1	0	0	0	1	0	0
GCF_007990305.1	0	1	0	0	0	2	0
GCF_007990365.1	0	1	0	0	0	1	0
GCF_007990505.1	0	1	0	0	0	2	0
GCF_007990525.1	0	1	0	0	0	2	0
GCF_007990545.2	0	1	0	0	0	1	0
GCF_007990635.1	0	1	0	0	0	2	0
GCF_007990755.1	1	1	0	0	8	2	0
GCF_007990775.1	1	1	0	0	1	1	0
GCF_007990935.1	0	1	0	0	0	1	0
GCF_007990975.1	1	1	0	0	1	1	0
GCF_007990995.1	1	1	0	0	1	2	0
GCF_007991015.1	1	0	0	0	2	0	0
GCF_007991075.1	0	1	0	0	0	1	0
GCF_007991175.1	1	0	0	0	1	0	0
GCF_007991195.1	1	1	0	0	1	3	0
GCF_007991215.1	1	1	0	0	10	2	0
GCF_007991275.1	0	1	0	0	0	2	0
GCF_007991295.1	0	1	0	0	0	1	0
GCF_007991315.1	0	1	0	0	0	5	0
GCF_007991335.1	1	1	0	0	1	3	0
GCF_007991355.1	0	1	0	0	0	1	0
GCF_007991375.1	0	1	0	0	0	2	0
GCF_007991455.1	0	1	0	0	0	3	0
GCF_007991475.1	0	1	0	0	0	1	0
GCF_007991495.1	1	1	0	0	1	1	0
GCF_007991515.1	1	1	0	0	2	7	0
GCF_007991615.1	1	0	0	0	5	0	0
GCF_007991635.1	1	1	0	0	2	1	0
GCF_007991655.1	0	0	0	0	0	0	0
GCF_007991695.1	0	1	0	0	0	1	0
GCF_007991735.1	1	1	0	0	4	2	0
GCF_007991755.1	1	1	0	0	2	1	0
GCF_007991935.1	0	1	0	0	0	1	0
GCF_007991955.1	0	1	0	0	0	2	0
GCF_007991995.1	0	1	0	0	0	3	0
GCF_007992015.1	0	1	0	0	0	1	0
GCF_007992055.1	0	1	0	0	0	1	0
GCF_007992075.1	1	0	0	0	2	0	0
GCF_007992095.1	1	0	0	0	7	0	0
GCF_007992115.1	1	0	0	0	2	0	0
GCF_007992175.1	1	1	0	0	3	1	0
GCF_007992195.1	1	0	0	0	4	0	0
GCF_007992215.1	1	1	0	0	5	1	0
GCF_007992355.1	1	0	0	0	5	0	0
GCF_007992415.1	1	1	0	0	4	1	0
GCF_007992435.1	0	1	0	0	0	2	0
GCF_007992455.1	1	0	0	0	1	0	0
GCF_007992495.1	1	1	0	0	47	1	0
GCF_007992715.1	0	0	0	0	0	0	0
GCF_007992835.1	1	1	0	0	4	2	0
GCF_007993035.1	1	1	0	0	1	1	0
GCF_007993045.1	1	0	0	0	1	0	0
GCF_007993065.1	1	1	0	0	1	1	0
GCF_007993655.1	0	0	0	0	0	0	0
GCF_007993735.1	0	0	0	0	0	0	0
GCF_007993755.1	1	0	0	0	1	0	0
GCF_007993775.1	1	0	0	0	1	0	0
GCF_007993795.1	0	1	0	0	0	1	0
GCF_007993815.1	1	0	0	0	7	0	0
GCF_007994075.1	1	1	0	0	17	2	0
GCF_007994135.1	1	0	0	0	3	0	0
GCF_007994185.1	1	1	0	0	1	1	0
GCF_007994225.1	0	1	0	0	0	2	0
GCF_007994735.1	1	0	0	0	1	0	0
GCF_007994985.1	0	1	0	0	0	2	0
GCF_007995015.1	0	0	0	0	0	0	0
GCF_007995055.1	1	0	0	0	4	0	0
GCF_007995065.1	1	1	0	0	8	1	0
GCF_007995085.1	1	1	0	0	18	3	0
GCF_007995095.1	1	0	0	0	2	0	0
GCF_007995155.1	1	1	0	0	2	1	0
GCF_007995215.1	1	0	0	0	3	0	0
GCF_007997015.1	1	0	0	0	1	0	0
GCF_007997135.1	0	1	0	0	0	1	0
GCF_007997155.1	0	1	0	0	0	1	0
GCF_007997225.1	0	1	0	0	0	1	0
GCF_007997285.1	1	1	0	0	1	1	0
GCF_007997295.1	0	1	0	0	0	1	0
GCF_007997305.1	0	0	0	0	0	0	0
GCF_007997385.1	1	0	0	0	2	0	0
GCF_007998985.1	1	0	0	0	2	0	0
GCF_008000755.1	1	1	0	0	2	2	0
GCF_008000835.1	0	1	1	0	0	2	1
GCF_008000935.1	0	1	0	0	0	1	0
GCF_008000995.1	1	1	0	0	5	1	0
GCF_008001235.1	0	1	1	0	0	1	1
GCF_008011915.1	1	0	0	0	4	0	0
GCF_008014345.1	1	0	0	0	3	0	0
GCF_008014675.1	0	1	0	0	0	2	0
GCF_008014745.1	1	1	0	0	4	3	0
GCF_008014775.2	0	1	0	0	0	2	0
GCF_008016755.1	0	1	0	0	0	1	0
GCF_008016795.1	0	1	0	0	0	1	0
GCF_008017415.1	1	0	0	0	2	0	0
GCF_008017445.1	1	1	0	0	2	1	0
GCF_008017455.1	1	0	0	0	2	0	0
GCF_008017755.1	0	0	0	0	0	0	0
GCF_008033135.1	0	1	0	0	0	1	0
GCF_008033155.1	0	1	0	0	0	2	0
GCF_008033215.1	0	0	0	0	0	0	0
GCF_008033385.1	1	0	0	0	1	0	0
GCF_008033445.1	0	0	0	0	0	0	0
GCF_008035925.1	1	0	0	0	1	0	0
GCF_008039555.1	1	1	0	0	2	1	0
GCF_008039565.1	1	0	0	0	3	0	0
GCF_008039575.1	1	1	1	1	20	2	2
GCF_008039615.1	1	1	0	0	57	2	0
GCF_008040105.1	1	1	0	0	4	4	0
GCF_008040165.1	0	1	0	0	0	2	0
GCF_008041935.1	1	1	0	0	5	3	0
GCF_008041945.1	0	1	0	0	0	1	0
GCF_008056315.1	1	1	0	0	2	1	0
GCF_008064635.1	1	1	0	0	4	1	0
GCF_008064665.1	1	1	0	0	15	1	0
GCF_008065115.1	1	1	0	0	1	3	0
GCF_008065135.1	0	0	0	0	0	0	0
GCF_008079445.1	1	1	0	0	3	1	0
GCF_008084145.1	0	1	0	0	0	8	0
GCF_008084905.1	0	0	0	0	0	0	0
GCF_008085455.1	1	1	0	0	2	1	0
GCF_008085895.1	1	1	0	0	17	3	0
GCF_008085905.1	1	1	0	0	20	3	0
GCF_008086115.1	1	0	0	0	5	0	0
GCF_008086165.1	0	0	0	0	0	0	0
GCF_008086175.1	0	1	0	0	0	1	0
GCF_008086185.1	0	1	0	0	0	1	0
GCF_008086205.1	0	0	0	0	0	0	0
GCF_008086545.1	0	0	0	0	0	0	0
GCF_008086595.1	1	1	1	1	1	3	3
GCF_008086615.1	1	1	1	1	1	2	2
GCF_008087085.1	1	0	0	0	2	0	0
GCF_008087345.1	1	0	0	0	11	0	0
GCF_008087625.1	0	1	0	0	0	1	0
GCF_008087665.1	0	1	0	0	0	2	0
GCF_008107625.1	1	0	0	0	2	0	0
GCF_008107635.1	0	1	0	0	0	1	0
GCF_008107645.1	0	1	0	0	0	2	0
GCF_008119665.1	1	0	0	0	14	0	0
GCF_008121305.1	1	1	0	0	14	3	0
GCF_008121455.1	0	1	1	1	0	3	4
GCF_008122205.1	1	0	0	0	5	0	0
GCF_008122265.1	1	0	0	0	4	0	0
GCF_008122505.1	1	1	0	0	1	2	0
GCF_008123425.1	1	1	0	0	19	1	0
GCF_008123515.1	1	1	0	0	20	1	0
GCF_008123965.1	1	0	0	0	21	0	0
GCF_008124615.1	1	1	1	1	4	2	2
GCF_008124625.1	1	1	1	1	1	5	4
GCF_008124715.1	1	1	1	1	2	9	7
GCF_008124765.1	0	1	0	0	0	5	0
GCF_008124775.1	1	1	1	0	9	1	1
GCF_008124785.1	0	1	0	0	0	1	0
GCF_008124835.1	1	1	0	0	8	1	0
GCF_008124865.1	1	1	0	0	1	1	0
GCF_008124875.1	1	0	0	0	1	0	0
GCF_008124885.1	1	1	0	0	2	1	0
GCF_008151785.1	1	1	1	1	1	4	2
GCF_008152015.1	0	0	0	0	0	0	0
GCF_008152325.1	0	1	1	1	0	7	3
GCF_008153345.1	0	1	1	1	0	2	2
GCF_008180155.1	1	1	1	1	6	3	2
GCF_008180195.1	1	1	0	0	2	1	0
GCF_008189285.1	0	0	0	0	0	0	0
GCF_008189685.1	0	0	0	0	0	0	0
GCF_008195825.1	0	1	0	0	0	1	0
GCF_008244685.1	0	1	0	0	0	1	0
GCF_008244765.1	1	1	0	0	1	1	0
GCF_008245005.1	0	0	0	0	0	0	0
GCF_008245025.1	0	0	0	0	0	0	0
GCF_008245045.1	0	0	0	0	0	0	0
GCF_008245065.1	0	0	0	0	0	0	0
GCF_008245085.1	0	0	0	0	0	0	0
GCF_008245225.1	1	0	0	0	5	0	0
GCF_008247605.1	1	1	0	0	1	2	0
GCF_008254045.1	0	1	0	0	0	2	0
GCF_008271285.1	1	1	0	0	1	1	0
GCF_008271295.1	0	1	0	0	0	1	0
GCF_008271345.1	0	1	0	0	0	1	0
GCF_008271465.1	1	0	0	0	2	0	0
GCF_008271655.1	1	1	0	0	3	1	0
GCF_008271695.1	1	1	0	0	1	1	0
GCF_008271745.1	1	1	0	0	1	1	0
GCF_008274215.1	0	1	1	1	0	2	3
GCF_008274625.1	0	1	0	0	0	2	0
GCF_008274655.1	0	0	0	0	0	0	0
GCF_008274695.1	1	0	0	0	9	0	0
GCF_008274805.1	1	0	0	0	4	0	0
GCF_008274825.1	0	1	0	0	0	1	0
GCF_008275125.1	1	1	0	0	2	1	0
GCF_008297955.1	1	1	0	0	8	1	0
GCF_008297975.1	1	0	0	0	6	0	0
GCF_008298015.1	1	1	0	0	6	1	0
GCF_008304605.1	1	1	0	0	8	5	0
GCF_008312885.1	1	0	0	0	1	0	0
GCF_008312895.1	1	1	0	0	1	1	0
GCF_008312935.1	0	1	0	0	0	1	0
GCF_008326305.1	0	1	0	0	0	1	0
GCF_008326425.1	0	1	0	0	0	2	0
GCF_008327825.1	0	1	0	0	0	1	0
GCF_008329645.1	1	1	0	0	12	2	0
GCF_008329715.1	0	1	0	0	0	2	0
GCF_008329925.1	1	0	0	0	4	0	0
GCF_008329945.1	0	1	0	0	0	3	0
GCF_008329965.1	1	1	0	0	1	2	0
GCF_008329985.2	1	0	0	0	5	0	0
GCF_008330085.1	1	1	1	0	2	3	1
GCF_008360935.1	1	0	0	0	42	0	0
GCF_008362905.1	0	1	1	0	0	1	1
GCF_008364685.1	1	0	0	0	12	0	0
GCF_008364845.1	1	1	0	0	2	1	0
GCF_008364955.1	1	0	0	0	10	0	0
GCF_008365275.1	1	1	0	0	1	1	0
GCF_008365295.1	1	1	0	0	1	1	0
GCF_008365315.1	1	1	0	0	1	1	0
GCF_008365385.1	1	0	0	0	3	0	0
GCF_008367235.1	0	1	0	0	0	2	0
GCF_008368715.1	0	0	0	0	0	0	0
GCF_008369015.1	0	0	0	0	0	0	0
GCF_008369065.1	1	1	1	1	5	3	2
GCF_008369105.1	1	0	0	0	12	0	0
GCF_008369445.1	1	1	0	0	5	1	0
GCF_008369605.1	0	1	0	0	0	2	0
GCF_008369725.1	0	1	0	0	0	3	0
GCF_008369745.1	1	1	0	0	2	2	0
GCF_008369785.1	0	0	0	0	0	0	0
GCF_008369935.1	1	1	0	0	39	1	0
GCF_008370345.1	1	0	0	0	6	0	0
GCF_008370495.1	1	1	0	0	11	1	0
GCF_008370715.1	1	0	0	0	4	0	0
GCF_008370835.2	0	0	0	0	0	0	0
GCF_008373755.1	1	0	0	0	3	0	0
GCF_008373765.1	1	0	0	0	3	0	0
GCF_008374075.1	0	1	0	0	0	1	0
GCF_008386465.1	1	0	0	0	1	0	0
GCF_008386495.1	1	1	0	0	4	4	0
GCF_008386505.1	0	1	0	0	0	2	0
GCF_008386565.1	1	1	0	0	18	1	0
GCF_008386575.1	1	1	0	0	6	2	0
GCF_008386585.1	1	1	0	0	3	3	0
GCF_008386635.1	0	1	0	0	0	1	0
GCF_008386695.1	0	0	0	0	0	0	0
GCF_008477545.1	1	0	0	0	2	0	0
GCF_008520265.1	1	1	0	0	2	1	0
GCF_008579125.1	1	0	0	0	2	0	0
GCF_008579165.1	1	0	0	0	4	0	0
GCF_008580665.1	1	0	0	0	1	0	0
GCF_008629655.1	0	0	0	0	0	0	0
GCF_008629675.1	0	0	0	0	0	0	0
GCF_008629685.1	1	1	0	0	2	1	0
GCF_008629695.1	0	1	0	0	0	1	0
GCF_008630015.1	1	0	0	0	2	0	0
GCF_008630065.1	1	1	1	1	1	2	2
GCF_008630495.1	1	0	0	0	4	0	0
GCF_008630535.1	1	1	0	0	14	3	0
GCF_008630635.1	1	0	0	0	2	0	0
GCF_008632075.1	1	1	0	0	1	1	0
GCF_008632235.1	1	1	1	1	4	4	6
GCF_008632335.1	0	1	0	0	0	1	0
GCF_008632455.1	0	0	0	0	0	0	0
GCF_008632615.1	0	1	0	0	0	4	0
GCF_008634015.1	1	1	0	0	6	2	0
GCF_008634025.1	1	1	0	0	4	2	0
GCF_008635795.1	0	1	1	1	0	10	2
GCF_008638305.1	1	0	0	0	3	0	0
GCF_008638345.1	1	0	0	0	5	0	0
GCF_008638355.1	1	1	0	0	7	1	0
GCF_008638365.1	1	1	0	0	5	2	0
GCF_008639165.1	1	1	0	0	7	3	0
GCF_008641065.1	1	0	0	0	3	0	0
GCF_008642235.1	1	0	0	0	1	0	0
GCF_008691045.1	0	1	0	0	0	1	0
GCF_008692605.1	1	0	0	0	11	0	0
GCF_008692995.1	0	1	0	0	0	1	0
GCF_008693005.1	0	0	0	0	0	0	0
GCF_008693045.1	1	0	0	0	1	0	0
GCF_008693185.1	1	0	0	0	1	0	0
GCF_008693645.1	1	1	0	0	2	1	0
GCF_008693705.1	0	1	1	0	0	2	1
GCF_008693965.1	1	0	0	0	2	0	0
GCF_008694105.1	0	1	0	0	0	3	0
GCF_008698085.1	0	1	0	0	0	1	0
GCF_008698145.1	0	1	0	0	0	1	0
GCF_008698235.1	0	1	0	0	0	1	0
GCF_008704205.1	1	1	0	0	11	2	0
GCF_008704395.1	1	1	0	0	4	2	0
GCF_008704425.1	1	1	0	0	3	3	0
GCF_008704445.1	1	1	0	0	5	3	0
GCF_008704495.1	1	1	0	0	8	2	0
GCF_008704515.1	1	1	0	0	9	2	0
GCF_008704535.1	1	1	0	0	5	1	0
GCF_008704555.1	1	1	0	0	5	3	0
GCF_008704575.1	1	1	0	0	4	3	0
GCF_008704715.1	1	1	0	0	5	4	0
GCF_008704795.1	1	1	0	0	6	2	0
GCF_008704855.1	1	1	0	0	5	2	0
GCF_008704935.1	1	1	0	0	5	1	0
GCF_008704995.1	1	1	0	0	6	2	0
GCF_008705135.1	1	1	0	0	6	5	0
GCF_008705175.1	0	1	1	1	0	7	3
GCF_008710035.1	0	0	0	0	0	0	0
GCF_008710095.1	0	1	0	0	0	1	0
GCF_008710145.1	1	1	0	0	3	1	0
GCF_008710165.1	1	0	0	0	3	0	0
GCF_008710275.1	1	0	0	0	2	0	0
GCF_008710285.1	1	1	0	0	1	1	0
GCF_008710705.1	0	1	0	0	0	1	0
GCF_008710745.1	1	1	0	0	2	1	0
GCF_008711145.1	0	1	0	0	0	1	0
GCF_008711175.1	1	1	0	0	6	1	0
GCF_008711285.1	1	1	0	0	4	2	0
GCF_008711325.1	1	0	0	0	4	0	0
GCF_008725655.1	0	1	0	0	0	1	0
GCF_008726475.3	1	1	0	0	2	1	0
GCF_008727715.1	1	1	0	0	4	3	0
GCF_008727755.1	1	1	1	1	2	1	2
GCF_008727775.1	1	0	1	1	3	0	2
GCF_008727795.1	1	0	0	0	1	0	0
GCF_008727865.1	1	0	0	0	3	0	0
GCF_008727875.1	0	0	0	0	0	0	0
GCF_008727925.1	1	0	0	0	1	0	0
GCF_008728085.1	1	1	0	0	6	1	0
GCF_008728195.1	1	0	0	0	19	0	0
GCF_008728635.1	1	0	0	0	1	0	0
GCF_008728835.1	1	0	0	0	6	0	0
GCF_008728855.1	1	1	0	0	5	1	0
GCF_008728965.1	1	1	0	0	1	1	0
GCF_008757455.1	1	1	0	0	3	3	0
GCF_008761635.1	1	1	0	0	3	1	0
GCF_008795935.1	1	0	0	0	4	0	0
GCF_008795955.1	1	0	0	0	3	0	0
GCF_008795985.1	1	1	1	1	4	1	2
GCF_008801715.1	1	1	0	0	2	1	0
GCF_008801925.2	1	0	0	0	29	0	0
GCF_008802355.1	0	0	0	0	0	0	0
GCF_008802365.1	0	0	0	0	0	0	0
GCF_008802405.1	1	1	0	0	1	1	0
GCF_008803015.1	0	1	0	0	0	1	0
GCF_008805035.1	0	0	0	0	0	0	0
GCF_008806325.1	1	1	0	0	1	1	0
GCF_008806345.1	1	0	0	0	5	0	0
GCF_008806375.1	0	1	0	0	0	2	0
GCF_008806385.1	1	0	0	0	6	0	0
GCF_008806595.1	1	1	0	0	5	2	0
GCF_008806755.1	1	0	0	0	1	0	0
GCF_008806775.1	0	1	0	0	0	1	0
GCF_008806995.1	0	0	0	0	0	0	0
GCF_008807015.1	0	0	0	0	0	0	0
GCF_008807375.1	1	0	0	0	8	0	0
GCF_008807735.1	0	1	0	0	0	4	0
GCF_008824185.1	1	1	0	0	8	1	0
GCF_008830185.1	0	1	0	0	0	2	0
GCF_008830225.1	0	1	1	1	0	3	2
GCF_008831035.1	0	1	1	1	0	5	2
GCF_008831045.1	1	1	1	0	1	2	1
GCF_008831075.1	1	1	0	0	4	1	0
GCF_008831085.1	1	0	0	0	2	0	0
GCF_008831125.1	0	0	0	0	0	0	0
GCF_008831155.1	1	0	0	0	4	0	0
GCF_008831265.1	1	0	0	0	30	0	0
GCF_008831305.1	1	1	0	0	4	1	0
GCF_008831385.1	0	1	0	0	0	2	0
GCF_008831485.1	0	1	0	0	0	1	0
GCF_008831545.1	1	0	0	0	4	0	0
GCF_008838325.1	1	0	0	0	33	0	0
GCF_008843145.1	1	0	0	0	4	0	0
GCF_008843165.1	1	0	0	0	3	0	0
GCF_008867985.1	1	0	0	0	2	0	0
GCF_008868005.1	1	1	0	0	1	2	0
GCF_008868685.1	1	1	0	0	5	2	0
GCF_008876665.1	0	1	0	0	0	2	0
GCF_008905045.1	1	1	0	0	8	4	0
GCF_008919445.1	1	1	0	0	4	2	0
GCF_008923185.1	1	1	0	0	9	3	0
GCF_008923205.2	1	1	1	1	45	1	2
GCF_008923245.1	1	0	0	0	8	0	0
GCF_008923265.1	1	1	0	0	2	2	0
GCF_008923365.1	1	1	1	1	17	1	2
GCF_008929045.1	1	0	0	0	17	0	0
GCF_008930655.1	1	1	0	0	15	1	0
GCF_008930985.1	0	0	0	0	0	0	0
GCF_008931805.1	0	0	0	0	0	0	0
GCF_008931845.1	0	0	0	0	0	0	0
GCF_008932075.1	1	1	0	0	4	2	0
GCF_008932115.1	1	0	0	0	18	0	0
GCF_008932225.1	1	0	0	0	5	0	0
GCF_008932245.1	1	1	0	0	4	1	0
GCF_008932285.1	1	1	0	0	2	4	0
GCF_008933115.1	1	0	0	0	1	0	0
GCF_008933165.1	1	0	0	0	1	0	0
GCF_008933955.1	0	1	1	1	0	4	3
GCF_008973485.1	1	0	0	0	2	0	0
GCF_008973665.1	0	1	0	0	0	8	0
GCF_008973715.1	1	0	0	0	1	0	0
GCF_008973725.1	1	1	0	0	3	1	0
GCF_008973755.1	1	0	0	0	3	0	0
GCF_008973825.1	1	1	0	0	2	1	0
GCF_008974225.1	1	1	0	0	3	5	0
GCF_008974245.1	1	1	0	0	7	1	0
GCF_008974265.1	1	1	0	0	1	1	0
GCF_008974285.1	1	1	0	0	2	2	0
GCF_008974325.1	0	1	0	0	0	2	0
GCF_009002475.1	1	0	0	0	1	0	0
GCF_009012935.1	0	0	0	0	0	0	0
GCF_009014635.1	0	0	0	0	0	0	0
GCF_009017255.1	1	1	1	1	1	4	3
GCF_009017275.1	0	1	1	1	0	4	5
GCF_009025875.1	0	1	0	0	0	1	0
GCF_009026825.1	1	0	0	0	1	0	0
GCF_009035845.1	1	0	0	0	4	0	0
GCF_009036245.1	0	1	0	0	0	1	0
GCF_009068765.1	0	0	0	0	0	0	0
GCF_009078285.1	0	1	0	0	0	2	0
GCF_009176225.1	0	1	0	0	0	1	0
GCF_009176305.1	1	1	0	0	4	4	0
GCF_009176545.1	1	1	0	0	7	1	0
GCF_009176645.1	0	1	0	0	0	1	0
GCF_009176975.1	1	0	0	0	2	0	0
GCF_009177065.1	0	1	0	0	0	2	0
GCF_009177095.1	0	1	0	0	0	1	0
GCF_009183365.2	1	1	0	0	1	2	0
GCF_009183655.1	1	1	0	0	1	1	0
GCF_009183815.1	0	0	0	0	0	0	0
GCF_009184545.1	1	0	0	0	2	0	0
GCF_009184635.1	1	1	0	0	1	1	0
GCF_009184705.1	0	1	0	0	0	1	0
GCF_009184845.1	0	1	0	0	0	2	0
GCF_009184865.1	1	1	0	0	8	4	0
GCF_009184905.1	1	0	0	0	5	0	0
GCF_009192725.1	1	1	0	0	12	3	0
GCF_009192735.1	1	1	0	0	5	3	0
GCF_009192745.1	1	1	1	1	6	1	2
GCF_009192765.1	1	1	0	0	2	1	0
GCF_009192775.1	1	1	0	0	3	3	0
GCF_009192945.1	0	0	0	0	0	0	0
GCF_009192995.1	0	0	0	0	0	0	0
GCF_009193135.1	1	1	0	0	1	1	0
GCF_009193155.1	1	1	0	0	4	2	0
GCF_009193175.1	1	0	0	0	6	0	0
GCF_009193185.1	1	1	0	0	1	1	0
GCF_009193215.1	0	1	0	0	0	1	0
GCF_009193255.1	1	1	1	1	4	1	2
GCF_009193265.1	1	0	0	0	7	0	0
GCF_009193295.2	0	0	0	0	0	0	0
GCF_009193305.1	0	1	0	0	0	1	0
GCF_009193325.2	0	0	0	0	0	0	0
GCF_009193355.1	0	1	0	0	0	1	0
GCF_009208055.1	0	0	0	0	0	0	0
GCF_009208555.1	1	1	0	0	2	2	0
GCF_009208585.1	0	1	0	0	0	1	0
GCF_009208775.1	0	1	0	0	0	1	0
GCF_009258045.1	0	1	1	1	0	1	2
GCF_009258225.1	0	1	1	0	0	1	1
GCF_009268105.1	0	0	0	0	0	0	0
GCF_009295515.1	0	1	0	0	0	2	0
GCF_009295665.1	1	1	1	0	3	2	1
GCF_009295725.1	0	1	0	0	0	4	0
GCF_009296165.1	1	1	0	0	3	1	0
GCF_009296175.1	1	1	0	0	1	2	0
GCF_009299385.1	1	1	0	0	13	3	0
GCF_009299475.1	0	1	0	0	0	1	0
GCF_009299485.1	0	1	0	0	0	1	0
GCF_009299505.1	0	1	0	0	0	1	0
GCF_009299795.1	1	1	0	0	1	2	0
GCF_009299835.1	1	1	0	0	4	4	0
GCF_009301415.1	1	1	0	0	4	1	0
GCF_009362255.1	0	0	0	0	0	0	0
GCF_009362735.1	1	1	0	0	29	1	0
GCF_009362815.1	0	1	0	0	0	2	0
GCF_009362845.1	1	0	0	0	1	0	0
GCF_009363075.1	0	1	0	0	0	11	0
GCF_009363095.1	1	1	0	0	1	8	0
GCF_009363115.1	1	1	0	0	1	2	0
GCF_009363135.1	0	1	1	0	0	1	1
GCF_009363155.1	1	0	0	0	2	0	0
GCF_009363415.1	0	0	0	0	0	0	0
GCF_009363855.1	1	1	0	0	2	2	0
GCF_009363895.1	1	0	0	0	3	0	0
GCF_009371875.1	0	1	0	0	0	1	0
GCF_009371975.2	1	1	0	0	1	1	0
GCF_009371985.2	0	0	0	0	0	0	0
GCF_009372075.1	1	1	0	0	4	1	0
GCF_009372255.1	1	0	0	0	7	0	0
GCF_009377175.1	1	1	0	0	9	4	0
GCF_009377185.1	1	1	0	0	15	6	0
GCF_009377195.2	1	1	0	0	2	1	0
GCF_009377205.1	1	1	0	0	5	3	0
GCF_009377235.1	1	1	0	0	13	2	0
GCF_009377345.1	1	0	0	0	1	0	0
GCF_009380135.2	1	1	0	0	2	1	0
GCF_009380165.1	1	1	0	0	5	2	0
GCF_009380215.1	1	1	0	0	5	2	0
GCF_009388985.1	1	1	0	0	7	1	0
GCF_009392895.1	1	0	0	0	5	0	0
GCF_009428905.1	1	1	1	1	2	5	3
GCF_009428965.1	0	1	0	0	0	1	0
GCF_009429125.1	0	1	0	0	0	3	0
GCF_009451885.1	1	1	0	0	1	2	0
GCF_009455625.1	1	1	0	0	2	1	0
GCF_009455635.1	1	1	0	0	24	2	0
GCF_009455685.1	1	1	0	0	2	1	0
GCF_009466385.1	1	1	0	0	1	1	0
GCF_009467795.1	0	1	0	0	0	2	0
GCF_009467805.1	0	0	0	0	0	0	0
GCF_009469695.1	1	0	0	0	1	0	0
GCF_009469755.1	1	1	0	0	1	1	0
GCF_009469765.1	1	0	0	0	2	0	0
GCF_009496005.1	1	0	0	0	5	0	0
GCF_009497075.1	1	1	1	1	12	5	2
GCF_009497155.1	1	1	0	0	2	1	0
GCF_009498035.1	1	1	1	1	6	2	2
GCF_009498235.1	0	0	0	0	0	0	0
GCF_009498275.1	1	1	0	0	8	3	0
GCF_009498735.1	0	1	0	0	0	1	0
GCF_009547075.1	0	1	0	0	0	2	0
GCF_009557235.1	1	0	0	0	1	0	0
GCF_009569385.1	1	1	0	0	2	3	0
GCF_009586235.1	1	1	0	0	15	2	0
GCF_009600605.1	1	1	0	0	2	2	0
GCF_009600885.1	1	1	0	0	3	2	0
GCF_009600895.1	1	1	0	0	3	1	0
GCF_009600995.1	0	1	0	0	0	1	0
GCF_009601015.1	0	1	0	0	0	3	0
GCF_009601025.1	1	0	0	0	3	0	0
GCF_009601165.1	1	0	0	0	2	0	0
GCF_009601765.2	0	1	0	0	0	1	0
GCF_009602435.1	0	1	0	0	0	5	0
GCF_009602465.1	1	0	0	0	18	0	0
GCF_009602535.1	1	1	0	0	6	2	0
GCF_009602705.1	0	1	0	0	0	2	0
GCF_009604375.1	1	1	0	0	4	2	0
GCF_009604385.1	1	1	0	0	6	3	0
GCF_009604405.1	1	0	0	0	22	0	0
GCF_009604425.1	1	1	0	0	24	1	0
GCF_009617585.1	1	1	0	0	1	2	0
GCF_009617595.1	1	1	0	0	6	1	0
GCF_009617755.1	1	0	0	0	4	0	0
GCF_009617855.1	0	0	0	0	0	0	0
GCF_009617915.1	0	0	0	0	0	0	0
GCF_009617975.1	0	0	0	0	0	0	0
GCF_009618275.1	0	1	0	0	0	1	0
GCF_009646095.1	1	0	0	0	1	0	0
GCF_009646115.1	1	1	0	0	1	1	0
GCF_009646335.1	1	0	0	0	10	0	0
GCF_009646355.1	0	0	0	0	0	0	0
GCF_009647605.1	1	1	0	0	2	4	0
GCF_009648935.1	1	1	0	0	1	1	0
GCF_009649075.1	1	1	0	0	11	1	0
GCF_009649175.1	1	1	1	1	2	4	4
GCF_009649225.1	1	0	0	0	1	0	0
GCF_009649735.1	1	1	0	0	7	3	0
GCF_009649745.1	1	1	0	0	1	1	0
GCF_009649845.1	1	1	0	0	1	2	0
GCF_009649915.1	0	1	0	0	0	2	0
GCF_009649955.1	1	1	1	1	1	3	5
GCF_009650015.1	0	1	0	0	0	1	0
GCF_009650095.1	0	1	0	0	0	2	0
GCF_009650135.1	1	0	0	0	3	0	0
GCF_009650215.1	1	0	0	0	5	0	0
GCF_009650435.1	0	0	0	0	0	0	0
GCF_009650995.1	1	1	0	0	3	1	0
GCF_009651005.1	1	0	0	0	3	0	0
GCF_009659375.1	0	1	0	0	0	2	0
GCF_009659625.1	1	0	0	0	4	0	0
GCF_009662475.1	0	0	0	0	0	0	0
GCF_009663395.1	1	0	0	0	1	0	0
GCF_009664085.1	0	0	0	0	0	0	0
GCF_009664835.1	1	1	0	0	5	1	0
GCF_009664975.1	0	1	0	0	0	8	0
GCF_009665415.1	0	1	0	0	0	1	0
GCF_009668025.1	0	0	0	0	0	0	0
GCF_009669325.1	1	0	0	0	6	0	0
GCF_009671065.1	0	0	0	0	0	0	0
GCF_009671205.1	1	1	0	0	4	1	0
GCF_009671245.1	0	0	0	0	0	0	0
GCF_009674485.1	1	1	0	0	5	2	0
GCF_009674495.1	1	1	0	0	3	3	0
GCF_009674535.1	1	1	0	0	3	2	0
GCF_009674565.1	1	1	0	0	3	2	0
GCF_009674585.1	1	1	0	0	2	1	0
GCF_009674605.1	1	1	0	0	4	1	0
GCF_009674625.1	1	1	0	0	1	2	0
GCF_009674665.1	1	0	0	0	5	0	0
GCF_009674685.1	1	1	0	0	2	2	0
GCF_009674725.1	1	1	0	0	2	1	0
GCF_009674805.1	0	1	0	0	0	3	0
GCF_009674825.1	1	0	0	0	1	0	0
GCF_009676365.1	0	1	0	0	0	1	0
GCF_009676955.1	0	1	0	0	0	2	0
GCF_009676995.1	0	1	0	0	0	2	0
GCF_009684715.1	0	1	0	0	0	1	0
GCF_009684755.1	0	0	0	0	0	0	0
GCF_009687825.1	1	1	0	0	1	1	0
GCF_009687845.1	1	1	0	0	10	2	0
GCF_009687865.1	1	1	0	0	35	3	0
GCF_009687885.1	1	1	0	0	36	2	0
GCF_009687905.1	0	0	0	0	0	0	0
GCF_009688945.1	1	1	1	1	7	6	6
GCF_009688965.1	1	1	1	1	7	7	6
GCF_009688985.1	1	1	1	1	9	15	12
GCF_009689585.1	0	1	0	0	0	1	0
GCF_009690845.1	0	0	0	0	0	0	0
GCF_009695545.1	0	1	1	0	0	1	1
GCF_009695585.1	0	1	0	0	0	1	0
GCF_009695635.1	0	1	0	0	0	2	0
GCF_009695655.1	0	1	0	0	0	2	0
GCF_009695745.1	1	1	1	0	3	1	1
GCF_009695765.1	0	1	1	1	0	4	2
GCF_009695775.1	0	1	0	0	0	2	0
GCF_009695815.1	1	1	1	1	4	5	6
GCF_009695865.1	1	1	1	1	1	5	7
GCF_009695875.1	0	1	1	1	0	2	3
GCF_009695915.1	0	1	1	1	0	4	4
GCF_009695935.1	0	1	0	0	0	1	0
GCF_009695985.1	0	1	0	0	0	2	0
GCF_009695995.1	0	1	0	0	0	3	0
GCF_009696005.1	0	1	0	0	0	2	0
GCF_009696045.1	0	1	1	0	0	3	1
GCF_009696065.1	0	1	0	0	0	1	0
GCF_009696075.1	0	1	0	0	0	1	0
GCF_009696145.1	0	1	1	1	0	3	4
GCF_009696165.1	1	1	1	1	1	4	4
GCF_009696175.1	0	1	0	0	0	1	0
GCF_009696265.1	0	1	0	0	0	1	0
GCF_009696275.1	0	1	0	0	0	2	0
GCF_009696315.1	0	1	0	0	0	2	0
GCF_009696375.1	0	1	0	0	0	2	0
GCF_009696445.1	0	1	0	0	0	1	0
GCF_009696465.1	0	1	1	1	0	3	2
GCF_009696615.1	0	0	0	0	0	0	0
GCF_009697165.1	0	1	1	0	0	3	1
GCF_009697225.1	1	0	0	0	5	0	0
GCF_009697385.1	0	1	0	0	0	1	0
GCF_009707125.1	1	0	0	0	1	0	0
GCF_009707245.1	1	0	0	0	4	0	0
GCF_009707515.1	1	1	0	0	7	1	0
GCF_009707545.1	1	1	1	1	17	3	2
GCF_009707705.1	1	0	0	0	1	0	0
GCF_009707865.1	1	1	0	0	23	2	0
GCF_009707995.1	0	0	0	0	0	0	0
GCF_009708005.2	1	1	0	0	2	2	0
GCF_009708035.1	0	1	0	0	0	1	0
GCF_009708075.1	1	1	1	1	3	2	6
GCF_009708175.1	1	0	0	0	3	0	0
GCF_009708215.1	1	1	0	0	2	2	0
GCF_009708955.1	0	1	0	0	0	1	0
GCF_009709555.1	1	1	0	0	8	3	0
GCF_009709575.1	1	1	0	0	2	3	0
GCF_009709615.1	0	0	0	0	0	0	0
GCF_009709675.1	1	0	0	0	5	0	0
GCF_009711055.1	0	1	0	0	0	1	0
GCF_009711095.1	1	1	1	0	1	1	1
GCF_009711125.1	0	1	0	0	0	1	0
GCF_009711185.1	1	1	0	0	2	1	0
GCF_009711205.1	1	1	0	0	4	1	0
GCF_009711215.1	1	0	0	0	2	0	0
GCF_009711225.1	1	0	0	0	4	0	0
GCF_009711345.1	1	1	0	0	6	2	0
GCF_009711365.1	0	1	0	0	0	1	0
GCF_009711445.1	1	0	0	0	2	0	0
GCF_009711465.1	1	0	0	0	1	0	0
GCF_009711475.1	1	0	0	0	1	0	0
GCF_009711525.1	1	1	0	0	1	1	0
GCF_009718825.1	0	1	0	0	0	4	0
GCF_009720245.1	1	0	0	0	1	0	0
GCF_009720255.1	1	1	0	0	1	1	0
GCF_009720365.1	1	1	0	0	5	5	0
GCF_009720385.1	1	1	0	0	5	4	0
GCF_009720525.1	0	1	0	0	0	2	0
GCF_009720625.1	1	1	0	0	1	5	0
GCF_009720675.1	0	1	0	0	0	4	0
GCF_009720725.1	0	0	0	0	0	0	0
GCF_009720735.1	0	1	1	1	0	3	3
GCF_009720745.1	1	1	0	0	3	2	0
GCF_009720755.1	1	1	1	1	6	2	2
GCF_009720775.1	1	1	0	0	3	2	0
GCF_009720825.1	1	1	0	0	4	2	0
GCF_009720865.1	1	1	0	0	3	2	0
GCF_009724245.1	1	0	0	0	9	0	0
GCF_009724685.1	1	1	0	0	2	5	0
GCF_009725985.1	0	0	0	0	0	0	0
GCF_009727065.1	1	0	0	0	1	0	0
GCF_009727155.1	1	1	0	0	4	2	0
GCF_009728145.1	1	1	0	0	2	3	0
GCF_009728485.1	0	1	0	0	0	1	0
GCF_009728735.1	1	1	0	0	1	2	0
GCF_009728935.1	1	1	0	0	3	5	0
GCF_009729015.1	0	1	0	0	0	2	0
GCF_009729035.1	0	1	0	0	0	1	0
GCF_009729055.1	1	1	0	0	2	1	0
GCF_009729515.1	0	1	0	0	0	2	0
GCF_009729545.1	0	1	0	0	0	3	0
GCF_009729555.1	0	1	0	0	0	1	0
GCF_009730055.1	0	0	0	0	0	0	0
GCF_009730295.1	0	1	0	0	0	1	0
GCF_009730395.1	1	0	0	0	1	0	0
GCF_009730595.1	0	0	0	0	0	0	0
GCF_009731575.1	0	0	0	0	0	0	0
GCF_009733535.1	0	0	0	0	0	0	0
GCF_009733595.1	1	1	0	0	5	2	0
GCF_009733705.1	0	1	0	0	0	1	0
GCF_009733735.1	1	0	0	0	8	0	0
GCF_009733795.1	0	1	0	0	0	1	0
GCF_009733815.1	1	1	0	0	4	1	0
GCF_009733845.1	1	1	0	0	3	1	0
GCF_009733865.1	1	1	0	0	4	3	0
GCF_009733925.1	0	1	0	0	0	2	0
GCF_009734005.1	0	1	0	0	0	2	0
GCF_009734385.1	1	0	0	0	1	0	0
GCF_009734405.1	1	0	0	0	4	0	0
GCF_009734425.1	0	0	0	0	0	0	0
GCF_009734445.1	1	1	1	1	1	4	4
GCF_009735315.1	1	1	0	0	2	1	0
GCF_009735625.1	1	1	1	1	1	5	7
GCF_009735645.1	1	0	0	0	1	0	0
GCF_009735685.1	1	1	0	0	3	1	0
GCF_009738185.1	1	1	0	0	1	1	0
GCF_009739465.1	1	1	0	0	3	2	0
GCF_009739515.1	1	0	0	0	7	0	0
GCF_009739535.1	0	1	0	0	0	1	0
GCF_009739905.1	1	1	0	0	6	3	0
GCF_009739945.1	0	1	0	0	0	5	0
GCF_009740285.1	1	1	0	0	2	2	0
GCF_009740395.1	0	0	0	0	0	0	0
GCF_009741275.1	0	1	0	0	0	1	0
GCF_009741375.1	0	1	0	0	0	1	0
GCF_009742705.1	1	1	0	0	2	4	0
GCF_009742725.1	1	1	0	0	8	2	0
GCF_009745975.1	1	1	0	0	5	1	0
GCF_009745985.1	1	1	0	0	2	1	0
GCF_009746125.1	1	1	0	0	5	2	0
GCF_009746565.1	0	1	0	0	0	1	0
GCF_009746585.1	1	0	0	0	4	0	0
GCF_009749385.1	1	1	0	0	4	1	0
GCF_009749395.1	1	1	0	0	2	1	0
GCF_009749405.1	1	1	0	0	2	2	0
GCF_009749465.1	1	1	0	0	3	3	0
GCF_009749525.1	1	1	0	0	8	2	0
GCF_009753675.1	1	1	0	0	7	2	0
GCF_009753715.1	1	1	0	0	4	1	0
GCF_009754905.2	0	1	0	0	0	4	0
GCF_009754915.1	0	1	0	0	0	1	0
GCF_009754945.1	0	0	0	0	0	0	0
GCF_009755225.1	1	1	0	0	1	1	0
GCF_009755265.1	1	1	1	0	5	2	1
GCF_009755275.1	1	1	0	0	2	1	0
GCF_009755355.1	0	1	0	0	0	1	0
GCF_009755585.1	0	0	0	0	0	0	0
GCF_009755605.1	1	1	0	0	5	2	0
GCF_009755645.1	1	0	0	0	6	0	0
GCF_009755805.1	1	1	0	0	1	1	0
GCF_009755815.1	1	0	0	0	24	0	0
GCF_009756665.1	1	1	0	0	1	1	0
GCF_009757775.1	0	1	0	0	0	4	0
GCF_009757995.1	0	1	0	0	0	6	0
GCF_009758015.1	1	0	0	0	33	0	0
GCF_009758125.1	0	0	0	0	0	0	0
GCF_009758205.1	0	0	0	0	0	0	0
GCF_009758415.1	1	1	0	0	2	2	0
GCF_009759665.1	1	1	0	0	20	1	0
GCF_009760405.1	1	1	0	0	12	2	0
GCF_009760915.1	1	0	0	0	14	0	0
GCF_009760925.1	1	1	0	0	8	4	0
GCF_009761375.1	0	0	0	0	0	0	0
GCF_009761395.1	0	0	0	0	0	0	0
GCF_009762275.1	1	0	0	0	2	0	0
GCF_009762325.1	1	0	0	0	3	0	0
GCF_009762775.1	0	1	0	0	0	2	0
GCF_009762795.1	0	1	1	0	0	2	1
GCF_009763245.1	1	0	0	0	3	0	0
GCF_009763355.1	1	1	1	1	4	3	2
GCF_009765165.1	0	0	0	0	0	0	0
GCF_009765275.1	1	0	0	0	21	0	0
GCF_009765355.1	1	1	0	0	9	1	0
GCF_009765365.1	1	1	0	0	2	2	0
GCF_009765695.1	0	1	0	0	0	3	0
GCF_009768885.1	0	0	0	0	0	0	0
GCF_009768935.1	0	1	0	0	0	1	0
GCF_009768975.1	1	0	0	0	9	0	0
GCF_009769165.1	0	0	0	0	0	0	0
GCF_009769205.1	0	1	0	0	0	1	0
GCF_009769385.1	1	1	0	0	6	2	0
GCF_009769755.1	1	0	0	0	3	0	0
GCF_009770985.1	0	1	0	0	0	1	0
GCF_009789075.1	1	0	0	0	38	0	0
GCF_009789225.1	1	1	0	0	4	1	0
GCF_009789235.1	0	1	0	0	0	1	0
GCF_009789535.1	1	0	0	0	1	0	0
GCF_009789575.1	1	1	0	0	6	1	0
GCF_009789595.1	1	1	0	0	6	3	0
GCF_009789655.1	1	1	0	0	19	1	0
GCF_009789675.1	1	1	1	1	25	1	2
GCF_009791395.1	1	0	0	0	3	0	0
GCF_009792295.1	0	1	0	0	0	1	0
GCF_009792355.1	1	0	0	0	6	0	0
GCF_009792795.1	0	0	0	0	0	0	0
GCF_009792895.1	0	1	0	0	0	1	0
GCF_009793355.1	1	0	0	0	1	0	0
GCF_009796285.1	1	1	0	0	6	2	0
GCF_009796305.1	0	1	1	0	0	3	1
GCF_009797935.1	0	1	0	0	0	1	0
GCF_009800925.1	1	1	0	0	1	2	0
GCF_009800965.1	1	0	0	0	3	0	0
GCF_009805595.3	0	0	0	0	0	0	0
GCF_009805705.1	1	1	0	0	4	1	0
GCF_009806145.1	1	1	0	0	3	1	0
GCF_009806515.1	1	0	0	0	5	0	0
GCF_009807005.1	1	0	0	0	2	0	0
GCF_009807035.1	0	1	0	0	0	8	0
GCF_009811315.1	0	1	0	0	0	1	0
GCF_009811375.1	1	1	0	0	23	1	0
GCF_009811575.1	1	1	0	0	7	2	0
GCF_009811755.1	1	1	0	0	3	3	0
GCF_009811795.1	1	0	0	0	5	0	0
GCF_009812055.1	1	0	0	0	8	0	0
GCF_009817885.1	0	0	0	0	0	0	0
GCF_009821115.1	1	0	0	0	1	0	0
GCF_009823375.1	0	0	0	0	0	0	0
GCF_009823805.1	1	0	0	0	4	0	0
GCF_009826895.1	1	0	0	0	4	0	0
GCF_009827055.1	1	1	0	0	3	1	0
GCF_009827095.1	1	0	0	0	4	0	0
GCF_009827135.1	0	0	0	0	0	0	0
GCF_009827295.1	1	1	0	0	3	1	0
GCF_009827305.1	1	0	0	0	1	0	0
GCF_009827315.1	1	0	0	0	3	0	0
GCF_009827325.1	1	0	0	0	3	0	0
GCF_009827395.1	1	0	0	0	4	0	0
GCF_009827435.1	1	0	1	1	3	0	2
GCF_009827445.1	1	0	0	0	3	0	0
GCF_009827455.1	1	0	0	0	3	0	0
GCF_009827495.1	1	0	0	0	3	0	0
GCF_009827535.1	1	1	0	0	5	1	0
GCF_009827545.1	1	0	0	0	3	0	0
GCF_009827575.1	1	0	0	0	4	0	0
GCF_009827595.1	1	0	1	0	4	0	1
GCF_009827615.1	1	0	0	0	3	0	0
GCF_009827635.1	1	0	0	0	4	0	0
GCF_009827655.1	1	0	1	0	5	0	1
GCF_009827995.1	1	0	0	0	5	0	0
GCF_009828025.1	1	1	0	0	4	1	0
GCF_009828065.1	1	0	0	0	1	0	0
GCF_009828105.1	0	1	0	0	0	1	0
GCF_009828115.1	1	1	0	0	4	1	0
GCF_009828605.1	1	1	0	0	1	3	0
GCF_009828745.1	0	1	0	0	0	4	0
GCF_009828765.1	0	1	0	0	0	3	0
GCF_009828835.1	1	1	0	0	1	2	0
GCF_009828925.2	0	0	0	0	0	0	0
GCF_009828935.2	0	0	0	0	0	0	0
GCF_009829075.1	0	1	0	0	0	1	0
GCF_009829085.1	0	1	0	0	0	1	0
GCF_009829685.1	1	1	0	0	2	1	0
GCF_009829925.1	1	1	0	0	15	1	0
GCF_009830105.1	1	1	0	0	6	2	0
GCF_009830125.1	1	1	0	0	3	1	0
GCF_009830285.1	1	1	1	1	1	3	3
GCF_009831105.1	1	1	0	0	1	1	0
GCF_009831115.1	0	1	0	0	0	1	0
GCF_009831215.1	1	1	0	0	5	1	0
GCF_009831235.1	0	1	0	0	0	1	0
GCF_009831375.1	0	1	1	1	0	4	2
GCF_009831415.1	1	1	0	0	2	2	0
GCF_009831455.1	1	0	0	0	6	0	0
GCF_009831555.1	1	0	0	0	1	0	0
GCF_009831575.1	1	0	0	0	3	0	0
GCF_009831625.1	1	1	0	0	1	1	0
GCF_009831655.1	1	1	0	0	1	3	0
GCF_009831765.1	1	0	0	0	2	0	0
GCF_009832745.1	0	0	0	0	0	0	0
GCF_009832765.1	0	1	0	0	0	3	0
GCF_009833085.1	0	0	0	0	0	0	0
GCF_009833495.1	1	0	0	0	7	0	0
GCF_009833965.1	0	0	0	0	0	0	0
GCF_009834025.1	1	0	0	0	10	0	0
GCF_009834165.1	1	0	0	0	2	0	0
GCF_009834345.1	1	0	0	0	3	0	0
GCF_009834785.1	1	0	0	0	4	0	0
GCF_009834875.1	0	1	0	0	0	1	0
GCF_009834915.1	1	0	0	0	2	0	0
GCF_009834925.2	1	1	1	1	6	4	3
GCF_009834985.1	1	1	0	0	1	1	0
GCF_009835145.1	1	0	0	0	6	0	0
GCF_009846485.1	0	1	0	0	0	1	0
GCF_009846745.1	1	0	0	0	13	0	0
GCF_009846865.1	1	0	0	0	1	0	0
GCF_009846885.1	1	1	0	0	1	2	0
GCF_009847015.1	0	0	0	0	0	0	0
GCF_009848505.1	1	1	0	0	22	1	0
GCF_009856445.1	1	1	0	0	2	4	0
GCF_009856525.1	0	0	0	0	0	0	0
GCF_009856605.1	0	1	0	0	0	1	0
GCF_009856625.1	1	0	0	0	2	0	0
GCF_009856825.1	1	0	0	0	8	0	0
GCF_009856865.1	1	1	1	1	3	1	2
GCF_009857435.1	1	1	0	0	3	2	0
GCF_009857445.1	1	1	0	0	3	2	0
GCF_009857475.1	1	1	0	0	3	2	0
GCF_009857505.1	1	1	0	0	3	2	0
GCF_009857535.1	1	1	0	0	3	3	0
GCF_009857605.1	1	1	0	0	3	2	0
GCF_009857655.1	1	1	0	0	4	2	0
GCF_009857745.1	1	0	0	0	5	0	0
GCF_009857835.1	1	1	0	0	3	2	0
GCF_009857845.1	1	0	0	0	6	0	0
GCF_009857915.1	1	1	0	0	3	2	0
GCF_009858245.1	1	0	0	0	2	0	0
GCF_009858255.1	1	0	0	0	10	0	0
GCF_009861485.1	0	0	0	0	0	0	0
GCF_009866525.1	0	0	0	0	0	0	0
GCF_009866805.1	1	0	0	0	27	0	0
GCF_009866965.1	1	1	0	0	17	1	0
GCF_009873295.1	0	1	0	0	0	2	0
GCF_009873615.1	0	1	0	0	0	1	0
GCF_009874545.1	0	1	0	0	0	1	0
GCF_009877425.1	1	1	1	1	1	4	3
GCF_009877435.1	1	1	1	1	1	4	3
GCF_009882915.1	1	1	0	0	12	1	0
GCF_009882935.1	1	1	0	0	18	1	0
GCF_009882975.1	1	0	1	0	4	0	1
GCF_009882985.1	0	1	0	0	0	5	0
GCF_009883735.1	0	0	0	0	0	0	0
GCF_009883795.1	0	0	0	0	0	0	0
GCF_009884975.1	1	0	0	0	2	0	0
GCF_009900715.1	1	0	0	0	2	0	0
GCF_009900765.1	1	1	0	0	14	1	0
GCF_009901525.1	0	1	0	0	0	1	0
GCF_009901565.1	1	1	0	0	5	5	0
GCF_009901585.1	1	0	0	0	1	0	0
GCF_009902005.1	1	0	0	0	1	0	0
GCF_009903685.1	0	0	0	0	0	0	0
GCF_009904105.1	0	1	0	0	0	1	0
GCF_009905215.1	0	0	0	0	0	0	0
GCF_009905255.1	0	1	1	1	0	4	2
GCF_009906315.1	0	1	0	0	0	2	0
GCF_009906395.1	1	1	0	0	1	1	0
GCF_009906795.1	0	1	0	0	0	3	0
GCF_009906855.1	1	0	0	0	22	0	0
GCF_009908195.1	1	1	0	0	10	2	0
GCF_009908265.2	1	1	0	0	4	1	0
GCF_009908295.1	1	1	0	0	5	2	0
GCF_009908315.1	1	1	0	0	2	1	0
GCF_009909145.1	1	1	0	0	1	2	0
GCF_009909155.2	1	0	0	0	2	0	0
GCF_009909185.1	0	1	0	0	0	5	0
GCF_009909205.1	1	0	0	0	2	0	0
GCF_009909235.1	1	0	1	0	4	0	1
GCF_009909615.1	1	0	0	0	1	0	0
GCF_009910325.1	1	1	1	1	1	5	2
GCF_009910365.1	1	0	0	0	4	0	0
GCF_009910675.1	0	1	1	0	0	2	1
GCF_009910725.1	1	1	0	0	3	2	0
GCF_009910845.1	0	1	0	0	0	3	0
GCF_009911755.1	1	0	0	0	4	0	0
GCF_009911795.1	1	1	0	0	4	2	0
GCF_009913235.1	1	1	0	0	1	1	0
GCF_009913435.1	1	0	0	0	4	0	0
GCF_009913655.1	0	1	0	0	0	1	0
GCF_009914055.1	1	1	0	0	1	1	0
GCF_009914215.2	1	1	0	0	2	1	0
GCF_009914475.1	1	0	0	0	4	0	0
GCF_009914515.1	1	1	0	0	16	1	0
GCF_009915155.1	0	1	0	0	0	1	0
GCF_009917485.1	1	1	0	0	1	4	0
GCF_009925085.1	1	1	0	0	4	1	0
GCF_009928525.1	0	1	0	0	0	1	0
GCF_009928685.1	0	1	0	0	0	2	0
GCF_009930795.1	1	0	0	0	2	0	0
GCF_009931115.1	1	1	0	0	5	2	0
GCF_009931295.1	0	1	0	0	0	2	0
GCF_009931455.1	1	0	0	0	2	0	0
GCF_009931595.1	0	0	0	0	0	0	0
GCF_009931615.1	1	1	0	0	3	1	0
GCF_009931655.1	0	1	0	0	0	1	0
GCF_009931695.1	0	1	0	0	0	4	0
GCF_009932335.1	1	0	0	0	3	0	0
GCF_009932395.1	1	1	1	1	2	5	3
GCF_009932435.1	1	1	0	0	5	1	0
GCF_009932475.1	1	1	0	0	4	1	0
GCF_009932555.1	1	1	1	1	17	1	2
GCF_009932725.1	1	0	0	0	3	0	0
GCF_009933595.1	1	0	0	0	1	0	0
GCF_009936155.1	1	1	0	0	2	1	0
GCF_009936175.1	0	0	0	0	0	0	0
GCF_009936215.1	0	1	1	1	0	3	2
GCF_009937995.1	0	0	0	0	0	0	0
GCF_009938015.1	0	0	0	0	0	0	0
GCF_009938185.1	0	1	0	0	0	1	0
GCF_009938205.1	0	1	0	0	0	2	0
GCF_009938225.1	0	1	0	0	0	1	0
GCF_009939005.1	0	1	0	0	0	1	0
GCF_009939195.1	1	0	0	0	2	0	0
GCF_009939225.1	1	0	0	0	2	0	0
GCF_009939295.1	0	0	0	0	0	0	0
GCF_009982895.1	1	1	0	0	1	3	0
GCF_009994065.1	0	1	0	0	0	2	0
GCF_009996845.1	1	0	0	0	2	0	0
GCF_010015475.1	1	0	0	0	1	0	0
GCF_010077965.1	1	0	0	0	5	0	0
GCF_010078235.1	1	1	0	0	6	2	0
GCF_010078385.1	0	1	0	0	0	2	0
GCF_010091945.1	0	0	0	0	0	0	0
GCF_010092985.1	1	0	0	0	1	0	0
GCF_010093065.1	0	0	0	0	0	0	0
GCF_010093135.1	0	0	0	0	0	0	0
GCF_010093185.1	1	0	0	0	1	0	0
GCF_010093225.1	0	0	0	0	0	0	0
GCF_010093235.1	0	0	0	0	0	0	0
GCF_010093305.1	1	1	0	0	1	1	0
GCF_010093345.1	1	1	0	0	4	1	0
GCF_010093445.1	1	1	0	0	2	1	0
GCF_010119195.1	1	0	0	0	1	0	0
GCF_010119205.1	1	0	0	0	2	0	0
GCF_010119225.1	0	0	0	0	0	0	0
GCF_010119235.1	0	1	0	0	0	1	0
GCF_010119245.1	0	0	0	0	0	0	0
GCF_010119385.1	1	1	1	1	3	1	2
GCF_010119545.1	1	1	0	0	1	1	0
GCF_010119615.1	1	0	0	0	1	0	0
GCF_010119935.1	0	1	0	0	0	2	0
GCF_010119975.1	0	1	0	0	0	1	0
GCF_010120715.1	1	1	0	0	1	1	0
GCF_010122465.1	1	1	0	0	4	5	0
GCF_010131535.1	1	1	0	0	2	3	0
GCF_010179735.1	0	1	1	0	0	4	1
GCF_010211745.1	0	0	0	0	0	0	0
GCF_010211755.1	0	0	0	0	0	0	0
GCF_010211765.1	0	0	0	0	0	0	0
GCF_010233585.1	0	1	0	0	0	1	0
GCF_010287905.1	1	1	0	0	2	2	0
GCF_010306265.1	0	1	0	0	0	2	0
GCF_010365285.1	0	1	0	0	0	5	0
GCF_010367455.1	0	1	0	0	0	1	0
GCF_010378095.1	0	0	0	0	0	0	0
GCF_010435915.1	0	1	0	0	0	1	0
GCF_010435965.1	1	0	0	0	1	0	0
GCF_010448835.1	0	0	0	0	0	0	0
GCF_010450875.1	1	0	0	0	3	0	0
GCF_010450895.1	1	0	0	0	3	0	0
GCF_010450915.1	0	1	0	0	0	7	0
GCF_010499255.1	1	0	0	0	22	0	0
GCF_010499265.1	0	0	0	0	0	0	0
GCF_010499455.1	1	0	0	0	7	0	0
GCF_010500615.1	0	0	0	0	0	0	0
GCF_010500815.1	1	1	0	0	5	2	0
GCF_010500835.1	1	0	0	0	5	0	0
GCF_010500845.1	0	1	0	0	0	2	0
GCF_010500865.1	1	1	0	0	1	1	0
GCF_010500895.1	0	1	0	0	0	1	0
GCF_010500915.1	0	1	0	0	0	2	0
GCF_010508875.1	0	1	1	1	0	3	2
GCF_010509075.1	0	1	1	1	0	2	2
GCF_010509575.1	1	1	0	0	1	2	0
GCF_010537335.1	0	1	0	0	0	6	0
GCF_010550675.1	1	1	0	0	5	3	0
GCF_010550695.1	1	1	0	0	3	4	0
GCF_010560025.1	1	0	0	0	1	0	0
GCF_010586825.1	0	1	0	0	0	1	0
GCF_010587025.1	0	1	0	0	0	2	0
GCF_010587385.1	1	1	0	0	2	1	0
GCF_010614725.1	1	1	0	0	2	1	0
GCF_010614805.1	1	0	0	0	11	0	0
GCF_010614825.1	1	1	0	0	1	4	0
GCF_010645065.1	1	1	0	0	2	1	0
GCF_010645075.1	1	1	0	0	2	3	0
GCF_010646905.1	1	0	0	0	1	0	0
GCF_010667575.1	1	1	0	0	6	2	0
GCF_010667615.1	1	1	0	0	1	1	0
GCF_010667645.1	0	1	0	0	0	1	0
GCF_010667655.1	0	1	0	0	0	1	0
GCF_010667685.1	0	1	0	0	0	2	0
GCF_010669125.1	1	0	0	0	8	0	0
GCF_010669145.1	1	1	0	0	3	2	0
GCF_010669205.1	0	1	1	1	0	4	2
GCF_010669225.1	0	1	0	0	0	1	0
GCF_010669245.1	0	1	0	0	0	2	0
GCF_010669285.1	1	1	0	0	5	1	0
GCF_010669305.1	1	1	0	0	1	1	0
GCF_010671565.1	0	0	0	0	0	0	0
GCF_010671605.1	0	1	0	0	0	1	0
GCF_010671725.1	1	0	0	0	4	0	0
GCF_010681825.2	0	1	0	0	0	1	0
GCF_010682105.1	1	0	0	0	2	0	0
GCF_010686655.1	1	1	0	0	1	1	0
GCF_010686685.1	1	0	0	0	1	0	0
GCF_010686705.1	1	1	0	0	6	5	0
GCF_010686725.1	1	1	0	0	1	1	0
GCF_010686755.1	1	0	0	0	10	0	0
GCF_010722915.1	1	1	0	0	31	1	0
GCF_010722995.1	1	1	0	0	15	1	0
GCF_010723225.1	1	0	0	0	17	0	0
GCF_010723305.1	1	0	0	0	13	0	0
GCF_010723515.1	1	0	0	0	16	0	0
GCF_010723575.1	1	0	0	0	20	0	0
GCF_010723735.1	1	0	0	0	17	0	0
GCF_010725055.1	1	1	0	0	1	1	0
GCF_010725485.1	1	0	0	0	24	0	0
GCF_010725725.1	1	0	0	0	19	0	0
GCF_010725885.1	1	1	0	0	11	1	0
GCF_010726085.1	1	0	0	0	28	0	0
GCF_010726245.1	1	1	0	0	17	2	0
GCF_010726505.1	1	0	0	0	13	0	0
GCF_010726645.1	1	0	0	0	34	0	0
GCF_010726765.1	1	0	0	0	28	0	0
GCF_010726955.1	1	0	0	0	13	0	0
GCF_010727125.1	1	0	0	0	13	0	0
GCF_010727325.1	1	0	0	0	19	0	0
GCF_010727475.1	1	1	0	0	20	1	0
GCF_010727605.1	1	0	0	0	28	0	0
GCF_010727945.1	1	1	0	0	20	1	0
GCF_010728155.1	1	0	0	0	4	0	0
GCF_010728325.1	1	1	0	0	14	1	0
GCF_010728525.1	1	0	0	0	6	0	0
GCF_010728725.1	1	1	0	0	29	1	0
GCF_010728925.1	1	0	0	0	23	0	0
GCF_010729105.1	1	0	0	0	24	0	0
GCF_010729305.1	1	1	0	0	12	1	0
GCF_010729485.1	1	0	0	0	15	0	0
GCF_010729665.1	1	1	0	0	20	1	0
GCF_010729895.1	1	0	0	0	15	0	0
GCF_010730055.1	1	0	0	0	7	0	0
GCF_010730195.1	1	0	0	0	22	0	0
GCF_010730355.1	1	0	0	0	28	0	0
GCF_010730575.1	1	1	0	0	28	1	0
GCF_010730745.1	1	0	0	0	19	0	0
GCF_010730955.1	1	0	0	0	14	0	0
GCF_010731115.1	1	0	0	0	8	0	0
GCF_010731295.1	1	0	0	0	20	0	0
GCF_010731535.1	1	0	0	0	12	0	0
GCF_010731575.1	1	0	0	0	19	0	0
GCF_010731595.1	1	1	0	0	24	1	0
GCF_010731615.1	1	0	0	0	12	0	0
GCF_010731635.1	1	1	0	0	16	1	0
GCF_010731655.1	1	0	0	0	38	0	0
GCF_010731695.1	1	0	0	0	13	0	0
GCF_010731715.1	1	0	0	0	25	0	0
GCF_010731735.1	1	1	0	0	15	2	0
GCF_010731755.1	1	0	0	0	4	0	0
GCF_010731775.1	1	1	0	0	27	1	0
GCF_010731795.1	1	0	0	0	14	0	0
GCF_010731815.2	1	1	0	0	14	2	0
GCF_010731835.1	1	0	0	0	6	0	0
GCF_010731855.1	1	0	0	0	21	0	0
GCF_010731875.1	1	0	0	0	15	0	0
GCF_010731895.1	1	1	0	0	18	1	0
GCF_010747415.1	0	1	0	0	0	1	0
GCF_010811875.1	1	1	0	0	27	1	0
GCF_010820555.1	0	1	0	0	0	1	0
GCF_010820565.1	1	0	0	0	1	0	0
GCF_010882125.1	1	1	0	0	3	4	0
GCF_010882175.1	0	1	0	0	0	1	0
GCF_010894405.1	1	0	0	0	1	0	0
GCF_010894435.1	1	0	0	0	1	0	0
GCF_010894455.1	1	1	0	0	1	1	0
GCF_010894475.1	1	1	0	0	1	1	0
GCF_010915705.1	1	1	0	0	1	1	0
GCF_010915725.1	0	0	0	0	0	0	0
GCF_010918895.1	1	0	0	0	2	0	0
GCF_010974945.1	1	0	0	0	13	0	0
GCF_010975035.1	1	1	0	0	1	4	0
GCF_010977555.1	1	0	0	0	5	0	0
GCF_010983895.1	1	0	0	0	3	0	0
GCF_010993735.1	1	0	0	0	6	0	0
GCF_010993745.1	1	1	0	0	8	5	0
GCF_010993935.1	0	1	0	0	0	7	0
GCF_010993955.1	1	0	0	0	3	0	0
GCF_010993975.1	1	0	0	0	5	0	0
GCF_010994055.1	0	1	0	0	0	2	0
GCF_010994085.1	0	1	0	0	0	3	0
GCF_010994095.1	1	1	0	0	9	1	0
GCF_010994165.1	1	0	0	0	12	0	0
GCF_010994245.1	1	0	0	0	9	0	0
GCF_010994275.1	0	0	0	0	0	0	0
GCF_011008565.1	1	1	0	0	2	2	0
GCF_011008935.1	1	1	0	0	5	1	0
GCF_011009015.1	1	1	0	0	1	1	0
GCF_011009555.1	0	0	0	0	0	0	0
GCF_011022235.1	1	1	0	0	1	1	0
GCF_011038645.2	0	0	0	0	0	0	0
GCF_011038655.2	1	0	0	0	2	0	0
GCF_011040385.1	1	0	0	0	23	0	0
GCF_011040435.1	1	0	0	0	4	0	0
GCF_011043685.1	1	1	1	1	2	8	2
GCF_011044155.1	1	0	0	0	13	0	0
GCF_011044175.1	0	0	0	0	0	0	0
GCF_011044255.1	1	0	0	0	6	0	0
GCF_011044475.1	1	1	0	0	1	1	0
GCF_011044775.1	0	1	0	0	0	1	0
GCF_011044975.1	1	1	0	0	8	4	0
GCF_011044995.1	1	1	0	0	8	3	0
GCF_011045015.1	1	1	0	0	11	5	0
GCF_011045025.1	1	1	0	0	13	4	0
GCF_011045035.1	1	1	0	0	2	1	0
GCF_011045075.1	1	1	0	0	6	2	0
GCF_011045095.1	1	1	0	0	2	2	0
GCF_011045115.1	1	1	0	0	10	1	0
GCF_011045125.1	1	1	0	0	8	1	0
GCF_011045195.1	1	0	0	0	9	0	0
GCF_011045835.1	1	1	1	1	2	1	2
GCF_011046245.1	1	1	0	0	1	1	0
GCF_011046535.1	1	1	0	0	6	1	0
GCF_011046555.1	0	0	0	0	0	0	0
GCF_011046895.1	1	1	0	0	2	1	0
GCF_011046975.1	1	0	0	0	1	0	0
GCF_011047135.1	1	0	0	0	1	0	0
GCF_011057645.1	1	0	0	0	3	0	0
GCF_011057975.1	1	1	0	0	8	1	0
GCF_011058155.1	0	1	0	0	0	2	0
GCF_011058215.1	1	1	0	0	1	2	0
GCF_011058775.1	0	1	0	0	0	1	0
GCF_011059105.1	1	0	0	0	1	0	0
GCF_011059145.1	1	0	0	0	1	0	0
GCF_011059185.1	1	1	0	0	5	1	0
GCF_011064285.1	0	1	0	0	0	1	0
GCF_011064595.1	0	1	0	0	0	1	0
GCF_011064615.1	0	1	0	0	0	2	0
GCF_011065485.1	1	1	0	0	1	1	0
GCF_011065895.1	0	1	0	0	0	3	0
GCF_011066545.1	0	1	1	1	0	4	4
GCF_011067105.1	1	1	0	0	3	1	0
GCF_011067135.1	1	0	0	0	13	0	0
GCF_011067745.1	1	1	0	0	8	3	0
GCF_011068285.1	0	1	0	0	0	2	0
GCF_011068405.5	1	0	0	0	19	0	0
GCF_011074795.1	1	0	0	0	7	0	0
GCF_011074955.1	1	0	0	0	9	0	0
GCF_011089875.1	1	1	0	0	1	1	0
GCF_011089895.1	0	1	0	0	0	2	0
GCF_011090165.1	1	1	0	0	10	3	0
GCF_011090185.1	0	1	0	0	0	7	0
GCF_011090295.1	1	0	0	0	2	0	0
GCF_011090385.1	0	0	0	0	0	0	0
GCF_011100465.1	0	1	0	0	0	1	0
GCF_011170065.1	0	1	0	0	0	1	0
GCF_011170085.1	0	1	0	0	0	1	0
GCF_011174675.1	1	1	1	0	1	1	1
GCF_011174705.1	1	0	0	0	1	0	0
GCF_011174775.1	1	0	0	0	3	0	0
GCF_011189495.1	1	0	0	0	1	0	0
GCF_011189505.1	1	0	0	0	1	0	0
GCF_011189575.1	0	0	0	0	0	0	0
GCF_011207455.1	0	1	0	0	0	1	0
GCF_011250635.1	0	1	0	0	0	1	0
GCF_011250645.1	1	1	0	0	1	2	0
GCF_011290485.1	0	0	0	0	0	0	0
GCF_011290505.1	1	0	0	0	2	0	0
GCF_011290545.1	1	0	0	0	13	0	0
GCF_011290685.1	0	0	0	0	0	0	0
GCF_011297315.1	1	1	0	0	5	5	0
GCF_011297335.1	1	1	0	0	3	4	0
GCF_011299095.1	0	1	0	0	0	2	0
GCF_011299575.1	1	1	0	0	2	1	0
GCF_011300215.1	1	0	0	0	1	0	0
GCF_011300455.1	1	0	1	0	3	0	1
GCF_011302055.1	1	0	0	0	1	0	0
GCF_011303955.1	0	1	0	0	0	1	0
GCF_011304195.1	0	1	1	0	0	3	1
GCF_011304355.1	0	1	0	0	0	2	0
GCF_011305415.1	0	1	0	0	0	1	0
GCF_011308835.1	1	1	0	0	2	1	0
GCF_011316935.1	0	1	0	0	0	2	0
GCF_011317445.1	1	1	0	0	8	2	0
GCF_011317505.1	1	1	0	0	8	2	0
GCF_011319365.1	0	0	0	0	0	0	0
GCF_011320095.1	0	0	0	0	0	0	0
GCF_011320115.1	1	0	0	0	1	0	0
GCF_011320225.1	1	1	0	0	7	4	0
GCF_011326725.1	1	0	0	0	1	0	0
GCF_011326735.1	1	0	0	0	5	0	0
GCF_011326755.1	1	1	0	0	3	2	0
GCF_011355085.1	1	0	0	0	8	0	0
GCF_011365745.1	0	1	0	0	0	1	0
GCF_011369485.1	1	0	0	0	4	0	0
GCF_011382965.1	1	1	0	0	1	1	0
GCF_011382985.1	1	1	0	0	1	1	0
GCF_011387195.1	0	1	0	0	0	2	0
GCF_011388215.1	1	0	0	0	11	0	0
GCF_011392075.1	0	1	0	0	0	1	0
GCF_011392115.1	0	1	0	0	0	1	0
GCF_011392125.1	0	1	0	0	0	1	0
GCF_011393025.1	1	1	0	0	5	4	0
GCF_011393335.1	1	1	0	0	3	4	0
GCF_011397115.1	0	1	0	0	0	2	0
GCF_011397855.1	1	0	0	0	5	0	0
GCF_011398155.1	0	1	0	0	0	1	0
GCF_011398355.1	0	0	0	0	0	0	0
GCF_011399095.1	1	0	0	0	3	0	0
GCF_011405655.1	1	1	1	0	4	2	1
GCF_011420305.2	1	1	0	0	12	1	0
GCF_011421425.1	0	1	0	0	0	1	0
GCF_011421635.1	0	1	0	0	0	1	0
GCF_011440275.1	1	1	0	0	2	1	0
GCF_011440305.1	1	1	0	0	1	5	0
GCF_011440395.1	1	0	0	0	5	0	0
GCF_011455495.1	0	0	0	0	0	0	0
GCF_011455875.1	0	0	0	0	0	0	0
GCF_011466855.1	0	1	0	0	0	1	0
GCF_011492945.1	1	0	0	0	3	0	0
GCF_011492965.1	1	1	0	0	10	1	0
GCF_011516645.4	1	0	0	0	20	0	0
GCF_011516735.1	1	1	0	0	1	2	0
GCF_011516755.1	0	1	0	0	0	1	0
GCF_011516765.1	0	1	0	0	0	1	0
GCF_011516825.1	0	1	0	0	0	2	0
GCF_011516835.1	1	1	0	0	3	1	0
GCF_011516865.1	0	1	0	0	0	1	0
GCF_011516875.1	1	1	0	0	1	1	0
GCF_011516885.1	0	1	0	0	0	1	0
GCF_011516945.1	0	1	0	0	0	1	0
GCF_011578045.1	1	0	0	0	2	0	0
GCF_011578285.1	1	0	0	0	3	0	0
GCF_011600945.2	0	0	0	0	0	0	0
GCF_011601265.1	0	1	0	0	0	1	0
GCF_011601315.1	0	0	0	0	0	0	0
GCF_011601345.1	1	1	0	0	5	1	0
GCF_011602365.1	1	1	0	0	20	1	0
GCF_011603255.1	1	1	0	0	1	2	0
GCF_011604665.2	1	0	0	0	20	0	0
GCF_011604685.1	0	1	0	0	0	3	0
GCF_011611525.1	0	0	0	0	0	0	0
GCF_011617105.1	1	1	1	0	3	1	1
GCF_011617245.1	1	1	0	0	12	1	0
GCF_011617465.1	1	1	0	0	9	1	0
GCF_011617705.1	1	1	0	0	11	1	0
GCF_011634775.1	0	0	0	0	0	0	0
GCF_011634895.1	0	1	0	0	0	2	0
GCF_011682045.1	1	1	0	0	3	2	0
GCF_011682055.1	1	1	0	0	5	2	0
GCF_011682065.1	1	1	0	0	3	3	0
GCF_011682075.1	0	1	1	0	0	1	1
GCF_011682145.1	1	1	0	0	2	2	0
GCF_011682175.1	1	1	0	0	3	2	0
GCF_011682235.2	0	1	0	0	0	1	0
GCF_011683915.1	1	1	0	0	10	1	0
GCF_011683955.1	1	1	0	0	18	2	0
GCF_011694815.1	1	1	0	0	5	3	0
GCF_011742165.1	1	0	0	0	5	0	0
GCF_011742555.1	1	0	0	0	1	0	0
GCF_011742875.1	0	0	0	0	0	0	0
GCF_011742925.1	1	0	0	0	1	0	0
GCF_011745665.1	0	1	0	0	0	1	0
GCF_011750795.2	1	1	0	0	3	2	0
GCF_011751745.2	1	1	1	1	5	3	2
GCF_011751765.2	1	1	0	0	8	5	0
GCF_011752005.1	1	0	0	0	1	0	0
GCF_011752615.1	1	1	0	0	1	2	0
GCF_011752625.1	1	1	0	0	1	3	0
GCF_011752685.1	1	1	0	0	2	2	0
GCF_011758565.1	1	1	0	0	1	4	0
GCF_011758645.1	1	1	0	0	2	5	0
GCF_011758745.1	1	1	0	0	8	1	0
GCF_011758765.1	1	1	0	0	11	1	0
GCF_011759375.1	1	0	0	0	2	0	0
GCF_011759585.1	0	1	0	0	0	1	0
GCF_011759685.1	0	1	0	0	0	1	0
GCF_011759705.1	1	0	0	0	6	0	0
GCF_011761185.1	1	1	0	0	8	1	0
GCF_011761305.1	1	1	0	0	2	1	0
GCF_011761355.1	0	1	0	0	0	6	0
GCF_011761475.1	1	1	0	0	2	2	0
GCF_011761495.1	0	1	0	0	0	1	0
GCF_011761565.1	1	0	0	0	1	0	0
GCF_011761605.1	1	1	0	0	11	5	0
GCF_011761635.1	1	0	0	0	2	0	0
GCF_011761945.1	1	1	0	0	3	1	0
GCF_011761985.1	1	0	0	0	4	0	0
GCF_011762025.1	1	0	0	0	3	0	0
GCF_011762045.1	1	1	0	0	1	1	0
GCF_011762085.1	1	0	0	0	2	0	0
GCF_011762095.1	1	1	0	0	4	1	0
GCF_011762125.1	1	1	0	0	12	1	0
GCF_011762155.1	0	1	0	0	0	2	0
GCF_011762185.1	0	0	0	0	0	0	0
GCF_011762195.1	1	1	0	0	2	1	0
GCF_011762225.1	1	1	0	0	11	1	0
GCF_011762485.1	0	1	0	0	0	1	0
GCF_011764505.1	0	0	0	0	0	0	0
GCF_011764565.1	1	1	0	0	18	5	0
GCF_011764585.1	0	1	1	0	0	1	1
GCF_011765605.1	0	0	0	0	0	0	0
GCF_011766325.1	1	1	0	0	4	3	0
GCF_011777495.1	1	1	0	0	1	2	0
GCF_011799805.1	1	1	1	0	1	3	1
GCF_011800755.1	0	1	0	0	0	4	0
GCF_011801245.1	0	0	0	0	0	0	0
GCF_011801455.1	0	1	0	0	0	1	0
GCF_011808225.1	0	1	0	0	0	1	0
GCF_011839805.1	0	1	0	0	0	2	0
GCF_011926545.1	1	1	1	1	9	1	2
GCF_011927635.1	1	1	0	0	1	1	0
GCF_011927665.1	1	1	0	0	1	1	0
GCF_011927695.1	1	0	0	0	1	0	0
GCF_011927725.1	1	0	1	0	6	0	1
GCF_011927765.1	0	1	0	0	0	1	0
GCF_011927785.1	1	1	0	0	4	2	0
GCF_011927795.1	0	0	0	0	0	0	0
GCF_011927835.1	0	0	0	0	0	0	0
GCF_011927905.1	1	1	0	0	5	1	0
GCF_011927945.1	1	0	0	0	2	0	0
GCF_011927955.1	1	1	0	0	16	2	0
GCF_011947195.1	1	1	0	0	9	4	0
GCF_011947285.1	1	1	0	0	8	2	0
GCF_011947365.2	0	1	0	0	0	1	0
GCF_012029655.1	0	1	1	0	0	1	1
GCF_012030695.1	0	0	0	0	0	0	0
GCF_012033695.1	1	0	0	0	4	0	0
GCF_012033735.1	1	1	0	0	3	1	0
GCF_012033785.1	1	0	0	0	3	0	0
GCF_012034175.1	1	1	0	0	5	3	0
GCF_012034205.1	1	1	0	0	3	4	0
GCF_012034245.1	1	1	0	0	1	1	0
GCF_012034335.1	0	1	0	0	0	4	0
GCF_012034385.1	1	1	0	0	4	1	0
GCF_012034935.1	1	1	0	0	5	2	0
GCF_012035195.1	1	1	0	0	4	1	0
GCF_012037625.1	1	0	0	0	2	0	0
GCF_012037645.1	0	1	0	0	0	1	0
GCF_012062845.1	1	0	0	0	1	0	0
GCF_012070355.1	1	0	0	0	2	0	0
GCF_012070395.1	1	1	0	0	3	2	0
GCF_012070565.1	0	1	0	0	0	1	0
GCF_012103215.1	1	0	0	0	21	0	0
GCF_012113595.1	0	0	0	0	0	0	0
GCF_012163135.1	1	0	0	0	21	0	0
GCF_012163145.1	1	0	0	0	22	0	0
GCF_012163155.1	0	1	0	0	0	1	0
GCF_012184385.1	1	1	0	0	8	2	0
GCF_012184415.1	1	1	1	1	16	5	4
GCF_012184425.1	0	0	0	0	0	0	0
GCF_012221945.1	1	1	0	0	4	1	0
GCF_012222825.1	0	0	0	0	0	0	0
GCF_012222965.1	0	0	0	0	0	0	0
GCF_012223425.1	1	0	0	0	15	0	0
GCF_012225885.1	0	1	0	0	0	3	0
GCF_012241385.1	1	0	0	0	5	0	0
GCF_012271785.1	1	1	0	0	4	2	0
GCF_012272815.1	0	1	0	0	0	2	0
GCF_012272835.1	1	1	0	0	10	1	0
GCF_012273195.1	1	1	1	0	1	4	1
GCF_012273655.1	1	1	0	0	2	3	0
GCF_012274265.1	1	0	0	0	6	0	0
GCF_012275535.1	1	0	0	0	1	0	0
GCF_012275705.1	0	1	0	0	0	1	0
GCF_012276695.1	1	0	0	0	1	0	0
GCF_012276755.1	0	0	0	0	0	0	0
GCF_012277275.1	1	1	0	0	2	2	0
GCF_012277295.1	0	0	0	0	0	0	0
GCF_012277315.1	0	0	0	0	0	0	0
GCF_012290005.1	1	0	0	0	2	0	0
GCF_012295525.1	0	1	0	0	0	1	0
GCF_012295575.1	1	1	1	0	1	1	1
GCF_012295595.1	1	0	0	0	4	0	0
GCF_012295615.1	1	0	0	0	1	0	0
GCF_012317585.1	0	1	1	0	0	3	1
GCF_012328925.1	1	1	1	1	47	4	4
GCF_012395255.1	0	0	0	0	0	0	0
GCF_012395815.1	1	1	0	0	5	1	0
GCF_012395835.1	1	1	0	0	4	1	0
GCF_012395985.1	1	0	1	1	24	0	2
GCF_012396015.1	1	0	0	0	3	0	0
GCF_012396065.1	1	1	0	0	21	1	0
GCF_012396155.1	0	0	0	0	0	0	0
GCF_012396185.1	0	0	0	0	0	0	0
GCF_012396315.1	0	0	0	0	0	0	0
GCF_012396435.1	0	1	0	0	0	2	0
GCF_012396505.1	0	1	0	0	0	2	0
GCF_012396585.1	0	1	0	0	0	2	0
GCF_012427705.1	1	0	0	0	3	0	0
GCF_012427845.1	0	1	0	0	0	2	0
GCF_012516355.1	0	1	0	0	0	1	0
GCF_012516395.1	0	0	0	0	0	0	0
GCF_012516475.1	1	0	0	0	10	0	0
GCF_012524165.2	0	1	1	1	0	10	3
GCF_012530535.1	0	0	0	0	0	0	0
GCF_012562605.1	0	0	0	0	0	0	0
GCF_012562765.1	0	0	0	0	0	0	0
GCF_012562965.1	0	0	0	0	0	0	0
GCF_012563145.1	0	0	0	0	0	0	0
GCF_012563325.1	0	0	0	0	0	0	0
GCF_012563545.1	1	0	0	0	1	0	0
GCF_012567545.1	0	0	0	0	0	0	0
GCF_012567685.1	0	0	0	0	0	0	0
GCF_012567955.1	0	0	0	0	0	0	0
GCF_012568245.1	0	0	0	0	0	0	0
GCF_012568445.1	0	0	0	0	0	0	0
GCF_012568645.1	0	0	0	0	0	0	0
GCF_012568845.1	0	0	0	0	0	0	0
GCF_012569045.1	0	0	0	0	0	0	0
GCF_012569285.1	0	0	0	0	0	0	0
GCF_012569525.1	0	0	0	0	0	0	0
GCF_012569785.1	0	0	0	0	0	0	0
GCF_012569925.1	0	0	0	0	0	0	0
GCF_012570145.1	0	0	0	0	0	0	0
GCF_012570365.1	0	0	0	0	0	0	0
GCF_012570535.1	0	0	0	0	0	0	0
GCF_012570745.1	0	0	0	0	0	0	0
GCF_012570965.1	0	0	0	0	0	0	0
GCF_012571135.1	0	0	0	0	0	0	0
GCF_012571345.1	0	0	0	0	0	0	0
GCF_012571605.1	0	0	0	0	0	0	0
GCF_012571795.1	0	0	0	0	0	0	0
GCF_012584515.1	1	0	0	0	4	0	0
GCF_012641075.1	0	1	0	0	0	3	0
GCF_012641185.1	0	1	0	0	0	3	0
GCF_012641365.1	1	1	0	0	1	1	0
GCF_012641465.1	1	1	0	0	2	1	0
GCF_012641475.1	0	0	0	0	0	0	0
GCF_012641515.1	1	1	0	0	3	1	0
GCF_012647205.1	1	0	0	0	5	0	0
GCF_012648005.1	0	1	0	0	0	3	0
GCF_012676905.1	0	1	0	0	0	4	0
GCF_012689545.1	1	0	0	0	5	0	0
GCF_012767755.2	1	0	0	0	4	0	0
GCF_012769535.1	0	0	0	0	0	0	0
GCF_012790675.1	0	0	0	0	0	0	0
GCF_012844305.1	1	1	0	0	4	2	0
GCF_012844445.1	1	1	0	0	2	2	0
GCF_012844455.2	1	0	0	0	6	0	0
GCF_012848855.1	1	0	0	0	5	0	0
GCF_012849055.1	0	0	0	0	0	0	0
GCF_012849095.1	1	1	0	0	1	4	0
GCF_012849215.1	1	1	0	0	2	1	0
GCF_012849375.1	1	1	0	0	3	3	0
GCF_012849555.1	1	1	0	0	1	2	0
GCF_012863495.1	0	0	0	0	0	0	0
GCF_012910705.2	1	1	1	1	14	3	4
GCF_012910715.1	1	1	0	0	2	1	0
GCF_012910785.2	1	1	1	1	7	6	6
GCF_012910805.1	1	1	1	1	20	4	4
GCF_012910885.1	1	1	1	1	6	2	2
GCF_012910905.1	1	1	1	1	10	4	4
GCF_012910955.1	1	1	1	1	14	7	8
GCF_012911005.2	1	1	1	1	21	9	10
GCF_012911495.1	1	0	0	0	4	0	0
GCF_012911565.1	0	1	0	0	0	1	0
GCF_012911605.1	0	1	0	0	0	1	0
GCF_012911815.1	0	1	0	0	0	1	0
GCF_012911865.1	0	1	0	0	0	2	0
GCF_012911875.1	1	1	0	0	13	1	0
GCF_012911925.1	1	1	0	0	11	3	0
GCF_012911935.1	1	1	0	0	22	1	0
GCF_012912135.1	0	0	0	0	0	0	0
GCF_012913485.1	0	0	0	0	0	0	0
GCF_012913625.1	1	1	0	0	4	2	0
GCF_012922555.1	1	1	1	1	1	6	3
GCF_012926505.1	1	0	0	0	3	0	0
GCF_012926525.1	0	1	1	1	0	6	6
GCF_012926615.1	0	1	0	0	0	1	0
GCF_012927045.1	1	0	0	0	8	0	0
GCF_012927085.1	1	1	0	0	39	1	0
GCF_012927105.1	1	0	0	0	8	0	0
GCF_012927125.1	1	1	1	1	16	2	4
GCF_012927165.1	1	0	0	0	2	0	0
GCF_012927205.1	0	1	0	0	0	1	0
GCF_012927265.1	0	1	0	0	0	2	0
GCF_012927275.1	1	1	0	0	3	2	0
GCF_012927305.1	1	1	0	0	1	1	0
GCF_012927325.1	0	1	0	0	0	2	0
GCF_012927345.1	1	1	0	0	24	2	0
GCF_012927355.1	1	0	0	0	2	0	0
GCF_012927745.1	1	0	0	0	23	0	0
GCF_012931845.1	1	1	0	0	1	1	0
GCF_012932215.1	1	0	0	0	5	0	0
GCF_012932365.1	0	1	0	0	0	1	0
GCF_012932375.1	0	1	0	0	0	1	0
GCF_012932425.1	1	1	0	0	2	1	0
GCF_012932445.1	0	0	0	0	0	0	0
GCF_012932565.1	1	1	0	0	11	1	0
GCF_012932675.1	0	1	0	0	0	1	0
GCF_012932875.1	0	0	0	0	0	0	0
GCF_012932915.1	1	1	0	0	9	2	0
GCF_012932965.1	1	1	0	0	3	1	0
GCF_012933365.1	1	1	0	0	8	3	0
GCF_012933385.1	0	1	0	0	0	4	0
GCF_012933505.1	1	1	1	1	20	3	2
GCF_012933545.1	0	1	0	0	0	3	0
GCF_012933555.1	0	1	0	0	0	2	0
GCF_012933655.1	1	1	0	0	1	1	0
GCF_012934855.1	0	0	0	0	0	0	0
GCF_012934885.1	0	0	0	0	0	0	0
GCF_012939955.1	1	1	0	0	5	1	0
GCF_012939995.1	1	0	0	0	5	0	0
GCF_012955605.1	1	1	0	0	2	4	0
GCF_012958305.1	0	1	0	0	0	3	0
GCF_012971725.1	1	0	0	0	8	0	0
GCF_012972675.1	1	0	0	0	2	0	0
GCF_012972705.2	0	0	0	0	0	0	0
GCF_012976305.1	1	1	1	1	1	2	2
GCF_012979235.1	0	1	1	0	0	3	1
GCF_012979275.1	1	0	0	0	3	0	0
GCF_012979535.1	1	0	0	0	11	0	0
GCF_013002705.1	1	1	0	0	2	1	0
GCF_013002715.1	1	1	0	0	3	3	0
GCF_013003915.1	1	1	0	0	2	2	0
GCF_013003965.1	1	0	0	0	10	0	0
GCF_013003985.1	1	1	0	0	8	1	0
GCF_013004005.1	1	1	0	0	4	1	0
GCF_013004105.1	1	1	0	0	4	2	0
GCF_013008635.1	0	0	0	0	0	0	0
GCF_013008815.1	0	0	0	0	0	0	0
GCF_013009345.1	1	0	0	0	3	0	0
GCF_013009555.1	0	0	0	0	0	0	0
GCF_013019105.1	0	1	1	0	0	2	1
GCF_013030075.1	0	0	0	0	0	0	0
GCF_013032855.1	1	1	0	0	4	2	0
GCF_013034745.1	1	1	0	0	7	2	0
GCF_013036045.1	0	0	0	0	0	0	0
GCF_013036995.1	1	1	1	0	1	6	1
GCF_013046785.1	1	1	0	0	5	2	0
GCF_013046825.1	0	1	0	0	0	4	0
GCF_013074385.2	0	0	0	0	0	0	0
GCF_013085255.1	0	0	0	0	0	0	0
GCF_013085345.1	1	1	0	0	1	1	0
GCF_013085545.1	1	1	1	1	1	3	2
GCF_013087515.1	1	1	0	0	1	3	0
GCF_013087525.1	1	1	1	1	14	2	2
GCF_013087555.1	0	1	0	0	0	1	0
GCF_013087625.1	1	1	0	0	2	2	0
GCF_013090115.1	0	1	0	0	0	1	0
GCF_013093415.1	1	0	0	0	6	0	0
GCF_013106755.1	0	1	0	0	0	1	0
GCF_013112225.1	1	0	0	0	2	0	0
GCF_013114825.1	1	1	0	0	22	1	0
GCF_013114835.1	1	0	0	0	18	0	0
GCF_013122135.1	1	0	0	0	4	0	0
GCF_013127755.1	0	1	0	0	0	1	0
GCF_013127955.1	0	0	0	0	0	0	0
GCF_013128195.2	1	1	0	0	1	4	0
GCF_013133775.1	1	0	0	0	2	0	0
GCF_013133795.1	1	0	0	0	3	0	0
GCF_013137895.1	1	0	0	0	1	0	0
GCF_013140855.1	0	1	0	0	0	1	0
GCF_013141695.1	1	1	0	0	3	2	0
GCF_013141715.1	0	1	0	0	0	10	0
GCF_013141725.1	0	1	0	0	0	7	0
GCF_013141765.1	1	1	0	0	3	4	0
GCF_013141775.1	0	1	0	0	0	9	0
GCF_013141785.1	0	1	0	0	0	7	0
GCF_013141825.1	0	1	0	0	0	2	0
GCF_013149785.1	1	1	0	0	1	2	0
GCF_013149805.1	1	1	0	0	1	2	0
GCF_013155125.1	1	0	0	0	23	0	0
GCF_013155295.1	1	1	0	0	5	1	0
GCF_013155395.1	0	0	0	0	0	0	0
GCF_013155425.1	0	1	0	0	0	2	0
GCF_013155465.1	1	1	0	0	4	1	0
GCF_013155545.1	1	0	0	0	35	0	0
GCF_013166515.1	0	0	0	0	0	0	0
GCF_013166575.1	0	0	0	0	0	0	0
GCF_013166595.1	0	1	0	0	0	1	0
GCF_013166605.1	0	0	0	0	0	0	0
GCF_013167215.1	1	1	0	0	2	1	0
GCF_013170725.1	1	1	0	0	5	4	0
GCF_013170785.1	1	1	0	0	5	2	0
GCF_013177295.1	0	0	0	0	0	0	0
GCF_013177315.1	0	0	0	0	0	0	0
GCF_013177355.1	0	0	0	0	0	0	0
GCF_013177435.1	0	0	0	0	0	0	0
GCF_013177455.1	1	0	0	0	7	0	0
GCF_013177635.1	0	0	0	0	0	0	0
GCF_013177655.1	1	0	0	0	1	0	0
GCF_013177675.1	0	0	0	0	0	0	0
GCF_013177695.1	1	1	0	0	26	1	0
GCF_013177735.1	1	1	0	0	34	1	0
GCF_013178945.1	1	0	0	0	11	0	0
GCF_013179005.1	1	0	0	0	13	0	0
GCF_013179555.1	1	1	0	0	2	4	0
GCF_013179575.1	1	1	0	0	2	2	0
GCF_013179735.1	1	0	0	0	1	0	0
GCF_013179805.1	0	1	0	0	0	1	0
GCF_013181415.1	1	0	0	0	1	0	0
GCF_013183775.1	1	0	0	0	2	0	0
GCF_013184075.1	0	1	0	0	0	2	0
GCF_013184495.1	1	1	0	0	2	1	0
GCF_013184545.1	1	0	0	0	4	0	0
GCF_013184985.2	0	0	0	0	0	0	0
GCF_013185195.1	0	1	0	0	0	6	0
GCF_013185915.1	1	0	0	0	1	0	0
GCF_013200955.2	1	1	0	0	3	1	0
GCF_013201075.1	0	1	0	0	0	1	0
GCF_013201155.1	1	1	1	1	2	2	2
GCF_013201605.1	0	0	0	0	0	0	0
GCF_013201625.1	0	0	0	0	0	0	0
GCF_013201645.1	0	0	0	0	0	0	0
GCF_013201665.1	0	0	0	0	0	0	0
GCF_013201685.1	0	0	0	0	0	0	0
GCF_013201705.1	0	0	0	0	0	0	0
GCF_013201725.1	0	0	0	0	0	0	0
GCF_013201825.1	0	1	1	0	0	1	1
GCF_013201895.1	0	0	0	0	0	0	0
GCF_013201935.1	0	0	0	0	0	0	0
GCF_013204795.1	0	1	0	0	0	1	0
GCF_013204825.1	0	1	0	0	0	1	0
GCF_013204855.1	1	1	0	0	1	9	0
GCF_013248975.1	1	1	0	0	1	2	0
GCF_013249015.1	1	0	0	0	1	0	0
GCF_013249045.1	0	1	0	0	0	1	0
GCF_013249065.1	0	1	0	0	0	1	0
GCF_013260645.1	1	0	0	0	6	0	0
GCF_013265555.1	1	1	0	0	1	2	0
GCF_013265585.1	0	1	0	0	0	2	0
GCF_013266695.1	1	0	0	0	4	0	0
GCF_013266735.1	0	1	0	0	0	2	0
GCF_013266755.1	1	1	0	0	15	1	0
GCF_013266765.1	1	1	0	0	1	4	0
GCF_013267195.1	1	0	0	0	2	0	0
GCF_013267395.1	1	0	0	0	51	0	0
GCF_013267415.1	0	1	0	0	0	2	0
GCF_013267435.1	0	1	0	0	0	4	0
GCF_013267695.1	0	1	0	0	0	2	0
GCF_013280495.1	1	1	0	0	9	1	0
GCF_013280595.1	1	1	1	1	7	2	2
GCF_013282035.1	0	1	1	0	0	3	1
GCF_013282095.1	1	1	0	0	1	4	0
GCF_013282215.1	1	1	0	0	1	1	0
GCF_013282625.1	0	1	0	0	0	1	0
GCF_013282725.1	0	1	0	0	0	1	0
GCF_013283645.1	1	1	0	0	2	1	0
GCF_013283665.1	1	1	0	0	4	1	0
GCF_013283745.1	1	0	0	0	1	0	0
GCF_013283785.1	1	1	0	0	6	6	0
GCF_013283795.1	0	1	0	0	0	3	0
GCF_013283835.1	0	0	1	0	0	0	1
GCF_013283855.1	0	0	0	0	0	0	0
GCF_013283875.1	1	1	0	0	2	2	0
GCF_013284055.1	0	1	0	0	0	1	0
GCF_013285155.1	0	1	0	0	0	1	0
GCF_013285305.1	1	0	0	0	6	0	0
GCF_013285385.1	1	0	0	0	5	0	0
GCF_013285525.1	1	1	0	0	1	1	0
GCF_013294015.1	0	1	0	0	0	2	0
GCF_013294115.1	0	0	0	0	0	0	0
GCF_013296705.1	1	1	1	1	1	8	3
GCF_013300845.1	0	1	0	0	0	4	0
GCF_013303125.1	1	1	0	0	2	1	0
GCF_013304825.1	0	1	1	1	0	4	2
GCF_013306565.1	0	1	0	0	0	1	0
GCF_013307205.1	1	0	0	0	5	0	0
GCF_013307225.1	1	0	0	0	9	0	0
GCF_013307245.1	1	0	0	0	5	0	0
GCF_013307435.2	1	1	0	0	1	2	0
GCF_013309895.1	0	0	0	0	0	0	0
GCF_013315265.1	1	0	0	0	3	0	0
GCF_013315795.1	1	1	0	0	15	1	0
GCF_013315815.1	0	1	1	1	0	3	2
GCF_013318015.2	1	0	0	0	6	0	0
GCF_013327855.1	1	1	0	0	3	1	0
GCF_013328205.1	1	0	0	0	2	0	0
GCF_013328345.1	0	1	0	0	0	1	0
GCF_013336795.1	1	0	0	0	3	0	0
GCF_013337685.1	1	1	0	0	1	1	0
GCF_013340205.1	1	1	0	0	1	2	0
GCF_013340305.1	0	1	1	0	0	2	1
GCF_013340765.1	1	0	0	0	1	0	0
GCF_013340845.1	0	0	0	0	0	0	0
GCF_013340935.1	1	0	0	0	12	0	0
GCF_013342135.1	1	0	0	0	2	0	0
GCF_013342985.1	0	0	0	0	0	0	0
GCF_013343005.1	0	0	0	0	0	0	0
GCF_013343295.1	0	1	0	0	0	2	0
GCF_013343715.1	1	1	0	0	5	1	0
GCF_013344475.1	1	1	0	0	5	1	0
GCF_013346665.1	1	1	0	0	3	2	0
GCF_013347125.1	1	0	0	0	13	0	0
GCF_013347265.1	1	1	0	0	1	4	0
GCF_013347285.1	1	0	0	0	7	0	0
GCF_013347305.1	0	1	0	0	0	5	0
GCF_013347325.1	1	0	0	0	23	0	0
GCF_013350005.1	1	0	0	0	1	0	0
GCF_013357945.1	0	0	0	0	0	0	0
GCF_013358205.1	0	1	0	0	0	1	0
GCF_013358405.1	1	1	0	0	6	1	0
GCF_013359755.1	1	0	0	0	12	0	0
GCF_013359775.1	1	0	0	0	1	0	0
GCF_013359905.1	0	1	0	0	0	10	0
GCF_013359935.1	0	1	0	0	0	6	0
GCF_013359945.1	0	1	0	0	0	7	0
GCF_013363755.1	1	0	0	0	20	0	0
GCF_013363975.1	1	1	0	0	5	5	0
GCF_013363995.1	1	1	0	0	5	3	0
GCF_013364095.1	1	1	0	0	1	1	0
GCF_013364315.1	1	1	0	0	4	2	0
GCF_013364395.1	0	1	0	0	0	1	0
GCF_013365435.1	0	0	0	0	0	0	0
GCF_013365455.1	0	0	0	0	0	0	0
GCF_013365475.1	0	0	0	0	0	0	0
GCF_013365495.1	0	0	0	0	0	0	0
GCF_013366375.1	1	0	0	0	34	0	0
GCF_013366395.1	0	1	0	0	0	1	0
GCF_013366805.1	0	0	0	0	0	0	0
GCF_013366855.1	0	0	0	0	0	0	0
GCF_013366925.1	1	1	0	0	22	2	0
GCF_013368775.1	1	1	0	0	4	1	0
GCF_013370205.1	1	0	0	0	2	0	0
GCF_013371085.1	1	0	0	0	4	0	0
GCF_013371215.1	1	0	0	0	5	0	0
GCF_013371425.1	0	1	1	0	0	4	1
GCF_013371465.1	1	1	0	0	4	1	0
GCF_013371495.1	1	0	0	0	8	0	0
GCF_013372045.1	1	1	0	0	2	2	0
GCF_013372105.1	0	0	0	0	0	0	0
GCF_013372125.1	0	1	1	0	0	2	1
GCF_013372165.1	0	0	0	0	0	0	0
GCF_013372205.1	0	0	0	0	0	0	0
GCF_013372225.1	0	0	0	0	0	0	0
GCF_013372265.1	0	0	0	0	0	0	0
GCF_013372285.1	1	1	0	0	1	1	0
GCF_013373955.1	0	1	0	0	0	1	0
GCF_013374215.1	0	0	0	0	0	0	0
GCF_013374995.1	1	0	0	0	3	0	0
GCF_013376105.1	1	1	0	0	7	3	0
GCF_013376415.1	0	1	0	0	0	2	0
GCF_013376455.1	0	1	1	0	0	2	1
GCF_013376475.1	0	1	1	1	0	2	2
GCF_013377195.1	0	1	0	0	0	1	0
GCF_013377235.1	0	1	0	0	0	1	0
GCF_013377275.1	0	0	0	0	0	0	0
GCF_013377295.1	0	1	0	0	0	2	0
GCF_013377535.1	1	1	0	0	2	2	0
GCF_013377755.1	0	1	0	0	0	1	0
GCF_013377785.1	1	1	0	0	3	3	0
GCF_013377855.1	1	1	0	0	3	2	0
GCF_013377885.1	1	0	0	0	1	0	0
GCF_013377905.1	1	0	0	0	1	0	0
GCF_013377995.1	0	1	0	0	0	1	0
GCF_013378075.1	1	0	0	0	7	0	0
GCF_013378445.1	1	1	0	0	4	1	0
GCF_013385145.1	0	1	0	0	0	1	0
GCF_013385175.1	0	0	0	0	0	0	0
GCF_013385965.1	1	0	0	0	6	0	0
GCF_013386115.1	1	0	0	0	9	0	0
GCF_013386885.1	1	0	0	0	6	0	0
GCF_013387025.1	1	0	0	0	8	0	0
GCF_013387465.1	1	0	0	0	22	0	0
GCF_013388255.1	0	1	1	0	0	2	1
GCF_013388295.1	0	0	0	0	0	0	0
GCF_013388375.1	0	0	0	0	0	0	0
GCF_013389365.1	0	1	1	1	0	2	2
GCF_013389455.1	0	1	0	0	0	1	0
GCF_013389765.1	1	1	0	0	4	2	0
GCF_013391085.1	1	0	0	0	1	0	0
GCF_013391105.1	1	0	0	0	2	0	0
GCF_013391475.1	0	0	0	0	0	0	0
GCF_013391695.1	0	1	0	0	0	1	0
GCF_013391765.2	0	1	0	0	0	1	0
GCF_013391955.1	0	0	0	0	0	0	0
GCF_013393365.1	0	1	0	0	0	1	0
GCF_013394005.1	0	1	0	0	0	3	0
GCF_013394065.1	1	1	0	0	6	2	0
GCF_013394205.1	0	0	0	0	0	0	0
GCF_013394595.1	0	1	0	0	0	1	0
GCF_013394655.1	0	0	0	0	0	0	0
GCF_013394675.1	0	1	0	0	0	1	0
GCF_013394855.1	1	1	0	0	1	2	0
GCF_013401515.1	1	0	0	0	3	0	0
GCF_013402795.1	1	1	0	0	1	1	0
GCF_013402815.2	1	0	0	0	5	0	0
GCF_013402875.1	1	0	0	0	6	0	0
GCF_013403245.1	1	1	1	1	2	5	3
GCF_013403315.1	1	1	0	0	1	1	0
GCF_013403565.1	0	1	0	0	0	1	0
GCF_013403865.1	0	1	0	0	0	1	0
GCF_013403875.1	1	1	0	0	11	1	0
GCF_013403925.1	0	1	0	0	0	1	0
GCF_013403955.1	0	1	0	0	0	1	0
GCF_013403975.1	0	0	0	0	0	0	0
GCF_013403985.1	0	1	0	0	0	1	0
GCF_013404075.1	1	0	0	0	27	0	0
GCF_013404595.1	1	0	0	0	3	0	0
GCF_013407145.1	0	1	0	0	0	1	0
GCF_013407165.1	0	0	0	0	0	0	0
GCF_013407185.1	0	0	0	0	0	0	0
GCF_013407595.1	0	1	0	0	0	3	0
GCF_013407765.1	0	0	0	0	0	0	0
GCF_013407835.1	1	0	0	0	1	0	0
GCF_013407855.1	1	1	0	0	5	6	0
GCF_013407955.1	1	1	0	0	4	2	0
GCF_013408145.1	1	0	0	0	1	0	0
GCF_013408175.1	1	1	0	0	4	1	0
GCF_013408295.1	1	1	0	0	1	3	0
GCF_013408305.1	1	0	0	0	3	0	0
GCF_013408335.1	1	1	0	0	14	1	0
GCF_013408415.1	1	0	0	0	7	0	0
GCF_013408435.1	0	0	0	0	0	0	0
GCF_013408525.1	1	0	0	0	2	0	0
GCF_013408535.1	1	1	0	0	3	5	0
GCF_013408565.1	1	0	0	0	4	0	0
GCF_013408645.1	1	1	0	0	4	2	0
GCF_013408685.1	1	1	0	0	1	3	0
GCF_013408715.1	1	0	1	1	18	0	2
GCF_013408745.1	1	1	0	0	1	5	0
GCF_013408795.1	1	1	0	0	14	1	0
GCF_013408925.1	1	0	0	0	3	0	0
GCF_013408985.1	1	1	1	1	8	1	2
GCF_013409005.1	0	0	0	0	0	0	0
GCF_013409045.1	1	1	0	0	8	2	0
GCF_013409065.1	1	1	0	0	7	2	0
GCF_013409125.2	1	0	0	0	5	0	0
GCF_013409205.1	1	1	0	0	2	1	0
GCF_013409305.1	0	1	0	0	0	2	0
GCF_013409325.1	1	1	0	0	5	3	0
GCF_013409345.1	0	1	0	0	0	2	0
GCF_013409365.1	1	1	0	0	9	2	0
GCF_013409425.1	1	0	0	0	1	0	0
GCF_013409505.1	1	1	0	0	13	1	0
GCF_013409565.1	1	1	0	0	3	2	0
GCF_013409575.1	0	1	0	0	0	1	0
GCF_013409595.1	1	1	0	0	3	1	0
GCF_013409625.1	1	0	0	0	7	0	0
GCF_013409645.1	1	1	0	0	8	1	0
GCF_013409745.1	1	1	0	0	8	3	0
GCF_013409785.1	1	1	0	0	4	1	0
GCF_013409905.1	1	1	0	0	1	3	0
GCF_013409935.1	1	1	0	0	4	1	0
GCF_013409965.1	1	1	0	0	3	1	0
GCF_013410215.1	1	1	0	0	1	1	0
GCF_013410345.1	1	1	0	0	14	1	0
GCF_013410355.1	1	1	0	0	1	2	0
GCF_013410375.1	1	1	0	0	1	4	0
GCF_013410405.1	1	1	1	1	26	1	2
GCF_013410455.1	1	0	0	0	3	0	0
GCF_013410545.1	1	0	0	0	1	0	0
GCF_013410565.1	1	1	0	0	10	1	0
GCF_013410615.1	1	1	0	0	2	3	0
GCF_013410645.1	1	1	0	0	2	2	0
GCF_013410655.1	1	0	0	0	3	0	0
GCF_013410665.1	1	1	0	0	2	4	0
GCF_013410745.1	1	1	0	0	2	3	0
GCF_013410755.1	1	1	0	0	5	1	0
GCF_013410775.1	1	0	0	0	3	0	0
GCF_013414345.1	1	0	0	0	6	0	0
GCF_013415105.1	1	0	0	0	1	0	0
GCF_013415115.1	1	0	0	0	3	0	0
GCF_013415125.1	1	0	0	0	8	0	0
GCF_013415235.1	0	1	0	0	0	1	0
GCF_013415325.1	0	1	0	0	0	1	0
GCF_013415485.1	1	1	0	0	5	1	0
GCF_013415885.1	1	0	0	0	1	0	0
GCF_013415905.1	1	0	0	0	1	0	0
GCF_013416015.1	0	0	0	0	0	0	0
GCF_013416325.1	1	0	0	0	6	0	0
GCF_013421525.1	0	1	0	0	0	1	0
GCF_013423485.1	1	1	0	0	23	1	0
GCF_013423785.1	0	1	0	0	0	1	0
GCF_013423865.1	1	1	0	0	1	2	0
GCF_013425525.1	1	1	0	0	1	1	0
GCF_013425765.1	0	0	0	0	0	0	0
GCF_013432195.1	1	0	0	0	2	0	0
GCF_013433285.1	1	1	0	0	5	3	0
GCF_013433315.1	1	0	0	0	5	0	0
GCF_013449735.1	0	1	0	0	0	2	0
GCF_013450155.1	1	0	0	0	4	0	0
GCF_013456555.2	1	0	0	0	8	0	0
GCF_013458815.1	0	0	0	0	0	0	0
GCF_013460135.1	0	0	0	0	0	0	0
GCF_013466425.1	1	1	0	0	28	1	0
GCF_013466985.1	1	0	0	0	4	0	0
GCF_013488025.1	0	1	0	0	0	2	0
GCF_013488205.1	0	1	0	0	0	1	0
GCF_013488225.1	1	1	0	0	8	1	0
GCF_013520865.1	1	1	0	0	1	3	0
GCF_013520985.1	1	1	0	0	7	3	0
GCF_013601005.1	0	0	0	0	0	0	0
GCF_013607875.1	1	0	0	0	5	0	0
GCF_013618475.1	0	1	0	0	0	5	0
GCF_013618545.1	1	1	0	0	2	2	0
GCF_013618625.1	0	1	0	0	0	1	0
GCF_013618865.1	0	1	0	0	0	1	0
GCF_013624435.2	1	0	0	0	14	0	0
GCF_013626205.1	0	0	0	0	0	0	0
GCF_013664685.1	0	1	1	0	0	3	1
GCF_013694095.1	1	1	0	0	1	4	0
GCF_013694105.1	0	1	0	0	0	2	0
GCF_013694245.2	1	1	0	0	4	1	0
GCF_013697085.1	1	0	0	0	4	0	0
GCF_013744875.1	1	1	0	0	7	1	0
GCF_013745115.1	0	0	0	0	0	0	0
GCF_013752735.1	1	0	0	0	20	0	0
GCF_013753875.1	0	0	0	0	0	0	0
GCF_013760845.1	1	1	0	0	1	1	0
GCF_013761005.1	1	1	1	1	1	6	8
GCF_013761015.1	1	1	0	0	1	1	0
GCF_013761175.1	1	1	0	0	10	8	0
GCF_013778325.1	1	0	0	0	12	0	0
GCF_013820765.1	0	1	0	0	0	3	0
GCF_013839425.1	0	1	0	0	0	1	0
GCF_013839445.1	1	1	0	0	2	1	0
GCF_013839525.1	1	1	0	0	1	1	0
GCF_013868055.1	1	1	0	0	2	4	0
GCF_013868155.1	1	0	0	0	3	0	0
GCF_013868415.1	1	0	0	0	2	0	0
GCF_013870525.1	1	1	0	0	6	2	0
GCF_013870535.1	1	0	0	0	3	0	0
GCF_013870575.1	1	0	0	0	35	0	0
GCF_013912365.1	0	1	0	0	0	2	0
GCF_013912435.1	1	1	0	0	16	4	0
GCF_013978575.1	0	1	0	0	0	2	0
GCF_013978595.1	1	0	0	0	1	0	0
GCF_014023125.1	0	1	0	0	0	1	0
GCF_014023275.1	0	1	0	0	0	1	0
GCF_014041935.1	1	1	0	0	18	1	0
GCF_014041995.1	0	1	0	0	0	1	0
GCF_014042035.1	0	1	0	0	0	1	0
GCF_014042165.1	0	1	0	0	0	1	0
GCF_014042345.1	1	1	0	0	3	2	0
GCF_014042355.1	1	1	0	0	4	2	0
GCF_014042365.1	1	1	0	0	4	2	0
GCF_014048465.1	0	0	0	0	0	0	0
GCF_014048475.1	0	0	0	0	0	0	0
GCF_014049385.1	0	1	0	0	0	1	0
GCF_014050145.1	0	1	0	0	0	1	0
GCF_014050225.1	1	0	0	0	4	0	0
GCF_014054725.1	0	0	0	0	0	0	0
GCF_014054885.1	0	0	0	0	0	0	0
GCF_014054965.1	1	0	0	0	1	0	0
GCF_014054985.1	0	0	0	0	0	0	0
GCF_014055005.1	0	0	0	0	0	0	0
GCF_014055025.1	0	0	0	0	0	0	0
GCF_014058425.1	0	1	0	0	0	2	0
GCF_014058685.1	1	1	0	0	1	1	0
GCF_014058705.1	1	1	0	0	3	1	0
GCF_014062315.1	1	1	0	0	1	1	0
GCF_014062345.1	0	0	0	0	0	0	0
GCF_014068355.1	0	0	0	0	0	0	0
GCF_014069315.1	0	1	0	0	0	2	0
GCF_014069875.1	0	1	0	0	0	2	0
GCF_014070455.1	1	1	0	0	12	1	0
GCF_014075995.1	0	0	0	0	0	0	0
GCF_014076555.1	1	1	0	0	1	1	0
GCF_014077625.1	1	0	0	0	2	0	0
GCF_014083865.1	0	1	0	0	0	3	0
GCF_014107495.1	0	1	0	0	0	6	0
GCF_014109725.1	1	0	0	0	14	0	0
GCF_014109745.1	0	1	0	0	0	1	0
GCF_014109765.1	1	0	0	0	5	0	0
GCF_014109845.1	1	0	0	0	2	0	0
GCF_014117215.1	1	1	0	0	1	1	0
GCF_014117265.1	1	0	0	0	1	0	0
GCF_014117325.1	0	0	0	0	0	0	0
GCF_014117445.1	1	1	0	0	8	1	0
GCF_014118685.1	1	1	0	0	1	4	0
GCF_014126615.1	1	0	0	0	2	0	0
GCF_014126825.1	1	0	0	0	6	0	0
GCF_014127485.1	1	0	0	0	3	0	0
GCF_014131755.1	0	1	0	0	0	1	0
GCF_014131795.1	0	1	0	0	0	5	0
GCF_014137855.1	0	1	0	0	0	3	0
GCF_014137865.1	1	1	0	0	3	1	0
GCF_014137945.1	1	1	0	0	4	1	0
GCF_014137975.1	1	1	0	0	8	1	0
GCF_014137985.1	1	0	0	0	1	0	0
GCF_014137995.1	1	1	0	0	4	2	0
GCF_014138045.1	1	0	0	0	7	0	0
GCF_014138385.1	0	1	0	0	0	5	0
GCF_014138425.1	1	1	0	0	1	1	0
GCF_014138435.1	1	1	0	0	8	1	0
GCF_014138465.1	0	0	0	0	0	0	0
GCF_014138495.1	0	1	0	0	0	1	0
GCF_014138605.1	0	1	0	0	0	4	0
GCF_014138635.1	1	1	0	0	3	2	0
GCF_014138665.1	1	1	0	0	10	2	0
GCF_014138825.1	1	0	0	0	2	0	0
GCF_014138835.1	1	1	0	0	7	1	0
GCF_014138885.1	1	0	0	0	2	0	0
GCF_014141525.1	1	1	0	0	1	2	0
GCF_014141535.1	1	0	0	0	1	0	0
GCF_014144865.1	1	0	0	0	3	0	0
GCF_014145225.1	0	0	0	0	0	0	0
GCF_014145325.1	0	0	0	0	0	0	0
GCF_014145335.1	0	0	0	0	0	0	0
GCF_014145395.1	0	0	0	0	0	0	0
GCF_014145455.1	0	1	0	0	0	3	0
GCF_014145505.1	1	1	0	0	2	2	0
GCF_014145555.1	0	1	0	0	0	3	0
GCF_014145585.1	1	1	0	0	1	3	0
GCF_014145615.1	1	1	0	0	1	3	0
GCF_014145675.1	1	1	0	0	23	2	0
GCF_014156615.1	1	1	0	0	1	1	0
GCF_014156695.1	1	1	0	0	3	3	0
GCF_014164585.1	1	0	0	0	2	0	0
GCF_014164785.1	1	1	0	0	3	1	0
GCF_014168535.1	1	1	0	0	2	1	0
GCF_014171495.1	1	1	0	0	17	1	0
GCF_014172375.1	0	1	0	0	0	1	0
GCF_014172405.1	0	0	0	0	0	0	0
GCF_014174155.1	1	1	0	0	1	1	0
GCF_014174165.1	1	1	0	0	1	1	0
GCF_014174215.1	0	1	0	0	0	2	0
GCF_014174255.1	1	1	0	0	4	1	0
GCF_014174275.1	0	1	0	0	0	1	0
GCF_014174355.1	1	1	0	0	1	2	0
GCF_014174375.1	1	1	0	0	1	3	0
GCF_014174395.1	0	1	0	0	0	2	0
GCF_014174405.1	0	1	0	0	0	3	0
GCF_014174475.1	1	0	0	0	6	0	0
GCF_014180685.1	1	0	0	0	2	0	0
GCF_014180715.1	1	0	0	0	2	0	0
GCF_014190775.1	1	1	0	0	1	3	0
GCF_014190805.1	1	1	0	0	4	1	0
GCF_014190875.1	1	1	0	0	4	1	0
GCF_014191055.1	1	1	0	0	2	2	0
GCF_014191175.1	1	0	0	0	32	0	0
GCF_014191255.1	1	1	1	1	28	2	2
GCF_014191495.1	1	1	0	0	11	1	0
GCF_014191545.1	1	0	0	0	2	0	0
GCF_014191595.1	0	1	0	0	0	1	0
GCF_014191605.1	1	1	0	0	10	1	0
GCF_014191715.1	1	1	0	0	6	1	0
GCF_014191725.1	1	1	0	0	2	1	0
GCF_014191775.1	1	0	0	0	9	0	0
GCF_014191875.1	1	1	0	0	3	2	0
GCF_014191985.1	0	0	0	0	0	0	0
GCF_014192015.1	0	1	0	0	0	12	0
GCF_014192055.1	1	0	0	0	2	0	0
GCF_014192095.1	1	1	0	0	3	3	0
GCF_014192105.1	0	1	0	0	0	6	0
GCF_014192155.1	1	1	0	0	1	3	0
GCF_014192215.1	1	0	0	0	3	0	0
GCF_014192275.1	1	0	0	0	1	0	0
GCF_014192285.1	1	0	0	0	3	0	0
GCF_014192335.1	1	0	0	0	2	0	0
GCF_014192375.1	1	0	0	0	1	0	0
GCF_014192395.1	0	1	0	0	0	7	0
GCF_014192415.1	0	1	0	0	0	1	0
GCF_014192475.1	1	0	0	0	3	0	0
GCF_014192515.1	0	1	0	0	0	1	0
GCF_014192995.1	1	1	0	0	5	4	0
GCF_014193375.1	1	0	0	0	3	0	0
GCF_014193425.1	1	1	0	0	4	4	0
GCF_014193515.1	0	1	1	1	0	1	2
GCF_014193675.1	0	1	1	1	0	2	2
GCF_014193895.1	1	1	1	1	1	6	2
GCF_014195435.1	1	1	0	0	16	1	0
GCF_014195485.1	1	1	0	0	4	1	0
GCF_014195505.1	1	1	0	0	6	6	0
GCF_014195535.1	1	1	0	0	1	1	0
GCF_014195585.1	0	0	0	0	0	0	0
GCF_014195635.1	1	1	0	0	2	1	0
GCF_014195655.1	1	0	0	0	7	0	0
GCF_014195675.1	1	0	0	0	10	0	0
GCF_014196055.1	1	0	0	0	6	0	0
GCF_014196125.1	1	0	0	0	2	0	0
GCF_014196195.1	1	1	0	0	2	1	0
GCF_014196295.1	1	1	0	0	6	1	0
GCF_014196305.1	1	0	0	0	14	0	0
GCF_014196335.1	1	0	0	0	3	0	0
GCF_014196345.1	1	1	0	0	5	1	0
GCF_014196425.1	1	1	0	0	3	1	0
GCF_014196455.1	1	0	0	0	4	0	0
GCF_014196495.1	1	0	1	0	17	0	1
GCF_014196505.1	1	0	0	0	1	0	0
GCF_014196525.1	1	0	1	0	10	0	1
GCF_014196535.1	1	1	0	0	8	1	0
GCF_014196595.1	1	0	0	0	4	0	0
GCF_014196615.1	1	0	0	0	4	0	0
GCF_014196625.1	1	1	0	0	8	1	0
GCF_014196635.1	1	0	0	0	2	0	0
GCF_014196745.1	1	1	0	0	7	1	0
GCF_014196765.1	1	1	0	0	3	1	0
GCF_014196795.1	1	0	0	0	6	0	0
GCF_014196805.1	1	0	0	0	4	0	0
GCF_014196835.1	1	1	0	0	1	3	0
GCF_014196915.1	0	1	0	0	0	2	0
GCF_014196925.1	1	1	0	0	6	2	0
GCF_014196955.1	0	1	0	0	0	1	0
GCF_014196965.1	1	0	0	0	9	0	0
GCF_014197015.1	1	1	0	0	4	1	0
GCF_014197035.1	1	0	0	0	10	0	0
GCF_014197055.1	1	1	0	0	3	3	0
GCF_014197105.1	1	0	0	0	5	0	0
GCF_014197135.1	1	0	0	0	3	0	0
GCF_014197145.1	1	1	0	0	1	1	0
GCF_014197205.1	1	0	0	0	1	0	0
GCF_014197245.1	0	1	0	0	0	1	0
GCF_014197255.1	0	0	0	0	0	0	0
GCF_014197435.1	1	0	0	0	30	0	0
GCF_014197445.1	0	0	0	0	0	0	0
GCF_014197795.1	1	0	0	0	6	0	0
GCF_014197915.1	1	0	0	0	5	0	0
GCF_014198105.1	1	1	0	0	1	2	0
GCF_014198875.1	1	1	0	0	1	1	0
GCF_014199195.1	1	0	0	0	17	0	0
GCF_014199205.1	1	0	0	0	12	0	0
GCF_014199215.1	1	0	0	0	8	0	0
GCF_014199255.1	1	1	0	0	1	1	0
GCF_014199265.1	1	1	0	0	3	2	0
GCF_014199295.1	1	0	0	0	15	0	0
GCF_014199305.1	1	1	0	0	1	1	0
GCF_014199325.1	1	0	0	0	3	0	0
GCF_014199335.1	1	1	0	0	1	1	0
GCF_014199395.1	1	0	0	0	1	0	0
GCF_014199435.1	1	0	0	0	10	0	0
GCF_014199445.1	1	0	0	0	5	0	0
GCF_014199525.1	1	0	0	0	9	0	0
GCF_014199535.1	1	0	0	0	1	0	0
GCF_014199615.1	0	0	0	0	0	0	0
GCF_014199625.1	1	0	0	0	1	0	0
GCF_014199635.1	1	0	1	1	12	0	2
GCF_014199665.1	0	1	0	0	0	3	0
GCF_014199685.1	1	1	0	0	13	1	0
GCF_014199915.1	1	0	0	0	4	0	0
GCF_014199935.1	1	0	0	0	3	0	0
GCF_014199945.1	1	0	0	0	2	0	0
GCF_014199985.1	1	0	0	0	4	0	0
GCF_014200045.1	1	1	0	0	5	1	0
GCF_014200235.1	1	1	0	0	4	2	0
GCF_014200295.1	1	1	0	0	4	2	0
GCF_014200305.1	1	0	0	0	1	0	0
GCF_014200395.1	1	0	0	0	1	0	0
GCF_014200405.1	1	1	0	0	6	1	0
GCF_014200805.1	1	1	0	0	8	1	0
GCF_014201115.1	1	1	0	0	3	1	0
GCF_014201195.1	1	1	0	0	3	1	0
GCF_014201355.1	1	1	0	0	3	1	0
GCF_014201465.1	1	1	0	0	2	2	0
GCF_014201505.1	1	1	1	1	1	2	3
GCF_014201515.1	1	1	0	0	2	1	0
GCF_014201555.1	0	0	0	0	0	0	0
GCF_014201585.1	1	1	0	0	2	2	0
GCF_014201655.1	0	1	0	0	0	2	0
GCF_014201715.1	0	0	0	0	0	0	0
GCF_014201735.1	1	0	0	0	2	0	0
GCF_014201825.1	1	1	0	0	2	1	0
GCF_014201835.1	0	1	0	0	0	2	0
GCF_014201875.1	1	1	0	0	1	3	0
GCF_014201885.1	1	1	0	0	1	1	0
GCF_014201905.1	1	1	0	0	5	1	0
GCF_014201975.1	0	1	0	0	0	2	0
GCF_014202035.1	0	1	0	0	0	1	0
GCF_014202075.1	1	0	0	0	2	0	0
GCF_014202115.1	0	1	1	1	0	4	3
GCF_014202215.1	1	0	0	0	15	0	0
GCF_014202225.1	0	0	0	0	0	0	0
GCF_014202275.1	0	0	0	0	0	0	0
GCF_014202315.1	1	1	1	1	28	4	2
GCF_014202325.1	1	0	0	0	1	0	0
GCF_014202345.1	0	1	1	1	0	2	2
GCF_014202415.1	0	0	0	0	0	0	0
GCF_014202435.1	1	0	0	0	2	0	0
GCF_014202475.1	1	1	0	0	6	3	0
GCF_014202505.1	0	1	0	0	0	2	0
GCF_014202575.1	0	1	0	0	0	1	0
GCF_014202615.1	1	1	0	0	3	1	0
GCF_014202645.1	0	1	0	0	0	1	0
GCF_014202695.1	0	1	1	0	0	2	1
GCF_014202705.1	1	0	0	0	33	0	0
GCF_014202755.1	1	1	1	1	1	3	2
GCF_014202765.1	0	1	0	0	0	1	0
GCF_014202825.1	1	0	0	0	1	0	0
GCF_014202895.1	0	1	0	0	0	1	0
GCF_014202905.1	1	1	0	0	2	1	0
GCF_014202935.1	0	0	0	0	0	0	0
GCF_014202975.1	1	1	1	0	9	2	1
GCF_014203025.1	0	1	0	0	0	1	0
GCF_014203045.1	0	1	0	0	0	2	0
GCF_014203095.1	0	1	0	0	0	1	0
GCF_014203115.1	1	0	0	0	13	0	0
GCF_014203125.1	1	1	1	1	5	2	4
GCF_014203155.1	1	1	0	0	2	1	0
GCF_014203215.1	0	0	0	0	0	0	0
GCF_014203235.1	1	1	0	0	7	7	0
GCF_014203315.1	1	1	0	0	10	1	0
GCF_014203325.1	1	1	1	1	15	1	2
GCF_014203355.1	1	1	0	0	5	5	0
GCF_014203395.1	1	1	0	0	22	1	0
GCF_014203425.1	1	1	0	0	6	2	0
GCF_014203555.1	1	1	0	0	3	2	0
GCF_014203595.1	1	1	0	0	4	2	0
GCF_014203605.1	1	1	0	0	4	4	0
GCF_014203645.1	1	1	0	0	1	3	0
GCF_014203665.1	1	1	0	0	6	2	0
GCF_014203695.1	1	1	0	0	4	1	0
GCF_014203705.1	1	1	0	0	1	3	0
GCF_014203715.1	1	1	0	0	5	3	0
GCF_014203755.1	1	1	0	0	3	2	0
GCF_014203795.1	1	1	0	0	6	4	0
GCF_014203805.1	1	1	1	1	11	1	2
GCF_014203835.1	1	1	0	0	6	1	0
GCF_014203855.1	1	1	0	0	7	3	0
GCF_014203895.1	1	1	0	0	7	2	0
GCF_014203955.1	1	0	0	0	1	0	0
GCF_014204535.1	1	0	0	0	10	0	0
GCF_014204715.1	1	1	0	0	7	1	0
GCF_014204735.1	0	1	0	0	0	1	0
GCF_014204755.1	1	1	0	0	1	1	0
GCF_014204795.1	1	1	0	0	13	6	0
GCF_014204815.1	1	1	0	0	1	1	0
GCF_014204835.1	1	0	0	0	1	0	0
GCF_014204865.1	1	1	1	1	16	2	2
GCF_014204895.1	1	1	0	0	4	3	0
GCF_014204915.1	1	1	0	0	8	3	0
GCF_014204935.1	1	1	0	0	1	1	0
GCF_014204945.1	1	1	0	0	6	4	0
GCF_014204975.1	1	1	0	0	6	2	0
GCF_014204985.1	1	1	1	0	7	4	1
GCF_014205015.1	1	1	0	0	5	2	0
GCF_014205055.1	1	1	0	0	7	3	0
GCF_014205085.1	1	1	0	0	14	1	0
GCF_014205115.1	1	0	0	0	3	0	0
GCF_014205135.1	1	1	0	0	7	4	0
GCF_014205155.1	1	1	0	0	9	3	0
GCF_014205175.1	0	0	0	0	0	0	0
GCF_014205215.1	1	0	0	0	6	0	0
GCF_014205225.1	1	1	0	0	2	3	0
GCF_014205255.1	1	1	0	0	9	3	0
GCF_014205275.1	1	1	0	0	7	2	0
GCF_014205295.1	1	1	0	0	6	4	0
GCF_014205335.1	1	1	0	0	6	3	0
GCF_014205635.1	1	0	0	0	7	0	0
GCF_014205685.1	1	1	0	0	3	3	0
GCF_014205765.1	1	1	0	0	8	1	0
GCF_014205875.1	1	1	1	1	2	6	6
GCF_014206845.1	1	0	0	0	19	0	0
GCF_014206875.1	0	1	0	0	0	1	0
GCF_014206945.1	0	0	0	0	0	0	0
GCF_014206975.1	1	1	0	0	2	1	0
GCF_014207075.1	1	1	0	0	2	1	0
GCF_014207355.1	1	1	0	0	8	3	0
GCF_014207435.1	0	1	0	0	0	1	0
GCF_014207535.1	1	1	0	0	5	1	0
GCF_014207565.1	0	1	0	0	0	2	0
GCF_014207595.1	1	0	0	0	2	0	0
GCF_014207605.1	0	0	0	0	0	0	0
GCF_014207655.1	1	1	0	0	5	1	0
GCF_014207695.1	1	1	0	0	5	2	0
GCF_014207705.1	1	1	0	0	7	2	0
GCF_014207745.1	1	1	0	0	6	4	0
GCF_014207795.1	1	1	0	0	4	7	0
GCF_014207905.1	1	1	0	0	2	1	0
GCF_014207985.1	1	1	1	1	11	7	2
GCF_014208045.1	1	0	0	0	1	0	0
GCF_014208105.1	1	1	0	0	7	2	0
GCF_014211955.1	1	1	1	0	4	1	1
GCF_014211975.1	0	0	0	0	0	0	0
GCF_014212015.1	0	1	0	0	0	3	0
GCF_014212055.1	1	1	0	0	3	10	0
GCF_014212125.1	1	1	0	0	1	9	0
GCF_014212175.1	1	1	0	0	1	5	0
GCF_014212315.1	1	0	0	0	7	0	0
GCF_014212355.1	0	0	0	0	0	0	0
GCF_014216335.1	1	1	0	0	4	3	0
GCF_014217215.1	0	0	0	0	0	0	0
GCF_014217255.1	1	0	0	0	1	0	0
GCF_014217335.1	1	0	0	0	1	0	0
GCF_014217565.1	1	1	0	0	3	3	0
GCF_014217765.1	1	0	0	0	7	0	0
GCF_014217805.1	0	0	0	0	0	0	0
GCF_014217995.1	0	0	0	0	0	0	0
GCF_014218275.1	0	1	1	1	0	3	2
GCF_014218335.1	0	1	1	1	0	4	2
GCF_014218355.1	0	1	0	0	0	4	0
GCF_014218725.1	1	0	0	0	2	0	0
GCF_014218805.1	0	1	0	0	0	1	0
GCF_014219065.1	1	0	0	0	5	0	0
GCF_014223975.1	0	1	0	0	0	4	0
GCF_014227425.1	0	1	0	0	0	4	0
GCF_014228695.1	0	1	0	0	0	4	0
GCF_014229295.1	0	1	0	0	0	5	0
GCF_014230055.1	0	0	0	0	0	0	0
GCF_014230085.1	1	0	0	0	1	0	0
GCF_014230145.1	0	1	0	0	0	1	0
GCF_014230305.1	1	0	1	0	9	0	1
GCF_014230315.1	1	0	1	0	6	0	1
GCF_014230355.1	1	0	1	0	10	0	1
GCF_014230465.1	1	0	0	0	7	0	0
GCF_014235185.1	1	0	0	0	20	0	0
GCF_014235765.1	1	0	0	0	3	0	0
GCF_014235875.1	0	1	0	0	0	2	0
GCF_014236795.1	0	0	0	0	0	0	0
GCF_014237865.1	1	0	0	0	3	0	0
GCF_014237875.1	1	0	0	0	5	0	0
GCF_014243395.1	0	1	0	0	0	1	0
GCF_014243445.1	1	1	0	0	3	1	0
GCF_014250475.1	0	1	0	0	0	2	0
GCF_014250515.1	1	1	0	0	1	1	0
GCF_014251515.1	0	0	0	0	0	0	0
GCF_014252945.1	1	1	0	0	8	4	0
GCF_014253065.1	0	1	1	0	0	1	1
GCF_014257025.1	1	1	0	0	5	3	0
GCF_014262665.1	1	1	0	0	2	1	0
GCF_014263315.1	1	1	0	0	16	1	0
GCF_014268275.3	1	0	0	0	6	0	0
GCF_014268375.2	1	0	0	0	5	0	0
GCF_014268445.2	1	0	0	0	5	0	0
GCF_014268455.2	1	0	0	0	5	0	0
GCF_014268485.2	1	0	0	0	5	0	0
GCF_014268495.2	1	0	0	0	4	0	0
GCF_014268505.2	1	0	0	0	6	0	0
GCF_014268585.2	1	0	0	0	7	0	0
GCF_014268595.2	1	0	0	0	5	0	0
GCF_014268615.1	1	0	0	0	7	0	0
GCF_014268655.2	1	0	0	0	5	0	0
GCF_014268745.2	1	0	0	0	4	0	0
GCF_014268755.2	1	0	0	0	6	0	0
GCF_014268805.2	1	0	0	0	3	0	0
GCF_014268815.2	1	0	0	0	3	0	0
GCF_014268885.2	1	0	0	0	4	0	0
GCF_014268935.2	1	0	0	0	1	0	0
GCF_014269025.2	1	0	0	0	4	0	0
GCF_014269035.2	1	0	0	0	5	0	0
GCF_014269185.2	1	0	0	0	4	0	0
GCF_014269225.2	1	0	0	0	3	0	0
GCF_014269395.1	1	1	0	0	10	1	0
GCF_014270035.1	0	1	0	0	0	4	0
GCF_014270105.1	0	1	0	0	0	1	0
GCF_014274465.1	0	1	0	0	0	3	0
GCF_014280935.1	0	1	0	0	0	3	0
GCF_014280945.1	1	1	0	0	5	4	0
GCF_014280965.1	0	1	0	0	0	2	0
GCF_014281055.1	0	1	0	0	0	1	0
GCF_014281125.1	1	1	1	1	5	3	2
GCF_014282275.1	1	1	0	0	1	1	0
GCF_014283215.1	1	0	0	0	30	0	0
GCF_014284125.1	1	1	0	0	4	2	0
GCF_014284155.1	1	1	0	0	2	2	0
GCF_014284175.1	1	1	0	0	2	1	0
GCF_014284195.1	1	1	0	0	3	2	0
GCF_014284235.1	1	1	0	0	4	2	0
GCF_014284255.1	1	1	0	0	5	2	0
GCF_014284275.1	1	1	0	0	2	1	0
GCF_014284305.1	1	1	0	0	2	2	0
GCF_014284335.1	1	1	0	0	4	2	0
GCF_014284365.1	1	1	0	0	4	2	0
GCF_014284475.1	0	1	1	1	0	3	3
GCF_014284495.1	1	1	1	1	2	3	4
GCF_014287275.1	1	1	0	0	1	2	0
GCF_014287335.1	0	0	0	0	0	0	0
GCF_014287355.1	0	1	1	0	0	3	1
GCF_014287365.1	1	1	1	1	6	4	3
GCF_014287385.1	0	0	0	0	0	0	0
GCF_014287435.1	0	1	1	1	0	2	2
GCF_014287455.1	0	1	0	0	0	1	0
GCF_014287465.1	1	1	0	0	1	2	0
GCF_014287475.1	1	1	0	0	3	5	0
GCF_014287515.2	0	1	0	0	0	4	0
GCF_014287535.1	0	1	0	0	0	3	0
GCF_014287545.1	0	1	0	0	0	3	0
GCF_014287575.1	0	1	0	0	0	2	0
GCF_014287585.1	0	1	0	0	0	1	0
GCF_014287615.1	1	1	1	1	1	7	3
GCF_014287625.1	0	1	1	1	0	3	2
GCF_014287635.1	0	1	0	0	0	2	0
GCF_014287675.1	1	1	0	0	1	3	0
GCF_014287705.1	0	1	1	1	0	5	3
GCF_014287775.1	0	1	0	0	0	5	0
GCF_014287795.1	0	1	0	0	0	2	0
GCF_014287815.1	0	1	0	0	0	2	0
GCF_014287825.1	1	1	1	1	1	6	2
GCF_014287875.1	1	1	1	1	1	3	2
GCF_014287895.1	0	1	1	1	0	2	2
GCF_014287925.1	0	1	1	1	0	6	4
GCF_014287965.1	0	1	1	1	0	3	2
GCF_014287995.1	1	1	1	1	4	2	2
GCF_014288005.1	1	1	0	0	1	6	0
GCF_014288055.1	0	1	0	0	0	2	0
GCF_014288065.1	0	1	0	0	0	2	0
GCF_014288115.1	0	1	0	0	0	2	0
GCF_014288125.1	0	1	1	0	0	2	1
GCF_014290175.1	0	1	1	1	0	3	2
GCF_014295035.1	1	1	0	0	2	2	0
GCF_014295415.1	0	1	0	0	0	1	0
GCF_014295435.1	1	0	0	0	21	0	0
GCF_014297245.1	0	1	1	1	0	5	2
GCF_014297275.1	0	1	0	0	0	1	0
GCF_014297285.1	0	1	0	0	0	4	0
GCF_014297335.1	0	1	1	1	0	3	2
GCF_014297355.1	0	1	1	1	0	5	2
GCF_014297365.1	0	0	0	0	0	0	0
GCF_014297445.1	1	1	1	1	40	3	2
GCF_014297465.1	1	1	0	0	15	1	0
GCF_014297575.1	0	0	0	0	0	0	0
GCF_014303955.1	1	1	1	1	4	6	6
GCF_014305095.1	0	1	0	0	0	1	0
GCF_014305155.1	0	1	0	0	0	1	0
GCF_014306095.1	1	0	0	0	2	0	0
GCF_014306105.1	1	1	0	0	1	1	0
GCF_014306135.1	0	1	1	0	0	5	1
GCF_014306155.1	0	1	0	0	0	2	0
GCF_014306175.1	0	1	0	0	0	1	0
GCF_014306455.1	0	1	0	0	0	3	0
GCF_014306625.1	1	1	0	0	2	1	0
GCF_014322795.1	0	1	0	0	0	3	0
GCF_014322845.1	0	1	0	0	0	4	0
GCF_014322885.1	0	1	0	0	0	1	0
GCF_014323405.1	0	1	0	0	0	3	0
GCF_014323725.1	1	1	0	0	3	2	0
GCF_014332515.1	1	1	0	0	2	1	0
GCF_014332695.1	0	1	0	0	0	1	0
GCF_014333425.1	1	1	1	1	1	4	5
GCF_014333615.1	0	0	0	0	0	0	0
GCF_014334055.1	0	1	1	1	0	3	2
GCF_014334095.1	1	0	0	0	2	0	0
GCF_014337155.1	0	1	0	0	0	2	0
GCF_014337175.1	0	1	0	0	0	3	0
GCF_014337195.1	0	1	0	0	0	4	0
GCF_014337215.1	0	1	1	1	0	4	2
GCF_014337255.1	0	1	0	0	0	3	0
GCF_014349155.1	0	0	0	0	0	0	0
GCF_014352855.1	1	0	0	0	2	0	0
GCF_014352875.1	0	0	0	0	0	0	0
GCF_014354315.1	0	0	0	0	0	0	0
GCF_014357575.1	1	0	0	0	2	0	0
GCF_014358015.1	1	0	0	0	2	0	0
GCF_014358075.1	1	0	0	0	3	0	0
GCF_014384705.1	0	1	0	0	0	2	0
GCF_014384745.1	0	1	0	0	0	2	0
GCF_014384765.1	0	1	0	0	0	2	0
GCF_014384785.1	0	1	0	0	0	1	0
GCF_014384795.1	0	1	1	1	0	3	3
GCF_014384805.1	0	1	0	0	0	1	0
GCF_014384885.1	0	1	0	0	0	2	0
GCF_014384895.1	0	1	1	1	0	8	5
GCF_014384905.1	0	1	0	0	0	2	0
GCF_014384965.1	0	1	0	0	0	3	0
GCF_014384985.1	0	1	0	0	0	2	0
GCF_014384995.1	0	1	0	0	0	2	0
GCF_014385005.1	0	1	1	0	0	4	1
GCF_014385025.1	1	1	1	1	2	2	2
GCF_014385065.1	1	1	0	0	6	2	0
GCF_014385085.1	1	1	0	0	1	4	0
GCF_014385095.1	0	1	0	0	0	2	0
GCF_014385105.1	0	1	0	0	0	2	0
GCF_014385165.1	0	1	0	0	0	1	0
GCF_014385195.1	0	1	1	1	0	2	2
GCF_014385405.1	0	1	1	1	0	3	2
GCF_014395225.1	1	1	0	0	2	2	0
GCF_014395425.1	1	0	0	0	1	0	0
GCF_014395785.1	1	0	0	0	8	0	0
GCF_014395975.1	1	0	0	0	19	0	0
GCF_014396165.1	0	1	0	0	0	2	0
GCF_014396385.1	1	0	0	0	6	0	0
GCF_014396585.1	1	0	0	0	2	0	0
GCF_014397005.1	0	0	0	0	0	0	0
GCF_014397115.1	0	1	1	0	0	3	1
GCF_014397245.1	0	0	0	0	0	0	0
GCF_014397255.1	0	1	0	0	0	1	0
GCF_014397415.1	1	0	0	0	2	0	0
GCF_014397785.1	1	1	0	0	24	2	0
GCF_014466955.1	1	1	0	0	9	1	0
GCF_014466985.1	0	1	1	0	0	1	1
GCF_014467015.1	0	1	1	0	0	4	1
GCF_014467055.1	0	1	1	1	0	4	2
GCF_014467235.1	0	1	0	0	0	1	0
GCF_014486675.1	0	1	0	0	0	1	0
GCF_014489115.1	1	0	0	0	2	0	0
GCF_014489415.1	0	0	0	0	0	0	0
GCF_014489475.1	0	0	0	0	0	0	0
GCF_014489515.1	1	0	0	0	1	0	0
GCF_014489535.1	1	0	0	0	16	0	0
GCF_014489595.1	1	0	0	0	8	0	0
GCF_014489615.1	1	1	0	0	7	2	0
GCF_014489635.1	1	1	0	0	5	2	0
GCF_014489845.1	0	0	0	0	0	0	0
GCF_014490445.1	1	0	0	0	24	0	0
GCF_014490485.1	1	1	0	0	16	1	0
GCF_014490555.1	0	0	0	0	0	0	0
GCF_014490575.1	1	0	0	0	2	0	0
GCF_014490725.1	1	1	0	0	4	1	0
GCF_014493765.1	1	1	0	0	7	4	0
GCF_014495845.1	1	0	0	0	11	0	0
GCF_014502795.1	0	1	1	1	0	3	2
GCF_014518315.1	1	0	0	0	1	0	0
GCF_014522205.1	1	0	0	0	2	0	0
GCF_014524565.1	0	1	0	0	0	2	0
GCF_014526325.1	0	1	0	0	0	1	0
GCF_014529935.1	0	1	0	0	0	1	0
GCF_014529945.1	0	1	0	0	0	1	0
GCF_014530645.1	1	0	0	0	25	0	0
GCF_014534645.1	1	1	0	0	5	2	0
GCF_014534655.1	0	1	0	0	0	5	0
GCF_014534685.1	1	1	0	0	10	1	0
GCF_014534705.1	0	0	0	0	0	0	0
GCF_014541205.1	0	1	0	0	0	1	0
GCF_014595945.1	1	1	0	0	2	1	0
GCF_014595955.1	1	1	0	0	6	2	0
GCF_014595995.2	0	1	0	0	0	1	0
GCF_014596085.1	1	0	0	0	9	0	0
GCF_014596295.1	1	1	0	0	1	1	0
GCF_014596575.1	1	1	0	0	2	2	0
GCF_014596745.1	1	0	0	0	1	0	0
GCF_014596935.1	0	1	0	0	0	1	0
GCF_014596945.1	0	1	0	0	0	1	0
GCF_014596975.1	0	1	0	0	0	1	0
GCF_014610845.1	1	1	0	0	1	1	0
GCF_014621655.1	0	1	0	0	0	1	0
GCF_014621695.1	1	1	0	0	5	3	0
GCF_014623465.1	1	1	0	0	1	1	0
GCF_014623485.1	0	1	0	0	0	2	0
GCF_014634985.1	0	1	0	0	0	1	0
GCF_014635025.1	0	1	0	0	0	2	0
GCF_014635065.1	1	0	0	0	4	0	0
GCF_014635085.1	0	1	0	0	0	2	0
GCF_014635105.1	1	1	0	0	2	2	0
GCF_014635125.1	1	1	0	0	4	2	0
GCF_014635145.1	1	1	0	0	3	1	0
GCF_014635185.1	1	1	0	0	4	3	0
GCF_014635245.1	1	0	0	0	12	0	0
GCF_014635265.1	1	0	0	0	3	0	0
GCF_014635285.1	1	1	0	0	6	2	0
GCF_014635305.1	1	0	0	0	7	0	0
GCF_014635325.1	1	0	0	0	17	0	0
GCF_014635345.1	1	1	0	0	7	1	0
GCF_014635545.1	1	0	0	0	3	0	0
GCF_014635565.1	0	0	0	0	0	0	0
GCF_014635585.1	0	0	0	0	0	0	0
GCF_014635605.1	0	1	0	0	0	7	0
GCF_014635625.1	1	0	0	0	3	0	0
GCF_014635665.1	1	1	0	0	2	2	0
GCF_014635685.1	0	1	0	0	0	1	0
GCF_014635705.1	1	0	0	0	4	0	0
GCF_014635725.1	0	1	0	0	0	1	0
GCF_014635825.1	0	1	0	0	0	2	0
GCF_014635845.1	1	0	0	0	5	0	0
GCF_014635865.1	0	0	0	0	0	0	0
GCF_014635885.1	1	0	0	0	3	0	0
GCF_014635905.1	0	1	0	0	0	3	0
GCF_014635985.1	0	1	0	0	0	1	0
GCF_014636175.1	1	0	0	0	5	0	0
GCF_014636215.1	0	0	0	0	0	0	0
GCF_014636235.1	1	0	0	0	6	0	0
GCF_014636255.1	1	1	0	0	2	3	0
GCF_014636275.1	0	0	0	0	0	0	0
GCF_014636295.1	1	1	0	0	1	3	0
GCF_014636315.1	1	1	0	0	6	3	0
GCF_014636335.1	1	1	0	0	1	1	0
GCF_014636475.1	1	1	0	0	2	3	0
GCF_014636495.1	1	0	0	0	7	0	0
GCF_014636635.1	0	0	0	0	0	0	0
GCF_014636775.1	1	1	0	0	7	1	0
GCF_014636865.1	0	1	0	0	0	1	0
GCF_014636935.1	1	1	0	0	6	1	0
GCF_014636995.1	0	0	0	0	0	0	0
GCF_014637175.1	1	1	0	0	4	3	0
GCF_014637265.1	1	1	0	0	7	1	0
GCF_014637345.1	0	1	0	0	0	1	0
GCF_014637405.1	1	1	0	0	1	3	0
GCF_014637725.1	1	1	0	0	6	2	0
GCF_014637795.1	0	1	0	0	0	1	0
GCF_014637955.1	1	0	0	0	3	0	0
GCF_014638005.1	0	1	0	0	0	1	0
GCF_014638095.1	0	0	0	0	0	0	0
GCF_014638275.1	1	0	0	0	26	0	0
GCF_014638355.1	1	1	0	0	1	2	0
GCF_014638675.1	1	1	0	0	1	1	0
GCF_014638745.1	1	0	0	0	1	0	0
GCF_014638845.1	1	0	0	0	1	0	0
GCF_014638915.1	0	1	0	0	0	1	0
GCF_014638995.1	1	1	0	0	2	2	0
GCF_014639075.1	1	0	0	0	2	0	0
GCF_014639155.1	0	1	0	0	0	7	0
GCF_014639235.1	0	1	0	0	0	5	0
GCF_014639255.1	0	1	0	0	0	3	0
GCF_014639275.1	1	1	0	0	4	2	0
GCF_014639295.1	1	0	0	0	2	0	0
GCF_014639315.1	1	1	0	0	9	1	0
GCF_014639435.1	0	1	0	0	0	1	0
GCF_014639535.1	1	0	0	0	2	0	0
GCF_014639655.1	1	1	0	0	1	1	0
GCF_014639795.1	1	1	0	0	5	1	0
GCF_014639875.1	1	0	0	0	4	0	0
GCF_014640055.1	1	0	0	0	4	0	0
GCF_014640075.1	1	0	0	0	23	0	0
GCF_014640095.1	0	0	0	0	0	0	0
GCF_014640115.1	1	1	0	0	2	1	0
GCF_014640155.1	0	0	0	0	0	0	0
GCF_014640175.1	0	1	0	0	0	1	0
GCF_014640195.1	0	1	0	0	0	1	0
GCF_014640255.1	1	1	0	0	5	1	0
GCF_014640295.1	1	1	0	0	2	5	0
GCF_014640315.1	1	0	0	0	1	0	0
GCF_014640335.1	0	1	0	0	0	1	0
GCF_014640395.1	1	0	0	0	13	0	0
GCF_014640435.1	1	1	0	0	1	1	0
GCF_014640455.1	0	0	0	0	0	0	0
GCF_014640555.1	0	1	0	0	0	8	0
GCF_014640615.1	1	1	0	0	3	3	0
GCF_014640635.1	1	1	1	1	6	3	2
GCF_014640675.1	1	1	0	0	14	1	0
GCF_014640815.1	1	0	0	0	3	0	0
GCF_014640975.1	1	1	1	1	3	1	2
GCF_014641075.1	1	1	0	0	2	6	0
GCF_014641195.1	1	1	0	0	2	3	0
GCF_014641455.1	0	0	0	0	0	0	0
GCF_014641495.1	1	0	0	0	3	0	0
GCF_014641575.1	0	1	0	0	0	2	0
GCF_014641595.1	0	1	0	0	0	1	0
GCF_014641615.1	1	1	0	0	2	1	0
GCF_014641635.1	0	1	0	0	0	1	0
GCF_014641655.1	1	0	0	0	3	0	0
GCF_014641695.1	1	0	1	1	18	0	4
GCF_014641715.1	1	0	0	0	14	0	0
GCF_014641735.1	1	0	1	0	4	0	1
GCF_014641945.1	1	0	0	0	2	0	0
GCF_014642075.1	0	1	0	0	0	3	0
GCF_014642175.1	0	1	0	0	0	1	0
GCF_014642405.1	1	1	0	0	1	2	0
GCF_014642635.1	1	1	0	0	3	1	0
GCF_014642655.1	1	1	0	0	2	4	0
GCF_014642675.1	1	1	1	1	3	1	2
GCF_014642735.1	1	1	0	0	3	1	0
GCF_014642795.1	1	0	0	0	2	0	0
GCF_014642835.1	1	0	0	0	1	0	0
GCF_014642855.1	1	1	0	0	1	2	0
GCF_014642875.1	0	1	0	0	0	1	0
GCF_014642895.1	1	1	0	0	2	2	0
GCF_014642915.1	0	1	0	0	0	1	0
GCF_014643175.1	1	0	0	0	1	0	0
GCF_014643255.1	1	1	0	0	1	1	0
GCF_014643375.1	1	1	0	0	4	1	0
GCF_014643415.1	1	0	1	0	3	0	1
GCF_014643455.1	1	0	0	0	10	0	0
GCF_014643535.1	1	1	0	0	17	1	0
GCF_014643595.1	1	0	0	0	1	0	0
GCF_014643635.1	1	0	0	0	3	0	0
GCF_014643695.1	1	0	0	0	4	0	0
GCF_014643735.1	1	0	0	0	4	0	0
GCF_014643755.1	1	1	0	0	3	2	0
GCF_014643775.1	1	0	0	0	1	0	0
GCF_014643835.1	0	1	0	0	0	1	0
GCF_014643915.1	0	0	0	0	0	0	0
GCF_014644035.1	1	0	0	0	6	0	0
GCF_014644155.1	1	1	0	0	3	2	0
GCF_014644275.1	1	1	0	0	1	2	0
GCF_014644295.1	0	1	0	0	0	2	0
GCF_014644315.1	1	0	0	0	4	0	0
GCF_014644335.1	0	0	0	0	0	0	0
GCF_014644415.1	1	0	0	0	10	0	0
GCF_014644435.1	0	1	0	0	0	7	0
GCF_014644455.1	1	1	0	0	30	2	0
GCF_014644515.1	1	1	0	0	1	2	0
GCF_014644535.1	1	0	0	0	22	0	0
GCF_014644555.1	1	1	0	0	3	2	0
GCF_014645075.1	1	0	1	1	7	0	2
GCF_014645135.1	0	1	0	0	0	1	0
GCF_014645195.1	1	0	0	0	16	0	0
GCF_014645235.1	1	0	0	0	1	0	0
GCF_014645315.1	1	1	1	1	8	2	6
GCF_014645355.1	1	1	0	0	2	3	0
GCF_014645375.1	1	1	0	0	4	1	0
GCF_014645495.1	0	1	0	0	0	2	0
GCF_014645515.1	1	1	0	0	1	7	0
GCF_014645535.1	0	1	0	0	0	1	0
GCF_014645555.1	0	1	0	0	0	1	0
GCF_014645655.1	1	1	0	0	5	1	0
GCF_014645695.1	1	1	0	0	5	1	0
GCF_014645735.1	1	0	0	0	34	0	0
GCF_014645755.1	1	0	0	0	5	0	0
GCF_014645795.1	1	1	0	0	3	2	0
GCF_014645815.1	1	1	0	0	21	4	0
GCF_014645835.1	1	1	0	0	12	4	0
GCF_014645855.1	1	1	1	1	7	2	2
GCF_014645895.1	1	1	0	0	8	2	0
GCF_014646015.1	1	0	0	0	2	0	0
GCF_014646035.1	1	0	0	0	9	0	0
GCF_014646055.1	1	1	0	0	5	7	0
GCF_014646075.1	1	1	0	0	5	1	0
GCF_014646095.1	1	1	0	0	6	3	0
GCF_014646115.1	1	1	0	0	4	2	0
GCF_014646135.1	1	0	0	0	3	0	0
GCF_014646155.1	1	0	0	0	1	0	0
GCF_014646195.1	1	1	0	0	1	4	0
GCF_014646215.1	1	1	0	0	1	3	0
GCF_014646235.1	1	0	0	0	5	0	0
GCF_014646255.1	1	1	0	0	9	5	0
GCF_014646275.1	1	1	0	0	5	3	0
GCF_014646295.1	1	0	0	0	9	0	0
GCF_014646315.1	1	1	0	0	3	4	0
GCF_014646335.1	1	1	0	0	6	2	0
GCF_014646355.1	1	1	0	0	13	1	0
GCF_014646375.1	1	0	0	0	2	0	0
GCF_014646535.1	0	0	0	0	0	0	0
GCF_014646575.1	1	0	0	0	2	0	0
GCF_014646615.1	1	1	0	0	1	1	0
GCF_014646635.1	1	1	0	0	2	3	0
GCF_014646655.1	0	1	0	0	0	1	0
GCF_014646675.1	0	1	0	0	0	1	0
GCF_014646755.1	1	0	0	0	1	0	0
GCF_014646795.1	1	1	0	0	2	1	0
GCF_014646815.1	1	1	0	0	2	2	0
GCF_014646875.1	0	0	0	0	0	0	0
GCF_014646895.1	1	1	0	0	1	1	0
GCF_014646915.1	1	1	0	0	2	1	0
GCF_014646935.1	1	1	0	0	1	1	0
GCF_014647015.1	0	1	0	0	0	1	0
GCF_014647035.1	1	1	0	0	2	2	0
GCF_014647055.1	1	1	0	0	3	2	0
GCF_014647075.1	1	1	0	0	1	1	0
GCF_014647115.1	0	0	0	0	0	0	0
GCF_014647155.1	0	1	0	0	0	1	0
GCF_014647175.1	1	1	0	0	1	1	0
GCF_014647195.1	1	1	0	0	1	3	0
GCF_014647215.1	0	1	0	0	0	2	0
GCF_014647255.1	1	0	0	0	3	0	0
GCF_014647315.1	0	1	0	0	0	2	0
GCF_014647415.1	1	0	0	0	1	0	0
GCF_014647435.1	1	1	0	0	1	1	0
GCF_014647455.2	0	1	0	0	0	1	0
GCF_014647475.1	1	0	0	0	7	0	0
GCF_014647515.1	1	1	0	0	19	5	0
GCF_014647535.1	1	0	0	0	2	0	0
GCF_014647595.1	1	1	0	0	3	3	0
GCF_014647615.1	1	1	0	0	3	5	0
GCF_014647635.1	1	0	0	0	7	0	0
GCF_014647655.1	1	1	0	0	2	1	0
GCF_014647675.1	1	1	0	0	13	3	0
GCF_014647735.1	1	1	0	0	3	2	0
GCF_014647755.1	0	0	0	0	0	0	0
GCF_014647835.1	1	1	0	0	9	1	0
GCF_014647855.1	0	0	0	0	0	0	0
GCF_014647875.1	1	1	0	0	20	3	0
GCF_014647895.1	1	0	0	0	1	0	0
GCF_014647915.1	0	0	0	0	0	0	0
GCF_014647995.1	1	1	0	0	1	1	0
GCF_014648015.1	0	1	0	0	0	1	0
GCF_014648035.1	0	1	0	0	0	1	0
GCF_014648055.1	1	1	0	0	5	1	0
GCF_014648075.1	1	1	0	0	4	2	0
GCF_014648095.1	1	1	0	0	2	3	0
GCF_014648115.1	1	1	0	0	2	1	0
GCF_014648135.1	1	1	0	0	1	1	0
GCF_014648155.1	1	1	0	0	1	1	0
GCF_014648175.1	1	1	0	0	2	3	0
GCF_014648235.1	1	1	0	0	5	2	0
GCF_014648255.1	1	1	0	0	6	2	0
GCF_014648295.1	0	1	0	0	0	1	0
GCF_014648315.1	0	1	0	0	0	1	0
GCF_014648335.1	0	1	0	0	0	1	0
GCF_014648395.1	1	1	0	0	4	1	0
GCF_014648415.1	1	1	0	0	2	3	0
GCF_014648435.1	1	1	0	0	8	9	0
GCF_014648475.1	1	1	0	0	7	2	0
GCF_014648575.1	1	1	0	0	2	4	0
GCF_014648635.1	1	1	0	0	5	2	0
GCF_014648675.1	1	1	0	0	14	1	0
GCF_014648695.1	1	1	0	0	8	2	0
GCF_014648775.1	1	1	0	0	7	2	0
GCF_014648815.1	1	1	0	0	6	5	0
GCF_014648875.1	1	1	0	0	3	2	0
GCF_014648915.1	1	1	0	0	6	3	0
GCF_014648935.1	1	1	0	0	4	3	0
GCF_014648955.1	1	1	0	0	4	4	0
GCF_014648995.1	1	1	0	0	6	3	0
GCF_014649015.1	1	1	0	0	5	3	0
GCF_014649035.1	1	1	0	0	3	3	0
GCF_014649115.1	1	1	0	0	6	2	0
GCF_014649135.1	1	1	0	0	5	2	0
GCF_014649335.1	1	1	0	0	3	3	0
GCF_014649375.1	1	1	0	0	10	4	0
GCF_014649415.1	1	1	0	0	3	2	0
GCF_014649495.1	1	1	0	0	5	2	0
GCF_014649515.1	1	1	0	0	6	3	0
GCF_014649535.1	1	1	0	0	2	3	0
GCF_014649595.1	1	1	0	0	4	3	0
GCF_014649655.1	1	1	0	0	12	3	0
GCF_014649715.1	1	1	0	0	6	3	0
GCF_014649735.1	1	1	0	0	5	3	0
GCF_014649755.1	1	1	0	0	7	2	0
GCF_014649775.1	1	1	0	0	7	2	0
GCF_014649795.1	1	1	0	0	5	2	0
GCF_014649855.1	1	1	0	0	6	2	0
GCF_014649875.1	1	1	0	0	3	2	0
GCF_014649895.1	1	1	0	0	5	2	0
GCF_014649915.1	1	1	0	0	3	1	0
GCF_014649935.1	1	1	0	0	5	2	0
GCF_014649995.1	1	1	0	0	5	3	0
GCF_014650035.1	1	1	0	0	4	3	0
GCF_014650115.1	1	1	0	0	6	2	0
GCF_014650135.1	1	1	0	0	6	2	0
GCF_014650155.1	1	1	0	0	8	5	0
GCF_014650175.1	1	1	0	0	5	2	0
GCF_014650215.1	1	1	0	0	6	2	0
GCF_014650235.1	1	1	0	0	6	3	0
GCF_014650255.1	1	1	0	0	8	5	0
GCF_014650335.1	1	1	0	0	8	2	0
GCF_014650355.1	1	1	0	0	4	2	0
GCF_014650395.1	1	1	0	0	2	2	0
GCF_014650435.1	1	1	1	1	8	6	2
GCF_014650515.1	1	1	0	0	3	4	0
GCF_014650575.1	1	1	0	0	5	2	0
GCF_014650595.1	1	1	0	0	7	3	0
GCF_014650615.1	1	1	0	0	3	2	0
GCF_014650655.1	1	1	0	0	5	3	0
GCF_014650695.1	1	1	0	0	5	1	0
GCF_014650715.1	1	1	0	0	8	2	0
GCF_014650735.1	1	1	0	0	7	2	0
GCF_014650755.1	1	1	0	0	3	2	0
GCF_014650775.1	1	1	0	0	4	1	0
GCF_014650815.1	1	1	0	0	6	2	0
GCF_014650875.1	1	1	0	0	4	4	0
GCF_014650895.1	1	1	0	0	7	3	0
GCF_014650915.1	1	1	0	0	8	1	0
GCF_014650975.1	1	1	0	0	4	4	0
GCF_014650995.1	1	1	0	0	12	4	0
GCF_014651015.1	1	1	0	0	4	2	0
GCF_014651035.1	1	1	0	0	5	3	0
GCF_014651055.1	1	1	0	0	7	3	0
GCF_014651075.1	1	1	0	0	3	3	0
GCF_014651115.1	1	1	0	0	2	3	0
GCF_014651135.1	1	1	0	0	3	3	0
GCF_014651355.1	0	1	0	0	0	2	0
GCF_014651375.1	1	1	0	0	5	2	0
GCF_014651455.1	0	1	0	0	0	2	0
GCF_014651475.1	0	1	0	0	0	1	0
GCF_014651495.1	0	1	0	0	0	2	0
GCF_014651515.1	1	1	0	0	3	1	0
GCF_014651535.1	0	1	0	0	0	1	0
GCF_014651595.1	1	1	0	0	3	1	0
GCF_014651615.1	0	1	0	0	0	2	0
GCF_014651675.1	0	0	0	0	0	0	0
GCF_014651695.1	1	1	0	0	4	1	0
GCF_014651715.1	1	1	0	0	1	3	0
GCF_014651755.1	1	1	0	0	1	2	0
GCF_014651775.1	1	0	0	0	3	0	0
GCF_014651795.1	1	0	0	0	4	0	0
GCF_014651815.1	0	1	0	0	0	2	0
GCF_014651835.1	1	0	0	0	14	0	0
GCF_014651855.1	1	1	0	0	2	1	0
GCF_014651875.1	1	0	0	0	4	0	0
GCF_014651895.1	0	0	0	0	0	0	0
GCF_014651915.1	1	0	0	0	4	0	0
GCF_014651935.1	1	0	0	0	1	0	0
GCF_014651995.1	0	0	0	0	0	0	0
GCF_014652035.1	0	0	0	0	0	0	0
GCF_014652095.1	0	0	0	0	0	0	0
GCF_014652135.1	0	1	0	0	0	1	0
GCF_014652195.1	1	1	0	0	3	2	0
GCF_014652215.1	1	0	0	0	1	0	0
GCF_014652235.1	1	0	0	0	33	0	0
GCF_014652275.1	1	0	0	0	5	0	0
GCF_014652315.1	0	1	0	0	0	1	0
GCF_014652335.1	1	0	0	0	1	0	0
GCF_014652355.1	1	1	0	0	2	2	0
GCF_014652375.1	0	1	0	0	0	2	0
GCF_014652395.1	1	0	0	0	13	0	0
GCF_014652415.1	1	1	0	0	2	1	0
GCF_014652435.1	1	1	0	0	3	2	0
GCF_014652455.1	1	0	0	0	1	0	0
GCF_014652475.1	1	0	0	0	1	0	0
GCF_014652515.1	1	0	0	0	1	0	0
GCF_014652535.1	1	1	0	0	1	1	0
GCF_014652555.1	1	1	1	1	6	1	6
GCF_014652575.1	1	1	0	0	2	3	0
GCF_014652595.1	1	1	0	0	8	2	0
GCF_014652615.1	1	0	1	0	11	0	1
GCF_014652635.1	1	1	0	0	1	4	0
GCF_014652655.1	1	1	0	0	2	2	0
GCF_014652675.1	1	0	0	0	1	0	0
GCF_014652695.1	1	0	0	0	4	0	0
GCF_014652715.1	1	1	0	0	1	1	0
GCF_014652775.1	1	0	0	0	1	0	0
GCF_014652795.1	1	1	0	0	1	1	0
GCF_014652815.1	1	0	0	0	9	0	0
GCF_014652835.1	1	1	0	0	5	2	0
GCF_014652855.1	1	0	0	0	6	0	0
GCF_014652875.1	1	0	0	0	2	0	0
GCF_014652895.1	1	0	0	0	3	0	0
GCF_014652915.1	1	0	0	0	21	0	0
GCF_014652935.1	0	0	0	0	0	0	0
GCF_014653055.1	1	1	0	0	1	1	0
GCF_014653115.1	1	0	0	0	6	0	0
GCF_014653155.1	1	1	0	0	2	1	0
GCF_014653175.1	0	0	0	0	0	0	0
GCF_014653195.1	1	1	0	0	1	2	0
GCF_014653215.1	1	1	0	0	2	1	0
GCF_014653235.1	1	1	0	0	1	3	0
GCF_014653275.1	1	0	0	0	1	0	0
GCF_014653435.1	0	1	0	0	0	2	0
GCF_014653575.1	1	0	0	0	4	0	0
GCF_014653695.1	1	1	0	0	9	3	0
GCF_014653785.1	1	1	0	0	3	3	0
GCF_014653945.1	1	1	1	1	27	3	2
GCF_014654205.1	1	1	1	1	9	2	2
GCF_014654365.1	1	1	0	0	8	3	0
GCF_014654675.1	1	1	0	0	7	4	0
GCF_014654785.1	1	1	0	0	4	2	0
GCF_014654935.1	1	1	0	0	4	2	0
GCF_014655295.1	1	1	0	0	3	2	0
GCF_014655595.1	1	1	0	0	4	2	0
GCF_014655715.1	1	1	0	0	6	4	0
GCF_014655855.1	1	1	0	0	3	3	0
GCF_014655955.1	1	1	0	0	3	2	0
GCF_014656035.1	1	1	0	0	4	3	0
GCF_014656055.1	1	1	0	0	5	3	0
GCF_014656095.1	1	1	0	0	6	2	0
GCF_014656115.1	1	1	0	0	7	2	0
GCF_014656135.1	1	1	0	0	4	3	0
GCF_014656195.1	1	1	0	0	4	2	0
GCF_014656215.1	1	1	0	0	8	3	0
GCF_014656275.1	1	1	0	0	10	5	0
GCF_014656295.1	1	1	0	0	5	6	0
GCF_014656355.1	1	0	0	0	11	0	0
GCF_014656375.1	1	0	0	0	4	0	0
GCF_014656395.1	1	1	0	0	2	1	0
GCF_014656415.1	1	0	0	0	22	0	0
GCF_014656435.1	0	1	0	0	0	3	0
GCF_014656545.1	1	1	0	0	6	6	0
GCF_014656585.1	1	1	0	0	1	1	0
GCF_014672695.1	1	0	0	0	3	0	0
GCF_014672715.2	0	1	1	1	0	3	2
GCF_014672835.1	0	0	0	0	0	0	0
GCF_014672995.1	1	0	0	0	4	0	0
GCF_014673215.1	1	1	0	0	14	1	0
GCF_014673495.1	1	1	0	0	9	2	0
GCF_014680085.1	1	1	0	0	1	3	0
GCF_014681765.1	1	1	0	0	1	1	0
GCF_014692495.1	0	1	0	0	0	1	0
GCF_014692505.1	1	0	0	0	2	0	0
GCF_014692515.1	1	0	0	0	2	0	0
GCF_014692525.1	1	0	0	0	2	0	0
GCF_014692875.1	1	1	0	0	2	2	0
GCF_014694315.1	1	1	0	0	3	2	0
GCF_014694385.1	1	1	0	0	5	1	0
GCF_014696265.1	0	0	0	0	0	0	0
GCF_014696345.1	0	0	0	0	0	0	0
GCF_014696435.1	0	1	0	0	0	1	0
GCF_014696555.1	0	1	0	0	0	1	0
GCF_014696625.1	0	1	0	0	0	1	0
GCF_014696825.1	0	1	0	0	0	1	0
GCF_014697095.1	1	0	0	0	4	0	0
GCF_014697105.1	0	0	0	0	0	0	0
GCF_014697215.1	1	1	1	1	14	2	2
GCF_014697625.1	0	1	0	0	0	1	0
GCF_014698305.1	0	0	0	0	0	0	0
GCF_014698335.1	0	0	0	0	0	0	0
GCF_014698375.1	0	0	0	0	0	0	0
GCF_014698475.1	0	1	0	0	0	1	0
GCF_014698505.1	0	1	0	0	0	1	0
GCF_014698735.1	0	1	0	0	0	1	0
GCF_014698755.1	0	0	0	0	0	0	0
GCF_014698835.1	0	1	0	0	0	1	0
GCF_014698965.1	0	1	0	0	0	2	0
GCF_014698995.1	1	1	0	0	1	1	0
GCF_014699005.1	0	1	0	0	0	1	0
GCF_014699035.1	0	1	0	0	0	1	0
GCF_014699055.1	1	0	0	0	2	0	0
GCF_014699115.1	1	0	0	0	1	0	0
GCF_014699135.1	1	1	0	0	3	2	0
GCF_014701095.1	1	1	0	0	5	3	0
GCF_014701115.1	1	1	1	1	5	5	2
GCF_014701195.1	0	1	0	0	0	4	0
GCF_014701235.1	0	1	1	0	0	2	1
GCF_014705605.1	0	1	0	0	0	4	0
GCF_014705615.1	0	1	0	0	0	4	0
GCF_014705655.1	0	1	0	0	0	5	0
GCF_014705705.1	1	0	0	0	4	0	0
GCF_014705715.1	1	0	0	0	5	0	0
GCF_014705925.2	0	0	0	0	0	0	0
GCF_014705945.2	1	0	0	0	1	0	0
GCF_014712225.1	1	1	0	0	7	2	0
GCF_014712675.1	1	1	0	0	5	2	0
GCF_014712745.1	1	1	1	1	6	2	2
GCF_014725695.1	1	0	0	0	1	0	0
GCF_014736495.1	0	0	0	0	0	0	0
GCF_014737315.1	0	1	0	0	0	1	0
GCF_014748335.1	0	1	0	0	0	1	0
GCF_014750655.1	0	1	0	0	0	1	0
GCF_014763015.1	0	0	0	0	0	0	0
GCF_014763045.1	1	1	0	0	3	1	0
GCF_014764305.1	0	0	0	0	0	0	0
GCF_014764365.1	1	1	0	0	13	1	0
GCF_014764405.1	1	0	0	0	7	0	0
GCF_014764685.1	1	0	0	0	7	0	0
GCF_014770185.1	0	0	0	0	0	0	0
GCF_014771645.1	0	0	0	0	0	0	0
GCF_014773225.1	1	1	0	0	1	1	0
GCF_014773245.1	0	1	0	0	0	1	0
GCF_014773265.1	0	1	0	0	0	2	0
GCF_014773275.1	0	1	0	0	0	2	0
GCF_014773365.1	0	0	0	0	0	0	0
GCF_014773385.1	1	1	0	0	4	5	0
GCF_014773395.1	1	1	0	0	2	1	0
GCF_014773435.2	0	0	0	0	0	0	0
GCF_014775655.1	0	1	0	0	0	1	0
GCF_014779555.2	1	0	0	0	1	0	0
GCF_014779665.1	1	1	0	0	7	1	0
GCF_014779715.1	1	1	0	0	2	3	0
GCF_014779765.1	0	1	0	0	0	2	0
GCF_014779795.1	1	1	1	1	1	5	2
GCF_014784055.1	0	0	0	0	0	0	0
GCF_014789145.1	0	1	0	0	0	1	0
GCF_014803385.1	0	0	0	0	0	0	0
GCF_014803405.1	1	1	0	0	1	1	0
GCF_014805525.1	1	0	0	0	9	0	0
GCF_014805825.1	1	1	0	0	3	1	0
GCF_014830205.1	1	1	0	0	1	3	0
GCF_014831675.1	0	1	0	0	0	1	0
GCF_014836325.1	0	1	1	0	0	2	1
GCF_014836335.1	0	1	1	0	0	3	1
GCF_014836395.1	0	0	0	0	0	0	0
GCF_014836405.1	1	0	0	0	4	0	0
GCF_014836415.1	0	1	0	0	0	1	0
GCF_014836425.1	0	1	0	0	0	2	0
GCF_014836445.1	0	0	0	0	0	0	0
GCF_014836495.1	1	1	0	0	7	3	0
GCF_014836505.1	1	0	0	0	2	0	0
GCF_014836535.1	1	1	0	0	2	2	0
GCF_014836545.1	1	1	0	0	1	1	0
GCF_014836555.1	1	1	0	0	2	2	0
GCF_014836595.1	1	1	0	0	1	1	0
GCF_014836615.1	1	1	0	0	2	2	0
GCF_014836635.1	0	1	0	0	0	4	0
GCF_014836645.1	1	1	0	0	1	3	0
GCF_014836665.1	0	0	0	0	0	0	0
GCF_014836675.1	1	0	0	0	8	0	0
GCF_014836715.1	1	0	0	0	1	0	0
GCF_014836745.1	1	1	0	0	2	2	0
GCF_014836755.1	0	1	0	0	0	2	0
GCF_014836765.1	1	0	0	0	4	0	0
GCF_014836775.1	1	1	0	0	2	1	0
GCF_014836835.1	0	1	1	0	0	6	1
GCF_014836845.1	1	1	0	0	4	1	0
GCF_014836875.1	1	1	0	0	3	1	0
GCF_014836885.1	1	0	0	0	7	0	0
GCF_014836905.1	1	1	0	0	4	1	0
GCF_014836935.1	1	1	0	0	5	2	0
GCF_014836945.1	0	1	0	0	0	3	0
GCF_014836955.1	1	1	0	0	2	2	0
GCF_014836985.1	1	1	0	0	1	3	0
GCF_014837015.1	1	0	0	0	2	0	0
GCF_014837035.1	0	1	0	0	0	2	0
GCF_014837045.1	1	0	0	0	2	0	0
GCF_014837055.1	0	1	0	0	0	3	0
GCF_014837065.1	0	1	0	0	0	3	0
GCF_014837105.1	1	1	0	0	1	2	0
GCF_014837145.1	0	1	0	0	0	2	0
GCF_014837165.1	1	1	0	0	3	1	0
GCF_014837235.1	1	0	0	0	8	0	0
GCF_014837245.1	1	1	0	0	1	2	0
GCF_014837295.1	1	1	0	0	2	1	0
GCF_014841105.1	1	0	0	0	1	0	0
GCF_014841115.1	1	1	0	0	1	1	0
GCF_014841125.1	0	1	0	0	0	1	0
GCF_014841135.1	0	1	0	0	0	4	0
GCF_014841215.1	1	0	0	0	1	0	0
GCF_014842875.1	1	0	0	0	3	0	0
GCF_014842915.1	1	1	0	0	2	2	0
GCF_014842925.1	1	0	0	0	2	0	0
GCF_014843905.1	1	1	0	0	8	2	0
GCF_014843995.1	0	1	0	0	0	2	0
GCF_014844295.1	0	1	0	0	0	1	0
GCF_014845115.1	1	0	0	0	3	0	0
GCF_014850955.1	0	0	0	0	0	0	0
GCF_014852565.2	1	1	0	0	7	4	0
GCF_014852685.1	0	0	0	0	0	0	0
GCF_014855495.1	0	0	0	0	0	0	0
GCF_014855505.1	0	1	0	0	0	2	0
GCF_014857065.1	0	0	0	0	0	0	0
GCF_014857905.1	1	1	0	0	3	2	0
GCF_014857925.1	1	0	0	0	2	0	0
GCF_014858725.1	0	1	0	0	0	1	0
GCF_014861485.1	1	0	0	0	1	0	0
GCF_014863355.1	1	1	0	0	5	2	0
GCF_014863405.1	0	0	0	0	0	0	0
GCF_014863585.1	1	0	0	0	4	0	0
GCF_014863605.1	1	0	0	0	4	0	0
GCF_014863965.1	0	1	0	0	0	2	0
GCF_014873145.1	1	1	0	0	14	9	0
GCF_014873495.1	1	1	0	0	9	4	0
GCF_014873535.1	1	1	0	0	8	5	0
GCF_014873755.1	1	1	1	1	12	3	2
GCF_014873765.1	0	1	1	1	0	1	2
GCF_014873855.1	1	0	0	0	1	0	0
GCF_014873875.1	1	1	0	0	7	6	0
GCF_014873935.1	1	1	0	0	18	1	0
GCF_014873945.1	1	1	0	0	1	2	0
GCF_014873955.1	1	0	0	0	1	0	0
GCF_014874055.1	1	1	0	0	12	2	0
GCF_014874065.1	1	1	0	0	1	1	0
GCF_014874095.1	1	1	0	0	4	3	0
GCF_014876775.1	0	0	0	0	0	0	0
GCF_014878135.1	0	1	0	0	0	2	0
GCF_014878255.1	0	0	0	0	0	0	0
GCF_014879295.1	0	1	0	0	0	2	0
GCF_014879975.1	0	1	0	0	0	2	0
GCF_014884385.1	1	1	0	0	5	1	0
GCF_014884965.1	0	1	0	0	0	1	0
GCF_014884995.1	0	1	0	0	0	1	0
GCF_014885015.1	0	1	0	0	0	1	0
GCF_014892245.1	1	1	0	0	7	5	0
GCF_014892575.1	1	1	0	0	7	2	0
GCF_014892695.1	0	1	0	0	0	1	0
GCF_014896945.1	0	0	0	0	0	0	0
GCF_014897975.1	1	0	0	0	5	0	0
GCF_014897985.1	1	0	0	0	4	0	0
GCF_014898005.1	1	0	0	0	2	0	0
GCF_014898075.1	0	0	0	0	0	0	0
GCF_014898155.1	1	1	0	0	2	1	0
GCF_014898175.1	0	1	0	0	0	1	0
GCF_014898195.1	0	1	0	0	0	1	0
GCF_014898265.1	1	1	0	0	6	1	0
GCF_014899185.1	1	0	0	0	6	0	0
GCF_014903745.1	1	1	0	0	2	1	0
GCF_014904705.1	1	1	0	0	16	1	0
GCF_014904735.1	1	1	0	0	2	2	0
GCF_014904745.1	1	0	0	0	4	0	0
GCF_014904755.1	0	0	0	0	0	0	0
GCF_014904795.1	1	1	0	0	16	1	0
GCF_014904815.1	1	1	0	0	2	2	0
GCF_014905095.1	0	0	0	0	0	0	0
GCF_014905115.1	0	0	0	0	0	0	0
GCF_014905135.1	0	0	0	0	0	0	0
GCF_014905415.1	1	1	0	0	2	5	0
GCF_014925285.1	0	1	0	0	0	3	0
GCF_014925355.1	0	1	0	0	0	3	0
GCF_014925385.1	1	0	0	0	8	0	0
GCF_014926385.1	1	1	0	0	1	1	0
GCF_014926585.1	1	1	0	0	1	2	0
GCF_014930455.1	1	1	0	0	1	2	0
GCF_014930725.1	0	1	0	0	0	1	0
GCF_014931175.1	0	0	0	0	0	0	0
GCF_014931715.1	0	1	0	0	0	1	0
GCF_014946775.2	0	1	0	0	0	2	0
GCF_014947195.2	0	1	0	0	0	5	0
GCF_014960965.1	1	1	0	0	4	1	0
GCF_014961145.1	0	1	0	0	0	2	0
GCF_014982515.1	0	1	0	0	0	2	0
GCF_014982715.1	0	0	0	0	0	0	0
GCF_014982725.1	0	1	0	0	0	1	0
GCF_014982745.1	1	1	1	1	3	3	4
GCF_014982785.1	0	1	0	0	0	2	0
GCF_014982805.1	0	1	1	1	0	3	2
GCF_014982855.1	0	1	1	0	0	3	1
GCF_014982935.1	1	1	1	1	5	3	3
GCF_014982975.1	0	1	1	1	0	5	4
GCF_015024225.1	1	1	0	0	6	1	0
GCF_015069875.1	0	1	0	0	0	1	0
GCF_015070375.1	1	0	0	0	5	0	0
GCF_015070385.1	1	0	0	0	2	0	0
GCF_015070805.1	1	1	0	0	2	1	0
GCF_015070855.1	1	0	0	0	6	0	0
GCF_015070875.1	1	1	0	0	12	1	0
GCF_015074805.1	1	0	0	0	11	0	0
GCF_015097055.1	1	0	0	0	6	0	0
GCF_015097275.1	0	1	0	0	0	1	0
GCF_015097455.1	0	1	0	0	0	3	0
GCF_015099595.1	1	0	0	0	14	0	0
GCF_015100395.1	0	1	1	0	0	1	1
GCF_015101885.1	1	1	0	0	7	2	0
GCF_015139575.1	0	1	1	0	0	3	1
GCF_015140235.1	0	1	0	0	0	2	0
GCF_015142735.1	0	1	0	0	0	2	0
GCF_015158295.1	1	1	0	0	2	2	0
GCF_015159595.1	0	1	1	0	0	5	1
GCF_015159745.1	1	0	0	0	5	0	0
GCF_015160855.1	1	1	0	0	8	4	0
GCF_015160875.1	1	1	0	0	4	2	0
GCF_015163075.1	1	1	0	0	7	4	0
GCF_015163715.1	1	0	0	0	5	0	0
GCF_015167415.1	0	1	1	0	0	2	1
GCF_015168335.1	1	0	0	0	3	0	0
GCF_015169395.1	0	0	0	0	0	0	0
GCF_015182285.1	1	1	0	0	2	1	0
GCF_015182315.1	0	1	0	0	0	2	0
GCF_015207005.2	0	1	0	0	0	1	0
GCF_015207035.1	0	0	0	0	0	0	0
GCF_015207065.1	0	0	0	0	0	0	0
GCF_015207075.1	0	0	0	0	0	0	0
GCF_015207255.1	0	0	0	0	0	0	0
GCF_015207425.1	0	1	0	0	0	1	0
GCF_015207485.1	0	1	0	0	0	1	0
GCF_015207655.1	0	0	0	0	0	0	0
GCF_015207835.1	0	0	0	0	0	0	0
GCF_015207985.1	0	0	0	0	0	0	0
GCF_015209585.1	1	1	0	0	1	1	0
GCF_015209595.1	1	0	0	0	3	0	0
GCF_015209725.1	1	0	0	0	3	0	0
GCF_015209745.1	1	0	0	0	3	0	0
GCF_015209965.1	1	1	0	0	2	2	0
GCF_015210005.1	0	1	0	0	0	1	0
GCF_015220045.1	1	1	0	0	4	1	0
GCF_015221875.1	0	0	0	0	0	0	0
GCF_015221995.1	1	1	0	0	2	1	0
GCF_015223105.1	0	1	0	0	0	1	0
GCF_015223195.1	0	1	0	0	0	1	0
GCF_015223355.1	1	0	0	0	11	0	0
GCF_015223435.1	0	0	0	0	0	0	0
GCF_015234135.1	1	1	0	0	1	1	0
GCF_015234215.1	0	1	1	0	0	4	1
GCF_015240255.1	1	1	0	0	5	1	0
GCF_015244315.1	1	1	1	1	13	5	2
GCF_015244565.1	0	1	0	0	0	1	0
GCF_015244665.1	0	1	0	0	0	3	0
GCF_015244675.1	0	1	0	0	0	2	0
GCF_015244705.1	0	1	0	0	0	2	0
GCF_015244745.1	0	1	0	0	0	2	0
GCF_015245355.1	0	0	0	0	0	0	0
GCF_015262605.1	0	1	0	0	0	1	0
GCF_015265435.1	1	0	0	0	5	0	0
GCF_015265455.1	0	0	0	0	0	0	0
GCF_015265475.1	0	0	0	0	0	0	0
GCF_015277515.1	0	1	1	1	0	3	2
GCF_015277675.1	1	1	0	0	1	1	0
GCF_015277775.1	1	1	0	0	1	1	0
GCF_015277815.1	0	1	0	0	0	3	0
GCF_015277855.1	1	1	1	1	5	2	2
GCF_015277875.1	1	1	0	0	1	1	0
GCF_015277895.1	1	1	0	0	6	5	0
GCF_015278125.1	0	1	0	0	0	1	0
GCF_015278215.1	1	1	0	0	2	5	0
GCF_015278255.1	0	0	0	0	0	0	0
GCF_015278315.1	1	1	1	1	1	2	2
GCF_015291705.1	1	1	0	0	27	1	0
GCF_015319165.1	1	0	0	0	5	0	0
GCF_015319355.1	0	1	0	0	0	1	0
GCF_015326295.1	1	1	0	0	2	4	0
GCF_015326725.1	1	1	0	0	1	1	0
GCF_015330125.1	0	0	0	0	0	0	0
GCF_015330165.1	0	0	0	0	0	0	0
GCF_015351395.1	1	0	0	0	3	0	0
GCF_015351765.1	1	1	1	1	1	4	7
GCF_015352425.1	1	1	1	1	3	3	2
GCF_015352445.1	1	0	0	0	5	0	0
GCF_015352455.1	1	1	0	0	2	3	0
GCF_015352955.1	1	0	0	0	13	0	0
GCF_015352975.1	0	1	0	0	0	3	0
GCF_015352985.1	1	0	0	0	26	0	0
GCF_015354055.1	1	0	0	0	9	0	0
GCF_015354245.1	1	0	0	0	32	0	0
GCF_015354315.1	0	1	0	0	0	2	0
GCF_015354615.1	0	0	0	0	0	0	0
GCF_015354735.1	0	1	0	0	0	2	0
GCF_015355765.1	0	1	0	0	0	1	0
GCF_015356115.1	0	0	0	0	0	0	0
GCF_015356755.1	0	1	0	0	0	1	0
GCF_015356765.1	0	0	0	0	0	0	0
GCF_015356785.1	0	0	0	0	0	0	0
GCF_015356815.2	0	0	0	0	0	0	0
GCF_015356825.1	1	1	0	0	16	9	0
GCF_015356855.1	1	0	0	0	3	0	0
GCF_015356865.1	1	1	0	0	5	7	0
GCF_015377145.2	1	0	0	0	3	0	0
GCF_015453285.1	0	0	0	0	0	0	0
GCF_015461805.1	1	0	0	0	5	0	0
GCF_015461835.1	1	0	0	0	4	0	0
GCF_015461845.1	1	0	0	0	5	0	0
GCF_015472005.1	0	1	0	0	0	3	0
GCF_015475875.1	1	0	0	0	7	0	0
GCF_015476115.1	0	1	0	0	0	1	0
GCF_015476235.1	1	0	0	0	6	0	0
GCF_015476275.1	1	0	0	0	4	0	0
GCF_015476335.1	0	0	0	0	0	0	0
GCF_015476655.1	0	1	0	0	0	1	0
GCF_015477355.1	1	1	0	0	9	1	0
GCF_015482585.1	0	1	0	0	0	2	0
GCF_015482775.1	1	0	0	0	5	0	0
GCF_015500095.1	1	0	0	0	1	0	0
GCF_015529805.1	1	0	0	0	5	0	0
GCF_015555825.1	0	1	0	0	0	2	0
GCF_015560805.1	0	1	0	0	0	2	0
GCF_015594545.1	1	1	0	0	1	2	0
GCF_015594845.1	0	1	0	0	0	1	0
GCF_015624505.1	1	0	0	0	20	0	0
GCF_015627105.1	0	0	0	0	0	0	0
GCF_015627125.1	0	0	0	0	0	0	0
GCF_015627175.1	0	0	0	0	0	0	0
GCF_015644585.1	0	1	0	0	0	1	0
GCF_015644725.1	0	1	0	0	0	1	0
GCF_015645385.1	0	1	0	0	0	1	0
GCF_015645445.1	1	1	0	0	15	3	0
GCF_015645465.1	1	0	0	0	5	0	0
GCF_015666175.1	0	1	1	0	0	5	1
GCF_015674855.1	1	1	0	0	22	1	0
GCF_015679185.1	1	1	0	0	2	3	0
GCF_015679265.1	1	1	0	0	4	1	0
GCF_015679325.1	0	1	0	0	0	2	0
GCF_015680405.1	1	0	0	0	4	0	0
GCF_015686695.1	0	1	0	0	0	1	0
GCF_015689195.1	1	1	0	0	1	2	0
GCF_015689335.1	1	1	0	0	3	2	0
GCF_015689395.1	0	0	0	0	0	0	0
GCF_015689475.1	1	1	0	0	10	3	0
GCF_015689495.1	1	0	0	0	3	0	0
GCF_015690345.1	1	1	0	0	2	3	0
GCF_015690355.1	1	1	0	0	4	3	0
GCF_015694345.1	1	0	0	0	6	0	0
GCF_015694405.1	1	1	1	1	4	2	2
GCF_015694425.1	1	1	0	0	1	2	0
GCF_015694465.1	1	1	0	0	3	2	0
GCF_015694525.1	1	0	0	0	2	0	0
GCF_015694725.1	1	0	0	0	1	0	0
GCF_015694735.1	1	0	0	0	2	0	0
GCF_015704865.1	1	1	0	0	6	2	0
GCF_015707995.1	0	0	0	0	0	0	0
GCF_015708085.1	1	1	0	0	2	2	0
GCF_015710995.1	1	1	0	0	6	3	0
GCF_015712105.2	1	0	0	0	5	0	0
GCF_015731765.1	0	1	1	0	0	1	1
GCF_015732155.1	0	1	0	0	0	1	0
GCF_015732185.1	0	1	0	0	0	1	0
GCF_015751755.1	1	1	0	0	11	1	0
GCF_015751765.1	1	1	0	0	2	1	0
GCF_015751785.1	1	1	0	0	3	1	0
GCF_015751895.1	1	1	0	0	1	3	0
GCF_015751905.1	1	1	0	0	2	2	0
GCF_015767265.1	0	1	0	0	0	1	0
GCF_015773195.1	1	1	0	0	1	1	0
GCF_015775515.1	0	1	1	1	0	5	2
GCF_015775975.1	1	1	0	0	1	1	0
GCF_015831345.1	1	0	0	0	23	0	0
GCF_015831355.1	0	0	0	0	0	0	0
GCF_015863205.1	0	1	1	0	0	2	1
GCF_015865035.1	1	0	0	0	7	0	0
GCF_015904235.1	1	1	0	0	1	2	0
GCF_015905305.1	1	0	0	0	4	0	0
GCF_015910445.1	1	1	0	0	11	3	0
GCF_015910655.1	1	0	0	0	3	0	0
GCF_015999265.1	0	1	0	0	0	3	0
GCF_015999335.1	1	1	0	0	2	1	0
GCF_015999465.1	0	0	0	0	0	0	0
GCF_016019885.1	1	0	0	0	1	0	0
GCF_016019955.1	1	1	0	0	10	2	0
GCF_016025255.1	1	0	0	0	1	0	0
GCF_016025525.2	0	0	0	0	0	0	0
GCF_016026395.1	1	1	0	0	2	1	0
GCF_016026575.1	0	1	0	0	0	1	0
GCF_016026615.1	0	1	1	0	0	2	1
GCF_016026635.1	0	0	0	0	0	0	0
GCF_016026695.1	0	1	0	0	0	4	0
GCF_016026735.1	0	1	0	0	0	1	0
GCF_016026755.1	1	1	0	0	2	3	0
GCF_016027095.1	1	0	0	0	1	0	0
GCF_016027375.1	0	1	0	0	0	3	0
GCF_016027415.1	1	1	0	0	6	1	0
GCF_016027855.1	0	1	1	0	0	3	1
GCF_016028275.1	0	1	0	0	0	1	0
GCF_016028295.1	0	1	0	0	0	2	0
GCF_016028515.1	1	0	0	0	4	0	0
GCF_016028635.1	1	0	0	0	5	0	0
GCF_016028735.1	1	0	0	0	6	0	0
GCF_016028775.1	0	0	0	0	0	0	0
GCF_016028795.1	0	1	0	0	0	1	0
GCF_016028855.1	0	0	0	0	0	0	0
GCF_016031615.1	1	1	0	0	2	2	0
GCF_016031625.1	1	0	0	0	21	0	0
GCF_016031635.1	1	0	0	0	22	0	0
GCF_016031645.1	0	0	0	0	0	0	0
GCF_016031655.1	1	0	0	0	20	0	0
GCF_016055185.1	1	1	0	0	1	3	0
GCF_016056275.1	0	1	0	0	0	1	0
GCF_016056295.1	0	1	0	0	0	1	0
GCF_016056305.1	0	1	0	0	0	1	0
GCF_016056375.1	1	0	0	0	1	0	0
GCF_016064815.1	1	0	0	0	3	0	0
GCF_016065055.1	1	0	0	0	1	0	0
GCF_016093275.1	1	1	0	0	4	2	0
GCF_016093295.1	1	1	0	0	3	2	0
GCF_016093545.1	1	1	0	0	3	2	0
GCF_016097405.1	0	0	0	0	0	0	0
GCF_016097415.1	0	0	0	0	0	0	0
GCF_016100835.1	1	0	0	0	1	0	0
GCF_016101585.1	0	1	0	0	0	1	0
GCF_016102005.1	0	1	0	0	0	1	0
GCF_016102465.1	0	0	0	0	0	0	0
GCF_016106005.1	1	0	0	0	17	0	0
GCF_016106015.1	1	1	0	0	17	1	0
GCF_016106035.1	0	0	0	0	0	0	0
GCF_016107395.1	1	1	0	0	5	4	0
GCF_016107535.1	1	0	0	0	2	0	0
GCF_016107555.1	1	0	0	0	2	0	0
GCF_016107655.1	1	1	0	0	12	1	0
GCF_016107685.1	1	0	0	0	15	0	0
GCF_016110345.1	0	0	0	0	0	0	0
GCF_016117655.1	0	1	0	0	0	1	0
GCF_016123485.1	1	1	0	0	5	2	0
GCF_016124105.1	1	0	1	1	8	0	4
GCF_016126015.1	0	0	0	0	0	0	0
GCF_016127195.1	0	1	1	0	0	2	1
GCF_016127215.1	0	0	0	0	0	0	0
GCF_016127255.1	0	1	0	0	0	1	0
GCF_016127275.1	0	1	0	0	0	2	0
GCF_016127355.1	0	0	0	0	0	0	0
GCF_016127455.1	0	1	0	0	0	1	0
GCF_016127475.1	0	1	1	1	0	3	2
GCF_016127495.1	1	0	0	0	2	0	0
GCF_016127715.1	0	0	0	0	0	0	0
GCF_016127855.1	0	1	0	0	0	2	0
GCF_016127955.1	0	0	0	0	0	0	0
GCF_016127995.1	1	1	0	0	1	1	0
GCF_016128095.1	0	0	0	0	0	0	0
GCF_016128195.1	1	1	0	0	10	2	0
GCF_016132445.1	1	1	0	0	1	1	0
GCF_016132545.1	1	1	0	0	12	1	0
GCF_016134045.1	1	1	0	0	1	1	0
GCF_016135805.1	1	0	0	0	8	0	0
GCF_016236975.1	0	0	0	0	0	0	0
GCF_016238445.1	0	1	0	0	0	1	0
GCF_016238465.1	0	1	0	0	0	1	0
GCF_016250455.1	0	0	0	0	0	0	0
GCF_016306625.1	0	1	0	0	0	1	0
GCF_016307205.1	1	1	0	0	1	1	0
GCF_016313185.1	1	0	0	0	12	0	0
GCF_016316925.1	0	1	1	1	0	8	4
GCF_016342265.1	0	0	0	0	0	0	0
GCF_016342275.1	0	0	0	0	0	0	0
GCF_016342785.1	0	0	0	0	0	0	0
GCF_016401385.1	0	1	0	0	0	3	0
GCF_016406085.1	0	1	0	0	0	1	0
GCF_016406105.1	1	1	0	0	2	2	0
GCF_016406325.1	0	1	0	0	0	1	0
GCF_016411825.1	0	1	0	0	0	3	0
GCF_016411865.1	1	0	0	0	19	0	0
GCF_016412875.1	1	1	0	0	2	1	0
GCF_016415625.1	0	1	0	0	0	1	0
GCF_016424485.1	0	1	0	0	0	4	0
GCF_016427565.1	1	1	0	0	4	2	0
GCF_016428585.1	1	0	0	0	5	0	0
GCF_016428595.1	1	1	0	0	2	1	0
GCF_016428645.1	0	1	0	0	0	4	0
GCF_016446285.1	1	1	1	0	1	1	1
GCF_016446475.1	1	1	0	0	4	1	0
GCF_016458235.1	0	1	1	1	0	2	3
GCF_016458275.1	0	1	1	1	0	2	2
GCF_016458305.1	0	1	1	1	0	3	3
GCF_016458825.1	0	1	1	1	0	3	2
GCF_016461705.1	0	1	0	0	0	2	0
GCF_016461795.1	1	1	1	1	1	3	2
GCF_016463975.1	0	0	0	0	0	0	0
GCF_016464305.1	1	1	0	0	1	3	0
GCF_016464365.1	1	0	0	0	8	0	0
GCF_016464385.1	1	1	0	0	3	3	0
GCF_016464425.1	0	1	0	0	0	1	0
GCF_016464625.1	0	1	0	0	0	2	0
GCF_016464705.1	1	1	1	1	16	1	2
GCF_016469335.1	0	0	0	0	0	0	0
GCF_016481285.1	0	1	0	0	0	1	0
GCF_016481305.1	0	1	0	0	0	1	0
GCF_016482785.1	1	1	0	0	2	5	0
GCF_016482825.1	1	0	0	0	7	0	0
GCF_016495725.1	1	0	0	0	12	0	0
GCF_016495865.1	1	1	0	0	9	2	0
GCF_016522065.1	1	1	0	0	2	1	0
GCF_016522075.1	0	1	0	0	0	2	0
GCF_016522505.1	1	1	0	0	4	1	0
GCF_016522535.1	1	0	0	0	2	0	0
GCF_016552165.1	0	1	1	0	0	1	1
GCF_016576965.1	1	0	0	0	2	0	0
GCF_016583575.1	0	0	0	0	0	0	0
GCF_016583625.1	0	1	0	0	0	1	0
GCF_016583645.1	1	0	0	0	2	0	0
GCF_016583745.1	0	0	0	0	0	0	0
GCF_016583795.1	0	0	0	0	0	0	0
GCF_016583825.1	0	0	0	0	0	0	0
GCF_016583835.1	0	0	0	0	0	0	0
GCF_016583905.1	0	1	0	0	0	1	0
GCF_016583985.1	0	0	0	0	0	0	0
GCF_016584055.1	0	0	0	0	0	0	0
GCF_016584085.1	0	0	0	0	0	0	0
GCF_016584105.1	0	0	0	0	0	0	0
GCF_016584425.1	0	0	0	0	0	0	0
GCF_016584445.1	1	1	1	1	11	2	2
GCF_016586355.1	0	1	1	0	0	4	1
GCF_016587355.1	1	1	0	0	2	3	0
GCF_016587375.1	1	1	0	0	3	2	0
GCF_016587435.1	1	1	0	0	1	3	0
GCF_016587455.1	1	1	0	0	5	3	0
GCF_016587815.1	0	0	0	0	0	0	0
GCF_016591975.1	0	1	1	1	0	5	2
GCF_016592575.1	0	1	1	1	0	3	3
GCF_016592595.1	0	0	0	0	0	0	0
GCF_016592615.1	0	0	0	0	0	0	0
GCF_016593255.1	0	1	0	0	0	1	0
GCF_016595155.1	1	0	0	0	15	0	0
GCF_016595215.1	0	1	0	0	0	2	0
GCF_016595245.1	1	0	0	0	13	0	0
GCF_016595275.2	0	0	0	0	0	0	0
GCF_016595285.2	0	0	0	0	0	0	0
GCF_016595415.1	0	0	0	0	0	0	0
GCF_016595435.1	0	1	0	0	0	1	0
GCF_016595465.1	0	0	0	0	0	0	0
GCF_016595495.1	0	0	0	0	0	0	0
GCF_016595505.1	1	1	1	0	1	2	1
GCF_016595525.1	0	0	0	0	0	0	0
GCF_016595555.1	1	0	0	0	1	0	0
GCF_016595575.1	0	1	0	0	0	1	0
GCF_016595675.1	1	1	0	0	30	2	0
GCF_016595795.1	0	1	1	1	0	5	2
GCF_016598475.1	1	1	0	0	6	4	0
GCF_016598485.1	1	1	0	0	5	2	0
GCF_016598615.1	1	1	0	0	9	5	0
GCF_016598775.1	0	1	0	0	0	1	0
GCF_016599145.1	1	0	0	0	7	0	0
GCF_016599635.1	1	0	0	0	1	0	0
GCF_016599755.1	0	0	0	0	0	0	0
GCF_016599795.1	0	1	0	0	0	1	0
GCF_016599815.1	0	1	1	1	0	3	2
GCF_016599875.1	1	0	0	0	14	0	0
GCF_016605985.1	0	1	0	0	0	4	0
GCF_016612505.1	0	1	0	0	0	2	0
GCF_016612995.1	1	1	0	0	1	1	0
GCF_016613475.2	0	0	0	0	0	0	0
GCF_016613535.2	0	0	0	0	0	0	0
GCF_016616095.2	0	1	0	0	0	6	0
GCF_016617615.1	0	0	0	0	0	0	0
GCF_016618195.1	1	1	0	0	4	2	0
GCF_016623495.1	1	0	0	0	7	0	0
GCF_016623585.1	0	1	0	0	0	2	0
GCF_016623605.1	0	0	0	0	0	0	0
GCF_016623615.1	1	1	0	0	1	1	0
GCF_016629665.1	1	1	0	0	3	1	0
GCF_016632335.1	1	0	0	0	16	0	0
GCF_016632365.1	0	1	0	0	0	1	0
GCF_016632405.1	1	0	0	0	12	0	0
GCF_016634425.1	0	1	0	0	0	1	0
GCF_016638705.1	1	1	0	0	2	4	0
GCF_016641735.1	1	0	0	0	14	0	0
GCF_016647595.1	1	1	0	0	1	1	0
GCF_016649425.1	1	1	0	0	1	2	0
GCF_016651435.1	0	1	1	1	0	5	4
GCF_016653115.1	1	1	1	1	1	3	2
GCF_016653255.1	1	1	0	0	2	1	0
GCF_016653295.1	0	0	0	0	0	0	0
GCF_016653315.1	0	1	0	0	0	1	0
GCF_016653355.1	1	0	0	0	7	0	0
GCF_016653465.1	0	1	1	0	0	2	1
GCF_016653615.1	1	0	0	0	2	0	0
GCF_016654015.1	1	1	0	0	25	1	0
GCF_016656965.1	1	0	0	0	3	0	0
GCF_016679925.1	1	1	0	0	1	1	0
GCF_016680995.1	0	1	1	1	0	7	4
GCF_016696765.1	0	1	1	1	0	1	2
GCF_016698645.1	0	1	0	0	0	1	0
GCF_016698665.1	1	1	0	0	1	3	0
GCF_016698705.1	1	1	0	0	9	1	0
GCF_016722765.1	1	1	1	1	24	5	4
GCF_016722785.1	1	1	1	1	17	5	4
GCF_016722895.1	1	0	0	0	14	0	0
GCF_016722925.1	1	1	0	0	3	1	0
GCF_016722965.1	0	1	0	0	0	1	0
GCF_016724785.1	0	1	1	1	0	2	2
GCF_016724805.1	0	1	0	0	0	1	0
GCF_016724865.1	1	1	0	0	3	6	0
GCF_016725005.1	0	0	0	0	0	0	0
GCF_016725245.1	1	1	0	0	1	1	0
GCF_016725645.1	0	0	0	0	0	0	0
GCF_016725865.1	0	1	0	0	0	1	0
GCF_016726365.1	0	0	0	0	0	0	0
GCF_016726485.1	0	1	1	1	0	2	2
GCF_016726985.1	0	1	0	0	0	1	0
GCF_016728105.1	0	0	0	0	0	0	0
GCF_016728365.1	0	0	0	0	0	0	0
GCF_016728665.1	1	0	0	0	2	0	0
GCF_016728785.1	0	1	0	0	0	2	0
GCF_016728825.1	1	0	0	0	16	0	0
GCF_016734765.1	1	1	0	0	6	2	0
GCF_016734805.1	1	1	0	0	1	1	0
GCF_016734815.1	1	0	0	0	2	0	0
GCF_016735115.1	0	1	0	0	0	1	0
GCF_016735455.1	1	1	0	0	6	2	0
GCF_016735585.2	0	1	0	0	0	2	0
GCF_016735595.1	1	0	0	0	1	0	0
GCF_016735615.1	1	1	0	0	2	1	0
GCF_016735675.1	1	0	0	0	2	0	0
GCF_016735685.1	1	0	0	0	1	0	0
GCF_016735695.1	1	1	0	0	8	3	0
GCF_016741775.1	1	1	0	0	4	2	0
GCF_016741815.1	1	1	0	0	5	2	0
GCF_016741855.1	1	1	0	0	5	2	0
GCF_016741875.1	1	1	0	0	9	2	0
GCF_016741935.1	1	1	0	0	13	4	0
GCF_016742955.1	0	1	0	0	0	3	0
GCF_016743775.1	1	1	0	0	3	2	0
GCF_016743795.2	0	0	0	0	0	0	0
GCF_016743815.1	1	1	0	0	5	1	0
GCF_016745235.1	0	1	0	0	0	2	0
GCF_016745835.1	0	1	0	0	0	3	0
GCF_016746085.1	1	0	0	0	2	0	0
GCF_016746095.1	0	1	0	0	0	1	0
GCF_016747875.1	0	0	0	0	0	0	0
GCF_016751895.1	0	0	0	0	0	0	0
GCF_016755875.1	1	1	0	0	5	1	0
GCF_016756775.1	1	1	0	0	1	1	0
GCF_016757215.1	0	1	0	0	0	1	0
GCF_016757275.1	1	1	0	0	5	1	0
GCF_016757735.1	0	1	0	0	0	1	0
GCF_016757795.1	0	1	0	0	0	1	0
GCF_016757965.1	1	1	1	1	6	1	2
GCF_016758195.1	1	0	0	0	3	0	0
GCF_016765585.1	0	1	1	1	0	7	2
GCF_016765615.1	0	1	1	0	0	4	1
GCF_016765635.1	1	1	0	0	1	2	0
GCF_016765655.2	1	0	0	0	10	0	0
GCF_016765675.1	1	1	0	0	5	3	0
GCF_016765695.1	0	1	1	1	0	4	3
GCF_016765775.1	1	1	0	0	7	1	0
GCF_016765795.1	1	1	0	0	1	1	0
GCF_016766875.1	0	1	0	0	0	3	0
GCF_016767175.1	0	1	1	1	0	6	3
GCF_016771845.1	0	1	0	0	0	1	0
GCF_016772275.1	1	1	0	0	1	6	0
GCF_016772315.1	0	1	0	0	0	1	0
GCF_016773205.1	1	0	0	0	22	0	0
GCF_016774335.1	1	1	0	0	6	1	0
GCF_016774385.1	1	1	0	0	3	1	0
GCF_016775155.1	1	0	0	0	1	0	0
GCF_016775475.1	1	0	0	0	26	0	0
GCF_016785085.1	1	1	0	0	6	7	0
GCF_016785945.1	0	0	0	0	0	0	0
GCF_016786215.1	1	0	0	0	1	0	0
GCF_016786255.1	0	1	0	0	0	1	0
GCF_016786325.1	1	0	0	0	50	0	0
GCF_016791605.1	1	1	1	1	1	3	3
GCF_016798325.1	1	0	0	0	2	0	0
GCF_016801025.1	1	1	0	0	2	2	0
GCF_016801755.1	1	1	0	0	3	1	0
GCF_016801985.1	1	0	1	1	7	0	2
GCF_016802865.1	1	1	0	0	1	3	0
GCF_016803395.1	1	1	0	0	1	2	0
GCF_016804005.1	1	1	0	0	3	3	0
GCF_016804345.1	1	1	1	1	13	1	2
GCF_016805305.1	1	1	0	0	22	1	0
GCF_016806125.1	1	1	0	0	6	1	0
GCF_016806695.1	0	0	0	0	0	0	0
GCF_016806835.2	1	0	0	0	9	0	0
GCF_016807805.1	1	0	0	0	32	0	0
GCF_016811105.1	0	0	0	0	0	0	0
GCF_016811235.1	1	1	0	0	3	2	0
GCF_016812185.1	1	0	0	0	2	0	0
GCF_016817355.1	1	0	0	0	2	0	0
GCF_016820445.1	1	0	0	0	2	0	0
GCF_016820495.1	0	1	0	0	0	1	0
GCF_016820515.1	1	0	0	0	2	0	0
GCF_016820575.1	1	0	0	0	1	0	0
GCF_016820615.1	1	1	0	0	2	3	0
GCF_016820635.1	1	1	1	1	1	5	2
GCF_016820655.1	0	1	1	1	0	6	2
GCF_016827595.1	0	1	0	0	0	1	0
GCF_016827605.1	1	1	0	0	1	1	0
GCF_016827675.1	1	0	0	0	2	0	0
GCF_016834455.1	1	1	0	0	1	3	0
GCF_016834655.1	1	1	0	0	5	5	0
GCF_016836705.1	1	1	0	0	3	2	0
GCF_016858125.1	1	0	0	0	4	0	0
GCF_016860525.1	1	1	0	0	7	2	0
GCF_016860545.1	1	1	0	0	3	3	0
GCF_016860605.1	0	1	0	0	0	3	0
GCF_016860625.1	0	1	0	0	0	2	0
GCF_016861545.1	1	0	0	0	25	0	0
GCF_016861565.1	0	1	0	0	0	3	0
GCF_016861605.1	0	1	0	0	0	1	0
GCF_016861655.1	0	1	0	0	0	1	0
GCF_016861695.1	0	1	0	0	0	1	0
GCF_016861785.1	0	0	0	0	0	0	0
GCF_016861845.1	0	1	0	0	0	1	0
GCF_016861915.1	0	1	0	0	0	1	0
GCF_016861975.1	1	1	0	0	4	3	0
GCF_016862035.1	1	1	0	0	7	1	0
GCF_016862055.1	1	1	0	0	7	1	0
GCF_016862095.1	1	1	0	0	3	4	0
GCF_016862115.1	1	1	0	0	7	2	0
GCF_016862175.1	1	1	0	0	6	4	0
GCF_016862195.1	1	1	0	0	5	2	0
GCF_016862215.1	1	1	0	0	3	2	0
GCF_016862235.1	1	1	0	0	8	1	0
GCF_016862275.1	1	1	0	0	4	2	0
GCF_016862315.1	1	1	0	0	3	4	0
GCF_016862375.1	1	1	0	0	5	2	0
GCF_016862395.1	1	1	0	0	1	1	0
GCF_016862455.1	1	1	0	0	4	2	0
GCF_016862475.1	1	1	0	0	3	1	0
GCF_016862515.1	1	1	0	0	9	4	0
GCF_016862555.1	1	1	0	0	4	2	0
GCF_016862575.1	1	1	0	0	3	6	0
GCF_016862615.1	1	1	0	0	5	4	0
GCF_016862635.1	1	1	0	0	2	4	0
GCF_016862675.1	1	1	0	0	1	1	0
GCF_016862695.1	1	1	0	0	3	1	0
GCF_016862735.1	0	0	0	0	0	0	0
GCF_016862755.1	0	0	0	0	0	0	0
GCF_016862775.1	0	0	0	0	0	0	0
GCF_016862795.1	1	1	0	0	8	3	0
GCF_016862815.1	0	1	0	0	0	1	0
GCF_016862855.1	1	1	0	0	1	2	0
GCF_016862875.1	1	1	0	0	5	4	0
GCF_016862895.1	1	1	0	0	6	3	0
GCF_016862915.1	1	1	0	0	3	2	0
GCF_016862935.1	1	1	0	0	4	1	0
GCF_016862955.1	1	1	0	0	8	3	0
GCF_016862975.1	1	1	0	0	8	8	0
GCF_016862995.1	1	1	0	0	9	3	0
GCF_016863015.1	1	1	0	0	5	1	0
GCF_016863035.1	1	1	0	0	8	4	0
GCF_016863095.1	1	1	0	0	7	4	0
GCF_016863115.1	1	1	0	0	3	2	0
GCF_016863135.1	1	1	0	0	9	4	0
GCF_016863175.1	1	1	0	0	2	3	0
GCF_016863195.1	1	1	0	0	3	4	0
GCF_016863215.1	1	1	0	0	3	2	0
GCF_016863255.1	1	1	0	0	6	3	0
GCF_016863275.1	1	1	0	0	5	3	0
GCF_016863295.1	1	1	0	0	5	3	0
GCF_016863315.1	1	1	0	0	7	2	0
GCF_016863335.1	1	1	0	0	6	2	0
GCF_016863355.1	1	1	0	0	6	3	0
GCF_016863375.1	1	1	0	0	2	2	0
GCF_016863395.1	1	1	0	0	5	1	0
GCF_016863435.1	1	1	0	0	10	4	0
GCF_016863455.1	0	1	0	0	0	1	0
GCF_016863495.1	1	0	0	0	2	0	0
GCF_016863515.1	1	1	0	0	3	1	0
GCF_016863535.1	1	0	0	0	1	0	0
GCF_016863555.1	1	0	0	0	3	0	0
GCF_016863575.1	1	0	0	0	2	0	0
GCF_016863615.1	1	1	1	1	4	3	2
GCF_016863635.1	1	1	0	0	3	6	0
GCF_016863655.1	1	1	1	1	4	3	2
GCF_016864595.1	1	1	0	0	4	2	0
GCF_016865215.1	0	1	0	0	0	1	0
GCF_016865235.1	0	0	0	0	0	0	0
GCF_016865425.1	1	1	0	0	4	3	0
GCF_016865445.1	0	1	0	0	0	2	0
GCF_016865555.1	1	0	0	0	6	0	0
GCF_016865585.1	0	1	0	0	0	1	0
GCF_016876095.1	1	1	0	0	8	2	0
GCF_016876135.2	0	0	0	0	0	0	0
GCF_016881405.1	0	1	0	0	0	1	0
GCF_016887965.1	1	1	0	0	2	1	0
GCF_016888335.1	1	1	0	0	5	1	0
GCF_016888445.1	0	0	0	0	0	0	0
GCF_016888515.1	1	1	0	0	11	1	0
GCF_016888945.1	0	0	0	0	0	0	0
GCF_016889385.1	0	0	0	0	0	0	0
GCF_016889425.1	1	1	0	0	1	1	0
GCF_016889465.1	0	0	0	0	0	0	0
GCF_016890085.1	1	1	0	0	2	1	0
GCF_016890225.1	0	1	0	0	0	1	0
GCF_016892705.1	1	1	0	0	7	4	0
GCF_016892765.1	1	1	0	0	3	2	0
GCF_016893685.1	1	1	0	0	2	1	0
GCF_016894325.1	1	1	0	0	2	1	0
GCF_016894345.1	1	0	0	0	2	0	0
GCF_016894385.1	1	0	0	0	48	0	0
GCF_016894445.1	0	0	0	0	0	0	0
GCF_016899755.1	0	1	0	0	0	1	0
GCF_016900115.1	0	1	0	0	0	1	0
GCF_016900595.1	0	1	1	1	0	5	4
GCF_016900875.1	1	1	0	0	2	1	0
GCF_016900895.1	0	0	0	0	0	0	0
GCF_016900955.1	1	1	0	0	3	2	0
GCF_016901015.1	1	0	0	0	9	0	0
GCF_016901035.1	1	1	0	0	3	2	0
GCF_016901055.1	1	1	0	0	1	3	0
GCF_016901255.1	1	1	0	0	2	2	0
GCF_016902415.1	0	1	1	1	0	5	7
GCF_016904675.1	0	1	0	0	0	1	0
GCF_016904885.1	1	0	0	0	1	0	0
GCF_016905005.1	0	0	0	0	0	0	0
GCF_016906025.1	1	1	0	0	2	1	0
GCF_016906065.1	1	1	0	0	1	1	0
GCF_016906185.1	1	1	0	0	3	2	0
GCF_016906305.1	1	0	0	0	7	0	0
GCF_016906995.1	1	1	0	0	2	1	0
GCF_016907015.1	0	0	0	0	0	0	0
GCF_016907055.1	0	0	0	0	0	0	0
GCF_016907235.1	1	1	0	0	1	2	0
GCF_016907275.1	1	1	0	0	1	4	0
GCF_016907315.1	1	1	0	0	2	3	0
GCF_016907355.1	1	1	0	0	3	3	0
GCF_016907365.1	1	1	0	0	1	2	0
GCF_016907385.1	1	0	0	0	1	0	0
GCF_016907435.1	1	0	0	0	4	0	0
GCF_016907475.1	1	1	0	0	6	1	0
GCF_016907495.1	1	1	0	0	5	2	0
GCF_016907515.1	1	1	1	1	10	1	2
GCF_016907535.1	0	1	0	0	0	4	0
GCF_016907545.1	1	1	0	0	3	4	0
GCF_016907555.1	0	0	0	0	0	0	0
GCF_016907595.1	0	1	0	0	0	1	0
GCF_016907655.1	1	1	0	0	4	2	0
GCF_016907675.1	1	0	0	0	5	0	0
GCF_016907695.1	1	1	0	0	5	2	0
GCF_016907715.1	1	1	0	0	5	4	0
GCF_016907735.1	1	0	0	0	6	0	0
GCF_016907775.1	1	0	0	0	1	0	0
GCF_016907795.1	1	1	0	0	2	1	0
GCF_016907845.1	1	1	0	0	1	1	0
GCF_016907875.1	1	0	0	0	1	0	0
GCF_016907895.1	1	1	0	0	2	3	0
GCF_016907915.1	0	1	1	1	0	4	4
GCF_016907925.1	1	1	0	0	1	1	0
GCF_016907955.1	1	1	0	0	6	2	0
GCF_016908015.1	1	1	1	1	2	5	4
GCF_016908115.1	0	1	1	1	0	2	2
GCF_016908145.1	0	0	0	0	0	0	0
GCF_016908195.1	0	1	0	0	0	3	0
GCF_016908255.1	0	1	0	0	0	4	0
GCF_016908295.1	1	1	0	0	1	2	0
GCF_016908315.1	0	1	1	1	0	4	3
GCF_016908325.1	0	1	0	0	0	4	0
GCF_016908355.1	1	0	0	0	1	0	0
GCF_016908375.1	0	1	0	0	0	4	0
GCF_016908395.1	0	1	0	0	0	2	0
GCF_016908415.1	0	1	1	0	0	7	1
GCF_016908495.1	1	1	0	0	2	4	0
GCF_016908515.1	1	1	0	0	5	7	0
GCF_016908525.1	0	1	0	0	0	3	0
GCF_016908555.1	0	1	1	1	0	7	3
GCF_016908565.1	1	1	0	0	1	4	0
GCF_016908595.1	1	1	0	0	6	2	0
GCF_016908635.1	0	1	1	1	0	5	6
GCF_016908645.1	0	1	0	0	0	1	0
GCF_016908655.1	0	1	0	0	0	2	0
GCF_016908785.1	0	1	0	0	0	3	0
GCF_016908855.1	1	1	0	0	1	3	0
GCF_016908875.1	1	1	0	0	3	1	0
GCF_016908935.1	0	1	0	0	0	1	0
GCF_016908955.1	1	1	0	0	1	2	0
GCF_016908975.1	0	1	0	0	0	5	0
GCF_016909015.1	0	1	0	0	0	2	0
GCF_016909075.1	1	1	0	0	1	2	0
GCF_016909125.1	0	0	0	0	0	0	0
GCF_016909155.1	1	0	0	0	1	0	0
GCF_016909175.1	1	1	0	0	1	2	0
GCF_016909185.1	1	1	0	0	4	1	0
GCF_016909495.1	1	1	0	0	1	1	0
GCF_016917755.1	1	1	0	0	9	2	0
GCF_016918035.1	1	0	0	0	12	0	0
GCF_016918075.2	0	1	0	0	0	2	0
GCF_016918095.1	0	0	0	0	0	0	0
GCF_016918505.1	0	1	1	0	0	1	1
GCF_016918545.1	1	1	0	0	1	1	0
GCF_016918735.1	1	0	0	0	1	0	0
GCF_016918765.2	1	1	0	0	5	1	0
GCF_016918785.1	1	1	0	0	1	1	0
GCF_016918855.1	1	1	0	0	6	5	0
GCF_016918935.1	1	0	0	0	6	0	0
GCF_016919005.1	1	1	0	0	2	1	0
GCF_016919065.1	0	1	1	1	0	3	2
GCF_016919165.1	1	0	0	0	1	0	0
GCF_016919175.1	1	1	0	0	1	1	0
GCF_016919245.1	1	1	0	0	7	2	0
GCF_016919345.1	1	0	0	0	15	0	0
GCF_016919645.1	1	0	0	0	15	0	0
GCF_016919705.1	1	1	0	0	7	1	0
GCF_016921115.1	1	1	0	0	3	3	0
GCF_016924235.1	1	0	0	0	2	0	0
GCF_016924655.1	1	0	0	0	2	0	0
GCF_016924755.1	1	0	0	0	2	0	0
GCF_016924785.1	1	0	0	0	6	0	0
GCF_016925535.1	1	1	0	0	1	1	0
GCF_016925555.1	0	0	0	0	0	0	0
GCF_016925615.1	1	1	0	0	1	3	0
GCF_016937515.1	0	1	0	0	0	5	0
GCF_016937535.1	0	1	1	0	0	1	1
GCF_016937655.1	1	1	0	0	4	1	0
GCF_016938855.1	1	1	0	0	2	3	0
GCF_016939435.1	1	1	0	0	2	2	0
GCF_017051665.1	1	0	0	0	3	0	0
GCF_017051705.1	0	0	0	0	0	0	0
GCF_017052355.1	1	0	0	0	1	0	0
GCF_017052455.1	1	0	0	0	1	0	0
GCF_017052585.1	0	1	0	0	0	8	0
GCF_017052595.1	0	0	0	0	0	0	0
GCF_017052655.1	0	1	0	0	0	1	0
GCF_017068355.1	0	1	0	0	0	3	0
GCF_017068375.1	1	1	1	1	53	1	2
GCF_017068395.1	1	1	1	1	54	1	2
GCF_017068455.1	1	1	0	0	1	1	0
GCF_017086365.1	0	1	0	0	0	7	0
GCF_017086445.1	1	1	0	0	1	1	0
GCF_017094485.1	0	1	0	0	0	1	0
GCF_017094525.1	0	0	0	0	0	0	0
GCF_017114825.1	1	0	0	0	3	0	0
GCF_017114865.1	1	1	0	0	3	3	0
GCF_017161265.1	0	1	1	1	0	3	2
GCF_017161425.1	1	1	0	0	5	1	0
GCF_017161445.1	1	0	0	0	4	0	0
GCF_017163705.1	0	0	0	0	0	0	0
GCF_017163935.1	1	1	1	0	5	3	1
GCF_017165765.1	1	0	0	0	1	0	0
GCF_017167965.1	1	0	0	0	5	0	0
GCF_017167985.1	1	0	0	0	5	0	0
GCF_017183135.1	1	0	0	0	6	0	0
GCF_017254835.1	0	0	0	0	0	0	0
GCF_017254845.1	0	0	0	0	0	0	0
GCF_017254865.1	1	1	0	0	1	3	0
GCF_017254915.1	0	0	0	0	0	0	0
GCF_017255295.1	1	1	0	0	3	2	0
GCF_017255415.1	1	1	1	1	2	4	6
GCF_017298635.1	1	1	0	0	6	2	0
GCF_017301335.1	1	1	0	0	3	1	0
GCF_017301615.1	1	1	1	1	1	5	6
GCF_017301635.1	1	0	0	0	1	0	0
GCF_017301735.1	1	1	0	0	1	1	0
GCF_017301775.1	0	0	0	0	0	0	0
GCF_017302975.1	1	1	0	0	1	2	0
GCF_017303155.1	1	1	0	0	1	2	0
GCF_017304535.1	1	0	0	0	2	0	0
GCF_017307055.1	0	0	0	0	0	0	0
GCF_017308985.1	1	0	0	0	1	0	0
GCF_017309175.1	1	1	0	0	10	1	0
GCF_017309585.1	1	0	0	0	2	0	0
GCF_017309605.1	1	0	0	0	1	0	0
GCF_017309675.2	0	1	0	0	0	2	0
GCF_017310015.1	1	0	0	0	1	0	0
GCF_017310505.1	0	1	0	0	0	1	0
GCF_017310645.1	1	1	1	1	11	4	4
GCF_017311575.1	1	1	0	0	16	1	0
GCF_017312485.1	0	1	1	1	0	6	2
GCF_017312725.1	1	1	0	0	3	3	0
GCF_017313085.1	1	0	0	0	5	0	0
GCF_017313105.1	0	1	0	0	0	2	0
GCF_017313265.1	1	0	0	0	2	0	0
GCF_017313275.1	0	1	0	0	0	3	0
GCF_017313335.1	0	1	0	0	0	1	0
GCF_017313405.1	1	0	0	0	1	0	0
GCF_017313765.1	1	1	0	0	15	1	0
GCF_017313785.1	0	1	0	0	0	2	0
GCF_017315345.1	0	1	0	0	0	1	0
GCF_017315705.1	1	1	0	0	23	1	0
GCF_017315725.1	1	1	0	0	9	2	0
GCF_017315735.1	1	1	0	0	3	1	0
GCF_017329545.1	0	1	0	0	0	1	0
GCF_017329605.1	1	0	0	0	1	0	0
GCF_017329615.1	1	1	0	0	1	1	0
GCF_017338855.1	0	1	1	1	0	3	2
GCF_017347565.1	1	0	0	0	8	0	0
GCF_017347585.1	0	1	1	1	0	4	3
GCF_017347605.1	0	1	0	0	0	1	0
GCF_017348895.1	0	1	1	1	0	7	4
GCF_017348915.1	0	1	0	0	0	1	0
GCF_017349075.1	1	1	0	0	4	2	0
GCF_017349295.1	0	1	0	0	0	3	0
GCF_017349315.1	1	0	0	0	1	0	0
GCF_017349355.1	0	0	0	0	0	0	0
GCF_017352095.1	1	0	0	0	2	0	0
GCF_017352115.1	0	1	0	0	0	2	0
GCF_017352135.1	1	1	0	0	2	2	0
GCF_017352155.2	1	0	0	0	7	0	0
GCF_017352215.1	0	1	0	0	0	1	0
GCF_017352235.1	0	1	0	0	0	1	0
GCF_017353175.1	1	0	0	0	1	0	0
GCF_017353185.1	1	1	0	0	1	1	0
GCF_017353255.1	1	0	0	0	2	0	0
GCF_017353515.1	1	0	0	0	4	0	0
GCF_017354945.1	0	1	0	0	0	1	0
GCF_017354965.1	0	1	0	0	0	3	0
GCF_017354985.1	0	1	0	0	0	3	0
GCF_017355405.1	1	0	0	0	15	0	0
GCF_017355875.1	1	1	0	0	2	2	0
GCF_017355885.1	1	1	0	0	26	1	0
GCF_017355935.1	0	1	0	0	0	1	0
GCF_017355955.1	1	1	0	0	1	1	0
GCF_017355985.1	1	0	0	0	6	0	0
GCF_017356035.1	1	0	0	0	2	0	0
GCF_017356265.1	1	1	0	0	3	1	0
GCF_017357045.1	0	1	0	0	0	1	0
GCF_017357225.1	1	1	0	0	3	2	0
GCF_017357245.1	1	1	0	0	1	3	0
GCF_017357285.1	1	1	0	0	2	4	0
GCF_017357445.1	1	1	0	0	4	3	0
GCF_017357825.1	0	0	0	0	0	0	0
GCF_017357865.1	0	1	1	1	0	1	2
GCF_017358165.1	0	1	0	0	0	2	0
GCF_017368455.1	0	1	0	0	0	2	0
GCF_017368795.1	1	1	0	0	1	4	0
GCF_017368815.1	1	0	0	0	2	0	0
GCF_017377355.1	0	1	1	0	0	2	1
GCF_017377395.1	1	1	1	1	2	6	2
GCF_017377715.1	1	1	0	0	1	2	0
GCF_017377735.1	0	1	0	0	0	1	0
GCF_017377795.1	1	0	0	0	19	0	0
GCF_017377855.1	1	0	0	0	2	0	0
GCF_017378515.1	0	1	0	0	0	1	0
GCF_017426725.1	0	1	0	0	0	2	0
GCF_017487345.1	1	0	0	0	2	0	0
GCF_017487405.1	1	0	0	0	2	0	0
GCF_017488845.2	1	1	0	0	5	1	0
GCF_017493175.3	1	0	0	0	21	0	0
GCF_017497975.1	0	1	0	0	0	5	0
GCF_017498065.1	0	0	0	0	0	0	0
GCF_017498075.1	1	0	0	0	2	0	0
GCF_017498085.1	1	0	0	0	2	0	0
GCF_017498485.1	0	1	0	0	0	1	0
GCF_017498525.1	1	0	0	0	5	0	0
GCF_017498545.1	1	1	0	0	2	1	0
GCF_017498565.1	1	0	0	0	8	0	0
GCF_017498585.1	1	0	0	0	1	0	0
GCF_017498685.1	0	0	0	0	0	0	0
GCF_017526105.1	1	1	0	0	4	2	0
GCF_017565425.1	0	0	0	0	0	0	0
GCF_017565705.1	1	1	0	0	1	1	0
GCF_017565745.1	1	0	0	0	2	0	0
GCF_017565765.1	0	0	0	0	0	0	0
GCF_017569185.1	0	0	0	0	0	0	0
GCF_017569225.1	1	1	0	0	1	2	0
GCF_017569325.2	0	1	0	0	0	2	0
GCF_017569925.1	1	1	0	0	1	1	0
GCF_017571465.1	0	0	0	0	0	0	0
GCF_017573465.1	1	1	0	0	12	2	0
GCF_017573505.1	1	1	0	0	14	2	0
GCF_017573545.1	1	1	1	1	14	2	4
GCF_017581925.1	1	1	0	0	1	1	0
GCF_017583045.1	1	0	0	0	2	0	0
GCF_017583065.1	1	1	0	0	1	2	0
GCF_017589465.1	1	0	0	0	11	0	0
GCF_017591595.2	1	0	0	0	1	0	0
GCF_017592335.1	1	0	0	0	2	0	0
GCF_017592395.1	0	0	0	0	0	0	0
GCF_017592475.1	0	1	0	0	0	1	0
GCF_017592545.1	1	0	1	1	4	0	2
GCF_017592555.1	1	1	0	0	5	1	0
GCF_017599305.1	1	1	0	0	4	2	0
GCF_017599325.1	0	1	0	0	0	2	0
GCF_017599345.1	0	1	0	0	0	1	0
GCF_017607425.1	1	0	0	0	19	0	0
GCF_017638545.1	0	0	0	0	0	0	0
GCF_017639205.1	1	1	0	0	5	1	0
GCF_017652985.1	0	1	0	0	0	6	0
GCF_017654485.1	1	1	0	0	16	1	0
GCF_017676345.1	1	1	0	0	3	2	0
GCF_017676365.1	1	1	0	0	4	2	0
GCF_017676385.1	1	1	0	0	2	1	0
GCF_017724035.1	0	0	0	0	0	0	0
GCF_017742215.1	0	0	0	0	0	0	0
GCF_017742245.1	1	0	0	0	2	0	0
GCF_017742995.1	0	1	0	0	0	1	0
GCF_017743015.1	0	0	0	0	0	0	0
GCF_017751145.1	0	1	1	1	0	3	2
GCF_017751225.1	0	1	0	0	0	1	0
GCF_017753665.1	0	0	0	0	0	0	0
GCF_017776525.1	1	0	0	0	1	0	0
GCF_017792025.1	0	1	0	0	0	4	0
GCF_017795125.1	1	0	0	0	15	0	0
GCF_017795185.1	1	0	0	0	5	0	0
GCF_017795365.1	1	0	0	0	6	0	0
GCF_017808095.1	1	1	0	0	7	1	0
GCF_017811155.1	0	0	0	0	0	0	0
GCF_017813235.1	1	1	0	0	7	1	0
GCF_017813245.1	1	1	1	1	9	5	2
GCF_017813335.1	1	0	0	0	13	0	0
GCF_017813355.1	1	0	0	0	18	0	0
GCF_017813365.1	1	0	0	0	19	0	0
GCF_017813395.1	1	0	0	0	20	0	0
GCF_017814275.1	0	1	0	0	0	1	0
GCF_017814435.1	0	1	0	0	0	1	0
GCF_017815135.1	1	0	0	0	3	0	0
GCF_017815515.1	1	1	0	0	2	1	0
GCF_017815575.1	0	1	1	0	0	3	1
GCF_017826695.1	1	0	0	0	2	0	0
GCF_017829975.1	1	1	1	0	1	8	1
GCF_017830045.1	0	1	0	0	0	2	0
GCF_017831975.1	1	1	0	0	1	2	0
GCF_017832095.1	0	1	0	0	0	4	0
GCF_017834145.1	1	0	0	0	4	0	0
GCF_017837635.1	0	0	0	0	0	0	0
GCF_017848315.1	1	0	0	0	3	0	0
GCF_017868775.1	1	0	0	0	6	0	0
GCF_017868935.1	1	0	0	0	4	0	0
GCF_017869155.1	0	0	0	0	0	0	0
GCF_017869285.1	0	0	0	0	0	0	0
GCF_017872935.1	0	1	0	0	0	1	0
GCF_017872975.1	1	1	0	0	1	3	0
GCF_017873095.1	1	0	0	0	1	0	0
GCF_017873135.1	1	1	0	0	2	1	0
GCF_017873185.1	1	1	1	1	1	5	3
GCF_017873235.1	1	1	1	1	1	6	3
GCF_017873335.1	0	0	0	0	0	0	0
GCF_017873395.1	1	1	1	1	4	3	4
GCF_017873415.1	0	1	0	0	0	1	0
GCF_017873435.1	0	1	0	0	0	1	0
GCF_017873555.1	1	0	0	0	3	0	0
GCF_017873565.1	0	1	0	0	0	6	0
GCF_017873605.1	0	1	0	0	0	6	0
GCF_017873625.1	0	1	0	0	0	1	0
GCF_017873675.1	1	1	0	0	3	3	0
GCF_017873765.1	0	1	0	0	0	5	0
GCF_017873815.1	1	0	0	0	1	0	0
GCF_017873855.1	0	1	0	0	0	1	0
GCF_017873955.1	0	1	1	1	0	5	2
GCF_017873965.1	1	1	0	0	18	1	0
GCF_017874035.1	0	1	0	0	0	4	0
GCF_017874075.1	0	1	0	0	0	6	0
GCF_017874215.1	0	1	0	0	0	4	0
GCF_017874235.1	1	0	0	0	2	0	0
GCF_017874255.1	0	1	0	0	0	5	0
GCF_017874285.1	1	1	1	1	3	3	5
GCF_017874315.1	0	1	0	0	0	4	0
GCF_017874355.1	1	1	1	0	1	4	1
GCF_017874375.1	0	1	0	0	0	1	0
GCF_017874395.1	1	1	1	1	4	3	4
GCF_017874415.1	0	1	1	1	0	5	2
GCF_017874425.1	0	1	1	0	0	5	1
GCF_017874455.1	0	1	0	0	0	1	0
GCF_017874545.1	0	1	1	1	0	4	4
GCF_017874575.1	1	1	0	0	2	2	0
GCF_017874595.1	1	1	0	0	3	1	0
GCF_017874625.1	1	1	0	0	1	3	0
GCF_017874635.1	1	1	0	0	3	1	0
GCF_017874695.1	0	1	0	0	0	1	0
GCF_017874715.1	1	1	0	0	16	2	0
GCF_017874735.1	0	1	0	0	0	7	0
GCF_017875235.1	1	1	0	0	1	5	0
GCF_017875555.1	1	1	1	1	12	2	2
GCF_017875645.1	1	0	0	0	10	0	0
GCF_017876165.1	1	0	0	0	9	0	0
GCF_017876235.1	1	1	0	0	5	1	0
GCF_017876255.1	1	1	0	0	4	2	0
GCF_017876295.1	1	1	0	0	7	5	0
GCF_017876315.1	1	1	1	1	25	1	2
GCF_017876325.1	1	1	0	0	2	3	0
GCF_017876395.1	0	0	0	0	0	0	0
GCF_017876405.1	1	1	0	0	8	4	0
GCF_017876435.1	1	1	0	0	2	2	0
GCF_017876495.1	0	1	0	0	0	2	0
GCF_017876515.1	1	1	0	0	1	1	0
GCF_017876535.1	1	1	0	0	4	1	0
GCF_017876545.1	1	1	0	0	1	2	0
GCF_017876575.1	1	1	0	0	6	2	0
GCF_017876595.1	1	0	0	0	4	0	0
GCF_017876625.1	1	1	0	0	2	2	0
GCF_017876675.1	1	1	0	0	3	3	0
GCF_017876755.1	1	1	0	0	6	4	0
GCF_017876775.1	1	0	0	0	16	0	0
GCF_017883985.1	0	1	0	0	0	1	0
GCF_017884005.1	0	0	0	0	0	0	0
GCF_017893965.1	0	1	0	0	0	1	0
GCF_017894325.1	0	1	0	0	0	2	0
GCF_017894345.1	1	1	0	0	2	1	0
GCF_017894365.1	1	1	1	1	5	7	6
GCF_017894385.1	1	1	1	1	14	4	6
GCF_017896165.1	1	1	0	0	4	2	0
GCF_017896245.1	0	0	0	0	0	0	0
GCF_017901135.1	0	1	0	0	0	1	0
GCF_017901155.1	0	0	0	0	0	0	0
GCF_017901175.1	0	0	0	0	0	0	0
GCF_017908035.1	0	1	0	0	0	1	0
GCF_017908595.1	0	1	0	0	0	1	0
GCF_017912535.1	0	0	0	0	0	0	0
GCF_017915135.1	1	0	0	0	4	0	0
GCF_017916175.1	0	0	0	0	0	0	0
GCF_017916295.1	1	1	0	0	1	3	0
GCF_017916345.1	1	1	0	0	1	1	0
GCF_017916365.1	1	1	0	0	1	1	0
GCF_017921815.1	1	1	0	0	6	3	0
GCF_017921895.1	0	1	0	0	0	1	0
GCF_017921975.2	1	0	0	0	1	0	0
GCF_017939625.1	1	0	0	0	1	0	0
GCF_017939705.1	0	1	0	0	0	1	0
GCF_017939745.1	1	1	0	0	2	4	0
GCF_017942085.1	1	1	0	0	2	5	0
GCF_017942165.1	0	0	0	0	0	0	0
GCF_017942185.1	1	1	0	0	8	3	0
GCF_017945865.1	0	1	1	0	0	3	1
GCF_017948305.1	1	1	0	0	1	1	0
GCF_017948325.1	1	1	0	0	12	1	0
GCF_017948405.1	0	1	0	0	0	1	0
GCF_017948595.1	0	1	0	0	0	1	0
GCF_017948675.1	0	1	0	0	0	1	0
GCF_017963645.1	1	0	0	0	6	0	0
GCF_017976235.1	1	0	0	0	3	0	0
GCF_018024475.1	0	0	0	0	0	0	0
GCF_018024495.1	1	1	0	0	2	1	0
GCF_018064205.1	1	0	0	0	7	0	0
GCF_018069565.1	1	1	0	0	7	1	0
GCF_018069625.1	1	1	0	0	9	2	0
GCF_018069705.1	0	1	1	0	0	3	1
GCF_018069755.1	1	1	0	0	4	2	0
GCF_018069845.1	1	1	0	0	5	1	0
GCF_018069865.1	1	1	0	0	6	1	0
GCF_018069895.1	1	0	0	0	6	0	0
GCF_018069925.1	0	1	0	0	0	1	0
GCF_018070025.1	1	1	0	0	11	5	0
GCF_018070075.1	1	1	1	1	24	2	2
GCF_018075365.1	1	1	0	0	2	5	0
GCF_018101125.2	1	1	0	0	2	3	0
GCF_018107685.1	0	0	0	0	0	0	0
GCF_018118585.1	0	1	0	0	0	2	0
GCF_018122595.1	0	0	0	0	0	0	0
GCF_018122625.2	0	0	0	0	0	0	0
GCF_018122655.1	1	0	0	0	2	0	0
GCF_018127725.1	0	1	0	0	0	2	0
GCF_018127765.1	0	1	0	0	0	1	0
GCF_018127785.1	0	1	0	0	0	1	0
GCF_018127825.1	0	1	0	0	0	1	0
GCF_018127985.1	0	1	0	0	0	1	0
GCF_018128025.1	0	1	0	0	0	2	0
GCF_018128125.1	0	1	0	0	0	1	0
GCF_018128205.1	0	1	0	0	0	1	0
GCF_018128265.1	1	1	0	0	2	2	0
GCF_018128425.1	1	0	0	0	1	0	0
GCF_018128545.1	1	1	1	1	1	6	7
GCF_018128945.1	0	1	0	0	0	2	0
GCF_018128965.1	1	1	0	0	15	1	0
GCF_018129005.1	1	0	0	0	33	0	0
GCF_018129025.1	1	0	0	0	23	0	0
GCF_018129065.1	1	1	0	0	20	1	0
GCF_018129085.1	1	0	0	0	41	0	0
GCF_018132105.1	0	1	0	0	0	1	0
GCF_018135955.1	0	0	0	0	0	0	0
GCF_018137965.1	0	0	0	0	0	0	0
GCF_018137985.1	0	0	0	0	0	0	0
GCF_018138125.1	0	1	0	0	0	2	0
GCF_018138385.1	1	0	0	0	3	0	0
GCF_018138705.1	1	1	0	0	9	3	0
GCF_018138715.1	1	1	0	0	10	2	0
GCF_018139045.1	0	1	1	0	0	4	1
GCF_018139125.1	1	0	0	0	3	0	0
GCF_018139485.1	1	0	0	0	3	0	0
GCF_018139545.1	1	1	0	0	2	1	0
GCF_018139565.1	1	1	0	0	3	2	0
GCF_018139625.1	1	1	0	0	4	2	0
GCF_018139645.1	1	1	0	0	2	1	0
GCF_018139685.1	1	1	0	0	3	2	0
GCF_018139695.1	1	1	0	0	7	5	0
GCF_018140635.1	0	1	1	0	0	5	1
GCF_018141185.1	0	1	0	0	0	1	0
GCF_018141405.1	1	1	1	1	2	5	7
GCF_018141425.1	0	1	1	0	0	7	1
GCF_018141445.1	1	1	1	1	2	7	4
GCF_018141485.1	1	1	0	0	5	2	0
GCF_018141525.1	1	0	0	0	1	0	0
GCF_018141545.1	1	1	0	0	2	1	0
GCF_018141665.1	0	0	0	0	0	0	0
GCF_018145655.1	0	1	1	0	0	1	1
GCF_018145875.1	0	0	0	0	0	0	0
GCF_018155095.1	0	0	0	0	0	0	0
GCF_018156225.1	0	1	0	0	0	2	0
GCF_018200015.1	1	1	0	0	1	1	0
GCF_018200035.1	1	1	0	0	4	1	0
GCF_018200315.1	0	0	0	0	0	0	0
GCF_018206105.1	0	0	0	0	0	0	0
GCF_018207515.1	0	1	0	0	0	8	0
GCF_018219815.1	1	0	0	0	3	0	0
GCF_018221465.1	0	1	0	0	0	2	0
GCF_018223345.1	0	1	1	1	0	3	3
GCF_018223745.1	0	1	1	0	0	5	1
GCF_018224015.1	0	1	0	0	0	2	0
GCF_018224885.1	0	1	0	0	0	1	0
GCF_018224925.1	1	0	0	0	4	0	0
GCF_018224955.1	1	1	0	0	6	1	0
GCF_018228765.1	1	0	0	0	2	0	0
GCF_018243235.1	1	0	0	0	5	0	0
GCF_018256955.1	0	1	0	0	0	1	0
GCF_018256975.1	1	1	0	0	1	1	0
GCF_018257325.1	1	0	0	0	1	0	0
GCF_018263875.1	0	1	0	0	0	1	0
GCF_018263925.1	1	1	1	0	1	2	1
GCF_018271975.1	0	1	0	0	0	3	0
GCF_018271995.1	0	1	1	0	0	2	1
GCF_018274385.1	1	1	0	0	5	6	0
GCF_018275325.1	1	1	0	0	3	1	0
GCF_018278905.1	1	0	0	0	11	0	0
GCF_018279165.1	0	1	0	0	0	2	0
GCF_018279705.1	1	0	0	0	14	0	0
GCF_018279895.1	0	1	0	0	0	3	0
GCF_018282095.1	1	1	0	0	4	1	0
GCF_018283645.1	1	0	1	1	3	0	2
GCF_018283675.1	0	1	0	0	0	3	0
GCF_018286635.1	1	0	0	0	13	0	0
GCF_018288855.1	1	0	0	0	1	0	0
GCF_018289135.1	0	0	0	0	0	0	0
GCF_018292125.1	0	1	0	0	0	2	0
GCF_018292165.1	0	1	0	0	0	2	0
GCF_018292205.1	0	0	0	0	0	0	0
GCF_018304805.1	1	0	0	0	1	0	0
GCF_018304825.1	1	0	0	0	1	0	0
GCF_018304845.1	1	0	0	0	2	0	0
GCF_018304945.1	1	1	0	0	4	3	0
GCF_018304965.1	1	1	0	0	6	2	0
GCF_018305005.1	1	1	0	0	8	3	0
GCF_018310345.1	1	1	0	0	1	2	0
GCF_018314255.1	0	1	0	0	0	2	0
GCF_018316655.1	1	1	0	0	9	1	0
GCF_018316795.1	1	1	0	0	7	1	0
GCF_018324105.1	1	0	0	0	2	0	0
GCF_018324205.1	1	1	0	0	2	3	0
GCF_018324255.1	1	1	0	0	9	2	0
GCF_018324385.1	0	0	0	0	0	0	0
GCF_018324685.1	1	1	0	0	4	3	0
GCF_018326305.1	0	1	0	0	0	3	0
GCF_018326425.1	1	1	0	0	1	3	0
GCF_018327645.1	1	1	0	0	1	1	0
GCF_018332455.1	0	1	1	1	0	8	2
GCF_018332475.1	0	1	0	0	0	4	0
GCF_018332655.1	1	1	0	0	2	1	0
GCF_018332695.1	1	1	0	0	4	3	0
GCF_018332715.1	1	1	0	0	5	2	0
GCF_018332875.1	1	1	0	0	2	4	0
GCF_018332955.1	0	1	0	0	0	6	0
GCF_018333235.1	1	1	0	0	1	1	0
GCF_018333255.1	0	1	0	0	0	6	0
GCF_018333335.1	0	1	0	0	0	8	0
GCF_018333375.1	0	1	0	0	0	7	0
GCF_018334155.1	1	1	0	0	4	2	0
GCF_018336155.1	1	0	0	0	5	0	0
GCF_018336855.1	1	0	0	0	1	0	0
GCF_018343525.1	0	1	0	0	0	4	0
GCF_018343535.1	1	1	0	0	9	4	0
GCF_018343545.2	1	1	0	0	12	5	0
GCF_018343625.1	0	1	0	0	0	6	0
GCF_018343665.1	1	1	0	0	5	3	0
GCF_018343695.1	0	1	0	0	0	4	0
GCF_018343775.1	1	0	0	0	1	0	0
GCF_018343815.1	0	0	0	0	0	0	0
GCF_018362775.1	0	0	0	0	0	0	0
GCF_018362975.1	1	1	0	0	4	1	0
GCF_018363075.1	0	1	0	0	0	2	0
GCF_018380615.1	0	1	0	0	0	1	0
GCF_018383905.1	0	1	0	0	0	2	0
GCF_018388425.1	1	1	0	0	5	1	0
GCF_018388445.1	0	0	0	0	0	0	0
GCF_018388465.1	0	1	0	0	0	2	0
GCF_018389385.1	0	0	0	0	0	0	0
GCF_018389705.1	0	0	0	0	0	0	0
GCF_018390535.1	0	1	0	0	0	2	0
GCF_018390555.1	1	0	0	0	8	0	0
GCF_018390575.1	1	1	0	0	1	2	0
GCF_018390595.1	1	0	0	0	2	0	0
GCF_018390635.1	1	0	0	0	3	0	0
GCF_018390695.1	1	1	0	0	7	1	0
GCF_018390735.1	1	1	0	0	5	1	0
GCF_018394055.1	0	1	0	0	0	2	0
GCF_018394375.1	1	0	0	0	2	0	0
GCF_018398275.1	1	1	0	0	25	2	0
GCF_018398355.1	1	1	0	0	4	1	0
GCF_018398395.1	1	0	0	0	3	0	0
GCF_018398425.1	1	0	0	0	6	0	0
GCF_018398475.1	1	0	0	0	3	0	0
GCF_018398935.1	0	1	0	0	0	2	0
GCF_018403185.1	0	1	0	0	0	4	0
GCF_018403325.1	0	1	0	0	0	10	0
GCF_018403665.1	1	1	0	0	1	6	0
GCF_018403685.1	0	1	0	0	0	3	0
GCF_018403765.1	0	1	0	0	0	2	0
GCF_018406465.1	0	1	0	0	0	3	0
GCF_018406605.1	0	0	0	0	0	0	0
GCF_018406645.1	0	0	0	0	0	0	0
GCF_018408575.1	0	1	1	0	0	5	1
GCF_018408705.1	1	1	0	0	3	7	0
GCF_018409545.1	0	0	0	0	0	0	0
GCF_018413645.1	1	0	0	0	15	0	0
GCF_018417475.1	1	1	0	0	10	1	0
GCF_018420025.1	1	0	0	0	1	0	0
GCF_018436245.1	1	1	0	0	2	1	0
GCF_018437225.1	0	1	0	0	0	2	0
GCF_018437235.1	0	1	0	0	0	2	0
GCF_018437265.1	0	1	0	0	0	2	0
GCF_018437275.1	0	1	0	0	0	2	0
GCF_018437505.1	1	1	0	0	7	1	0
GCF_018448785.1	1	0	0	0	5	0	0
GCF_018448885.1	0	0	0	0	0	0	0
GCF_018448965.1	0	0	0	0	0	0	0
GCF_018449405.1	0	1	0	0	0	1	0
GCF_018449475.1	1	0	0	0	3	0	0
GCF_018454455.1	0	0	0	0	0	0	0
GCF_018454475.1	0	0	0	0	0	0	0
GCF_018455725.1	1	0	0	0	5	0	0
GCF_018457165.1	1	0	0	0	3	0	0
GCF_018457175.1	1	1	0	0	4	1	0
GCF_018459925.1	1	0	0	0	4	0	0
GCF_018467115.1	0	0	0	0	0	0	0
GCF_018467135.1	0	0	0	0	0	0	0
GCF_018474025.1	0	1	0	0	0	2	0
GCF_018476525.1	1	1	0	0	39	2	0
GCF_018476645.1	0	1	0	0	0	1	0
GCF_018476885.1	0	0	0	0	0	0	0
GCF_018476905.1	1	1	1	0	1	1	1
GCF_018491655.1	0	1	0	0	0	1	0
GCF_018491735.2	0	0	0	0	0	0	0
GCF_018491765.1	1	0	0	0	3	0	0
GCF_018494035.1	0	1	0	0	0	1	0
GCF_018494055.1	0	1	0	0	0	1	0
GCF_018494065.1	0	1	0	0	0	1	0
GCF_018494085.1	0	1	0	0	0	1	0
GCF_018499875.1	1	1	0	0	2	4	0
GCF_018501965.1	1	1	0	0	1	2	0
GCF_018502105.1	0	1	0	0	0	3	0
GCF_018502505.1	0	1	0	0	0	1	0
GCF_018502625.1	1	0	0	0	6	0	0
GCF_018524345.1	1	0	0	0	5	0	0
GCF_018524365.1	1	0	0	0	4	0	0
GCF_018531145.1	1	0	0	0	1	0	0
GCF_018531165.1	1	1	1	1	3	3	3
GCF_018531185.1	1	1	0	0	2	4	0
GCF_018531195.1	0	1	1	0	0	2	1
GCF_018531375.1	0	1	0	0	0	2	0
GCF_018531445.1	1	1	1	1	17	1	2
GCF_018531465.1	1	1	0	0	6	5	0
GCF_018531495.1	1	1	0	0	7	9	0
GCF_018555315.1	0	0	0	0	0	0	0
GCF_018555385.1	0	1	0	0	0	1	0
GCF_018555435.2	0	0	0	0	0	0	0
GCF_018555455.1	0	1	0	0	0	1	0
GCF_018555685.1	1	1	0	0	7	2	0
GCF_018582665.1	1	1	0	0	1	3	0
GCF_018588945.1	1	1	0	0	1	3	0
GCF_018595675.2	0	0	0	0	0	0	0
GCF_018595685.2	0	1	0	0	0	1	0
GCF_018596335.1	1	1	0	0	1	2	0
GCF_018597345.1	0	1	0	0	0	1	0
GCF_018598175.1	1	1	0	0	1	1	0
GCF_018598185.1	1	0	0	0	1	0	0
GCF_018598225.1	1	1	0	0	1	1	0
GCF_018598585.1	1	1	0	0	1	2	0
GCF_018599195.1	1	0	0	0	2	0	0
GCF_018599245.1	1	1	0	0	3	2	0
GCF_018603515.1	1	0	0	0	2	0	0
GCF_018603885.1	1	0	0	0	2	0	0
GCF_018604145.1	1	1	0	0	3	4	0
GCF_018604545.1	1	1	0	0	7	5	0
GCF_018604565.1	0	1	0	0	0	2	0
GCF_018617855.1	0	1	0	0	0	1	0
GCF_018617875.1	0	1	0	0	0	1	0
GCF_018622995.1	1	1	0	0	2	2	0
GCF_018623035.1	0	0	0	0	0	0	0
GCF_018642165.1	0	1	0	0	0	2	0
GCF_018682615.1	0	1	0	0	0	4	0
GCF_018685455.1	1	0	0	0	4	0	0
GCF_018687595.1	1	0	0	0	3	0	0
GCF_018687785.1	0	1	0	0	0	1	0
GCF_018687865.1	0	0	0	0	0	0	0
GCF_018687955.1	1	0	0	0	6	0	0
GCF_018688255.1	1	0	0	0	6	0	0
GCF_018704065.1	0	1	1	0	0	3	1
GCF_018704125.1	1	0	0	0	7	0	0
GCF_018717645.1	0	0	0	0	0	0	0
GCF_018728565.1	0	0	0	0	0	0	0
GCF_018729305.1	1	1	0	0	2	1	0
GCF_018729455.1	1	0	0	0	11	0	0
GCF_018734325.1	0	0	0	0	0	0	0
GCF_018736045.1	1	0	0	0	4	0	0
GCF_018736065.1	0	1	0	0	0	1	0
GCF_018736085.1	1	0	0	0	15	0	0
GCF_018739485.1	0	1	0	0	0	4	0
GCF_018739865.1	0	0	0	0	0	0	0
GCF_018739885.1	0	0	0	0	0	0	0
GCF_018760365.1	1	0	0	0	3	0	0
GCF_018760735.1	1	0	0	0	1	0	0
GCF_018771645.1	1	0	0	0	2	0	0
GCF_018777385.1	0	0	0	0	0	0	0
GCF_018777395.1	1	1	0	0	1	1	0
GCF_018789675.1	0	1	0	0	0	3	0
GCF_018798885.1	1	1	0	0	5	1	0
GCF_018802605.1	1	0	0	0	2	0	0
GCF_018802645.1	1	0	0	0	3	0	0
GCF_018829635.1	1	1	0	0	6	3	0
GCF_018831625.1	0	0	0	0	0	0	0
GCF_018835585.1	1	1	1	1	4	4	3
GCF_018837975.1	0	0	0	0	0	0	0
GCF_018842675.1	0	1	0	0	0	1	0
GCF_018847095.1	0	0	0	0	0	0	0
GCF_018853445.1	0	0	0	0	0	0	0
GCF_018853465.1	0	0	0	0	0	0	0
GCF_018853815.1	0	0	0	0	0	0	0
GCF_018854015.1	0	0	0	0	0	0	0
GCF_018854495.1	0	0	0	0	0	0	0
GCF_018860155.1	1	1	0	0	10	2	0
GCF_018860165.1	1	1	0	0	2	1	0
GCF_018861705.1	0	1	1	1	0	4	3
GCF_018861735.1	0	1	1	0	0	2	1
GCF_018861865.1	0	1	1	1	0	4	3
GCF_018863195.1	1	0	0	0	3	0	0
GCF_018863235.1	1	1	0	0	4	1	0
GCF_018863395.1	0	0	0	0	0	0	0
GCF_018863415.1	0	1	0	0	0	2	0
GCF_018866205.1	0	0	0	0	0	0	0
GCF_018866245.1	0	1	0	0	0	5	0
GCF_018866305.1	1	1	0	0	8	2	0
GCF_018881545.1	1	0	0	0	6	0	0
GCF_018881715.1	1	0	0	0	5	0	0
GCF_018881755.1	1	0	0	0	7	0	0
GCF_018881835.1	1	0	0	0	8	0	0
GCF_018882155.1	1	0	0	0	9	0	0
GCF_018882205.1	1	0	0	0	6	0	0
GCF_018883545.1	0	1	0	0	0	2	0
GCF_018883605.1	1	1	0	0	8	3	0
GCF_018885085.1	1	1	1	1	3	6	3
GCF_018885265.1	1	1	0	0	6	3	0
GCF_018905915.1	0	0	0	0	0	0	0
GCF_018916625.1	0	1	1	1	0	6	4
GCF_018917285.1	0	1	1	1	0	4	6
GCF_018917805.1	1	1	0	0	2	2	0
GCF_018917845.1	0	1	1	1	0	4	3
GCF_018917865.1	1	1	1	1	1	4	4
GCF_018918285.1	0	1	1	1	0	6	2
GCF_018918345.1	0	1	1	1	0	5	5
GCF_018919145.1	0	1	0	0	0	9	0
GCF_018919175.1	0	1	1	1	0	6	2
GCF_018919205.1	0	1	1	1	0	3	2
GCF_018919215.1	1	1	1	1	2	5	5
GCF_018919265.1	0	1	1	1	0	2	2
GCF_018919385.1	0	1	1	1	0	3	3
GCF_018919395.1	0	1	1	1	0	3	3
GCF_018927715.1	1	1	0	0	8	4	0
GCF_018966525.1	0	1	1	1	0	6	2
GCF_018967865.2	1	0	0	0	1	0	0
GCF_018968685.1	0	0	0	0	0	0	0
GCF_018968705.1	1	0	0	0	2	0	0
GCF_018972105.1	0	0	0	0	0	0	0
GCF_018972165.1	1	0	0	0	3	0	0
GCF_018982885.2	1	0	1	0	5	0	1
GCF_018982945.1	0	1	0	0	0	1	0
GCF_018986915.1	0	1	1	1	0	3	3
GCF_018998565.1	0	1	1	1	0	9	2
GCF_019008365.1	0	1	1	1	0	3	3
GCF_019024285.1	1	1	0	0	3	2	0
GCF_019024305.1	0	0	0	0	0	0	0
GCF_019024325.1	1	0	0	0	18	0	0
GCF_019029495.1	1	0	0	0	21	0	0
GCF_019037185.1	1	1	0	0	1	6	0
GCF_019038435.1	1	1	1	1	34	3	4
GCF_019038455.1	1	0	0	0	20	0	0
GCF_019038595.1	0	1	0	0	0	1	0
GCF_019039035.1	1	0	0	0	1	0	0
GCF_019039105.1	1	1	0	0	2	1	0
GCF_019039255.1	1	0	0	0	4	0	0
GCF_019042215.1	0	1	0	0	0	4	0
GCF_019042245.1	1	1	1	1	2	8	2
GCF_019042275.1	1	1	0	0	1	7	0
GCF_019042735.1	1	1	1	1	1	2	2
GCF_019046945.1	0	0	0	0	0	0	0
GCF_019047465.1	0	0	0	0	0	0	0
GCF_019047765.1	1	1	1	0	1	1	1
GCF_019047805.1	1	0	0	0	1	0	0
GCF_019048065.1	1	1	1	0	4	2	1
GCF_019048105.1	1	1	0	0	4	1	0
GCF_019048125.1	0	1	1	0	0	2	1
GCF_019048165.1	1	0	0	0	1	0	0
GCF_019048245.1	0	1	0	0	0	1	0
GCF_019048385.1	1	1	0	0	1	1	0
GCF_019048645.1	0	1	0	0	0	1	0
GCF_019049105.1	1	0	0	0	4	0	0
GCF_019049135.1	0	1	0	0	0	2	0
GCF_019049625.1	1	0	0	0	1	0	0
GCF_019049655.1	1	1	0	0	1	1	0
GCF_019049675.1	1	1	0	0	1	1	0
GCF_019049695.1	1	1	0	0	2	3	0
GCF_019049855.1	1	0	0	0	2	0	0
GCF_019050325.1	1	0	0	0	14	0	0
GCF_019056495.1	0	0	0	0	0	0	0
GCF_019056575.1	0	1	0	0	0	1	0
GCF_019059395.1	1	1	0	0	10	2	0
GCF_019061145.1	1	0	1	0	10	0	1
GCF_019061205.1	0	1	0	0	0	1	0
GCF_019061305.1	1	0	0	0	1	0	0
GCF_019063885.1	0	1	1	1	0	3	3
GCF_019083965.1	1	1	0	0	3	3	0
GCF_019084045.1	1	1	0	0	4	2	0
GCF_019084545.1	1	0	0	0	2	0	0
GCF_019090985.1	0	0	0	0	0	0	0
GCF_019093865.1	1	1	0	0	1	3	0
GCF_019097855.1	1	0	0	0	3	0	0
GCF_019100495.1	1	1	0	0	2	2	0
GCF_019100565.1	0	1	0	0	0	2	0
GCF_019104725.1	1	1	0	0	2	3	0
GCF_019104745.1	1	1	0	0	4	1	0
GCF_019130065.1	1	0	0	0	2	0	0
GCF_019132845.1	1	0	0	0	13	0	0
GCF_019132875.1	1	0	0	0	1	0	0
GCF_019139535.1	1	0	0	0	4	0	0
GCF_019139675.1	1	0	0	0	2	0	0
GCF_019139795.1	1	0	0	0	5	0	0
GCF_019139815.1	1	0	0	0	4	0	0
GCF_019139835.1	1	0	0	0	3	0	0
GCF_019139895.1	1	0	0	0	4	0	0
GCF_019141525.1	1	0	0	0	5	0	0
GCF_019141545.1	1	1	0	0	2	1	0
GCF_019145235.1	1	0	0	0	5	0	0
GCF_019145355.1	1	0	0	0	6	0	0
GCF_019145375.1	1	0	0	0	5	0	0
GCF_019145435.1	1	0	0	0	4	0	0
GCF_019145475.1	1	0	0	0	5	0	0
GCF_019145495.1	1	0	0	0	8	0	0
GCF_019148575.1	0	1	0	0	0	1	0
GCF_019160155.1	1	0	0	0	7	0	0
GCF_019166065.1	1	0	0	0	36	0	0
GCF_019166075.1	1	1	0	0	4	2	0
GCF_019168305.1	1	0	0	0	6	0	0
GCF_019175345.1	1	1	0	0	3	2	0
GCF_019175365.1	1	1	0	0	9	3	0
GCF_019175485.1	0	1	1	0	0	6	1
GCF_019186805.1	1	0	0	0	5	0	0
GCF_019203185.1	0	1	1	1	0	5	3
GCF_019203205.1	0	1	1	1	0	3	3
GCF_019203965.1	1	0	0	0	6	0	0
GCF_019203985.1	0	1	0	0	0	1	0
GCF_019204005.1	1	0	0	0	7	0	0
GCF_019204025.1	1	0	0	0	7	0	0
GCF_019204045.1	1	0	0	0	4	0	0
GCF_019207025.1	1	1	1	1	3	9	6
GCF_019209835.1	1	1	0	0	1	1	0
GCF_019218265.1	1	0	1	0	11	0	1
GCF_019218285.1	1	1	0	0	14	1	0
GCF_019218635.1	0	1	1	0	0	6	1
GCF_019218685.1	0	0	0	0	0	0	0
GCF_019219615.1	1	1	1	1	18	2	2
GCF_019219635.1	1	1	0	0	5	3	0
GCF_019222765.1	1	1	0	0	9	2	0
GCF_019226825.1	1	0	0	0	4	0	0
GCF_019239235.1	0	1	0	0	0	2	0
GCF_019249245.1	0	1	0	0	0	1	0
GCF_019249255.1	0	1	0	0	0	2	0
GCF_019249295.1	0	1	0	0	0	1	0
GCF_019249625.1	0	1	0	0	0	2	0
GCF_019263585.2	1	0	0	0	19	0	0
GCF_019263705.2	1	1	0	0	16	1	0
GCF_019264345.1	1	0	0	0	1	0	0
GCF_019272935.1	1	1	0	0	3	2	0
GCF_019285595.1	0	0	0	0	0	0	0
GCF_019285775.1	1	0	0	0	14	0	0
GCF_019297855.1	1	1	0	0	2	1	0
GCF_019308285.1	1	1	0	0	2	1	0
GCF_019311235.1	0	1	0	0	0	1	0
GCF_019312585.1	0	1	0	0	0	1	0
GCF_019312595.1	1	1	0	0	13	1	0
GCF_019316905.1	0	1	0	0	0	1	0
GCF_019331675.1	0	1	0	0	0	1	0
GCF_019331695.1	0	0	0	0	0	0	0
GCF_019331715.1	0	1	0	0	0	1	0
GCF_019331725.1	0	1	0	0	0	1	0
GCF_019331735.1	0	1	0	0	0	2	0
GCF_019331775.1	0	1	0	0	0	1	0
GCF_019331805.1	0	1	0	0	0	1	0
GCF_019334125.1	1	0	0	0	24	0	0
GCF_019334315.1	0	0	0	0	0	0	0
GCF_019343125.1	0	1	0	0	0	2	0
GCF_019343195.1	0	0	0	0	0	0	0
GCF_019343455.1	1	0	0	0	5	0	0
GCF_019343495.1	1	0	0	0	2	0	0
GCF_019351405.1	1	1	0	0	4	1	0
GCF_019351435.1	1	1	0	0	1	1	0
GCF_019355395.1	0	1	1	1	0	2	2
GCF_019355975.1	1	0	0	0	5	0	0
GCF_019357495.1	0	0	0	0	0	0	0
GCF_019375475.1	1	1	0	0	5	2	0
GCF_019375555.1	1	1	0	0	4	2	0
GCF_019391655.1	1	1	0	0	2	1	0
GCF_019395145.1	1	0	0	0	1	0	0
GCF_019396325.1	1	1	0	0	6	9	0
GCF_019396345.1	1	1	0	0	12	9	0
GCF_019396355.1	1	1	0	0	20	2	0
GCF_019396385.1	1	1	1	1	19	2	2
GCF_019396405.1	1	1	0	0	5	3	0
GCF_019396925.1	0	1	0	0	0	1	0
GCF_019397265.1	1	1	1	1	15	3	2
GCF_019399205.1	1	1	0	0	10	2	0
GCF_019400875.1	1	1	0	0	4	2	0
GCF_019402665.1	1	1	0	0	19	2	0
GCF_019425495.1	0	0	0	0	0	0	0
GCF_019426345.1	1	1	0	0	1	1	0
GCF_019428685.1	1	1	0	0	14	2	0
GCF_019429485.1	1	1	0	0	3	1	0
GCF_019429525.1	1	1	0	0	1	1	0
GCF_019429535.1	1	0	0	0	3	0	0
GCF_019429605.1	1	1	0	0	6	1	0
GCF_019430885.1	1	1	0	0	23	1	0
GCF_019430905.1	1	0	0	0	3	0	0
GCF_019430925.1	1	0	0	0	2	0	0
GCF_019430945.1	1	1	0	0	3	3	0
GCF_019431045.1	0	1	1	0	0	4	1
GCF_019431455.1	1	1	0	0	1	1	0
GCF_019443105.1	0	1	0	0	0	1	0
GCF_019443125.1	1	1	0	0	1	1	0
GCF_019443285.1	1	0	0	0	5	0	0
GCF_019443985.1	0	0	0	0	0	0	0
GCF_019444005.1	0	1	0	0	0	2	0
GCF_019448085.1	0	1	0	0	0	3	0
GCF_019448115.1	0	0	0	0	0	0	0
GCF_019448275.1	0	0	0	0	0	0	0
GCF_019453995.1	0	0	0	0	0	0	0
GCF_019455445.1	0	1	0	0	0	1	0
GCF_019456655.1	1	0	0	0	19	0	0
GCF_019456675.1	1	0	0	0	17	0	0
GCF_019457475.1	1	1	0	0	2	1	0
GCF_019457495.1	1	1	0	0	1	2	0
GCF_019457515.1	0	1	0	0	0	2	0
GCF_019457535.1	0	1	0	0	0	3	0
GCF_019457555.1	1	1	0	0	1	2	0
GCF_019457575.1	1	1	0	0	1	2	0
GCF_019457595.1	1	1	0	0	2	2	0
GCF_019457615.1	1	1	0	0	1	3	0
GCF_019457635.1	0	1	0	0	0	2	0
GCF_019457655.1	1	1	0	0	1	3	0
GCF_019457885.1	0	1	0	0	0	3	0
GCF_019457905.1	0	1	0	0	0	2	0
GCF_019457915.1	0	1	0	0	0	1	0
GCF_019458025.1	1	1	0	0	19	1	0
GCF_019458805.1	1	1	0	0	9	1	0
GCF_019464535.1	0	1	0	0	0	1	0
GCF_019469265.1	1	1	0	0	1	2	0
GCF_019492055.1	1	1	0	0	14	1	0
GCF_019492185.1	0	0	0	0	0	0	0
GCF_019504385.1	1	1	0	0	1	2	0
GCF_019511345.1	1	1	0	0	1	2	0
GCF_019511525.1	1	1	0	0	2	2	0
GCF_019552005.1	0	1	1	1	0	2	2
GCF_019575955.1	1	0	1	0	1	0	1
GCF_019575995.1	0	1	0	0	0	1	0
GCF_019598945.1	0	0	0	0	0	0	0
GCF_019599145.1	1	1	0	0	8	4	0
GCF_019599405.1	1	0	0	0	1	0	0
GCF_019599465.1	1	0	0	0	1	0	0
GCF_019599505.1	1	0	0	0	2	0	0
GCF_019599515.1	1	0	0	0	2	0	0
GCF_019602855.1	1	0	0	0	41	0	0
GCF_019603355.1	1	1	0	0	2	1	0
GCF_019613795.1	0	1	0	0	0	1	0
GCF_019614655.1	1	0	0	0	4	0	0
GCF_019623905.1	1	0	0	0	4	0	0
GCF_019633745.1	0	1	0	0	0	1	0
GCF_019645815.1	1	0	0	0	12	0	0
GCF_019645835.1	1	0	0	0	25	0	0
GCF_019645855.1	1	0	0	0	19	0	0
GCF_019645875.1	1	0	0	0	16	0	0
GCF_019649015.1	0	0	0	0	0	0	0
GCF_019655015.1	0	1	0	0	0	2	0
GCF_019655335.1	0	1	0	0	0	2	0
GCF_019655855.2	1	0	0	0	5	0	0
GCF_019655995.1	0	1	0	0	0	1	0
GCF_019656015.1	0	1	0	0	0	1	0
GCF_019656055.1	0	1	0	0	0	1	0
GCF_019656075.1	0	1	0	0	0	1	0
GCF_019656095.1	0	1	0	0	0	1	0
GCF_019656215.1	0	1	0	0	0	1	0
GCF_019656235.1	0	1	0	0	0	1	0
GCF_019656455.1	1	0	0	0	3	0	0
GCF_019659805.1	0	0	0	0	0	0	0
GCF_019665745.1	1	1	0	0	2	1	0
GCF_019665765.1	0	1	0	0	0	1	0
GCF_019668465.1	1	0	0	0	26	0	0
GCF_019668505.1	0	0	0	0	0	0	0
GCF_019669905.1	0	0	0	0	0	0	0
GCF_019669965.1	0	1	0	0	0	1	0
GCF_019669985.1	0	0	0	0	0	0	0
GCF_019670005.1	0	0	0	0	0	0	0
GCF_019670105.1	0	0	0	0	0	0	0
GCF_019670125.1	0	0	0	0	0	0	0
GCF_019670485.1	0	1	0	0	0	1	0
GCF_019670705.1	1	1	0	0	1	2	0
GCF_019679455.1	1	1	0	0	4	1	0
GCF_019679475.1	1	0	0	0	9	0	0
GCF_019693445.1	0	1	0	0	0	1	0
GCF_019697375.1	1	0	0	0	3	0	0
GCF_019702945.1	0	1	0	0	0	1	0
GCF_019703835.1	1	1	0	0	1	1	0
GCF_019703855.1	1	1	1	0	1	3	1
GCF_019703875.1	0	0	0	0	0	0	0
GCF_019704135.1	0	0	0	0	0	0	0
GCF_019704315.1	0	1	0	0	0	1	0
GCF_019704535.1	1	0	0	0	4	0	0
GCF_019710575.1	1	1	0	0	3	2	0
GCF_019710635.1	1	0	0	0	13	0	0
GCF_019711315.1	1	0	0	0	3	0	0
GCF_019711355.1	1	0	0	0	3	0	0
GCF_019711375.1	1	0	0	0	3	0	0
GCF_019711395.1	1	0	0	0	3	0	0
GCF_019711415.1	1	0	0	0	3	0	0
GCF_019711435.1	1	0	0	0	3	0	0
GCF_019711495.1	1	0	0	0	3	0	0
GCF_019711515.1	1	0	0	0	4	0	0
GCF_019711535.1	1	0	0	0	3	0	0
GCF_019711555.1	1	0	0	0	3	0	0
GCF_019711565.1	1	0	0	0	5	0	0
GCF_019711595.1	1	0	0	0	3	0	0
GCF_019711615.1	1	0	0	0	3	0	0
GCF_019711635.1	1	0	0	0	3	0	0
GCF_019711655.1	1	0	0	0	3	0	0
GCF_019711685.1	0	0	0	0	0	0	0
GCF_019721995.1	0	0	0	0	0	0	0
GCF_019722725.1	1	0	0	0	4	0	0
GCF_019734885.1	0	1	1	1	0	7	6
GCF_019737615.1	1	0	0	0	1	0	0
GCF_019739075.1	1	0	0	0	15	0	0
GCF_019740315.1	0	0	0	0	0	0	0
GCF_019740335.1	1	0	0	0	2	0	0
GCF_019740355.2	1	0	0	0	1	0	0
GCF_019748715.1	1	0	0	0	2	0	0
GCF_019753765.1	1	0	0	0	6	0	0
GCF_019753795.1	0	1	1	1	0	8	2
GCF_019754295.1	0	1	1	1	0	3	2
GCF_019754935.1	0	1	0	0	0	1	0
GCF_019774635.1	0	1	0	0	0	1	0
GCF_019778565.1	1	1	0	0	2	4	0
GCF_019780885.1	1	0	0	0	14	0	0
GCF_019793435.1	1	1	0	0	2	1	0
GCF_019793465.1	1	1	0	0	1	1	0
GCF_019795105.1	0	1	0	0	0	3	0
GCF_019795155.1	1	0	0	0	4	0	0
GCF_019797745.1	0	1	0	0	0	1	0
GCF_019797805.1	0	0	0	0	0	0	0
GCF_019797845.1	1	1	1	1	1	2	2
GCF_019797865.1	1	1	0	0	3	1	0
GCF_019797925.1	0	1	0	0	0	2	0
GCF_019798055.1	1	0	0	0	5	0	0
GCF_019800005.1	1	0	0	0	5	0	0
GCF_019801215.1	0	1	0	0	0	2	0
GCF_019801785.1	1	1	0	0	5	1	0
GCF_019802255.1	0	1	0	0	0	1	0
GCF_019802285.1	1	0	0	0	3	0	0
GCF_019823105.1	1	1	0	0	1	1	0
GCF_019844095.1	1	1	0	0	1	3	0
GCF_019856495.1	1	1	0	0	2	1	0
GCF_019857185.1	1	0	0	0	4	0	0
GCF_019857205.1	1	0	0	0	4	0	0
GCF_019857225.1	1	1	0	0	7	2	0
GCF_019880205.1	1	1	0	0	1	1	0
GCF_019880225.1	1	1	0	0	1	1	0
GCF_019880245.1	1	1	0	0	2	1	0
GCF_019880305.1	1	1	0	0	9	2	0
GCF_019880385.1	1	1	0	0	2	2	0
GCF_019880545.1	0	0	0	0	0	0	0
GCF_019880555.1	1	1	0	0	3	1	0
GCF_019880585.1	1	1	0	0	12	3	0
GCF_019880635.1	0	0	0	0	0	0	0
GCF_019884725.1	1	1	0	0	2	1	0
GCF_019884785.1	1	1	1	1	1	10	10
GCF_019890615.1	1	1	0	0	4	2	0
GCF_019890635.1	1	1	0	0	10	3	0
GCF_019890715.1	1	1	0	0	47	2	0
GCF_019890725.1	1	1	0	0	3	6	0
GCF_019890955.1	1	1	0	0	1	2	0
GCF_019891175.1	0	0	0	0	0	0	0
GCF_019891355.1	1	1	0	0	3	3	0
GCF_019891395.1	1	1	0	0	2	2	0
GCF_019891545.1	0	1	0	0	0	1	0
GCF_019898765.1	1	1	0	0	3	1	0
GCF_019900845.1	1	0	0	0	2	0	0
GCF_019903425.1	1	0	0	0	2	0	0
GCF_019904135.1	0	1	0	0	0	4	0
GCF_019904155.1	0	1	1	1	0	11	2
GCF_019904175.1	1	1	0	0	5	3	0
GCF_019915265.1	1	0	0	0	2	0	0
GCF_019916025.1	1	1	1	1	1	6	3
GCF_019916085.1	0	0	0	0	0	0	0
GCF_019923565.1	0	0	0	0	0	0	0
GCF_019923725.1	1	0	0	0	25	0	0
GCF_019930545.1	0	1	0	0	0	3	0
GCF_019930585.1	1	0	0	0	3	0	0
GCF_019930665.1	0	0	0	0	0	0	0
GCF_019930785.1	1	1	0	0	8	2	0
GCF_019930925.1	0	0	0	0	0	0	0
GCF_019931005.1	0	1	0	0	0	3	0
GCF_019931045.1	1	0	0	0	16	0	0
GCF_019931065.1	0	1	0	0	0	1	0
GCF_019931215.1	1	0	0	0	5	0	0
GCF_019931675.1	1	0	0	0	2	0	0
GCF_019931735.1	0	1	0	0	0	1	0
GCF_019933155.2	0	1	0	0	0	4	0
GCF_019933175.1	1	0	0	0	1	0	0
GCF_019933235.1	1	1	0	0	7	2	0
GCF_019947135.1	1	1	0	0	3	1	0
GCF_019957155.1	1	1	0	0	1	4	0
GCF_019966495.1	1	1	0	0	7	1	0
GCF_019966515.1	1	1	0	0	3	1	0
GCF_019966535.1	1	1	1	1	22	2	5
GCF_019966545.1	1	0	0	0	15	0	0
GCF_019966575.1	1	1	0	0	3	1	0
GCF_019966595.1	1	0	0	0	8	0	0
GCF_019968605.1	0	1	0	0	0	1	0
GCF_019970085.1	0	1	0	0	0	3	0
GCF_019972815.1	1	1	0	0	1	1	0
GCF_019972835.1	0	1	0	0	0	1	0
GCF_019973475.1	0	1	0	0	0	1	0
GCF_019974135.1	0	0	0	0	0	0	0
GCF_019977655.1	0	1	0	0	0	4	0
GCF_019977755.1	1	1	0	0	2	1	0
GCF_019991125.1	1	1	0	0	3	2	0
GCF_020005165.1	0	0	0	0	0	0	0
GCF_020005195.1	1	1	1	1	18	1	6
GCF_020005365.1	0	0	0	0	0	0	0
GCF_020010905.1	1	1	0	0	7	1	0
GCF_020010925.1	1	1	0	0	9	4	0
GCF_020012125.1	1	1	0	0	1	1	0
GCF_020024005.1	1	1	0	0	15	2	0
GCF_020025155.1	1	0	0	0	2	0	0
GCF_020026895.1	0	0	0	0	0	0	0
GCF_020026915.1	1	1	0	0	2	1	0
GCF_020026925.1	1	0	0	0	2	0	0
GCF_020034655.1	0	1	0	0	0	1	0
GCF_020034665.1	1	1	0	0	2	2	0
GCF_020037025.1	1	1	0	0	2	2	0
GCF_020037475.1	1	1	0	0	1	1	0
GCF_020042285.1	0	1	0	0	0	1	0
GCF_020042345.1	1	1	0	0	2	1	0
GCF_020071995.1	1	1	0	0	3	1	0
GCF_020073815.1	1	1	1	1	7	1	2
GCF_020075705.1	1	1	0	0	1	3	0
GCF_020076305.1	0	0	0	0	0	0	0
GCF_020079945.1	0	1	0	0	0	2	0
GCF_020080045.1	1	0	0	0	11	0	0
GCF_020084865.1	0	1	0	0	0	2	0
GCF_020089865.1	1	1	0	0	3	3	0
GCF_020091425.1	0	1	0	0	0	2	0
GCF_020091505.1	0	1	0	0	0	1	0
GCF_020091585.1	0	0	0	0	0	0	0
GCF_020092905.1	1	0	0	0	6	0	0
GCF_020097135.1	0	1	0	0	0	1	0
GCF_020097155.1	1	0	0	0	3	0	0
GCF_020097295.1	0	1	0	0	0	1	0
GCF_020097375.1	0	0	0	0	0	0	0
GCF_020097475.1	1	1	1	0	1	1	1
GCF_020097815.1	0	1	0	0	0	1	0
GCF_020097835.1	1	1	0	0	1	1	0
GCF_020099175.1	0	1	1	0	0	3	1
GCF_020099275.1	1	0	0	0	2	0	0
GCF_020099335.1	1	1	1	0	2	2	1
GCF_020099395.1	1	1	0	0	2	2	0
GCF_020102855.1	1	0	0	0	5	0	0
GCF_020103695.1	1	1	0	0	1	1	0
GCF_020103725.1	1	1	0	0	1	1	0
GCF_020103775.1	1	1	0	0	1	2	0
GCF_020141465.1	1	0	0	0	2	0	0
GCF_020144665.1	0	1	0	0	0	1	0
GCF_020148005.1	1	0	0	0	1	0	0
GCF_020149575.1	0	1	0	0	0	1	0
GCF_020149915.1	0	1	1	1	0	3	3
GCF_020149935.1	0	0	0	0	0	0	0
GCF_020150375.1	1	1	1	0	1	2	1
GCF_020150815.1	1	1	0	0	1	2	0
GCF_020162115.1	1	0	0	0	3	0	0
GCF_020162295.1	0	0	0	0	0	0	0
GCF_020164485.1	0	1	0	0	0	1	0
GCF_020164495.1	0	1	0	0	0	1	0
GCF_020164535.1	0	1	0	0	0	1	0
GCF_020164555.1	0	1	0	0	0	1	0
GCF_020164585.1	0	1	0	0	0	1	0
GCF_020164595.1	0	1	0	0	0	1	0
GCF_020165855.1	1	0	0	0	2	0	0
GCF_020166335.1	1	1	0	0	1	1	0
GCF_020166345.1	1	1	0	0	1	1	0
GCF_020166395.1	0	1	0	0	0	1	0
GCF_020166415.1	0	1	0	0	0	1	0
GCF_020169335.1	0	1	0	0	0	3	0
GCF_020169515.1	0	1	0	0	0	4	0
GCF_020171285.1	1	0	0	0	10	0	0
GCF_020171465.1	0	1	0	0	0	1	0
GCF_020171505.1	1	1	0	0	5	2	0
GCF_020171525.1	1	1	0	0	1	3	0
GCF_020171805.1	1	1	0	0	1	2	0
GCF_020172065.1	0	1	0	0	0	3	0
GCF_020172685.2	1	0	0	0	16	0	0
GCF_020176155.1	0	1	1	1	0	5	2
GCF_020177375.1	1	0	0	0	2	0	0
GCF_020179405.1	1	1	0	0	6	1	0
GCF_020179425.1	1	0	0	0	9	0	0
GCF_020179475.1	1	0	0	0	6	0	0
GCF_020179575.1	0	1	1	1	0	3	2
GCF_020179605.1	0	1	1	1	0	2	2
GCF_020180945.1	0	1	0	0	0	3	0
GCF_020181435.1	1	1	0	0	1	1	0
GCF_020181595.2	1	0	0	0	21	0	0
GCF_020181615.2	1	0	0	0	13	0	0
GCF_020181635.2	1	0	0	0	15	0	0
GCF_020181655.1	0	1	0	0	0	2	0
GCF_020215645.1	1	1	0	0	9	6	0
GCF_020215665.1	1	1	1	1	1	7	3
GCF_020215685.1	1	1	0	0	1	3	0
GCF_020215705.1	1	1	0	0	12	6	0
GCF_020216025.1	1	0	0	0	2	0	0
GCF_020216065.1	1	0	0	0	6	0	0
GCF_020216525.1	1	0	0	0	6	0	0
GCF_020217405.1	1	1	0	0	2	5	0
GCF_020217425.1	1	0	0	0	1	0	0
GCF_020229735.1	1	1	0	0	2	1	0
GCF_020268605.1	0	0	0	0	0	0	0
GCF_020278605.1	0	0	0	0	0	0	0
GCF_020278625.1	0	0	0	0	0	0	0
GCF_020295405.1	1	1	0	0	2	1	0
GCF_020297055.1	1	1	0	0	1	2	0
GCF_020297465.1	0	1	0	0	0	2	0
GCF_020310005.1	0	1	0	0	0	1	0
GCF_020310025.1	0	1	0	0	0	1	0
GCF_020312145.1	1	1	0	0	5	2	0
GCF_020312315.1	1	1	0	0	7	5	0
GCF_020320395.1	1	1	0	0	1	1	0
GCF_020328055.1	1	0	0	0	1	0	0
GCF_020328095.1	1	1	0	0	4	2	0
GCF_020329435.1	1	1	0	0	20	1	0
GCF_020329485.1	1	1	0	0	24	2	0
GCF_020329495.1	1	1	0	0	24	1	0
GCF_020329505.1	1	0	0	0	19	0	0
GCF_020342335.1	0	1	0	0	0	2	0
GCF_020381325.1	1	1	0	0	2	2	0
GCF_020386615.1	0	1	0	0	0	1	0
GCF_020386975.1	0	0	0	0	0	0	0
GCF_020387415.1	1	0	0	0	2	0	0
GCF_020387775.1	0	0	0	0	0	0	0
GCF_020400605.1	1	1	0	0	3	4	0
GCF_020400655.1	1	1	0	0	5	3	0
GCF_020404745.1	1	1	0	0	1	6	0
GCF_020404845.1	1	1	1	1	9	5	2
GCF_020405185.1	1	0	0	0	2	0	0
GCF_020405205.1	1	0	0	0	7	0	0
GCF_020405475.1	0	0	0	0	0	0	0
GCF_020410745.1	0	1	0	0	0	2	0
GCF_020410765.1	1	1	0	0	2	1	0
GCF_020421205.1	1	0	0	0	1	0	0
GCF_020422925.2	0	0	0	0	0	0	0
GCF_020423125.1	0	1	0	0	0	1	0
GCF_020424085.1	1	1	0	0	2	3	0
GCF_020443705.1	0	1	1	1	0	4	2
GCF_020447175.2	0	0	0	0	0	0	0
GCF_020447205.1	1	1	0	0	1	1	0
GCF_020447265.1	1	0	0	0	1	0	0
GCF_020447315.1	1	0	0	0	1	0	0
GCF_020463795.1	0	1	0	0	0	2	0
GCF_020480685.1	0	1	1	0	0	2	1
GCF_020510245.1	0	1	0	0	0	3	0
GCF_020510525.1	1	1	1	0	2	1	1
GCF_020510565.1	1	0	0	0	3	0	0
GCF_020511115.1	1	0	0	0	2	0	0
GCF_020511155.1	0	1	0	0	0	2	0
GCF_020515525.1	1	0	0	0	6	0	0
GCF_020515625.1	1	0	0	0	7	0	0
GCF_020519665.1	0	1	0	0	0	4	0
GCF_020521235.1	0	0	0	0	0	0	0
GCF_020521275.1	1	1	0	0	5	2	0
GCF_020521295.1	1	1	0	0	3	2	0
GCF_020523605.1	1	0	0	0	20	0	0
GCF_020523625.1	0	0	0	0	0	0	0
GCF_020523925.1	0	0	0	0	0	0	0
GCF_020523965.1	0	0	0	0	0	0	0
GCF_020523985.1	1	1	0	0	3	1	0
GCF_020524495.1	0	1	0	0	0	1	0
GCF_020524585.1	0	0	0	0	0	0	0
GCF_020524625.1	1	0	0	0	2	0	0
GCF_020525545.1	0	1	1	0	0	2	1
GCF_020525665.1	0	1	1	0	0	2	1
GCF_020526085.1	0	1	1	0	0	2	1
GCF_020529025.1	1	1	0	0	4	3	0
GCF_020531905.1	0	1	0	0	0	1	0
GCF_020531915.1	0	0	0	0	0	0	0
GCF_020531945.1	1	0	0	0	1	0	0
GCF_020531965.1	1	1	0	0	5	2	0
GCF_020532555.1	1	1	0	0	3	2	0
GCF_020532605.1	0	0	0	0	0	0	0
GCF_020532625.1	1	1	0	0	4	3	0
GCF_020532645.1	1	1	0	0	5	2	0
GCF_020532675.1	0	0	0	0	0	0	0
GCF_020532705.1	0	0	0	0	0	0	0
GCF_020532725.1	0	0	0	0	0	0	0
GCF_020535405.1	0	1	0	0	0	1	0
GCF_020538175.1	0	1	1	1	0	5	3
GCF_020539505.1	1	0	0	0	2	0	0
GCF_020539525.1	1	1	0	0	2	2	0
GCF_020541225.1	0	0	0	0	0	0	0
GCF_020541245.1	0	0	0	0	0	0	0
GCF_020541265.1	0	0	0	0	0	0	0
GCF_020541305.1	0	0	0	0	0	0	0
GCF_020541325.1	0	0	0	0	0	0	0
GCF_020542785.1	1	1	1	1	42	3	4
GCF_020544465.1	1	1	0	0	1	1	0
GCF_020546685.1	1	1	0	0	2	1	0
GCF_020551945.1	0	1	0	0	0	2	0
GCF_020552705.1	0	1	0	0	0	1	0
GCF_020554845.1	0	1	0	0	0	2	0
GCF_020564625.1	1	1	0	0	1	1	0
GCF_020564935.1	1	1	0	0	7	2	0
GCF_020567425.1	1	0	0	0	1	0	0
GCF_020567525.1	1	0	0	0	1	0	0
GCF_020595095.1	1	1	0	0	1	2	0
GCF_020595125.1	0	1	0	0	0	2	0
GCF_020614375.1	1	1	0	0	6	1	0
GCF_020614395.1	1	0	0	0	1	0	0
GCF_020616335.1	1	1	0	0	1	1	0
GCF_020616555.1	1	1	1	1	13	3	2
GCF_020616595.1	0	0	0	0	0	0	0
GCF_020618475.1	1	1	0	0	9	1	0
GCF_020618775.1	1	0	0	0	4	0	0
GCF_020621385.1	1	1	0	0	2	1	0
GCF_020622355.1	1	0	0	0	5	0	0
GCF_020639365.1	1	1	0	0	4	1	0
GCF_020640915.1	0	0	0	0	0	0	0
GCF_020667915.1	0	0	0	0	0	0	0
GCF_020682665.1	1	1	0	0	1	2	0
GCF_020682705.1	1	1	0	0	1	1	0
GCF_020683125.1	1	1	0	0	1	1	0
GCF_020685205.1	1	0	0	0	1	0	0
GCF_020686945.1	0	1	1	1	0	2	2
GCF_020686965.1	0	1	1	1	0	5	2
GCF_020686985.1	0	1	0	0	0	2	0
GCF_020686995.1	0	1	1	1	0	4	2
GCF_020687045.1	0	1	1	1	0	3	4
GCF_020687165.1	0	1	0	0	0	1	0
GCF_020687175.1	0	1	0	0	0	1	0
GCF_020687205.1	0	1	0	0	0	2	0
GCF_020687245.1	0	1	0	0	0	2	0
GCF_020687335.1	0	1	0	0	0	3	0
GCF_020687385.1	0	1	0	0	0	2	0
GCF_020687485.1	0	1	0	0	0	1	0
GCF_020687545.1	0	1	1	1	0	5	4
GCF_020687785.1	1	0	0	0	9	0	0
GCF_020687805.1	1	1	0	0	1	1	0
GCF_020687825.1	0	1	0	0	0	1	0
GCF_020694005.1	0	1	0	0	0	1	0
GCF_020700235.1	1	1	0	0	4	1	0
GCF_020711195.1	0	1	1	1	0	1	2
GCF_020715685.1	1	0	0	0	12	0	0
GCF_020731205.1	1	0	0	0	2	0	0
GCF_020731305.1	1	1	0	0	9	1	0
GCF_020731525.1	0	1	0	0	0	2	0
GCF_020733635.1	1	1	0	0	7	1	0
GCF_020733705.1	1	1	1	1	9	3	4
GCF_020734085.1	1	1	1	1	4	5	8
GCF_020734105.1	1	1	0	0	2	1	0
GCF_020735445.1	0	1	0	0	0	3	0
GCF_020735545.1	1	1	0	0	4	1	0
GCF_020735925.1	1	0	0	0	36	0	0
GCF_020735985.1	1	0	0	0	13	0	0
GCF_020736005.1	1	0	0	0	31	0	0
GCF_020736045.1	0	0	0	0	0	0	0
GCF_020736845.1	0	1	0	0	0	3	0
GCF_020782115.1	0	1	0	0	0	1	0
GCF_020782245.1	1	1	0	0	1	1	0
GCF_020782375.1	1	0	0	0	3	0	0
GCF_020783315.1	0	1	0	0	0	2	0
GCF_020783335.1	1	1	0	0	2	2	0
GCF_020783375.1	1	0	0	0	4	0	0
GCF_020783575.1	1	1	0	0	7	3	0
GCF_020783655.1	0	0	0	0	0	0	0
GCF_020792675.1	1	1	0	0	1	4	0
GCF_020805785.1	1	1	0	0	2	1	0
GCF_020809405.1	1	1	1	1	1	5	2
GCF_020810675.1	0	0	0	0	0	0	0
GCF_020819555.1	1	1	1	1	1	5	3
GCF_020819595.1	1	1	0	0	6	2	0
GCF_020829495.1	0	0	0	0	0	0	0
GCF_020829645.1	0	0	0	0	0	0	0
GCF_020831365.1	1	1	0	0	3	2	0
GCF_020831405.1	1	0	0	0	4	0	0
GCF_020859565.1	1	1	0	0	6	2	0
GCF_020861345.1	0	1	0	0	0	4	0
GCF_020865585.1	1	1	0	0	6	2	0
GCF_020866845.1	1	0	0	0	8	0	0
GCF_020866905.1	0	1	0	0	0	1	0
GCF_020866925.1	0	0	0	0	0	0	0
GCF_020866965.1	1	1	0	0	4	2	0
GCF_020872015.1	0	1	0	0	0	2	0
GCF_020880995.1	1	0	0	0	37	0	0
GCF_020883455.1	1	0	0	0	3	0	0
GCF_020883495.1	1	1	0	0	1	1	0
GCF_020883535.1	0	1	0	0	0	1	0
GCF_020884755.1	0	1	0	0	0	1	0
GCF_020884795.1	1	1	0	0	1	2	0
GCF_020886055.1	0	0	0	0	0	0	0
GCF_020886115.1	0	1	0	0	0	1	0
GCF_020886175.1	1	0	0	0	11	0	0
GCF_020886315.1	1	1	0	0	4	3	0
GCF_020886695.1	0	1	1	0	0	2	1
GCF_020886775.1	1	1	0	0	3	1	0
GCF_020889625.1	1	0	0	0	1	0	0
GCF_020889685.1	1	0	0	0	25	0	0
GCF_020889705.1	1	0	0	0	28	0	0
GCF_020889785.1	1	1	0	0	19	1	0
GCF_020905315.1	0	1	0	0	0	2	0
GCF_020905375.1	1	1	0	0	3	2	0
GCF_020905415.1	0	1	0	0	0	1	0
GCF_020906275.1	1	1	0	0	8	1	0
GCF_020907245.1	0	1	0	0	0	1	0
GCF_020907275.1	0	0	0	0	0	0	0
GCF_020907985.1	1	1	0	0	5	3	0
GCF_020908015.1	1	1	1	1	6	8	9
GCF_020911725.1	1	1	1	1	2	5	3
GCF_020911965.1	0	1	1	0	0	2	1
GCF_020917325.1	1	0	0	0	1	0	0
GCF_020923435.1	1	1	0	0	1	5	0
GCF_020966755.1	0	1	0	0	0	1	0
GCF_020969955.1	0	1	0	0	0	1	0
GCF_020971565.1	0	1	0	0	0	2	0
GCF_020985365.1	0	1	0	0	0	2	0
GCF_020991025.1	0	1	0	0	0	1	0
GCF_020991065.1	1	1	0	0	3	1	0
GCF_020991125.1	1	1	0	0	2	1	0
GCF_020991375.1	1	1	0	0	1	3	0
GCF_020995475.1	0	0	0	0	0	0	0
GCF_021010565.1	0	1	0	0	0	2	0
GCF_021010575.1	1	1	0	0	1	1	0
GCF_021018745.1	0	0	0	0	0	0	0
GCF_021018765.1	1	0	0	0	5	0	0
GCF_021021555.1	0	1	0	0	0	1	0
GCF_021026195.1	1	0	0	0	11	0	0
GCF_021026295.1	1	1	0	0	12	1	0
GCF_021026375.1	1	1	0	0	21	1	0
GCF_021028635.1	1	1	0	0	7	2	0
GCF_021029445.1	1	0	0	0	3	0	0
GCF_021030645.1	0	1	0	0	0	2	0
GCF_021032705.1	0	1	0	0	0	1	0
GCF_021033825.1	1	0	0	0	5	0	0
GCF_021043325.1	1	1	0	0	4	2	0
GCF_021043395.1	0	1	1	1	0	6	2
GCF_021044425.1	1	0	0	0	2	0	0
GCF_021044565.1	1	1	1	1	5	2	2
GCF_021044685.1	1	0	0	0	19	0	0
GCF_021044755.1	0	1	0	0	0	3	0
GCF_021044775.1	1	1	0	0	3	3	0
GCF_021044795.1	1	1	1	1	1	2	2
GCF_021044825.1	1	1	0	0	3	2	0
GCF_021044885.1	1	1	0	0	1	2	0
GCF_021044935.1	1	1	0	0	2	2	0
GCF_021049245.1	0	1	0	0	0	3	0
GCF_021049265.1	1	1	0	0	3	1	0
GCF_021049285.1	1	1	0	0	2	1	0
GCF_021049305.1	1	0	0	0	3	0	0
GCF_021054785.1	0	1	0	0	0	1	0
GCF_021057185.1	0	0	0	0	0	0	0
GCF_021065005.1	0	0	0	0	0	0	0
GCF_021083185.1	1	0	0	0	4	0	0
GCF_021083375.1	1	1	0	0	3	1	0
GCF_021117385.1	0	0	0	0	0	0	0
GCF_021117405.1	0	0	0	0	0	0	0
GCF_021117425.1	1	1	0	0	12	1	0
GCF_021129195.1	1	1	0	0	5	1	0
GCF_021129235.1	1	1	0	0	2	1	0
GCF_021129305.1	1	1	0	0	6	4	0
GCF_021147775.1	1	0	0	0	3	0	0
GCF_021147805.1	1	0	0	0	2	0	0
GCF_021165935.1	1	1	0	0	3	1	0
GCF_021165955.1	1	1	0	0	5	2	0
GCF_021166475.1	1	1	0	0	2	3	0
GCF_021166585.1	0	1	0	0	0	2	0
GCF_021166595.1	1	0	0	0	7	0	0
GCF_021168455.1	1	1	0	0	2	2	0
GCF_021172025.1	1	1	0	0	2	3	0
GCF_021172045.1	1	1	0	0	10	2	0
GCF_021172065.1	1	1	0	0	1	1	0
GCF_021172145.1	0	1	0	0	0	1	0
GCF_021172165.1	0	1	0	0	0	1	0
GCF_021173085.1	1	0	0	0	5	0	0
GCF_021183565.1	1	1	0	0	8	2	0
GCF_021183645.1	1	1	0	0	9	1	0
GCF_021183725.1	1	0	0	0	14	0	0
GCF_021183825.1	0	1	0	0	0	1	0
GCF_021184025.1	1	0	0	0	14	0	0
GCF_021184045.1	0	1	0	0	0	1	0
GCF_021190915.1	0	1	0	0	0	6	0
GCF_021190955.1	1	1	0	0	1	1	0
GCF_021206045.1	0	0	0	0	0	0	0
GCF_021206925.1	1	1	0	0	1	2	0
GCF_021215455.1	0	1	0	0	0	2	0
GCF_021216655.1	0	1	0	0	0	2	0
GCF_021216675.1	1	1	0	0	4	3	0
GCF_021227995.1	1	1	0	0	16	1	0
GCF_021228125.1	1	1	0	0	5	2	0
GCF_021228235.1	1	1	0	0	6	1	0
GCF_021228295.1	1	1	0	0	1	1	0
GCF_021228795.1	0	0	0	0	0	0	0
GCF_021233055.1	0	0	0	0	0	0	0
GCF_021233355.1	1	0	0	0	2	0	0
GCF_021233415.1	1	0	0	0	1	0	0
GCF_021233435.1	0	0	0	0	0	0	0
GCF_021236965.1	0	1	0	0	0	1	0
GCF_021245735.1	0	1	0	0	0	2	0
GCF_021245805.1	0	0	0	0	0	0	0
GCF_021245825.1	1	1	0	0	11	1	0
GCF_021245985.1	0	1	0	0	0	1	0
GCF_021246445.1	1	0	0	0	12	0	0
GCF_021249345.1	1	0	0	0	2	0	0
GCF_021249385.1	1	0	0	0	7	0	0
GCF_021249405.1	1	0	0	0	2	0	0
GCF_021261325.1	1	1	0	0	8	4	0
GCF_021271205.1	1	0	0	0	5	0	0
GCF_021272345.1	1	0	0	0	1	0	0
GCF_021272385.1	0	0	0	0	0	0	0
GCF_021276285.1	1	1	0	0	1	2	0
GCF_021277265.1	1	1	0	0	5	2	0
GCF_021278965.1	0	1	0	0	0	2	0
GCF_021278985.1	1	1	0	0	1	1	0
GCF_021283165.2	1	0	0	0	2	0	0
GCF_021283305.1	1	1	0	0	40	1	0
GCF_021283545.2	1	0	0	0	4	0	0
GCF_021290925.1	1	1	0	0	1	1	0
GCF_021290965.1	0	1	0	0	0	2	0
GCF_021290985.1	0	1	0	0	0	2	0
GCF_021295095.1	0	1	0	0	0	2	0
GCF_021295315.1	0	0	0	0	0	0	0
GCF_021295345.1	0	0	0	0	0	0	0
GCF_021300615.1	0	0	0	0	0	0	0
GCF_021300655.1	0	0	0	0	0	0	0
GCF_021310995.1	1	1	0	0	1	1	0
GCF_021311115.1	0	1	0	0	0	2	0
GCF_021312615.1	0	1	0	0	0	6	0
GCF_021343995.1	1	1	1	1	24	2	2
GCF_021344005.1	0	0	0	0	0	0	0
GCF_021353295.2	0	1	1	0	0	2	1
GCF_021365465.1	0	1	0	0	0	1	0
GCF_021369635.1	0	1	0	0	0	7	0
GCF_021378375.1	0	0	0	0	0	0	0
GCF_021378605.1	1	1	1	1	6	4	3
GCF_021379005.1	0	0	0	0	0	0	0
GCF_021389935.1	0	1	0	0	0	2	0
GCF_021389955.1	0	0	0	0	0	0	0
GCF_021389975.1	1	0	0	0	1	0	0
GCF_021390075.1	1	1	0	0	1	2	0
GCF_021390325.1	1	1	0	0	5	1	0
GCF_021390575.1	1	1	0	0	7	1	0
GCF_021390645.1	1	1	0	0	29	1	0
GCF_021390755.1	0	0	0	0	0	0	0
GCF_021391315.1	1	0	0	0	2	0	0
GCF_021391395.1	1	1	0	0	5	2	0
GCF_021391435.1	1	0	0	0	5	0	0
GCF_021391495.1	1	1	1	1	38	7	2
GCF_021398215.1	1	1	0	0	3	2	0
GCF_021403115.1	1	0	0	0	15	0	0
GCF_021404305.1	1	0	0	0	6	0	0
GCF_021404405.1	1	0	0	0	5	0	0
GCF_021404465.1	1	0	0	0	4	0	0
GCF_021412585.1	1	0	0	0	7	0	0
GCF_021412605.1	0	1	0	0	0	5	0
GCF_021432085.1	1	0	0	0	4	0	0
GCF_021432385.1	0	1	1	1	0	5	2
GCF_021432765.1	1	0	0	0	4	0	0
GCF_021441825.1	1	1	0	0	7	2	0
GCF_021441905.1	0	1	0	0	0	2	0
GCF_021442325.1	1	0	0	0	5	0	0
GCF_021462265.1	1	1	0	0	9	4	0
GCF_021462285.1	1	0	0	0	3	0	0
GCF_021462405.1	1	0	0	0	2	0	0
GCF_021462525.1	1	1	0	0	2	1	0
GCF_021462825.1	1	1	0	0	6	2	0
GCF_021474405.1	1	1	0	0	4	3	0
GCF_021474425.1	1	1	0	0	8	4	0
GCF_021483235.1	1	1	0	0	2	3	0
GCF_021484805.1	0	0	0	0	0	0	0
GCF_021491355.1	1	1	0	0	1	1	0
GCF_021491375.1	0	0	0	0	0	0	0
GCF_021491425.1	0	0	0	0	0	0	0
GCF_021491915.1	1	1	0	0	1	1	0
GCF_021496385.1	0	1	0	0	0	1	0
GCF_021496725.1	0	0	0	0	0	0	0
GCF_021497585.1	1	0	0	0	1	0	0
GCF_021502585.1	1	0	0	0	2	0	0
GCF_021502675.1	1	1	0	0	21	1	0
GCF_021531075.1	0	0	0	0	0	0	0
GCF_021531915.1	1	1	0	0	1	3	0
GCF_021532315.1	0	1	0	0	0	3	0
GCF_021532375.1	0	1	0	0	0	5	0
GCF_021532615.1	1	0	0	0	1	0	0
GCF_021532625.1	1	0	0	0	1	0	0
GCF_021533195.1	0	0	0	0	0	0	0
GCF_021538615.1	1	0	0	0	2	0	0
GCF_021545785.1	1	0	0	0	2	0	0
GCF_021545825.1	1	1	0	0	1	2	0
GCF_021554725.1	1	1	0	0	7	1	0
GCF_021555155.1	1	1	0	0	3	2	0
GCF_021555175.1	1	0	0	0	20	0	0
GCF_021556395.1	1	1	0	0	18	1	0
GCF_021556435.1	1	1	0	0	11	1	0
GCF_021556455.1	1	1	0	0	5	3	0
GCF_021556475.1	1	0	0	0	9	0	0
GCF_021556615.1	1	1	0	0	2	1	0
GCF_021560075.1	1	0	0	0	3	0	0
GCF_021568315.1	0	0	0	0	0	0	0
GCF_021568695.1	1	1	0	0	1	2	0
GCF_021568705.1	0	1	0	0	0	1	0
GCF_021568775.1	1	1	0	0	1	1	0
GCF_021568795.1	1	1	1	1	1	2	2
GCF_021568805.1	1	1	1	1	1	2	2
GCF_021568855.1	1	1	1	1	1	2	2
GCF_021568875.1	1	1	1	1	1	2	2
GCF_021568905.1	1	0	0	0	4	0	0
GCF_021582895.2	1	0	1	0	2	0	1
GCF_021590045.1	0	0	0	0	0	0	0
GCF_021596945.1	0	1	0	0	0	1	0
GCF_021601385.1	1	0	0	0	3	0	0
GCF_021601625.1	1	0	0	0	4	0	0
GCF_021602025.1	1	0	0	0	4	0	0
GCF_021602155.1	1	0	0	0	4	0	0
GCF_021602345.1	1	0	0	0	4	0	0
GCF_021602465.1	1	0	0	0	6	0	0
GCF_021602585.1	1	0	0	0	5	0	0
GCF_021603585.1	1	0	0	0	4	0	0
GCF_021603645.1	1	0	0	0	8	0	0
GCF_021608135.1	1	1	1	0	3	2	1
GCF_021608225.1	0	1	0	0	0	2	0
GCF_021609905.1	0	0	0	0	0	0	0
GCF_021611515.1	1	1	1	1	9	2	4
GCF_021613355.1	0	1	0	0	0	3	0
GCF_021646685.1	1	1	0	0	1	5	0
GCF_021648825.1	1	1	0	0	2	1	0
GCF_021648885.1	1	0	0	0	5	0	0
GCF_021650935.1	0	1	0	0	0	1	0
GCF_021650955.1	0	1	0	0	0	1	0
GCF_021650975.2	0	1	0	0	0	1	0
GCF_021653995.1	1	0	0	0	30	0	0
GCF_021654115.1	0	1	0	0	0	3	0
GCF_021654135.1	1	1	1	1	26	2	2
GCF_021654335.1	0	0	0	0	0	0	0
GCF_021654455.1	0	1	0	0	0	1	0
GCF_021654575.1	1	1	1	1	2	7	6
GCF_021654655.1	0	0	0	0	0	0	0
GCF_021654775.1	0	1	0	0	0	7	0
GCF_021654795.1	0	1	0	0	0	8	0
GCF_021654855.1	0	0	0	0	0	0	0
GCF_021655555.1	0	1	0	0	0	2	0
GCF_021725675.1	0	0	0	0	0	0	0
GCF_021726475.1	1	0	0	0	4	0	0
GCF_021728295.1	1	0	0	0	6	0	0
GCF_021728415.1	0	1	0	0	0	1	0
GCF_021728535.1	1	1	0	0	3	1	0
GCF_021729035.1	1	1	0	0	2	2	0
GCF_021729055.1	1	1	0	0	3	2	0
GCF_021729075.1	1	1	0	0	2	2	0
GCF_021729135.1	1	0	0	0	11	0	0
GCF_021729145.1	0	1	0	0	0	1	0
GCF_021729155.1	0	1	0	0	0	1	0
GCF_021730445.1	0	1	0	0	0	1	0
GCF_021733145.1	1	1	0	0	2	2	0
GCF_021733725.1	1	0	0	0	18	0	0
GCF_021738805.1	1	0	0	0	11	0	0
GCF_021738965.1	1	0	0	0	8	0	0
GCF_021739485.1	1	1	0	0	12	2	0
GCF_021764745.1	0	1	0	0	0	1	0
GCF_021852965.1	0	1	0	0	0	1	0
GCF_021864535.1	1	1	0	0	1	1	0
GCF_021892415.1	1	1	0	0	6	3	0
GCF_021916785.1	1	1	0	0	12	2	0
GCF_021919345.1	1	1	0	0	4	3	0
GCF_021922925.1	1	1	0	0	1	2	0
GCF_021952865.1	0	1	0	0	0	1	0
GCF_022008365.1	0	1	0	0	0	1	0
GCF_022008395.1	0	1	0	0	0	1	0
GCF_022008415.1	0	1	0	0	0	2	0
GCF_022012295.1	1	0	0	0	2	0	0
GCF_022012305.1	1	1	0	0	15	1	0
GCF_022012395.1	1	1	0	0	11	1	0
GCF_022012415.1	1	0	0	0	2	0	0
GCF_022012475.1	0	1	0	0	0	2	0
GCF_022012555.1	1	1	0	0	22	1	0
GCF_022014495.1	1	0	0	0	12	0	0
GCF_022014595.1	0	0	0	0	0	0	0
GCF_022014715.1	0	1	0	0	0	1	0
GCF_022024115.1	0	1	0	0	0	1	0
GCF_022024215.1	0	1	0	0	0	1	0
GCF_022024335.1	1	1	0	0	5	3	0
GCF_022026155.1	0	0	1	0	0	0	1
GCF_022048975.1	1	1	0	0	2	2	0
GCF_022059845.1	1	1	0	0	9	1	0
GCF_022059885.1	1	1	0	0	7	1	0
GCF_022095695.1	0	1	0	0	0	2	0
GCF_022170785.1	1	1	0	0	2	4	0
GCF_022171985.1	0	1	0	0	0	2	0
GCF_022175585.2	1	0	0	0	18	0	0
GCF_022179065.1	1	0	0	0	3	0	0
GCF_022179085.1	1	0	0	0	7	0	0
GCF_022179105.1	1	0	0	0	3	0	0
GCF_022179125.1	1	0	0	0	6	0	0
GCF_022179185.1	1	1	0	0	13	1	0
GCF_022179225.1	1	0	0	0	6	0	0
GCF_022179245.1	1	0	0	0	6	0	0
GCF_022179285.1	1	0	0	0	6	0	0
GCF_022179305.1	1	0	0	0	3	0	0
GCF_022179325.1	1	0	0	0	9	0	0
GCF_022179345.1	1	0	0	0	3	0	0
GCF_022179385.1	1	1	0	0	9	1	0
GCF_022179445.1	1	1	0	0	7	1	0
GCF_022179525.1	1	1	0	0	7	1	0
GCF_022179545.1	1	0	0	0	17	0	0
GCF_022179585.1	1	1	0	0	7	2	0
GCF_022179645.1	1	0	0	0	3	0	0
GCF_022179685.1	1	1	0	0	6	1	0
GCF_022179725.1	1	0	0	0	3	0	0
GCF_022179765.1	1	1	0	0	3	1	0
GCF_022179785.1	1	0	0	0	3	0	0
GCF_022180365.1	1	1	0	0	1	2	0
GCF_022200785.1	1	1	0	0	2	1	0
GCF_022213065.1	1	1	0	0	23	2	0
GCF_022213125.1	1	1	0	0	2	4	0
GCF_022221585.1	1	1	0	0	8	2	0
GCF_022227625.1	0	1	0	0	0	1	0
GCF_022227785.1	0	1	0	0	0	1	0
GCF_022229005.1	1	1	0	0	2	1	0
GCF_022229015.1	1	1	0	0	3	1	0
GCF_022230885.1	1	0	0	0	5	0	0
GCF_022230905.1	1	1	0	0	3	1	0
GCF_022230925.1	1	1	0	0	3	1	0
GCF_022230935.1	1	1	0	0	3	1	0
GCF_022230955.1	1	1	0	0	2	2	0
GCF_022234545.1	0	1	0	0	0	8	0
GCF_022267315.1	0	1	0	0	0	1	0
GCF_022267325.1	1	1	0	0	1	1	0
GCF_022267515.1	0	0	0	0	0	0	0
GCF_022267535.1	0	0	0	0	0	0	0
GCF_022267555.1	0	0	0	0	0	0	0
GCF_022271405.1	1	0	0	0	13	0	0
GCF_022288825.1	0	0	0	0	0	0	0
GCF_022321465.1	1	1	0	0	6	1	0
GCF_022321485.1	0	1	0	0	0	1	0
GCF_022341425.1	1	0	0	0	4	0	0
GCF_022343685.1	1	0	0	0	1	0	0
GCF_022343725.1	0	1	0	0	0	1	0
GCF_022352055.1	0	1	0	0	0	5	0
GCF_022352215.1	0	0	0	0	0	0	0
GCF_022354085.1	1	1	1	0	3	1	1
GCF_022354465.1	0	0	0	0	0	0	0
GCF_022359095.1	1	0	0	0	1	0	0
GCF_022369495.1	1	1	1	1	2	1	2
GCF_022370415.1	1	1	0	0	30	2	0
GCF_022370755.2	1	1	0	0	21	1	0
GCF_022370835.2	1	0	0	0	13	0	0
GCF_022371215.1	0	1	0	0	0	1	0
GCF_022374895.2	1	0	0	0	22	0	0
GCF_022374935.2	1	0	0	0	10	0	0
GCF_022376295.1	0	0	0	0	0	0	0
GCF_022376835.1	0	1	0	0	0	1	0
GCF_022378335.1	1	0	0	0	2	0	0
GCF_022385335.1	1	1	0	0	7	4	0
GCF_022394675.1	1	1	0	0	4	5	0
GCF_022399565.1	0	1	0	0	0	1	0
GCF_022410465.1	0	1	0	0	0	2	0
GCF_022410535.1	1	1	1	1	1	6	10
GCF_022419185.1	1	0	0	0	1	0	0
GCF_022419205.1	0	0	0	0	0	0	0
GCF_022427145.1	0	1	0	0	0	7	0
GCF_022429625.1	1	1	0	0	1	2	0
GCF_022430525.1	1	1	0	0	1	2	0
GCF_022430545.2	1	1	0	0	20	1	0
GCF_022436675.1	0	1	0	0	0	4	0
GCF_022453685.1	0	1	1	1	0	2	2
GCF_022458745.1	1	1	0	0	2	1	0
GCF_022458865.1	1	1	0	0	4	4	0
GCF_022459015.1	0	0	0	0	0	0	0
GCF_022478115.1	0	0	0	0	0	0	0
GCF_022483405.1	0	1	0	0	0	1	0
GCF_022484835.1	1	1	0	0	1	2	0
GCF_022487425.1	0	1	0	0	0	3	0
GCF_022487945.1	1	0	0	0	2	0	0
GCF_022489035.1	0	1	0	0	0	1	0
GCF_022493915.1	1	0	0	0	7	0	0
GCF_022511585.1	0	1	0	0	0	2	0
GCF_022512515.1	1	0	0	0	4	0	0
GCF_022513635.1	1	0	0	0	2	0	0
GCF_022524345.1	1	1	0	0	6	2	0
GCF_022524485.1	1	1	0	0	19	1	0
GCF_022533465.1	1	0	0	0	3	0	0
GCF_022538045.1	1	1	0	0	2	3	0
GCF_022538055.1	0	1	0	0	0	1	0
GCF_022538115.1	0	0	0	0	0	0	0
GCF_022539255.1	1	1	0	0	3	2	0
GCF_022539405.1	1	1	1	1	1	4	5
GCF_022549215.1	1	1	0	0	2	2	0
GCF_022549695.1	0	1	0	0	0	1	0
GCF_022549775.1	0	1	0	0	0	2	0
GCF_022549785.1	0	1	0	0	0	3	0
GCF_022557135.1	0	1	0	0	0	1	0
GCF_022557255.1	1	0	0	0	2	0	0
GCF_022558445.1	0	1	1	1	0	3	4
GCF_022559585.1	0	0	0	0	0	0	0
GCF_022568775.1	1	0	0	0	2	0	0
GCF_022568795.1	1	1	0	0	2	1	0
GCF_022568835.1	1	1	0	0	1	1	0
GCF_022569295.1	1	0	0	0	2	0	0
GCF_022570735.2	0	1	0	0	0	2	0
GCF_022592395.1	1	1	0	0	2	1	0
GCF_022601675.1	1	0	0	0	7	0	0
GCF_022601685.1	1	0	0	0	1	0	0
GCF_022601735.1	1	0	0	0	3	0	0
GCF_022601905.1	1	1	0	0	2	1	0
GCF_022602565.1	0	1	0	0	0	1	0
GCF_022603395.1	1	1	1	1	7	2	2
GCF_022606465.1	1	0	0	0	1	0	0
GCF_022627575.1	0	1	0	0	0	1	0
GCF_022631375.1	1	1	0	0	1	1	0
GCF_022637435.1	1	1	0	0	3	1	0
GCF_022637475.1	1	1	0	0	2	1	0
GCF_022637495.1	1	0	0	0	1	0	0
GCF_022637515.1	0	1	0	0	0	2	0
GCF_022641305.1	0	0	0	0	0	0	0
GCF_022647325.1	1	1	0	0	1	1	0
GCF_022647505.1	1	0	0	0	1	0	0
GCF_022647665.1	1	1	0	0	7	3	0
GCF_022655595.1	1	0	0	0	1	0	0
GCF_022662015.1	0	0	0	0	0	0	0
GCF_022662095.1	0	0	0	0	0	0	0
GCF_022662175.1	1	1	0	0	2	1	0
GCF_022662195.1	1	1	0	0	1	3	0
GCF_022662535.1	0	0	0	0	0	0	0
GCF_022662575.1	1	0	0	0	1	0	0
GCF_022664405.1	1	0	0	0	2	0	0
GCF_022664435.1	0	1	0	0	0	1	0
GCF_022664455.2	1	1	0	0	9	3	0
GCF_022664465.1	1	1	0	0	1	1	0
GCF_022669015.1	1	1	0	0	10	2	0
GCF_022674245.1	1	1	0	0	1	1	0
GCF_022678485.1	1	0	0	0	4	0	0
GCF_022678625.1	1	1	0	0	2	1	0
GCF_022678645.1	1	1	0	0	20	2	0
GCF_022690685.1	1	1	0	0	1	1	0
GCF_022690765.1	1	0	0	0	2	0	0
GCF_022695515.1	1	1	0	0	6	1	0
GCF_022698145.1	1	1	1	1	9	2	2
GCF_022698165.1	1	1	0	0	12	4	0
GCF_022699385.1	1	1	0	0	6	2	0
GCF_022699665.1	0	1	0	0	0	3	0
GCF_022701015.1	0	1	0	0	0	7	0
GCF_022701195.1	0	1	0	0	0	1	0
GCF_022701215.1	0	0	0	0	0	0	0
GCF_022749495.1	0	0	0	0	0	0	0
GCF_022749515.1	0	0	0	0	0	0	0
GCF_022750635.1	1	0	0	0	3	0	0
GCF_022751215.1	1	1	0	0	5	2	0
GCF_022758145.1	1	1	0	0	1	1	0
GCF_022758235.1	1	1	0	0	1	1	0
GCF_022760175.1	0	1	0	0	0	2	0
GCF_022760445.1	1	1	0	0	3	2	0
GCF_022760755.1	0	0	0	0	0	0	0
GCF_022760805.1	1	0	0	0	4	0	0
GCF_022760835.1	1	0	0	0	2	0	0
GCF_022760855.1	1	0	0	0	2	0	0
GCF_022760915.1	1	0	0	0	2	0	0
GCF_022760925.1	1	0	0	0	2	0	0
GCF_022760955.1	1	0	0	0	2	0	0
GCF_022760965.1	1	0	0	0	3	0	0
GCF_022760995.1	0	0	0	0	0	0	0
GCF_022786785.1	0	1	0	0	0	1	0
GCF_022788655.1	1	1	0	0	5	2	0
GCF_022790535.1	1	0	0	0	3	0	0
GCF_022807975.1	0	1	0	0	0	1	0
GCF_022808325.1	0	0	0	0	0	0	0
GCF_022808595.1	1	1	0	0	1	2	0
GCF_022808645.1	1	1	0	0	6	3	0
GCF_022808695.1	0	1	0	0	0	1	0
GCF_022808715.1	0	1	0	0	0	1	0
GCF_022808775.1	1	1	0	0	3	1	0
GCF_022808815.1	1	1	0	0	3	1	0
GCF_022808855.1	1	1	0	0	1	2	0
GCF_022808865.1	1	1	0	0	3	2	0
GCF_022808885.1	1	1	0	0	2	1	0
GCF_022808915.1	0	1	0	0	0	2	0
GCF_022809095.1	1	0	0	0	1	0	0
GCF_022809115.1	0	1	0	0	0	1	0
GCF_022809125.1	1	0	0	0	20	0	0
GCF_022809315.2	0	1	1	1	0	2	4
GCF_022809355.1	0	1	0	0	0	1	0
GCF_022809775.1	1	0	0	0	2	0	0
GCF_022810315.1	1	0	0	0	4	0	0
GCF_022811525.1	1	0	0	0	11	0	0
GCF_022811565.1	0	1	0	0	0	4	0
GCF_022811605.1	1	1	0	0	3	4	0
GCF_022811645.1	1	0	0	0	2	0	0
GCF_022811665.1	0	1	0	0	0	3	0
GCF_022811685.1	0	1	0	0	0	2	0
GCF_022811705.1	1	0	0	0	3	0	0
GCF_022812045.1	0	1	0	0	0	1	0
GCF_022814725.1	0	0	0	0	0	0	0
GCF_022818495.1	1	1	0	0	3	2	0
GCF_022819085.1	1	1	0	0	2	3	0
GCF_022827545.1	1	0	0	0	2	0	0
GCF_022832375.1	1	0	0	0	9	0	0
GCF_022832435.1	0	0	0	0	0	0	0
GCF_022834715.1	1	1	1	1	1	3	3
GCF_022835095.1	0	1	0	0	0	2	0
GCF_022836475.1	0	1	0	0	0	1	0
GCF_022836845.1	0	1	0	0	0	1	0
GCF_022836895.1	1	0	0	0	6	0	0
GCF_022845615.1	0	0	0	0	0	0	0
GCF_022845715.1	1	1	1	0	1	5	1
GCF_022845755.1	1	1	1	1	3	4	2
GCF_022846135.1	1	1	1	1	3	2	2
GCF_022846375.1	1	0	0	0	2	0	0
GCF_022846515.1	0	1	0	0	0	3	0
GCF_022846615.1	1	0	0	0	18	0	0
GCF_022848905.1	0	0	0	0	0	0	0
GCF_022867795.2	1	1	0	0	2	1	0
GCF_022869005.1	1	0	0	0	2	0	0
GCF_022869165.1	0	1	0	0	0	4	0
GCF_022869645.1	0	0	0	0	0	0	0
GCF_022869785.1	0	1	0	0	0	1	0
GCF_022869805.1	1	0	0	0	2	0	0
GCF_022869865.1	1	1	0	0	3	1	0
GCF_022870485.1	1	0	0	0	3	0	0
GCF_022870505.1	1	1	0	0	10	1	0
GCF_022870845.1	0	0	0	0	0	0	0
GCF_022870865.1	0	1	0	0	0	1	0
GCF_022870885.1	0	0	0	0	0	0	0
GCF_022870905.1	0	0	0	0	0	0	0
GCF_022870945.1	1	0	0	0	1	0	0
GCF_022879615.1	1	1	0	0	12	2	0
GCF_022879815.1	1	1	0	0	20	1	0
GCF_022884085.1	1	1	0	0	3	1	0
GCF_022898935.1	0	1	0	0	0	8	0
GCF_022899245.1	1	0	0	0	2	0	0
GCF_022899935.1	1	1	0	0	5	1	0
GCF_022919095.1	1	1	0	0	1	3	0
GCF_022919115.1	0	0	0	0	0	0	0
GCF_022919135.1	1	0	0	0	1	0	0
GCF_022919155.1	1	0	0	0	5	0	0
GCF_022919175.1	1	1	0	0	4	1	0
GCF_022919215.1	1	0	0	0	1	0	0
GCF_022919575.1	0	1	0	0	0	1	0
GCF_022919835.1	1	1	0	0	7	3	0
GCF_022921055.1	1	0	0	0	1	0	0
GCF_022921095.1	1	0	0	0	1	0	0
GCF_022921115.1	1	1	0	0	5	3	0
GCF_022953055.1	1	1	0	0	2	1	0
GCF_022968135.1	1	1	0	0	3	2	0
GCF_022968395.1	1	1	0	0	1	1	0
GCF_022968795.1	1	1	1	1	1	3	4
GCF_022968825.1	0	1	0	0	0	1	0
GCF_022984195.1	0	0	0	0	0	0	0
GCF_023006325.1	1	1	0	0	2	1	0
GCF_023008165.1	1	0	0	0	3	0	0
GCF_023008245.1	0	1	0	0	0	1	0
GCF_023008305.1	1	1	0	0	1	4	0
GCF_023008365.1	0	1	1	1	0	3	2
GCF_023008545.1	1	0	0	0	3	0	0
GCF_023016525.1	1	0	0	0	10	0	0
GCF_023016805.1	1	0	0	0	5	0	0
GCF_023022985.1	1	1	0	0	3	3	0
GCF_023023125.1	0	1	0	0	0	1	0
GCF_023028105.1	1	0	0	0	5	0	0
GCF_023028225.1	1	0	0	0	9	0	0
GCF_023028345.1	1	0	0	0	3	0	0
GCF_023035295.1	0	0	0	0	0	0	0
GCF_023035795.1	0	0	0	0	0	0	0
GCF_023035875.1	0	0	0	0	0	0	0
GCF_023036475.1	1	1	0	0	4	1	0
GCF_023038235.1	1	1	0	0	6	2	0
GCF_023051175.1	1	0	0	0	3	0	0
GCF_023051225.1	1	0	0	0	3	0	0
GCF_023061135.1	1	0	0	0	1	0	0
GCF_023061175.1	1	0	0	0	2	0	0
GCF_023061185.1	0	0	0	0	0	0	0
GCF_023061285.1	1	0	0	0	1	0	0
GCF_023062595.1	1	1	0	0	1	2	0
GCF_023072615.1	1	0	0	0	5	0	0
GCF_023074835.1	1	0	0	0	9	0	0
GCF_023077655.1	1	1	0	0	3	1	0
GCF_023078335.1	0	1	0	0	0	4	0
GCF_023078455.1	0	0	0	0	0	0	0
GCF_023078475.1	1	0	0	0	1	0	0
GCF_023078495.1	0	0	0	0	0	0	0
GCF_023091245.1	1	1	0	0	3	2	0
GCF_023091865.1	1	0	0	0	1	0	0
GCF_023093535.1	1	0	0	0	5	0	0
GCF_023093875.1	1	0	0	0	6	0	0
GCF_023094245.1	1	0	0	0	3	0	0
GCF_023100725.1	1	1	0	0	2	2	0
GCF_023101165.1	1	1	0	0	2	1	0
GCF_023101185.1	1	1	0	0	5	3	0
GCF_023101205.1	1	1	0	0	3	2	0
GCF_023101345.1	1	0	0	0	1	0	0
GCF_023108895.1	0	0	0	0	0	0	0
GCF_023115355.1	1	0	0	0	1	0	0
GCF_023130475.1	1	0	0	0	3	0	0
GCF_023145695.1	0	1	0	0	0	1	0
GCF_023149135.1	1	1	0	0	2	3	0
GCF_023155275.1	1	1	0	0	4	2	0
GCF_023155715.1	1	0	0	0	3	0	0
GCF_023155745.1	1	1	0	0	1	1	0
GCF_023155805.1	1	1	0	0	1	1	0
GCF_023155855.1	1	1	0	0	3	1	0
GCF_023156195.1	0	0	0	0	0	0	0
GCF_023156235.1	1	0	0	0	1	0	0
GCF_023156245.1	1	0	0	0	1	0	0
GCF_023156285.1	1	1	0	0	2	1	0
GCF_023161965.1	0	1	1	0	0	1	1
GCF_023162025.1	0	1	0	0	0	1	0
GCF_023167465.1	0	1	0	0	0	1	0
GCF_023168405.1	1	1	1	1	1	3	3
GCF_023169545.1	0	0	0	0	0	0	0
GCF_023169885.1	1	1	1	0	2	3	1
GCF_023169945.1	1	1	1	1	1	3	2
GCF_023169965.1	1	1	0	0	1	1	0
GCF_023195735.1	1	1	1	0	1	2	1
GCF_023195755.1	0	1	0	0	0	3	0
GCF_023195775.1	0	1	0	0	0	1	0
GCF_023195815.2	0	0	0	0	0	0	0
GCF_023195885.1	1	0	0	0	1	0	0
GCF_023195895.1	0	1	0	0	0	5	0
GCF_023195925.1	0	1	0	0	0	1	0
GCF_023196085.1	0	1	0	0	0	1	0
GCF_023204835.1	1	0	0	0	1	0	0
GCF_023208015.1	1	1	0	0	7	1	0
GCF_023218175.1	1	1	0	0	6	2	0
GCF_023221575.1	0	1	1	1	0	2	3
GCF_023223505.1	1	1	0	0	1	3	0
GCF_023223525.1	1	0	0	0	21	0	0
GCF_023223645.1	0	1	1	1	0	4	3
GCF_023227715.1	0	1	0	0	0	1	0
GCF_023227745.1	0	1	1	1	0	4	3
GCF_023227765.1	1	1	1	1	1	4	4
GCF_023231945.1	1	1	0	0	6	1	0
GCF_023238205.1	1	0	0	0	4	0	0
GCF_023238245.1	0	1	0	0	0	2	0
GCF_023238325.1	0	1	0	0	0	2	0
GCF_023238445.1	0	0	0	0	0	0	0
GCF_023241665.1	1	0	0	0	5	0	0
GCF_023242945.1	1	0	0	0	12	0	0
GCF_023272795.1	1	1	0	0	2	2	0
GCF_023276405.1	1	1	0	0	2	4	0
GCF_023276435.1	1	1	0	0	9	3	0
GCF_023276655.1	0	1	0	0	0	1	0
GCF_023277505.1	1	1	0	0	2	1	0
GCF_023277745.1	1	1	0	0	4	2	0
GCF_023278125.1	1	0	0	0	2	0	0
GCF_023278185.1	1	0	0	0	20	0	0
GCF_023282985.1	0	0	0	0	0	0	0
GCF_023283485.1	1	1	0	0	3	1	0
GCF_023283565.1	0	1	1	0	0	2	1
GCF_023283765.1	0	0	0	0	0	0	0
GCF_023283775.1	0	1	0	0	0	2	0
GCF_023283805.1	1	1	0	0	1	3	0
GCF_023283825.1	0	1	0	0	0	1	0
GCF_023283845.1	1	1	0	0	1	1	0
GCF_023283885.1	0	1	0	0	0	1	0
GCF_023283895.1	1	1	0	0	1	2	0
GCF_023283945.1	0	1	0	0	0	2	0
GCF_023283985.1	0	1	0	0	0	2	0
GCF_023284005.1	0	1	0	0	0	1	0
GCF_023284025.1	0	1	0	0	0	1	0
GCF_023284045.1	1	1	0	0	2	1	0
GCF_023284065.1	0	1	0	0	0	3	0
GCF_023299185.1	0	1	0	0	0	1	0
GCF_023330585.1	1	0	0	0	4	0	0
GCF_023333585.1	0	0	0	0	0	0	0
GCF_023333595.1	0	0	0	0	0	0	0
GCF_023336505.1	0	1	0	0	0	1	0
GCF_023336735.1	0	0	0	0	0	0	0
GCF_023336755.1	1	1	0	0	4	1	0
GCF_023336985.1	0	1	0	0	0	1	0
GCF_023347575.1	1	0	0	0	1	0	0
GCF_023347705.1	0	1	1	1	0	1	2
GCF_023349125.1	1	1	0	0	1	3	0
GCF_023349145.1	0	1	1	0	0	2	1
GCF_023349185.1	1	1	0	0	1	3	0
GCF_023369785.1	1	0	0	0	8	0	0
GCF_023369805.1	0	1	0	0	0	1	0
GCF_023371205.1	0	0	0	0	0	0	0
GCF_023373525.1	1	1	0	0	1	2	0
GCF_023373785.1	1	0	0	0	8	0	0
GCF_023374055.1	1	0	0	0	1	0	0
GCF_023374935.1	1	1	1	0	1	3	1
GCF_023380025.1	1	0	1	0	6	0	1
GCF_023380205.1	0	1	0	0	0	2	0
GCF_023380225.1	0	0	0	0	0	0	0
GCF_023380245.1	0	1	0	0	0	2	0
GCF_023380265.1	0	1	0	0	0	3	0
GCF_023472875.1	0	0	0	0	0	0	0
GCF_023487995.1	1	1	0	0	5	1	0
GCF_023497905.1	1	1	0	0	2	1	0
GCF_023498005.1	1	1	0	0	6	2	0
GCF_023499215.1	0	1	0	0	0	1	0
GCF_023499275.1	0	1	0	0	0	6	0
GCF_023499985.1	1	0	0	0	3	0	0
GCF_023501985.1	1	0	0	0	3	0	0
GCF_023502235.1	0	1	0	0	0	1	0
GCF_023502325.1	0	1	0	0	0	1	0
GCF_023502345.1	1	0	0	0	1	0	0
GCF_023502395.1	1	1	0	0	4	1	0
GCF_023502425.1	0	0	0	0	0	0	0
GCF_023509475.1	1	0	0	0	3	0	0
GCF_023509525.1	0	1	0	0	0	1	0
GCF_023515995.1	1	0	0	0	3	0	0
GCF_023516435.1	1	1	0	0	3	2	0
GCF_023516455.1	1	0	0	0	2	0	0
GCF_023516495.1	1	0	0	0	2	0	0
GCF_023516505.1	1	0	0	0	2	0	0
GCF_023516555.1	1	1	0	0	2	1	0
GCF_023516575.1	1	0	0	0	1	0	0
GCF_023516615.1	1	1	0	0	5	4	0
GCF_023517775.1	1	1	0	0	1	1	0
GCF_023518055.1	0	0	0	0	0	0	0
GCF_023520795.1	0	0	0	0	0	0	0
GCF_023522835.1	1	1	0	0	7	2	0
GCF_023525255.1	0	1	0	0	0	2	0
GCF_023544465.1	1	1	0	0	4	3	0
GCF_023554635.1	1	0	0	0	4	0	0
GCF_023554995.1	1	0	0	0	4	0	0
GCF_023555005.1	1	0	0	0	1	0	0
GCF_023555375.1	0	0	0	0	0	0	0
GCF_023555415.1	0	1	0	0	0	3	0
GCF_023556315.2	0	1	0	0	0	1	0
GCF_023556335.1	1	0	0	0	2	0	0
GCF_023559125.1	0	0	0	0	0	0	0
GCF_023559145.1	0	0	0	0	0	0	0
GCF_023566055.1	1	0	0	0	4	0	0
GCF_023571765.1	1	0	0	0	16	0	0
GCF_023573145.1	1	0	0	0	11	0	0
GCF_023573565.1	1	0	0	0	2	0	0
GCF_023574125.1	1	1	0	0	1	1	0
GCF_023585725.1	0	0	0	0	0	0	0
GCF_023585745.1	0	0	0	0	0	0	0
GCF_023585785.1	0	0	0	0	0	0	0
GCF_023586525.1	0	0	0	0	0	0	0
GCF_023612255.1	1	0	0	0	1	0	0
GCF_023614315.1	1	1	0	0	1	1	0
GCF_023618015.1	0	0	0	0	0	0	0
GCF_023630205.1	1	1	0	0	1	1	0
GCF_023630255.1	1	0	0	0	1	0	0
GCF_023634005.1	0	1	0	0	0	1	0
GCF_023634025.1	0	0	0	0	0	0	0
GCF_023634645.1	1	0	0	0	2	0	0
GCF_023634655.1	0	1	0	0	0	1	0
GCF_023634805.2	1	0	0	0	19	0	0
GCF_023634845.1	0	1	0	0	0	1	0
GCF_023634865.1	0	1	0	0	0	1	0
GCF_023635005.1	0	1	0	0	0	1	0
GCF_023638035.1	1	0	0	0	3	0	0
GCF_023638055.1	1	1	0	0	1	2	0
GCF_023646285.1	0	0	0	0	0	0	0
GCF_023650515.1	1	0	0	0	2	0	0
GCF_023650915.1	0	1	0	0	0	1	0
GCF_023653475.1	0	1	0	0	0	1	0
GCF_023656515.1	0	1	1	0	0	9	1
GCF_023656545.1	1	0	0	0	1	0	0
GCF_023656565.1	1	1	0	0	2	2	0
GCF_023674425.1	1	0	0	0	2	0	0
GCF_023674465.1	0	0	0	0	0	0	0
GCF_023684385.1	0	1	1	1	0	8	4
GCF_023684405.1	0	1	0	0	0	1	0
GCF_023698535.1	1	0	0	0	5	0	0
GCF_023699475.1	1	0	0	0	2	0	0
GCF_023699965.1	0	0	0	0	0	0	0
GCF_023700225.1	0	1	1	1	0	3	2
GCF_023700755.1	1	1	0	0	1	1	0
GCF_023701485.1	0	1	0	0	0	1	0
GCF_023701865.1	0	1	0	0	0	1	0
GCF_023702125.1	1	0	0	0	2	0	0
GCF_023702635.1	1	1	1	1	4	2	2
GCF_023703325.1	1	1	0	0	4	2	0
GCF_023703445.1	1	1	0	0	2	2	0
GCF_023703465.1	1	1	0	0	2	1	0
GCF_023705585.1	1	1	0	0	5	2	0
GCF_023715205.1	1	1	0	0	5	3	0
GCF_023715345.1	0	1	0	0	0	4	0
GCF_023715655.1	1	1	0	0	3	3	0
GCF_023717965.1	1	1	0	0	4	2	0
GCF_023721415.1	0	1	0	0	0	2	0
GCF_023721795.1	1	1	1	1	16	2	2
GCF_023721835.1	1	0	0	0	5	0	0
GCF_023733635.1	0	0	0	0	0	0	0
GCF_023736155.1	1	1	0	0	1	1	0
GCF_023740755.1	1	1	0	0	9	5	0
GCF_023743255.1	1	0	0	0	1	0	0
GCF_023743875.1	0	1	0	0	0	2	0
GCF_023746535.1	1	1	0	0	13	1	0
GCF_023746555.1	1	1	0	0	3	4	0
GCF_023746595.1	0	0	0	0	0	0	0
GCF_023746615.1	1	1	0	0	2	2	0
GCF_023757665.1	1	0	0	0	1	0	0
GCF_023805255.1	1	1	0	0	2	2	0
GCF_023805295.1	1	0	0	0	2	0	0
GCF_023806125.1	1	1	0	0	1	4	0
GCF_023806485.1	1	1	0	0	5	3	0
GCF_023821985.2	0	1	0	0	0	1	0
GCF_023822005.2	0	0	0	0	0	0	0
GCF_023822065.1	1	1	0	0	1	1	0
GCF_023823125.1	1	0	0	0	4	0	0
GCF_023823685.1	1	0	0	0	3	0	0
GCF_023824315.1	1	0	0	0	2	0	0
GCF_023838525.1	0	1	1	1	0	5	2
GCF_023846195.1	0	0	0	0	0	0	0
GCF_023887685.1	1	1	0	0	5	2	0
GCF_023893635.1	0	1	0	0	0	2	0
GCF_023895975.1	1	0	0	0	4	0	0
GCF_023898865.1	1	0	0	0	11	0	0
GCF_023913775.1	1	0	0	0	6	0	0
GCF_023914155.1	0	0	0	0	0	0	0
GCF_023920085.1	0	0	0	0	0	0	0
GCF_023920225.1	0	1	0	0	0	2	0
GCF_023921125.1	1	1	1	1	3	1	2
GCF_023921165.1	0	0	0	0	0	0	0
GCF_023921225.1	0	0	0	0	0	0	0
GCF_023922585.1	0	0	0	0	0	0	0
GCF_023923205.1	1	1	0	0	4	1	0
GCF_023923245.1	1	1	0	0	6	3	0
GCF_023935825.1	1	0	0	0	2	0	0
GCF_023955645.1	1	0	0	0	8	0	0
GCF_023955655.1	1	0	0	0	16	0	0
GCF_023973145.1	1	0	0	0	1	0	0
GCF_023973165.1	0	0	0	0	0	0	0
GCF_023983615.1	0	1	0	0	0	1	0
GCF_024006985.1	0	1	0	0	0	1	0
GCF_024022995.1	0	0	0	0	0	0	0
GCF_024029335.1	0	1	0	0	0	2	0
GCF_024029435.1	0	1	0	0	0	1	0
GCF_024029595.1	0	1	0	0	0	1	0
GCF_024029675.1	0	1	0	0	0	1	0
GCF_024029775.1	0	1	0	0	0	2	0
GCF_024029915.1	1	1	0	0	1	2	0
GCF_024053505.1	1	1	0	0	4	2	0
GCF_024054035.1	0	1	0	0	0	2	0
GCF_024054455.2	0	1	0	0	0	2	0
GCF_024054535.1	0	0	0	0	0	0	0
GCF_024054555.1	0	1	0	0	0	2	0
GCF_024054565.1	0	1	0	0	0	1	0
GCF_024055575.1	0	1	0	0	0	2	0
GCF_024055595.1	0	1	0	0	0	2	0
GCF_024055605.1	1	0	0	0	4	0	0
GCF_024055635.1	1	1	1	1	1	1	2
GCF_024055665.1	1	0	0	0	2	0	0
GCF_024055675.1	1	1	1	0	6	3	1
GCF_024055715.1	1	1	0	0	6	3	0
GCF_024055725.1	1	1	1	1	3	2	2
GCF_024055795.1	1	1	0	0	6	3	0
GCF_024072275.1	1	0	0	0	3	0	0
GCF_024102595.1	0	0	0	0	0	0	0
GCF_024102615.1	1	0	0	0	28	0	0
GCF_024105665.1	1	0	0	0	11	0	0
GCF_024105735.1	1	0	0	0	5	0	0
GCF_024105745.1	1	0	0	0	7	0	0
GCF_024125425.1	0	1	0	0	0	3	0
GCF_024125445.1	0	1	0	0	0	4	0
GCF_024128855.1	1	0	0	0	2	0	0
GCF_024129865.1	0	1	0	0	0	1	0
GCF_024134545.1	1	1	0	0	3	1	0
GCF_024137025.1	1	1	0	0	5	4	0
GCF_024138125.1	0	0	0	0	0	0	0
GCF_024138145.1	1	0	0	0	3	0	0
GCF_024138165.1	1	0	0	0	2	0	0
GCF_024158025.1	1	1	0	0	1	1	0
GCF_024158035.1	0	0	0	0	0	0	0
GCF_024158125.1	1	0	0	0	21	0	0
GCF_024158925.1	1	0	0	0	7	0	0
GCF_024159025.1	1	1	0	0	3	1	0
GCF_024159085.1	0	0	0	0	0	0	0
GCF_024159215.1	1	1	0	0	4	1	0
GCF_024160105.1	1	0	0	0	1	0	0
GCF_024160185.1	0	1	1	0	0	4	1
GCF_024160205.1	0	1	1	0	0	2	1
GCF_024160875.1	0	1	0	0	0	3	0
GCF_024169545.1	1	0	0	0	6	0	0
GCF_024170285.1	1	0	0	0	5	0	0
GCF_024170465.1	0	0	0	0	0	0	0
GCF_024170505.1	0	1	0	0	0	1	0
GCF_024171735.1	1	1	0	0	12	1	0
GCF_024171765.1	1	0	0	0	6	0	0
GCF_024171785.1	1	1	0	0	4	2	0
GCF_024171815.1	1	0	0	0	6	0	0
GCF_024171865.1	1	1	0	0	13	1	0
GCF_024171885.1	1	1	0	0	4	2	0
GCF_024171895.1	1	1	0	0	8	1	0
GCF_024171925.1	1	1	0	0	5	2	0
GCF_024171945.1	1	1	0	0	4	2	0
GCF_024171955.1	1	1	0	0	3	2	0
GCF_024171995.1	1	1	0	0	3	4	0
GCF_024172085.1	1	1	0	0	4	6	0
GCF_024172095.1	1	1	0	0	1	2	0
GCF_024172125.1	1	1	0	0	3	2	0
GCF_024172165.1	1	1	1	1	12	6	2
GCF_024172185.1	1	1	0	0	5	4	0
GCF_024172705.1	0	0	0	0	0	0	0
GCF_024178165.1	0	0	0	0	0	0	0
GCF_024178385.1	0	0	0	0	0	0	0
GCF_024181585.1	0	1	0	0	0	3	0
GCF_024195285.1	1	0	0	0	6	0	0
GCF_024195295.1	1	1	0	0	1	1	0
GCF_024198175.1	1	1	0	0	1	1	0
GCF_024198215.1	1	0	0	0	1	0	0
GCF_024198235.1	1	0	0	0	1	0	0
GCF_024198255.1	1	0	0	0	1	0	0
GCF_024199005.1	0	1	0	0	0	1	0
GCF_024199905.1	1	0	0	0	1	0	0
GCF_024199985.1	1	0	0	0	3	0	0
GCF_024204665.1	1	0	0	0	2	0	0
GCF_024205945.1	0	1	0	0	0	1	0
GCF_024205965.1	0	1	0	0	0	2	0
GCF_024206795.1	1	1	0	0	2	1	0
GCF_024211255.1	1	0	0	0	4	0	0
GCF_024211275.1	1	0	0	0	16	0	0
GCF_024218775.1	1	0	0	0	3	0	0
GCF_024218795.1	1	0	0	0	5	0	0
GCF_024220175.1	1	0	0	0	5	0	0
GCF_024220585.1	0	0	0	0	0	0	0
GCF_024224615.1	1	1	1	0	4	2	1
GCF_024227435.1	1	0	0	0	13	0	0
GCF_024227995.1	1	0	0	0	2	0	0
GCF_024228675.1	1	0	0	0	5	0	0
GCF_024256385.1	0	0	0	0	0	0	0
GCF_024259515.1	1	0	0	0	2	0	0
GCF_024259865.1	0	0	0	0	0	0	0
GCF_024266705.1	1	0	0	0	13	0	0
GCF_024267655.1	0	0	0	0	0	0	0
GCF_024267675.1	1	1	0	0	4	1	0
GCF_024271895.1	0	1	0	0	0	1	0
GCF_024273205.1	1	1	1	1	4	1	2
GCF_024281235.1	1	1	0	0	2	1	0
GCF_024294785.1	1	1	0	0	2	7	0
GCF_024294805.1	1	1	0	0	12	2	0
GCF_024294965.1	1	1	0	0	3	1	0
GCF_024296665.1	1	0	0	0	2	0	0
GCF_024296685.1	1	0	0	0	6	0	0
GCF_024296885.1	0	1	0	0	0	5	0
GCF_024296925.1	1	0	0	0	6	0	0
GCF_024297005.1	0	0	0	0	0	0	0
GCF_024297065.1	0	0	0	0	0	0	0
GCF_024298825.1	1	0	0	0	2	0	0
GCF_024298845.1	1	0	0	0	2	0	0
GCF_024298865.1	1	1	0	0	2	1	0
GCF_024298885.1	1	0	0	0	2	0	0
GCF_024298905.1	1	0	0	0	6	0	0
GCF_024298965.1	1	1	0	0	16	2	0
GCF_024299005.1	0	0	0	0	0	0	0
GCF_024300625.1	1	1	0	0	3	1	0
GCF_024300825.1	1	0	0	0	7	0	0
GCF_024316195.1	1	0	0	0	1	0	0
GCF_024320785.1	0	1	0	0	0	2	0
GCF_024320865.1	1	0	0	0	17	0	0
GCF_024330105.1	0	1	0	0	0	1	0
GCF_024338845.1	0	0	0	0	0	0	0
GCF_024341905.1	1	1	1	1	1	7	2
GCF_024343775.1	0	1	0	0	0	1	0
GCF_024345185.1	0	1	0	0	0	2	0
GCF_024345205.1	0	1	0	0	0	2	0
GCF_024345595.1	0	1	0	0	0	1	0
GCF_024346585.1	0	0	0	0	0	0	0
GCF_024346605.1	1	1	0	0	2	2	0
GCF_024346675.1	0	1	0	0	0	1	0
GCF_024346715.1	0	1	0	0	0	2	0
GCF_024346755.1	0	0	0	0	0	0	0
GCF_024346795.1	0	1	0	0	0	1	0
GCF_024346835.1	0	1	0	0	0	1	0
GCF_024346875.1	0	1	0	0	0	1	0
GCF_024346935.1	0	0	0	0	0	0	0
GCF_024346955.1	0	1	0	0	0	1	0
GCF_024346975.1	0	0	0	0	0	0	0
GCF_024346995.1	0	1	0	0	0	1	0
GCF_024347015.1	0	1	0	0	0	1	0
GCF_024347055.1	0	1	0	0	0	1	0
GCF_024347075.1	0	0	0	0	0	0	0
GCF_024347095.1	1	1	0	0	1	1	0
GCF_024347115.1	0	1	0	0	0	1	0
GCF_024347135.1	0	1	0	0	0	2	0
GCF_024347195.1	1	0	0	0	2	0	0
GCF_024347215.1	1	0	0	0	2	0	0
GCF_024347255.1	1	0	0	0	4	0	0
GCF_024347275.1	1	0	0	0	2	0	0
GCF_024347295.1	0	1	0	0	0	1	0
GCF_024347315.1	0	1	0	0	0	1	0
GCF_024347355.1	0	1	0	0	0	2	0
GCF_024347395.1	0	1	0	0	0	1	0
GCF_024347415.1	0	1	0	0	0	1	0
GCF_024347455.1	0	1	0	0	0	2	0
GCF_024347475.1	0	1	0	0	0	1	0
GCF_024347495.1	0	1	0	0	0	1	0
GCF_024347535.1	0	1	0	0	0	2	0
GCF_024347575.1	0	1	0	0	0	1	0
GCF_024347595.1	1	1	0	0	2	2	0
GCF_024347635.1	0	1	0	0	0	1	0
GCF_024347655.1	0	1	0	0	0	2	0
GCF_024347675.1	0	1	0	0	0	3	0
GCF_024349285.1	1	1	0	0	1	1	0
GCF_024349785.1	1	0	0	0	6	0	0
GCF_024359525.1	1	1	0	0	4	1	0
GCF_024360925.2	0	0	0	0	0	0	0
GCF_024362265.1	1	1	0	0	1	3	0
GCF_024362325.1	1	1	0	0	2	2	0
GCF_024362345.1	0	0	0	0	0	0	0
GCF_024362405.1	1	1	0	0	10	1	0
GCF_024362485.1	1	1	1	0	5	2	1
GCF_024362525.1	1	0	0	0	5	0	0
GCF_024363565.1	1	1	1	1	2	5	5
GCF_024372745.1	0	1	0	0	0	1	0
GCF_024380015.1	0	1	0	0	0	1	0
GCF_024397795.1	1	1	0	0	1	1	0
GCF_024399475.1	0	1	0	0	0	1	0
GCF_024401155.1	0	1	1	0	0	2	1
GCF_024425275.1	0	0	0	0	0	0	0
GCF_024435075.2	1	1	0	0	1	1	0
GCF_024436035.1	1	1	0	0	7	2	0
GCF_024436055.1	1	1	0	0	3	2	0
GCF_024436175.1	0	1	0	0	0	2	0
GCF_024436355.1	1	1	0	0	1	1	0
GCF_024436375.1	1	0	0	0	3	0	0
GCF_024436395.1	1	1	0	0	2	1	0
GCF_024436435.1	1	1	0	0	2	1	0
GCF_024437655.1	0	1	0	0	0	1	0
GCF_024437735.1	1	0	0	0	1	0	0
GCF_024448135.1	1	0	0	0	1	0	0
GCF_024449025.1	1	0	0	0	6	0	0
GCF_024453815.1	0	0	0	0	0	0	0
GCF_024453835.1	1	1	0	0	1	1	0
GCF_024464185.1	1	0	0	0	3	0	0
GCF_024464595.1	0	1	0	0	0	1	0
GCF_024494565.1	0	0	0	0	0	0	0
GCF_024494575.1	1	0	0	0	3	0	0
GCF_024494595.1	0	1	0	0	0	1	0
GCF_024494645.1	0	0	0	0	0	0	0
GCF_024494655.1	1	0	0	0	2	0	0
GCF_024494685.1	1	0	0	0	2	0	0
GCF_024494695.1	1	1	0	0	1	2	0
GCF_024494725.1	1	0	0	0	2	0	0
GCF_024495425.1	1	0	0	0	3	0	0
GCF_024496245.1	1	0	0	0	3	0	0
GCF_024498075.1	0	1	0	0	0	5	0
GCF_024498135.1	0	1	0	0	0	1	0
GCF_024498175.1	1	0	0	0	2	0	0
GCF_024498195.1	1	0	0	0	2	0	0
GCF_024498215.1	0	0	0	0	0	0	0
GCF_024498255.1	0	0	0	0	0	0	0
GCF_024498275.1	0	0	0	0	0	0	0
GCF_024498295.1	1	1	1	1	1	3	2
GCF_024498955.1	0	0	0	0	0	0	0
GCF_024499525.1	1	1	0	0	2	3	0
GCF_024499545.1	0	1	0	0	0	2	0
GCF_024500045.1	0	1	1	0	0	2	1
GCF_024505085.1	1	0	0	0	2	0	0
GCF_024505145.1	1	1	0	0	10	4	0
GCF_024506435.1	1	1	0	0	1	2	0
GCF_024508235.1	1	0	0	0	2	0	0
GCF_024508275.1	0	0	0	0	0	0	0
GCF_024508295.1	1	0	0	0	3	0	0
GCF_024508315.1	0	0	0	0	0	0	0
GCF_024508335.1	1	0	0	0	1	0	0
GCF_024518835.1	1	0	0	0	2	0	0
GCF_024519315.1	1	1	0	0	10	4	0
GCF_024519335.1	1	1	0	0	7	2	0
GCF_024529955.1	0	1	0	0	0	1	0
GCF_024529975.1	0	1	1	0	0	2	1
GCF_024539675.1	1	1	0	0	4	3	0
GCF_024543085.1	0	1	0	0	0	1	0
GCF_024582835.1	0	1	0	0	0	1	0
GCF_024584585.1	1	0	0	0	2	0	0
GCF_024584605.1	1	0	0	0	8	0	0
GCF_024584745.1	0	0	0	0	0	0	0
GCF_024594815.1	1	0	0	0	27	0	0
GCF_024600715.1	1	1	0	0	3	3	0
GCF_024609215.1	1	1	1	1	1	4	4
GCF_024609325.1	1	1	0	0	2	1	0
GCF_024609765.1	1	1	0	0	5	1	0
GCF_024609785.1	1	1	0	0	4	4	0
GCF_024609805.1	1	0	0	0	1	0	0
GCF_024614185.1	1	0	0	0	26	0	0
GCF_024621905.1	1	1	1	0	1	4	1
GCF_024621935.1	0	0	0	0	0	0	0
GCF_024622195.1	1	1	1	1	1	6	2
GCF_024622425.1	1	1	0	0	1	1	0
GCF_024622505.1	1	1	1	1	2	5	6
GCF_024622975.1	0	1	1	0	0	4	1
GCF_024623065.1	0	0	0	0	0	0	0
GCF_024623325.1	0	1	0	0	0	3	0
GCF_024623455.1	1	1	0	0	3	7	0
GCF_024623725.1	1	0	0	0	2	0	0
GCF_024623785.1	1	0	0	0	1	0	0
GCF_024626475.1	1	0	0	0	3	0	0
GCF_024626525.1	0	1	0	0	0	4	0
GCF_024628805.1	0	0	0	0	0	0	0
GCF_024628825.1	1	1	0	0	8	2	0
GCF_024637875.1	0	1	0	0	0	1	0
GCF_024638035.1	1	1	0	0	2	1	0
GCF_024643205.1	0	0	0	0	0	0	0
GCF_024643285.1	0	0	0	0	0	0	0
GCF_024648825.1	1	1	0	0	8	3	0
GCF_024648845.1	1	1	0	0	11	2	0
GCF_024648865.1	1	1	0	0	15	1	0
GCF_024648885.1	1	1	0	0	15	1	0
GCF_024649945.1	1	1	0	0	2	1	0
GCF_024661895.1	1	1	0	0	2	5	0
GCF_024662015.1	1	1	0	0	13	1	0
GCF_024662215.1	0	1	0	0	0	1	0
GCF_024666385.1	1	1	0	0	5	1	0
GCF_024666565.1	1	1	0	0	2	2	0
GCF_024677885.1	0	1	0	0	0	1	0
GCF_024701915.1	0	0	0	0	0	0	0
GCF_024703995.1	1	1	0	0	14	2	0
GCF_024704525.1	1	0	0	0	13	0	0
GCF_024707485.1	0	0	0	0	0	0	0
GCF_024707545.1	1	1	0	0	4	1	0
GCF_024714495.1	0	1	0	0	0	1	0
GCF_024718525.1	0	1	0	0	0	2	0
GCF_024718545.1	0	1	0	0	0	1	0
GCF_024721115.1	1	1	0	0	16	1	0
GCF_024721155.1	0	1	0	0	0	1	0
GCF_024721585.1	1	0	0	0	2	0	0
GCF_024721605.1	1	0	0	0	2	0	0
GCF_024721975.1	0	1	0	0	0	6	0
GCF_024721995.1	0	1	0	0	0	5	0
GCF_024722005.1	1	0	0	0	5	0	0
GCF_024722315.1	0	1	0	0	0	1	0
GCF_024722375.1	0	0	0	0	0	0	0
GCF_024730625.1	0	0	0	0	0	0	0
GCF_024733015.1	1	0	0	0	3	0	0
GCF_024733725.1	0	1	0	0	0	1	0
GCF_024733845.1	1	1	1	1	1	3	7
GCF_024734075.1	1	1	0	0	21	1	0
GCF_024734405.1	1	1	0	0	11	1	0
GCF_024734895.1	0	1	0	0	0	4	0
GCF_024741215.1	0	1	0	0	0	1	0
GCF_024741235.1	0	1	1	1	0	3	3
GCF_024742155.1	0	0	0	0	0	0	0
GCF_024749065.1	1	0	0	0	3	0	0
GCF_024752305.1	1	1	0	0	3	1	0
GCF_024752335.1	1	0	0	0	13	0	0
GCF_024752535.1	1	1	0	0	7	2	0
GCF_024753145.1	1	1	1	1	2	2	2
GCF_024753205.1	1	1	0	0	4	3	0
GCF_024753215.1	1	1	0	0	6	2	0
GCF_024753245.1	1	1	0	0	5	2	0
GCF_024753255.1	1	1	0	0	2	2	0
GCF_024753285.1	1	1	0	0	3	2	0
GCF_024756255.1	1	1	0	0	5	2	0
GCF_024761905.1	1	1	0	0	1	1	0
GCF_024764775.1	0	1	0	0	0	2	0
GCF_024764835.1	0	1	0	0	0	2	0
GCF_024764965.1	0	1	0	0	0	2	0
GCF_024790395.1	1	0	0	0	4	0	0
GCF_024793055.1	0	1	0	0	0	1	0
GCF_024793945.1	0	1	0	0	0	2	0
GCF_024804185.1	0	0	0	0	0	0	0
GCF_024807035.1	0	1	1	0	0	2	1
GCF_024807615.1	1	1	0	0	2	1	0
GCF_024808255.1	0	1	0	0	0	2	0
GCF_024808815.1	0	1	1	0	0	2	1
GCF_024808875.1	0	0	0	0	0	0	0
GCF_024809475.1	1	0	0	0	21	0	0
GCF_024813435.1	0	0	0	0	0	0	0
GCF_024814375.1	0	1	0	0	0	1	0
GCF_024814435.1	0	1	0	0	0	1	0
GCF_024820135.1	0	0	0	0	0	0	0
GCF_024832785.1	0	1	0	0	0	2	0
GCF_024834045.1	0	0	0	0	0	0	0
GCF_024895295.1	1	1	0	0	13	1	0
GCF_024918935.1	0	1	0	0	0	1	0
GCF_024918975.1	0	0	0	0	0	0	0
GCF_024919275.1	0	0	0	0	0	0	0
GCF_024919295.1	1	0	0	0	2	0	0
GCF_024925425.1	0	1	0	0	0	2	0
GCF_024925465.1	1	0	0	0	5	0	0
GCF_024927925.1	0	1	0	0	0	1	0
GCF_024971095.1	1	1	0	0	1	1	0
GCF_024971755.1	0	1	0	0	0	2	0
GCF_024979235.1	1	1	0	0	1	3	0
GCF_024979255.1	1	0	0	0	1	0	0
GCF_024979295.1	1	1	0	0	5	1	0
GCF_024979315.1	1	1	0	0	4	3	0
GCF_025000405.1	0	0	0	0	0	0	0
GCF_025028335.1	0	1	0	0	0	1	0
GCF_025060755.1	1	1	0	0	3	7	0
GCF_025060895.1	0	1	0	0	0	1	0
GCF_025061645.1	1	1	0	0	9	6	0
GCF_025118245.1	1	1	0	0	1	4	0
GCF_025133195.1	1	1	0	0	1	1	0
GCF_025136295.1	1	1	0	0	2	1	0
GCF_025137375.1	1	1	0	0	13	4	0
GCF_025137635.1	1	1	0	0	3	1	0
GCF_025139665.1	1	1	0	0	5	1	0
GCF_025143605.1	0	1	0	0	0	1	0
GCF_025144545.1	1	1	1	1	1	2	2
GCF_025144665.1	0	0	0	0	0	0	0
GCF_025144995.1	0	0	0	0	0	0	0
GCF_025145845.1	0	1	0	0	0	2	0
GCF_025146565.1	0	1	0	0	0	2	0
GCF_025147615.1	1	0	0	0	3	0	0
GCF_025147765.1	1	1	1	1	2	5	2
GCF_025148125.1	0	1	1	1	0	3	2
GCF_025148285.1	0	1	1	1	0	4	3
GCF_025148445.1	0	1	0	0	0	1	0
GCF_025148635.1	0	1	0	0	0	1	0
GCF_025148785.1	0	1	0	0	0	3	0
GCF_025148965.1	0	1	1	0	0	6	1
GCF_025149125.1	1	1	1	1	5	8	2
GCF_025149285.1	1	1	0	0	1	4	0
GCF_025149465.1	0	1	0	0	0	1	0
GCF_025149625.1	0	1	0	0	0	3	0
GCF_025149785.1	0	1	1	1	0	4	6
GCF_025149915.1	0	1	0	0	0	2	0
GCF_025150085.1	0	1	1	1	0	5	5
GCF_025150245.1	0	1	1	1	0	2	5
GCF_025151045.1	0	1	0	0	0	1	0
GCF_025151385.1	0	1	0	0	0	2	0
GCF_025151995.1	0	1	0	0	0	1	0
GCF_025152405.1	0	1	1	1	0	3	2
GCF_025152575.1	0	1	1	1	0	3	2
GCF_025153485.1	0	1	0	0	0	2	0
GCF_025154015.1	1	0	0	0	6	0	0
GCF_025154035.1	1	1	0	0	2	2	0
GCF_025154055.1	0	1	0	0	0	3	0
GCF_025165795.1	1	1	0	0	2	3	0
GCF_025165815.1	1	1	0	0	13	2	0
GCF_025175675.1	1	1	1	1	2	2	2
GCF_025195085.2	0	1	0	0	0	1	0
GCF_025200655.1	1	1	1	1	2	1	2
GCF_025200715.1	1	1	0	0	5	2	0
GCF_025209975.1	1	0	0	0	12	0	0
GCF_025211425.1	0	1	0	0	0	1	0
GCF_025215075.1	0	1	0	0	0	1	0
GCF_025215095.1	1	1	0	0	1	1	0
GCF_025215155.1	1	1	0	0	1	1	0
GCF_025215495.1	1	0	0	0	3	0	0
GCF_025231465.1	1	1	0	0	11	2	0
GCF_025231485.1	1	0	0	0	8	0	0
GCF_025231525.1	1	1	1	0	5	2	1
GCF_025232395.1	0	0	0	0	0	0	0
GCF_025234715.1	0	1	0	0	0	2	0
GCF_025234735.1	0	1	0	0	0	1	0
GCF_025244665.1	0	1	0	0	0	1	0
GCF_025244745.1	0	0	0	0	0	0	0
GCF_025244825.1	1	1	0	0	2	2	0
GCF_025244925.1	1	1	0	0	2	2	0
GCF_025263685.1	0	1	1	0	0	2	1
GCF_025264625.1	0	1	0	0	0	1	0
GCF_025264645.1	0	1	0	0	0	4	0
GCF_025264665.1	0	1	0	0	0	1	0
GCF_025264685.1	1	1	0	0	12	3	0
GCF_025264705.1	1	1	0	0	7	4	0
GCF_025266575.1	0	0	0	0	0	0	0
GCF_025273655.1	0	0	0	0	0	0	0
GCF_025273675.1	1	0	0	0	17	0	0
GCF_025311475.1	0	0	0	0	0	0	0
GCF_025311495.1	0	1	0	0	0	1	0
GCF_025311515.1	0	1	0	0	0	2	0
GCF_025318105.1	1	1	0	0	1	1	0
GCF_025331195.1	1	1	0	0	9	1	0
GCF_025336485.1	1	0	0	0	2	0	0
GCF_025345565.1	1	1	0	0	1	1	0
GCF_025345615.1	1	0	0	0	25	0	0
GCF_025369935.1	0	1	0	0	0	7	0
GCF_025370095.1	1	1	0	0	5	1	0
GCF_025370105.1	1	1	1	0	10	1	1
GCF_025370255.1	1	1	0	0	1	2	0
GCF_025370265.1	0	1	0	0	0	2	0
GCF_025380365.1	1	1	0	0	3	2	0
GCF_025384845.1	1	0	0	0	1	0	0
GCF_025384885.1	0	0	0	0	0	0	0
GCF_025384895.1	0	0	0	0	0	0	0
GCF_025397885.1	1	0	0	0	3	0	0
GCF_025397995.1	0	1	0	0	0	1	0
GCF_025398155.2	1	1	0	0	3	3	0
GCF_025398195.1	1	1	1	1	9	1	2
GCF_025398255.1	1	1	0	0	1	3	0
GCF_025398275.1	1	0	0	0	2	0	0
GCF_025398735.1	1	0	0	0	1	0	0
GCF_025399795.1	1	1	0	0	7	2	0
GCF_025403375.1	1	0	0	0	30	0	0
GCF_025403405.1	1	0	0	0	21	0	0
GCF_025403485.1	0	1	0	0	0	3	0
GCF_025420485.1	1	0	0	0	3	0	0
GCF_025421715.1	1	1	0	0	2	2	0
GCF_025427835.1	1	1	0	0	8	2	0
GCF_025446935.1	0	1	0	0	0	3	0
GCF_025447695.1	0	0	0	0	0	0	0
GCF_025452235.1	1	1	0	0	2	2	0
GCF_025457425.1	0	1	0	0	0	2	0
GCF_025457485.1	0	1	0	0	0	3	0
GCF_025457605.1	1	0	0	0	1	0	0
GCF_025460835.1	0	0	0	0	0	0	0
GCF_025486335.1	0	0	0	0	0	0	0
GCF_025490915.1	0	1	0	0	0	2	0
GCF_025499515.1	0	1	0	0	0	1	0
GCF_025502585.1	0	1	0	0	0	1	0
GCF_025506335.1	1	1	0	0	6	2	0
GCF_025506355.1	1	1	0	0	7	2	0
GCF_025515205.1	1	1	0	0	6	2	0
GCF_025517485.1	1	0	0	0	2	0	0
GCF_025517525.1	1	0	0	0	3	0	0
GCF_025517535.1	0	0	0	0	0	0	0
GCF_025519785.1	0	0	0	0	0	0	0
GCF_025527015.1	1	0	0	0	1	0	0
GCF_025532145.1	1	0	0	0	12	0	0
GCF_025558325.1	0	0	0	0	0	0	0
GCF_025558825.1	0	0	0	0	0	0	0
GCF_025558845.1	0	1	0	0	0	1	0
GCF_025561465.1	0	1	0	0	0	2	0
GCF_025562715.2	0	1	1	0	0	1	1
GCF_025562755.1	0	1	1	0	0	1	1
GCF_025564065.1	0	1	0	0	0	3	0
GCF_025564085.1	0	1	0	0	0	3	0
GCF_025566055.1	0	1	0	0	0	2	0
GCF_025566865.1	0	1	0	0	0	3	0
GCF_025566885.1	1	1	1	1	1	3	3
GCF_025566905.1	0	1	0	0	0	3	0
GCF_025566965.1	0	1	1	1	0	3	2
GCF_025566985.1	1	1	1	1	1	2	2
GCF_025567005.1	0	1	1	1	0	4	3
GCF_025567015.1	0	1	0	0	0	3	0
GCF_025567045.1	0	1	0	0	0	1	0
GCF_025567065.1	0	1	1	1	0	2	2
GCF_025567085.1	0	1	0	0	0	1	0
GCF_025567125.1	0	1	0	0	0	2	0
GCF_025567135.1	0	0	0	0	0	0	0
GCF_025567165.1	0	1	0	0	0	4	0
GCF_025567175.1	0	1	0	0	0	3	0
GCF_025567195.1	0	1	1	1	0	3	3
GCF_025567215.1	0	1	0	0	0	3	0
GCF_025567265.1	0	1	1	1	0	5	5
GCF_025567285.1	0	1	0	0	0	2	0
GCF_025567305.1	1	1	0	0	6	2	0
GCF_025567315.1	1	1	1	1	4	2	2
GCF_025567345.1	0	1	0	0	0	1	0
GCF_025567365.1	0	1	1	1	0	4	2
GCF_025567385.1	0	1	1	1	0	4	2
GCF_025567405.1	0	1	0	0	0	3	0
GCF_025567415.1	1	1	1	1	1	5	6
GCF_025567445.1	1	1	0	0	1	6	0
GCF_025567465.1	0	1	0	0	0	2	0
GCF_025567485.1	0	1	0	0	0	2	0
GCF_025567495.1	0	1	0	0	0	2	0
GCF_025567525.1	0	1	0	0	0	1	0
GCF_025567565.1	0	1	1	1	0	3	2
GCF_025567575.1	1	1	0	0	2	4	0
GCF_025567605.1	1	1	0	0	1	4	0
GCF_025574465.1	1	1	0	0	3	1	0
GCF_025574485.1	1	1	0	0	3	1	0
GCF_025583665.1	1	1	0	0	1	2	0
GCF_025583945.1	0	0	0	0	0	0	0
GCF_025617515.1	0	0	0	0	0	0	0
GCF_025628805.1	0	0	0	0	0	0	0
GCF_025628885.1	1	1	0	0	2	2	0
GCF_025628895.1	0	1	0	0	0	1	0
GCF_025628965.1	0	1	0	0	0	2	0
GCF_025628985.1	0	1	0	0	0	2	0
GCF_025629245.1	1	1	0	0	1	1	0
GCF_025631005.1	0	1	0	0	0	1	0
GCF_025639805.1	0	1	0	0	0	1	0
GCF_025639885.1	1	1	0	0	7	1	0
GCF_025642115.1	0	1	0	0	0	1	0
GCF_025642135.1	1	1	0	0	5	3	0
GCF_025643275.1	0	0	0	0	0	0	0
GCF_025643595.1	1	1	0	0	10	2	0
GCF_025656855.1	1	1	0	0	8	2	0
GCF_025660415.1	1	1	0	0	2	2	0
GCF_025660475.1	1	1	0	0	2	1	0
GCF_025669985.1	0	1	0	0	0	1	0
GCF_025685395.1	0	1	0	0	0	2	0
GCF_025685415.1	0	1	0	0	0	2	0
GCF_025685425.1	0	1	0	0	0	2	0
GCF_025685545.1	0	1	0	0	0	1	0
GCF_025685565.1	0	1	0	0	0	1	0
GCF_025685575.1	0	1	0	0	0	1	0
GCF_025685605.1	1	1	0	0	1	1	0
GCF_025685625.1	0	1	0	0	0	4	0
GCF_025685645.1	0	1	0	0	0	5	0
GCF_025685655.1	1	1	0	0	2	2	0
GCF_025685685.1	0	1	0	0	0	2	0
GCF_025706525.1	1	0	0	0	5	0	0
GCF_025716875.1	0	0	0	0	0	0	0
GCF_025717065.2	1	0	0	0	2	0	0
GCF_025717515.1	1	1	0	0	3	2	0
GCF_025722975.1	1	1	1	1	25	1	2
GCF_025725725.1	0	1	0	0	0	1	0
GCF_025736875.1	0	0	0	0	0	0	0
GCF_025742995.1	0	1	0	0	0	1	0
GCF_025751585.1	0	1	0	0	0	2	0
GCF_025753815.1	0	0	0	0	0	0	0
GCF_025758125.1	1	0	0	0	1	0	0
GCF_025758395.1	1	1	0	0	2	1	0
GCF_025770725.1	0	1	1	0	0	1	1
GCF_025770735.1	1	1	0	0	1	3	0
GCF_025770765.1	1	0	0	0	1	0	0
GCF_025779955.1	0	0	0	0	0	0	0
GCF_025780055.1	0	0	0	0	0	0	0
GCF_025780085.1	0	0	0	0	0	0	0
GCF_025802015.1	1	0	0	0	2	0	0
GCF_025821625.1	1	0	0	0	20	0	0
GCF_025821665.1	1	0	0	0	16	0	0
GCF_025821985.1	1	0	0	0	25	0	0
GCF_025822065.1	1	1	0	0	20	1	0
GCF_025822245.1	1	1	0	0	6	1	0
GCF_025822405.1	1	0	0	0	20	0	0
GCF_025822555.1	1	0	0	0	18	0	0
GCF_025822605.1	1	1	0	0	18	1	0
GCF_025822705.1	1	0	0	0	28	0	0
GCF_025822765.1	1	0	0	0	16	0	0
GCF_025822865.1	1	0	0	0	20	0	0
GCF_025823185.1	1	1	0	0	13	2	0
GCF_025823315.1	1	0	0	0	17	0	0
GCF_025833875.1	0	1	0	0	0	2	0
GCF_025840185.1	0	0	0	0	0	0	0
GCF_025847235.1	0	1	0	0	0	1	0
GCF_025847275.1	0	1	0	0	0	1	0
GCF_025854335.1	1	1	1	1	7	1	2
GCF_025857195.1	1	1	0	0	9	1	0
GCF_025907915.1	0	1	0	0	0	1	0
GCF_025908395.1	1	1	0	0	7	2	0
GCF_025909975.1	0	1	0	0	0	1	0
GCF_025913575.1	1	1	0	0	5	2	0
GCF_025914035.1	0	1	0	0	0	1	0
GCF_025914095.1	0	0	0	0	0	0	0
GCF_025916425.1	0	1	0	0	0	4	0
GCF_025917275.1	1	0	0	0	5	0	0
GCF_025917315.1	1	0	0	0	2	0	0
GCF_025919725.1	0	0	0	0	0	0	0
GCF_025941625.1	1	1	0	0	5	3	0
GCF_025950085.1	0	0	0	0	0	0	0
GCF_025950095.1	0	0	0	0	0	0	0
GCF_025950235.1	0	0	0	0	0	0	0
GCF_025961205.1	1	0	0	0	3	0	0
GCF_025961225.1	1	1	0	0	19	1	0
GCF_025961315.1	0	1	0	0	0	1	0
GCF_025961355.1	0	1	0	0	0	3	0
GCF_025961475.1	1	0	0	0	9	0	0
GCF_025971925.1	0	1	0	0	0	2	0
GCF_025971945.1	0	1	0	0	0	2	0
GCF_025971955.1	0	1	0	0	0	2	0
GCF_025985205.1	0	0	0	0	0	0	0
GCF_025989125.1	0	1	0	0	0	2	0
GCF_025989185.1	1	1	0	0	18	1	0
GCF_025996515.1	1	1	0	0	8	4	0
GCF_025998455.1	0	0	0	0	0	0	0
GCF_026000115.1	1	1	0	0	2	2	0
GCF_026005215.1	0	0	0	0	0	0	0
GCF_026011795.1	1	1	0	0	4	1	0
GCF_026011875.1	1	0	0	0	18	0	0
GCF_026013415.1	1	0	0	0	3	0	0
GCF_026013475.1	1	1	0	0	6	1	0
GCF_026013525.1	1	1	0	0	7	1	0
GCF_026013545.1	1	1	0	0	6	3	0
GCF_026013605.1	0	1	1	0	0	2	1
GCF_026013615.1	0	0	0	0	0	0	0
GCF_026013645.1	1	1	0	0	2	4	0
GCF_026013905.1	1	0	0	0	3	0	0
GCF_026015925.1	0	0	0	0	0	0	0
GCF_026016465.1	1	0	0	0	2	0	0
GCF_026072915.1	0	0	0	0	0	0	0
GCF_026089295.1	0	1	1	1	0	4	4
GCF_026094475.1	1	1	1	1	3	1	2
GCF_026104315.1	1	1	0	0	1	1	0
GCF_026107455.2	0	0	0	0	0	0	0
GCF_026107505.2	0	1	0	0	0	2	0
GCF_026109735.1	0	1	0	0	0	1	0
GCF_026127345.1	1	1	0	0	4	2	0
GCF_026127385.1	1	1	0	0	9	1	0
GCF_026130545.1	1	1	0	0	2	4	0
GCF_026130605.1	1	1	0	0	9	2	0
GCF_026151335.1	1	0	0	0	1	0	0
GCF_026151345.1	1	0	0	0	1	0	0
GCF_026151395.1	1	0	0	0	1	0	0
GCF_026153155.1	1	0	0	0	1	0	0
GCF_026153295.1	1	0	0	0	6	0	0
GCF_026153355.1	1	1	0	0	5	2	0
GCF_026155325.1	1	1	1	1	1	3	2
GCF_026155355.1	0	1	1	1	0	5	3
GCF_026157035.1	1	0	0	0	2	0	0
GCF_026157085.1	1	0	0	0	2	0	0
GCF_026157105.1	1	0	0	0	2	0	0
GCF_026157155.1	1	0	0	0	2	0	0
GCF_026157185.1	1	0	0	0	2	0	0
GCF_026162365.1	1	1	0	0	8	1	0
GCF_026162425.1	1	1	0	0	4	3	0
GCF_026162625.1	1	1	0	0	3	1	0
GCF_026162645.1	1	1	0	0	3	1	0
GCF_026163695.1	1	0	0	0	9	0	0
GCF_026168515.1	1	1	0	0	12	1	0
GCF_026168555.1	1	0	0	0	3	0	0
GCF_026168575.1	1	0	0	0	2	0	0
GCF_026183675.1	1	1	0	0	2	2	0
GCF_026183695.1	0	1	0	0	0	1	0
GCF_026191635.1	0	1	0	0	0	1	0
GCF_026191655.1	0	1	0	0	0	1	0
GCF_026191675.1	0	1	0	0	0	2	0
GCF_026191725.2	1	0	0	0	4	0	0
GCF_026210475.1	1	0	0	0	25	0	0
GCF_026229185.1	1	1	0	0	2	1	0
GCF_026230175.1	0	1	1	0	0	3	1
GCF_026239995.1	0	1	0	0	0	1	0
GCF_026240015.1	0	1	0	0	0	1	0
GCF_026240055.1	0	0	0	0	0	0	0
GCF_026240095.1	0	1	0	0	0	1	0
GCF_026240105.1	1	1	0	0	2	1	0
GCF_026240635.1	0	0	0	0	0	0	0
GCF_026240905.1	1	0	0	0	2	0	0
GCF_026241165.1	0	0	0	0	0	0	0
GCF_026241195.1	1	1	0	0	1	2	0
GCF_026241225.1	0	0	0	0	0	0	0
GCF_026241335.1	1	1	0	0	3	2	0
GCF_026241755.1	0	1	0	0	0	1	0
GCF_026242035.1	1	0	0	0	32	0	0
GCF_026242195.1	1	0	0	0	1	0	0
GCF_026247885.1	0	0	0	0	0	0	0
GCF_026248685.1	1	1	0	0	4	1	0
GCF_026248825.1	0	0	0	0	0	0	0
GCF_026250525.1	0	1	0	0	0	1	0
GCF_026262595.1	1	1	0	0	11	1	0
GCF_026262625.1	1	0	0	0	10	0	0
GCF_026262645.1	1	0	0	0	7	0	0
GCF_026262685.1	1	1	0	0	8	1	0
GCF_026274175.1	1	1	0	0	5	2	0
GCF_026278245.1	1	1	0	0	1	1	0
GCF_026283945.1	1	0	0	0	2	0	0
GCF_026283955.1	0	0	0	0	0	0	0
GCF_026283965.1	0	0	0	0	0	0	0
GCF_026309355.1	1	0	0	0	1	0	0
GCF_026314945.1	0	1	0	0	0	2	0
GCF_026337845.1	1	1	0	0	2	1	0
GCF_026339895.1	1	1	0	0	6	2	0
GCF_026340665.1	1	1	0	0	5	3	0
GCF_026341275.1	1	1	0	0	4	4	0
GCF_026341945.1	1	1	0	0	4	3	0
GCF_026342395.1	1	1	0	0	9	6	0
GCF_026343855.1	1	1	0	0	7	1	0
GCF_026343945.1	1	1	0	0	5	2	0
GCF_026343955.1	1	1	0	0	6	1	0
GCF_026343995.1	1	1	0	0	3	2	0
GCF_026344005.1	1	1	0	0	10	1	0
GCF_026344035.1	1	0	0	0	13	0	0
GCF_026344055.1	1	1	0	0	2	1	0
GCF_026344075.1	0	1	0	0	0	1	0
GCF_026344135.1	1	0	0	0	7	0	0
GCF_026344155.1	1	0	0	0	8	0	0
GCF_026344175.1	1	0	0	0	2	0	0
GCF_026385475.1	0	1	0	0	0	1	0
GCF_026385485.1	0	0	0	0	0	0	0
GCF_026385505.1	0	0	0	0	0	0	0
GCF_026385525.1	0	0	0	0	0	0	0
GCF_026409565.1	1	0	0	0	11	0	0
GCF_026410085.1	1	0	0	0	5	0	0
GCF_026410385.1	0	1	0	0	0	3	0
GCF_026410405.1	0	0	0	0	0	0	0
GCF_026410925.1	1	1	0	0	3	1	0
GCF_026413145.1	0	1	0	0	0	2	0
GCF_026420865.1	1	1	0	0	7	2	0
GCF_026421305.1	0	0	0	0	0	0	0
GCF_026427415.1	1	1	0	0	7	2	0
GCF_026427595.1	1	1	0	0	2	1	0
GCF_026460885.1	0	1	0	0	0	2	0
GCF_026460945.1	0	1	0	0	0	2	0
GCF_026547205.1	1	1	0	0	2	1	0
GCF_026547225.1	1	1	0	0	1	1	0
GCF_026552795.1	1	0	0	0	5	0	0
GCF_026619415.1	1	1	0	0	8	1	0
GCF_026619435.1	1	0	0	0	9	0	0
GCF_026624755.1	1	1	0	0	2	1	0
GCF_026625045.1	0	0	0	0	0	0	0
GCF_026625145.1	0	1	0	0	0	1	0
GCF_026625565.1	0	0	0	0	0	0	0
GCF_026626335.1	1	1	0	0	3	2	0
GCF_026626635.1	1	0	0	0	2	0	0
GCF_026626665.1	1	1	0	0	3	1	0
GCF_026626885.1	0	0	0	0	0	0	0
GCF_026684035.1	0	1	0	0	0	1	0
GCF_026686735.1	1	0	0	0	7	0	0
GCF_026694515.1	1	1	0	0	3	1	0
GCF_026712185.1	1	0	0	0	3	0	0
GCF_026719705.1	1	1	0	0	5	2	0
GCF_026723765.1	0	1	1	0	0	6	1
GCF_026735135.1	1	1	1	1	2	8	10
GCF_026735165.1	1	1	1	1	1	6	4
GCF_026738875.1	1	1	1	1	3	8	4
GCF_026800125.1	0	1	0	0	0	2	0
GCF_026802175.1	0	0	0	0	0	0	0
GCF_026805325.1	0	1	0	0	0	1	0
GCF_026805525.1	0	1	0	0	0	1	0
GCF_026810225.1	0	1	1	0	0	3	1
GCF_026810365.1	1	1	0	0	1	2	0
GCF_026821955.1	0	0	0	0	0	0	0
GCF_026870155.1	1	1	0	0	2	1	0
GCF_026870175.2	0	0	0	0	0	0	0
GCF_026891035.1	1	1	0	0	5	1	0
GCF_026891775.1	0	1	0	0	0	2	0
GCF_026891935.1	0	1	1	0	0	2	1
GCF_026891975.1	0	1	1	0	0	2	1
GCF_026898155.1	1	1	0	0	4	1	0
GCF_026948345.1	0	1	0	0	0	1	0
GCF_026965555.1	1	1	0	0	2	1	0
GCF_026967515.2	0	1	0	0	0	1	0
GCF_027111255.2	1	0	0	0	2	0	0
GCF_027111275.1	1	1	0	0	2	1	0
GCF_027111295.1	1	1	0	0	2	1	0
GCF_027111315.2	0	0	0	0	0	0	0
GCF_027111335.1	1	1	0	0	2	1	0
GCF_027111355.2	1	1	0	0	2	1	0
GCF_027118995.1	1	1	0	0	2	1	0
GCF_027125355.1	1	1	1	1	4	4	5
GCF_027158465.1	1	0	0	0	3	0	0
GCF_027158565.1	1	0	0	0	2	0	0
GCF_027186265.1	1	1	0	0	5	1	0
GCF_027214045.1	1	0	0	0	3	0	0
GCF_027247405.1	1	1	0	0	13	1	0
GCF_027257105.1	0	0	0	0	0	0	0
GCF_027257905.1	0	1	0	0	0	1	0
GCF_027270315.1	1	1	0	0	7	4	0
GCF_027270575.1	1	0	0	0	4	0	0
GCF_027286345.1	0	0	0	0	0	0	0
GCF_027286365.1	0	0	0	0	0	0	0
GCF_027359925.1	1	0	0	0	1	0	0
GCF_027474505.1	0	1	0	0	0	1	0
GCF_027474525.2	0	0	0	0	0	0	0
GCF_027474825.1	0	1	0	0	0	1	0
GCF_027474845.2	0	1	0	0	0	1	0
GCF_027497475.1	1	1	0	0	8	2	0
GCF_027497495.1	1	1	0	0	6	2	0
GCF_027498475.1	1	1	0	0	1	1	0
GCF_027529605.1	1	0	0	0	18	0	0
GCF_027529745.1	0	1	0	0	0	1	0
GCF_027533645.1	0	1	0	0	0	2	0
GCF_027554905.1	0	1	0	0	0	1	0
GCF_027557445.1	1	0	0	0	1	0	0
GCF_027558435.1	0	1	1	0	0	2	1
GCF_027563145.1	1	1	0	0	1	1	0
GCF_027563315.1	0	1	0	0	0	2	0
GCF_027563345.1	1	1	0	0	1	1	0
GCF_027568555.1	1	1	0	0	2	3	0
GCF_027570035.1	0	0	0	0	0	0	0
GCF_027570055.1	0	0	0	0	0	0	0
GCF_027570065.1	1	0	0	0	2	0	0
GCF_027570075.1	1	0	0	0	1	0	0
GCF_027570165.1	1	0	0	0	2	0	0
GCF_027570195.1	0	0	0	0	0	0	0
GCF_027571405.1	0	0	0	0	0	0	0
GCF_027587175.1	1	1	0	0	4	1	0
GCF_027594505.1	1	0	0	0	29	0	0
GCF_027594865.1	1	0	0	0	19	0	0
GCF_027604915.1	1	1	0	0	10	1	0
GCF_027620315.1	1	1	0	0	12	2	0
GCF_027622875.1	0	1	0	0	0	1	0
GCF_027625475.1	1	0	0	0	5	0	0
GCF_027625995.1	1	1	0	0	1	1	0
GCF_027626975.1	1	1	0	0	7	2	0
GCF_027659535.1	0	1	1	0	0	5	1
GCF_027667425.1	0	1	0	0	0	2	0
GCF_027669965.1	1	1	1	0	2	4	1
GCF_027670965.1	0	1	1	0	0	3	1
GCF_027677115.1	0	0	0	0	0	0	0
GCF_027688575.1	0	1	0	0	0	1	0
GCF_027689445.1	0	1	1	1	0	5	2
GCF_027691975.1	0	1	1	1	0	4	2
GCF_027694345.1	0	1	0	0	0	1	0
GCF_027698965.1	0	1	1	1	0	6	4
GCF_027706145.1	0	1	0	0	0	1	0
GCF_027706725.1	1	1	0	0	4	1	0
GCF_027706745.1	1	1	0	0	5	1	0
GCF_027789125.1	0	1	0	0	0	7	0
GCF_027853235.1	1	0	0	0	2	0	0
GCF_027853915.1	1	1	0	0	26	3	0
GCF_027853965.1	1	1	0	0	22	3	0
GCF_027857615.1	0	1	0	0	0	6	0
GCF_027859255.1	0	0	0	0	0	0	0
GCF_027864655.1	1	0	0	0	6	0	0
GCF_027886705.1	0	1	1	0	0	2	1
GCF_027889715.1	1	1	0	0	14	1	0
GCF_027912835.1	1	1	0	0	7	1	0
GCF_027913035.1	1	0	0	0	3	0	0
GCF_027913215.1	1	1	0	0	5	1	0
GCF_027915275.1	0	1	0	0	0	1	0
GCF_027920505.1	0	1	0	0	0	2	0
GCF_027921445.1	1	1	1	1	2	2	2
GCF_027923225.1	1	1	0	0	4	4	0
GCF_027923465.1	0	1	1	0	0	6	1
GCF_027923545.1	1	1	0	0	3	1	0
GCF_027923555.1	1	1	0	0	5	2	0
GCF_027923765.1	0	1	0	0	0	3	0
GCF_027924405.1	1	0	0	0	4	0	0
GCF_027924565.1	1	0	0	0	1	0	0
GCF_027924685.1	0	1	1	1	0	5	6
GCF_027925385.1	0	0	0	0	0	0	0
GCF_027941755.1	0	0	0	0	0	0	0
GCF_027941775.1	0	1	0	0	0	1	0
GCF_027942015.1	1	1	0	0	4	1	0
GCF_027942795.1	0	1	0	0	0	2	0
GCF_027943725.1	0	0	0	0	0	0	0
GCF_027944115.1	1	1	0	0	10	2	0
GCF_027946175.1	0	0	0	0	0	0	0
GCF_027947535.2	1	1	0	0	4	6	0
GCF_027947595.1	1	1	0	0	5	5	0
GCF_027980145.1	1	1	0	0	2	1	0
GCF_027983475.1	1	0	0	0	2	0	0
GCF_027988105.1	1	0	0	0	5	0	0
GCF_028010245.1	0	0	0	0	0	0	0
GCF_028021195.1	0	1	0	0	0	2	0
GCF_028023555.1	1	1	0	0	5	2	0
GCF_028023675.1	1	1	0	0	7	2	0
GCF_028023875.1	1	0	0	0	22	0	0
GCF_028048155.1	1	1	0	0	1	1	0
GCF_028201335.1	0	0	0	0	0	0	0
GCF_028215975.1	0	0	0	0	0	0	0
GCF_028294535.1	1	1	0	0	7	1	0
GCF_028321995.1	0	1	0	0	0	2	0
GCF_028329225.1	0	0	0	0	0	0	0
GCF_028330815.1	0	0	0	0	0	0	0
GCF_028330895.1	0	1	0	0	0	2	0
GCF_028330985.1	0	0	0	0	0	0	0
GCF_028331025.1	0	0	0	0	0	0	0
GCF_028331445.1	1	1	0	0	3	3	0
GCF_028355655.1	0	1	0	0	0	1	0
GCF_028368935.1	1	1	0	0	1	1	0
GCF_028368975.1	1	1	0	0	1	1	0
GCF_028368995.1	1	1	0	0	2	1	0
GCF_028369095.1	1	1	0	0	2	1	0
GCF_028369105.1	1	1	0	0	1	2	0
GCF_028401405.1	1	1	0	0	6	3	0
GCF_028401765.1	1	1	0	0	5	4	0
GCF_028416575.1	1	1	0	0	2	4	0
GCF_028416595.1	0	1	0	0	0	3	0
GCF_028416635.1	1	1	0	0	4	1	0
GCF_028421465.1	1	1	0	0	5	1	0
GCF_028435365.1	1	1	0	0	1	2	0
GCF_028463845.1	1	0	0	0	4	0	0
GCF_028463985.1	0	0	0	0	0	0	0
GCF_028471905.1	1	0	0	0	2	0	0
GCF_028473685.1	1	1	0	0	13	2	0
GCF_028532485.1	1	0	0	0	5	0	0
GCF_028548455.1	1	0	0	0	2	0	0
GCF_028548475.1	1	0	0	0	1	0	0
GCF_028550395.1	0	1	0	0	0	3	0
GCF_028550415.1	1	0	0	0	1	0	0
GCF_028550435.1	1	1	0	0	2	2	0
GCF_028553725.1	1	1	0	0	3	1	0
GCF_028553745.1	1	0	0	0	4	0	0
GCF_028553765.1	1	1	0	0	3	1	0
GCF_028553785.1	1	1	0	0	4	2	0
GCF_028553805.1	1	0	0	0	10	0	0
GCF_028561275.1	0	1	0	0	0	1	0
GCF_028561335.1	0	1	0	0	0	1	0
GCF_028561565.1	0	1	0	0	0	1	0
GCF_028595265.1	0	1	0	0	0	2	0
GCF_028595285.1	1	0	0	0	5	0	0
GCF_028595305.1	1	1	0	0	3	1	0
GCF_028595325.1	1	1	0	0	4	2	0
GCF_028595345.1	1	1	0	0	3	2	0
GCF_028596025.1	0	1	0	0	0	2	0
GCF_028596105.1	1	0	0	0	5	0	0
GCF_028596125.1	0	1	0	0	0	4	0
GCF_028598485.1	0	1	0	0	0	1	0
GCF_028598555.1	0	1	0	0	0	1	0
GCF_028598775.1	1	1	0	0	1	1	0
GCF_028598805.1	0	1	0	0	0	1	0
GCF_028606985.1	1	1	0	0	1	6	0
GCF_028607025.1	0	1	0	0	0	2	0
GCF_028607085.1	1	0	1	0	13	0	1
GCF_028607105.1	1	0	1	0	5	0	1
GCF_028609805.1	0	0	0	0	0	0	0
GCF_028609825.1	0	0	0	0	0	0	0
GCF_028609845.1	1	0	0	0	1	0	0
GCF_028609865.1	1	0	0	0	1	0	0
GCF_028609885.1	1	0	0	0	2	0	0
GCF_028610625.1	0	1	0	0	0	4	0
GCF_028610665.1	0	1	0	0	0	6	0
GCF_028622095.1	1	1	0	0	1	1	0
GCF_028622115.1	1	1	0	0	7	5	0
GCF_028622335.1	1	1	1	1	4	2	3
GCF_028649535.1	0	1	0	0	0	1	0
GCF_028649595.1	0	1	0	0	0	1	0
GCF_028656975.1	1	0	0	0	2	0	0
GCF_028657115.1	1	0	0	0	2	0	0
GCF_028657135.1	1	0	0	0	4	0	0
GCF_028657195.3	1	1	0	0	6	2	0
GCF_028657945.1	1	1	0	0	2	2	0
GCF_028680575.1	1	0	0	0	7	0	0
GCF_028735875.1	1	1	0	0	2	1	0
GCF_028736055.1	1	1	0	0	1	1	0
GCF_028736235.1	0	1	0	0	0	1	0
GCF_028737205.1	1	0	0	0	12	0	0
GCF_028737255.1	1	0	0	0	8	0	0
GCF_028737265.1	1	1	0	0	7	1	0
GCF_028737315.1	1	0	0	0	5	0	0
GCF_028737325.1	0	1	0	0	0	1	0
GCF_028743495.1	1	0	0	0	3	0	0
GCF_028743515.2	0	0	0	0	0	0	0
GCF_028745505.1	0	1	0	0	0	2	0
GCF_028746185.1	1	1	0	0	1	4	0
GCF_028747785.1	1	1	0	0	1	1	0
GCF_028747805.1	1	1	0	0	1	2	0
GCF_028747985.1	0	1	0	0	0	7	0
GCF_028748065.1	1	0	0	0	2	0	0
GCF_028748105.1	0	1	0	0	0	2	0
GCF_028748125.1	0	1	0	0	0	2	0
GCF_028748145.1	0	1	0	0	0	2	0
GCF_028750675.1	0	1	0	0	0	1	0
GCF_028751155.1	0	1	0	0	0	1	0
GCF_028751525.1	1	1	0	0	5	2	0
GCF_028767185.1	0	1	0	0	0	1	0
GCF_028768405.1	1	1	0	0	5	2	0
GCF_028771845.1	0	1	0	0	0	9	0
GCF_028807635.1	1	1	0	0	2	3	0
GCF_028816455.1	1	1	0	0	3	3	0
GCF_028816475.1	1	1	0	0	1	3	0
GCF_028823535.1	1	0	0	0	12	0	0
GCF_028826105.1	0	1	0	0	0	8	0
GCF_028826155.1	1	1	0	0	9	2	0
GCF_028829235.1	0	0	0	0	0	0	0
GCF_028830055.1	1	0	0	0	4	0	0
GCF_028863365.1	1	1	0	0	5	3	0
GCF_028863945.1	0	1	0	0	0	1	0
GCF_028863985.1	0	1	0	0	0	1	0
GCF_028868935.1	1	0	0	0	1	0	0
GCF_028869115.1	1	0	0	0	2	0	0
GCF_028877475.1	1	1	0	0	2	4	0
GCF_028882255.1	0	0	0	0	0	0	0
GCF_028885395.1	1	0	0	0	6	0	0
GCF_028885435.1	0	0	0	0	0	0	0
GCF_028885455.1	0	1	0	0	0	3	0
GCF_028890305.1	0	1	0	0	0	1	0
GCF_028891345.1	0	0	0	0	0	0	0
GCF_028912405.1	0	1	0	0	0	1	0
GCF_029007355.1	0	1	0	0	0	1	0
GCF_029011865.1	1	1	0	0	9	2	0
GCF_029023665.1	0	1	0	0	0	2	0
GCF_029023725.1	0	1	0	0	0	1	0
GCF_029026145.1	0	0	0	0	0	0	0
GCF_029028005.1	1	1	0	0	3	2	0
GCF_029028125.1	1	1	0	0	2	2	0
GCF_029030725.1	1	0	0	0	3	0	0
GCF_029094545.1	1	1	0	0	1	1	0
GCF_029101545.1	0	0	0	0	0	0	0
GCF_029125915.1	0	0	0	0	0	0	0
GCF_029143285.1	0	1	1	0	0	3	1
GCF_029144185.1	0	1	0	0	0	1	0
GCF_029167165.1	1	1	0	0	3	1	0
GCF_029167225.1	1	0	0	0	11	0	0
GCF_029167465.1	1	1	0	0	2	3	0
GCF_029168315.1	1	1	1	0	10	2	1
GCF_029168335.1	1	1	1	1	16	2	4
GCF_029169405.1	0	0	0	0	0	0	0
GCF_029193595.2	1	1	0	0	4	1	0
GCF_029193885.1	0	1	0	0	0	2	0
GCF_029194005.1	0	1	0	0	0	2	0
GCF_029201445.1	0	0	0	0	0	0	0
GCF_029207565.1	1	0	0	0	7	0	0
GCF_029207615.1	0	0	0	0	0	0	0
GCF_029211185.1	0	0	0	0	0	0	0
GCF_029211225.1	1	1	0	0	2	2	0
GCF_029211325.2	0	1	1	1	0	5	4
GCF_029215585.1	1	0	0	0	3	0	0
GCF_029215875.1	1	0	0	0	28	0	0
GCF_029218125.1	1	1	0	0	1	2	0
GCF_029223485.1	1	1	0	0	7	4	0
GCF_029223525.1	1	1	0	0	3	3	0
GCF_029223865.1	1	1	0	0	3	2	0
GCF_029223885.1	1	1	0	0	1	2	0
GCF_029224645.1	1	1	1	1	1	5	4
GCF_029226345.1	0	0	0	0	0	0	0
GCF_029269725.1	0	1	0	0	0	1	0
GCF_029269745.1	0	1	0	0	0	1	0
GCF_029269835.1	1	1	0	0	5	4	0
GCF_029269905.1	1	1	0	0	8	2	0
GCF_029277445.1	1	1	0	0	4	3	0
GCF_029278565.1	1	0	0	0	3	0	0
GCF_029309905.1	0	1	0	0	0	3	0
GCF_029318635.1	1	0	0	0	2	0	0
GCF_029318685.1	0	1	1	1	0	7	5
GCF_029323795.1	0	0	0	0	0	0	0
GCF_029338195.1	1	0	0	0	2	0	0
GCF_029338235.1	1	0	0	0	1	0	0
GCF_029338255.1	1	0	0	0	3	0	0
GCF_029338275.1	1	0	0	0	3	0	0
GCF_029338335.1	1	1	0	0	1	1	0
GCF_029338355.1	1	0	0	0	2	0	0
GCF_029338375.1	1	1	0	0	1	1	0
GCF_029338395.1	1	0	0	0	2	0	0
GCF_029338515.1	1	0	0	0	4	0	0
GCF_029350945.1	0	0	0	0	0	0	0
GCF_029350975.1	0	0	0	0	0	0	0
GCF_029355765.1	0	0	0	0	0	0	0
GCF_029360585.1	1	1	1	1	1	7	2
GCF_029360705.1	1	0	0	0	2	0	0
GCF_029360765.1	1	0	0	0	2	0	0
GCF_029382255.1	1	1	0	0	1	1	0
GCF_029436685.1	1	0	0	0	9	0	0
GCF_029455255.1	1	1	0	0	4	3	0
GCF_029457395.1	1	0	0	0	8	0	0
GCF_029457455.1	1	0	0	0	16	0	0
GCF_029478095.1	0	1	1	1	0	7	9
GCF_029502005.1	1	0	0	0	7	0	0
GCF_029504655.1	0	1	0	0	0	1	0
GCF_029524215.1	1	1	0	0	2	2	0
GCF_029525555.1	0	1	0	0	0	6	0
GCF_029525575.1	0	1	0	0	0	5	0
GCF_029530365.1	1	0	0	0	1	0	0
GCF_029531655.1	0	0	0	0	0	0	0
GCF_029533155.1	1	1	0	0	3	2	0
GCF_029537735.1	0	1	0	0	0	1	0
GCF_029541605.1	0	1	0	0	0	2	0
GCF_029542625.1	0	1	1	1	0	9	5
GCF_029543225.1	1	0	0	0	1	0	0
GCF_029581355.1	0	1	0	0	0	3	0
GCF_029581575.1	0	0	0	0	0	0	0
GCF_029582805.1	0	0	0	0	0	0	0
GCF_029588855.1	1	0	0	0	3	0	0
GCF_029589055.1	0	1	0	0	0	2	0
GCF_029589435.1	0	1	0	0	0	1	0
GCF_029589495.1	1	0	0	0	7	0	0
GCF_029593895.1	1	0	0	0	5	0	0
GCF_029594735.1	1	1	0	0	5	4	0
GCF_029602415.1	0	0	0	0	0	0	0
GCF_029603155.1	0	1	0	0	0	2	0
GCF_029607425.2	0	0	0	0	0	0	0
GCF_029607905.1	0	0	0	0	0	0	0
GCF_029625215.1	1	0	0	0	1	0	0
GCF_029625295.1	1	0	0	0	2	0	0
GCF_029625335.1	0	1	0	0	0	1	0
GCF_029625435.1	0	0	0	0	0	0	0
GCF_029625475.1	1	1	1	1	1	8	2
GCF_029632765.1	0	0	0	0	0	0	0
GCF_029632925.1	1	0	0	0	7	0	0
GCF_029633915.1	0	1	0	0	0	1	0
GCF_029639525.1	1	1	0	0	5	1	0
GCF_029664245.1	0	1	0	0	0	2	0
GCF_029675045.1	0	1	0	0	0	3	0
GCF_029677705.1	0	0	0	0	0	0	0
GCF_029690045.1	1	1	0	0	2	2	0
GCF_029697505.1	1	1	0	0	6	1	0
GCF_029714185.1	1	1	0	0	3	3	0
GCF_029714365.1	1	1	0	0	2	1	0
GCF_029714545.1	1	1	0	0	20	1	0
GCF_029726355.1	0	1	0	0	0	2	0
GCF_029760955.1	1	1	0	0	7	2	0
GCF_029772985.1	0	1	0	0	0	3	0
GCF_029774155.1	0	0	0	0	0	0	0
GCF_029774255.1	1	1	0	0	1	1	0
GCF_029783845.1	0	0	0	0	0	0	0
GCF_029814175.1	1	0	0	0	2	0	0
GCF_029846315.1	1	0	0	0	1	0	0
GCF_029846675.1	1	1	0	0	2	3	0
GCF_029846775.1	1	1	0	0	4	3	0
GCF_029853675.1	0	1	0	0	0	1	0
GCF_029854215.1	1	0	0	0	5	0	0
GCF_029854295.1	0	0	0	0	0	0	0
GCF_029854435.1	1	1	0	0	6	2	0
GCF_029856955.1	0	0	0	0	0	0	0
GCF_029866465.1	1	0	0	0	23	0	0
GCF_029866485.1	0	1	0	0	0	1	0
GCF_029866925.1	0	1	0	0	0	2	0
GCF_029867005.1	0	0	0	0	0	0	0
GCF_029869925.1	1	1	0	0	4	1	0
GCF_029872115.1	1	1	0	0	3	1	0
GCF_029872365.1	1	0	0	0	1	0	0
GCF_029872915.1	1	0	0	0	2	0	0
GCF_029887875.1	1	1	0	0	1	1	0
GCF_029887885.2	1	0	0	0	1	0	0
GCF_029887935.1	0	1	0	0	0	1	0
GCF_029888045.1	0	1	0	0	0	1	0
GCF_029889745.1	0	0	0	0	0	0	0
GCF_029891575.1	0	1	0	0	0	1	0
GCF_029894105.1	1	1	0	0	1	2	0
GCF_029906645.1	1	1	0	0	3	1	0
GCF_029907835.1	1	0	0	0	1	0	0
GCF_029909795.1	1	1	0	0	17	1	0
GCF_029910235.1	0	0	0	0	0	0	0
GCF_029910535.1	0	1	0	0	0	1	0
GCF_029914245.1	1	1	0	0	1	2	0
GCF_029916425.1	0	1	0	0	0	1	0
GCF_029919255.1	0	0	0	0	0	0	0
GCF_029946465.1	1	1	0	0	1	2	0
GCF_029948085.1	0	0	0	0	0	0	0
GCF_029952955.1	1	0	0	0	1	0	0
GCF_029953285.1	1	1	0	0	19	1	0
GCF_029953595.1	1	1	0	0	3	1	0
GCF_029953635.1	0	1	0	0	0	1	0
GCF_029958925.1	1	1	0	0	4	1	0
GCF_029961145.1	1	1	0	0	2	1	0
GCF_029961155.1	1	0	0	0	3	0	0
GCF_029961185.1	1	1	0	0	3	2	0
GCF_029961225.1	0	1	0	0	0	1	0
GCF_029962465.1	1	1	1	0	1	1	1
GCF_029981845.1	0	0	0	0	0	0	0
GCF_029982035.1	0	0	0	0	0	0	0
GCF_029983095.1	0	1	0	0	0	2	0
GCF_030005555.1	0	1	0	0	0	1	0
GCF_030009775.1	1	0	0	0	3	0	0
GCF_030010375.1	1	0	0	0	2	0	0
GCF_030010385.1	0	1	0	0	0	1	0
GCF_030010415.1	0	0	0	0	0	0	0
GCF_030010475.1	1	0	0	0	5	0	0
GCF_030011715.1	1	1	0	0	2	1	0
GCF_030012215.1	0	1	0	0	0	1	0
GCF_030012485.1	1	0	0	0	4	0	0
GCF_030012605.1	0	1	0	0	0	2	0
GCF_030014955.1	0	1	0	0	0	7	0
GCF_030016155.2	0	1	0	0	0	1	0
GCF_030016165.2	1	0	0	0	4	0	0
GCF_030028905.1	1	1	0	0	1	1	0
GCF_030035425.1	0	1	0	0	0	5	0
GCF_030035605.1	0	1	0	0	0	1	0
GCF_030036535.1	1	0	0	0	1	0	0
GCF_030053345.1	0	1	0	0	0	1	0
GCF_030053595.1	0	1	0	0	0	5	0
GCF_030053895.1	1	1	1	0	1	1	1
GCF_030056595.1	0	1	0	0	0	1	0
GCF_030056655.1	0	1	0	0	0	1	0
GCF_030056705.1	0	1	0	0	0	1	0
GCF_030060435.1	0	1	0	0	0	1	0
GCF_030064165.1	1	0	0	0	8	0	0
GCF_030064585.1	1	1	0	0	2	1	0
GCF_030065535.1	0	1	0	0	0	2	0
GCF_030065545.1	1	0	0	0	1	0	0
GCF_030067675.1	1	1	0	0	2	1	0
GCF_030067835.1	1	1	1	1	12	4	2
GCF_030068445.1	0	0	0	0	0	0	0
GCF_030068455.1	0	0	0	0	0	0	0
GCF_030068475.1	0	0	0	0	0	0	0
GCF_030068505.1	0	0	0	0	0	0	0
GCF_030068545.1	0	0	0	0	0	0	0
GCF_030068605.1	0	0	0	0	0	0	0
GCF_030070085.1	0	0	0	0	0	0	0
GCF_030077645.1	1	1	0	0	3	3	0
GCF_030077735.1	1	1	1	0	1	3	1
GCF_030077865.1	0	0	0	0	0	0	0
GCF_030122845.1	0	1	0	0	0	4	0
GCF_030123245.1	1	1	0	0	3	2	0
GCF_030127105.1	1	0	0	0	1	0	0
GCF_030127605.1	0	1	0	0	0	1	0
GCF_030129945.1	1	0	0	0	3	0	0
GCF_030131845.1	0	1	1	0	0	2	1
GCF_030140925.1	1	0	0	0	4	0	0
GCF_030144325.1	1	1	0	0	11	1	0
GCF_030164425.1	1	0	0	0	10	0	0
GCF_030164465.1	1	1	0	0	6	1	0
GCF_030165005.1	1	0	0	0	10	0	0
GCF_030177895.1	0	0	0	0	0	0	0
GCF_030177935.1	0	0	0	0	0	0	0
GCF_030217185.1	0	1	0	0	0	1	0
GCF_030229635.1	1	0	0	0	1	0	0
GCF_030229965.1	0	1	0	0	0	4	0
GCF_030230305.1	0	1	0	0	0	1	0
GCF_030244015.1	0	1	0	0	0	1	0
GCF_030246965.1	1	1	0	0	1	1	0
GCF_030249845.1	1	0	0	0	1	0	0
GCF_030250085.1	0	0	0	0	0	0	0
GCF_030250645.1	1	0	0	0	4	0	0
GCF_030252165.1	0	0	0	0	0	0	0
GCF_030252185.1	0	0	0	0	0	0	0
GCF_030252245.1	0	1	0	0	0	2	0
GCF_030252325.1	1	1	0	0	19	1	0
GCF_030252345.1	1	1	0	0	2	3	0
GCF_030253495.1	1	1	0	0	1	1	0
GCF_030262575.1	1	1	0	0	5	3	0
GCF_030263935.1	0	1	0	0	0	5	0
GCF_030268005.1	1	1	0	0	1	5	0
GCF_030268045.1	1	1	0	0	3	1	0
GCF_030268065.1	1	0	0	0	2	0	0
GCF_030268085.1	1	1	0	0	2	1	0
GCF_030268225.1	1	1	0	0	6	1	0
GCF_030269445.1	1	1	1	1	14	6	4
GCF_030269765.1	1	1	0	0	1	1	0
GCF_030271165.1	0	1	0	0	0	3	0
GCF_030271215.1	1	0	0	0	1	0	0
GCF_030271515.1	1	0	0	0	5	0	0
GCF_030271835.1	1	1	1	1	2	1	2
GCF_030272285.1	1	1	0	0	6	2	0
GCF_030272695.1	1	1	0	0	8	3	0
GCF_030272705.1	1	1	0	0	9	4	0
GCF_030273445.1	0	0	0	0	0	0	0
GCF_030282825.1	0	1	0	0	0	1	0
GCF_030283135.1	1	1	0	0	2	1	0
GCF_030285665.1	1	1	0	0	17	3	0
GCF_030285785.1	1	1	0	0	5	2	0
GCF_030285945.1	1	1	0	0	1	2	0
GCF_030286765.1	1	1	1	1	2	1	2
GCF_030291635.1	1	0	0	0	4	0	0
GCF_030291735.1	1	0	0	0	1	0	0
GCF_030291795.1	1	1	0	0	9	3	0
GCF_030292135.1	0	1	0	0	0	4	0
GCF_030294405.1	0	1	0	0	0	3	0
GCF_030294585.1	1	1	1	0	1	2	1
GCF_030294945.1	1	1	0	0	20	4	0
GCF_030294985.1	0	0	0	0	0	0	0
GCF_030295285.1	1	1	0	0	1	1	0
GCF_030295325.1	0	1	0	0	0	4	0
GCF_030295385.1	1	0	0	0	2	0	0
GCF_030295405.1	1	1	1	0	2	2	1
GCF_030295425.1	1	0	0	0	2	0	0
GCF_030295685.1	1	0	0	0	2	0	0
GCF_030295765.1	1	0	0	0	2	0	0
GCF_030295915.1	0	1	0	0	0	2	0
GCF_030295935.1	1	1	0	0	1	1	0
GCF_030295955.1	0	1	0	0	0	1	0
GCF_030295975.1	1	1	0	0	2	1	0
GCF_030295995.1	0	1	0	0	0	2	0
GCF_030296055.1	0	0	0	0	0	0	0
GCF_030296555.1	1	1	0	0	1	4	0
GCF_030296575.1	1	0	0	0	1	0	0
GCF_030296595.1	1	1	1	1	4	2	2
GCF_030296615.1	1	1	0	0	2	2	0
GCF_030296655.1	1	1	0	0	2	3	0
GCF_030296695.1	1	0	0	0	4	0	0
GCF_030296715.1	0	1	0	0	0	1	0
GCF_030296755.1	0	0	0	0	0	0	0
GCF_030296775.1	1	1	1	1	1	5	4
GCF_030296935.1	0	1	0	0	0	1	0
GCF_030296975.1	1	1	1	0	2	2	1
GCF_030297015.1	0	1	0	0	0	1	0
GCF_030297115.1	1	0	0	0	1	0	0
GCF_030297255.1	1	1	0	0	8	1	0
GCF_030315915.2	1	1	0	0	2	1	0
GCF_030316605.1	0	0	0	0	0	0	0
GCF_030316895.1	1	0	0	0	15	0	0
GCF_030322905.1	1	1	0	0	2	1	0
GCF_030323025.1	0	0	0	0	0	0	0
GCF_030323865.1	1	1	0	0	4	1	0
GCF_030339115.1	1	1	0	0	1	1	0
GCF_030344915.1	1	0	0	0	1	0	0
GCF_030344935.1	0	1	0	0	0	1	0
GCF_030345335.1	1	1	0	0	1	3	0
GCF_030347965.1	0	1	0	0	0	1	0
GCF_030347995.1	0	1	0	0	0	1	0
GCF_030348325.1	0	1	0	0	0	2	0
GCF_030348365.1	1	1	0	0	6	3	0
GCF_030360185.1	1	1	1	1	18	1	2
GCF_030362795.1	1	1	0	0	4	1	0
GCF_030362815.1	0	1	0	0	0	1	0
GCF_030362835.1	1	1	0	0	1	2	0
GCF_030362855.1	0	1	0	0	0	2	0
GCF_030362935.1	0	0	0	0	0	0	0
GCF_030362955.1	0	1	0	0	0	1	0
GCF_030362975.1	0	1	0	0	0	2	0
GCF_030363035.1	0	1	0	0	0	1	0
GCF_030369635.1	1	1	0	0	1	2	0
GCF_030370465.1	1	0	0	0	6	0	0
GCF_030372305.1	0	1	0	0	0	1	0
GCF_030373775.1	0	1	0	0	0	1	0
GCF_030378165.1	1	1	0	0	2	1	0
GCF_030380815.1	0	1	0	0	0	1	0
GCF_030385545.1	0	1	1	1	0	5	2
GCF_030385805.1	1	0	0	0	1	0	0
GCF_030389495.1	1	1	0	0	1	1	0
GCF_030389965.1	1	1	0	0	3	2	0
GCF_030400295.1	0	1	0	0	0	2	0
GCF_030403435.1	0	1	0	0	0	1	0
GCF_030403505.1	0	1	0	0	0	2	0
GCF_030404055.1	1	1	0	0	1	4	0
GCF_030405905.1	0	0	0	0	0	0	0
GCF_030406165.1	0	1	0	0	0	1	0
GCF_030406665.1	1	0	0	0	2	0	0
GCF_030406725.1	1	0	0	0	3	0	0
GCF_030407165.1	1	1	0	0	2	1	0
GCF_030407435.1	0	1	0	0	0	1	0
GCF_030407825.1	1	1	0	0	2	3	0
GCF_030408375.1	1	0	0	0	1	0	0
GCF_030408395.1	1	1	0	0	1	1	0
GCF_030408415.1	0	1	0	0	0	1	0
GCF_030408435.1	1	0	0	0	1	0	0
GCF_030408455.1	0	0	0	0	0	0	0
GCF_030408575.1	1	0	0	0	2	0	0
GCF_030408595.1	0	0	0	0	0	0	0
GCF_030408675.1	0	0	0	0	0	0	0
GCF_030408715.1	0	1	0	0	0	1	0
GCF_030408735.1	1	0	0	0	1	0	0
GCF_030408755.1	0	0	0	0	0	0	0
GCF_030408775.1	0	0	0	0	0	0	0
GCF_030408795.1	1	0	0	0	1	0	0
GCF_030408815.1	0	0	0	0	0	0	0
GCF_030408855.1	1	0	0	0	1	0	0
GCF_030408875.1	0	0	0	0	0	0	0
GCF_030408915.1	0	0	0	0	0	0	0
GCF_030409055.1	0	0	0	0	0	0	0
GCF_030409215.1	1	0	0	0	5	0	0
GCF_030409225.1	1	0	0	0	6	0	0
GCF_030409235.1	1	0	0	0	2	0	0
GCF_030409265.1	1	0	0	0	2	0	0
GCF_030409305.1	1	0	0	0	2	0	0
GCF_030409315.1	0	1	0	0	0	2	0
GCF_030409325.1	0	1	0	0	0	2	0
GCF_030409335.1	1	0	0	0	34	0	0
GCF_030409405.1	0	1	0	0	0	2	0
GCF_030409415.1	1	1	0	0	2	1	0
GCF_030409495.1	0	1	0	0	0	3	0
GCF_030409505.1	1	1	0	0	2	1	0
GCF_030409525.1	0	1	0	0	0	2	0
GCF_030409555.1	1	1	0	0	4	1	0
GCF_030409605.1	1	1	0	0	3	1	0
GCF_030409685.1	0	1	0	0	0	3	0
GCF_030409715.1	0	1	0	0	0	1	0
GCF_030409725.1	0	1	0	0	0	1	0
GCF_030409795.1	0	1	0	0	0	1	0
GCF_030409805.1	0	1	0	0	0	1	0
GCF_030409835.1	0	1	0	0	0	1	0
GCF_030409845.1	0	1	0	0	0	1	0
GCF_030409875.1	0	1	0	0	0	2	0
GCF_030409905.1	1	1	0	0	2	1	0
GCF_030409925.1	0	1	0	0	0	1	0
GCF_030409945.1	0	1	0	0	0	1	0
GCF_030410045.1	1	0	0	0	3	0	0
GCF_030410135.1	0	1	0	0	0	1	0
GCF_030410375.1	1	0	0	0	28	0	0
GCF_030410395.1	1	0	0	0	25	0	0
GCF_030412265.1	1	1	0	0	4	7	0
GCF_030412915.1	1	0	0	0	3	0	0
GCF_030412965.1	1	0	0	0	3	0	0
GCF_030413175.1	1	0	0	0	17	0	0
GCF_030414215.1	1	1	0	0	4	2	0
GCF_030417495.1	1	1	0	0	9	2	0
GCF_030418125.1	1	1	0	0	1	3	0
GCF_030419005.1	1	1	0	0	3	1	0
GCF_030433435.1	1	1	0	0	1	4	0
GCF_030433635.1	0	1	0	0	0	8	0
GCF_030433645.1	1	1	0	0	1	1	0
GCF_030433675.1	1	1	0	0	1	6	0
GCF_030433685.1	1	1	0	0	1	4	0
GCF_030433715.1	1	1	0	0	1	1	0
GCF_030436185.1	0	0	0	0	0	0	0
GCF_030436445.1	0	0	0	0	0	0	0
GCF_030437705.1	0	0	0	0	0	0	0
GCF_030437945.1	0	0	0	0	0	0	0
GCF_030438115.1	0	0	0	0	0	0	0
GCF_030438365.1	0	0	0	0	0	0	0
GCF_030439285.1	0	0	0	0	0	0	0
GCF_030439705.1	0	0	0	0	0	0	0
GCF_030439775.1	0	0	0	0	0	0	0
GCF_030440365.1	0	0	0	0	0	0	0
GCF_030440535.1	0	0	0	0	0	0	0
GCF_030440555.1	0	0	0	0	0	0	0
GCF_030440575.1	0	0	0	0	0	0	0
GCF_030440595.1	0	0	0	0	0	0	0
GCF_030441825.1	0	1	0	0	0	2	0
GCF_030441955.1	0	1	0	0	0	3	0
GCF_030442035.1	1	1	0	0	1	1	0
GCF_030442055.1	1	1	1	0	1	2	1
GCF_030444335.1	0	0	0	0	0	0	0
GCF_030445085.1	0	0	0	0	0	0	0
GCF_030450055.1	0	1	0	0	0	1	0
GCF_030466375.1	0	1	0	0	0	1	0
GCF_030486595.1	1	0	0	0	35	0	0
GCF_030487725.1	1	0	0	0	1	0	0
GCF_030490285.1	0	0	0	0	0	0	0
GCF_030500275.1	0	1	1	1	0	7	7
GCF_030503435.1	0	0	0	0	0	0	0
GCF_030504645.1	1	1	0	0	3	1	0
GCF_030504955.1	1	0	0	0	2	0	0
GCF_030505015.1	0	1	0	0	0	1	0
GCF_030505375.1	1	0	0	0	4	0	0
GCF_030505655.1	1	1	1	0	1	2	1
GCF_030505695.1	1	0	0	0	4	0	0
GCF_030506285.1	0	1	0	0	0	1	0
GCF_030506305.1	0	1	0	0	0	1	0
GCF_030506325.1	0	1	0	0	0	1	0
GCF_030518195.1	1	0	0	0	5	0	0
GCF_030518295.1	0	1	0	0	0	2	0
GCF_030518655.1	1	0	0	0	3	0	0
GCF_030519285.1	1	0	0	0	16	0	0
GCF_030519635.1	1	0	0	0	2	0	0
GCF_030519655.1	0	1	0	0	0	2	0
GCF_030520105.1	0	1	0	0	0	2	0
GCF_030534335.1	1	1	0	0	1	1	0
GCF_030540765.1	0	1	0	0	0	1	0
GCF_030540775.2	1	0	0	0	2	0	0
GCF_030540825.1	0	1	0	0	0	2	0
GCF_030540835.1	0	1	0	0	0	2	0
GCF_030540875.1	1	0	0	0	2	0	0
GCF_030542965.1	1	1	1	1	1	2	2
GCF_030549005.1	0	1	0	0	0	1	0
GCF_030550815.1	0	0	0	0	0	0	0
GCF_030551875.1	1	1	0	0	3	1	0
GCF_030553095.1	0	0	0	0	0	0	0
GCF_030577015.1	0	1	1	1	0	5	5
GCF_030580635.1	0	1	0	0	0	1	0
GCF_030580915.1	1	0	0	0	1	0	0
GCF_030585465.1	0	1	1	1	0	5	2
GCF_030586805.1	0	0	0	0	0	0	0
GCF_030586865.1	0	0	0	0	0	0	0
GCF_030587225.1	0	0	0	0	0	0	0
GCF_030622045.1	0	1	0	0	0	1	0
GCF_030623445.1	1	1	0	0	1	1	0
GCF_030644205.1	1	1	1	1	1	3	4
GCF_030644225.1	0	1	0	0	0	1	0
GCF_030644465.1	0	1	0	0	0	1	0
GCF_030676955.1	1	0	0	0	1	0	0
GCF_030685395.1	0	1	0	0	0	1	0
GCF_030687835.1	1	0	0	0	6	0	0
GCF_030687935.1	1	0	0	0	4	0	0
GCF_030705305.1	1	1	0	0	4	1	0
GCF_030708075.1	1	1	0	0	2	2	0
GCF_030709675.1	1	1	0	0	3	4	0
GCF_030717845.1	1	1	0	0	1	4	0
GCF_030717865.1	1	0	0	0	4	0	0
GCF_030717945.1	1	0	0	0	4	0	0
GCF_030717955.1	1	1	0	0	1	2	0
GCF_030718845.1	0	0	0	0	0	0	0
GCF_030719275.1	1	1	0	0	2	3	0
GCF_030731085.1	1	1	0	0	9	1	0
GCF_030731985.1	0	1	0	0	0	2	0
GCF_030732005.2	1	1	0	0	1	2	0
GCF_030732975.1	1	1	0	0	2	1	0
GCF_030733815.1	1	0	0	0	10	0	0
GCF_030733865.1	1	1	0	0	7	2	0
GCF_030758955.1	1	1	0	0	1	1	0
GCF_030758975.1	1	1	0	0	7	1	0
GCF_030759015.1	1	0	0	0	1	0	0
GCF_030762805.1	0	1	0	0	0	1	0
GCF_030769565.1	0	0	0	0	0	0	0
GCF_030770395.1	1	1	0	0	1	4	0
GCF_030803725.1	1	1	0	0	5	2	0
GCF_030803745.1	1	1	0	0	7	4	0
GCF_030803925.1	1	1	0	0	2	1	0
GCF_030803985.1	0	1	1	1	0	8	5
GCF_030804085.1	1	1	0	0	1	1	0
GCF_030845175.1	1	1	0	0	5	1	0
GCF_030848765.1	0	1	0	0	0	2	0
GCF_030848925.1	1	0	0	0	3	0	0
GCF_030848945.1	1	1	0	0	3	1	0
GCF_030849025.1	1	0	0	0	1	0	0
GCF_030849505.1	1	0	0	0	11	0	0
GCF_030852425.1	1	1	0	0	4	2	0
GCF_030863865.1	1	1	0	0	7	2	0
GCF_030864025.1	1	1	1	1	1	5	3
GCF_030866745.1	1	0	0	0	2	0	0
GCF_030866765.1	1	1	0	0	2	7	0
GCF_030908325.1	0	1	0	0	0	2	0
GCF_030980095.1	1	0	0	0	8	0	0
GCF_030994125.1	0	1	0	0	0	1	0
GCF_031085155.1	0	1	0	0	0	1	0
GCF_031085295.1	1	1	1	1	1	2	2
GCF_031085375.1	0	1	0	0	0	2	0
GCF_031165565.1	1	0	0	0	3	0	0
GCF_031172035.1	0	1	0	0	0	1	0
GCF_031191545.1	1	1	0	0	1	1	0
GCF_031195075.1	1	1	0	0	1	1	0
GCF_031199375.1	1	0	0	0	1	0	0
GCF_031202285.1	1	1	1	0	1	5	1
GCF_031205055.1	0	0	0	0	0	0	0
GCF_031216755.1	1	0	0	0	1	0	0
GCF_031292835.1	0	1	0	0	0	1	0
GCF_031296635.1	0	0	0	0	0	0	0
GCF_031296915.1	0	1	0	0	0	1	0
GCF_031296935.1	0	0	0	0	0	0	0
GCF_031312535.1	0	1	0	0	0	1	0
GCF_031312595.1	0	1	0	0	0	1	0
GCF_031323975.1	1	0	0	0	1	0	0
GCF_031348265.1	1	1	0	0	6	3	0
GCF_031357045.1	0	1	0	0	0	4	0
GCF_031432295.1	1	1	0	0	2	1	0
GCF_031432335.1	0	0	0	0	0	0	0
GCF_031451615.1	1	0	0	0	4	0	0
GCF_031451635.1	1	0	0	0	3	0	0
GCF_031451645.1	1	0	0	0	1	0	0
GCF_031451675.1	1	0	0	0	1	0	0
GCF_031451685.1	1	0	0	0	1	0	0
GCF_031451695.1	1	0	0	0	7	0	0
GCF_031451735.1	1	0	0	0	2	0	0
GCF_031451755.1	1	0	0	0	1	0	0
GCF_031451775.1	0	1	0	0	0	1	0
GCF_031451795.1	1	0	0	0	2	0	0
GCF_031453975.1	1	1	0	0	7	4	0
GCF_031453995.1	0	0	0	0	0	0	0
GCF_031454035.1	0	1	0	0	0	1	0
GCF_031454135.1	1	1	0	0	2	3	0
GCF_031454155.1	1	0	0	0	1	0	0
GCF_031454185.1	0	1	0	0	0	1	0
GCF_031454255.1	0	0	0	0	0	0	0
GCF_031454295.1	1	1	0	0	2	4	0
GCF_031454475.1	0	1	0	0	0	3	0
GCF_031454935.1	1	1	0	0	9	3	0
GCF_031455225.1	1	1	0	0	5	2	0
GCF_031455735.1	1	0	0	0	3	0	0
GCF_031456275.1	0	1	0	0	0	1	0
GCF_031456295.1	0	1	0	0	0	1	0
GCF_031456315.1	1	1	0	0	2	1	0
GCF_031456535.1	0	1	0	0	0	2	0
GCF_031456785.1	0	1	0	0	0	1	0
GCF_031456815.1	1	1	0	0	15	2	0
GCF_031456935.1	1	1	0	0	5	2	0
GCF_031457055.1	1	1	0	0	1	2	0
GCF_031457065.1	0	0	0	0	0	0	0
GCF_031457235.1	1	0	0	0	23	0	0
GCF_031458135.1	1	0	0	0	8	0	0
GCF_031458175.1	1	0	0	0	1	0	0
GCF_031458235.1	1	1	0	0	1	1	0
GCF_031458255.1	1	1	0	0	1	1	0
GCF_031458275.1	1	1	0	0	2	2	0
GCF_031458295.1	1	1	0	0	1	1	0
GCF_031458325.1	1	0	0	0	6	0	0
GCF_031458375.1	0	1	0	0	0	2	0
GCF_031458395.1	1	0	0	0	7	0	0
GCF_031470375.1	0	1	0	0	0	3	0
GCF_031470965.1	1	1	0	0	4	1	0
GCF_031583575.1	1	1	0	0	3	1	0
GCF_031583595.1	1	1	0	0	6	1	0
GCF_031588425.1	1	1	0	0	9	1	0
GCF_031593255.1	1	1	0	0	9	5	0
GCF_031598375.1	1	0	0	0	4	0	0
GCF_031624295.1	1	0	0	0	1	0	0
GCF_031624315.1	1	1	0	0	1	1	0
GCF_031624335.1	0	0	0	0	0	0	0
GCF_031624395.1	1	0	0	0	1	0	0
GCF_031624605.1	1	1	0	0	1	1	0
GCF_031625015.1	1	1	0	0	1	1	0
GCF_031628175.1	1	1	0	0	4	1	0
GCF_031629165.1	1	1	0	0	13	1	0
GCF_031729055.1	0	0	0	0	0	0	0
GCF_031760945.1	1	1	0	0	3	2	0
GCF_031886125.1	1	0	0	0	1	0	0
GCF_031927985.1	0	1	0	0	0	2	0
GCF_031929985.1	0	1	1	0	0	3	1
GCF_031932225.1	0	1	0	0	0	4	0
GCF_031932285.1	0	1	0	0	0	3	0
GCF_031932625.1	0	1	0	0	0	1	0
GCF_031935715.1	0	0	0	0	0	0	0
GCF_031951985.1	1	1	0	0	2	1	0
GCF_031954385.1	0	1	1	1	0	7	4
GCF_031981525.1	0	1	0	0	0	1	0
GCF_032027425.1	0	0	0	0	0	0	0
GCF_032050975.1	0	0	0	0	0	0	0
GCF_032051675.1	0	0	0	0	0	0	0
GCF_032054965.1	1	1	0	0	1	1	0
GCF_032063905.1	1	0	0	0	7	0	0
GCF_032085515.1	0	1	0	0	0	1	0
GCF_032108445.1	1	1	0	0	4	2	0
GCF_032144175.1	0	1	0	0	0	2	0
GCF_032163505.1	0	1	0	0	0	2	0
GCF_032164165.1	1	0	0	0	3	0	0
GCF_032164335.1	1	0	0	0	2	0	0
GCF_032191465.1	0	0	0	0	0	0	0
GCF_032227045.1	0	0	0	0	0	0	0
GCF_032268605.1	1	1	0	0	1	4	0
GCF_032304395.1	0	0	0	0	0	0	0
GCF_032333995.1	1	0	0	0	1	0	0
GCF_032380655.1	1	1	1	1	1	10	2
GCF_032380675.1	0	1	0	0	0	1	0
GCF_032395985.1	0	0	0	0	0	0	0
GCF_032397745.1	1	0	0	0	25	0	0
GCF_032423885.1	1	1	0	0	3	3	0
GCF_032464635.1	0	1	0	0	0	1	0
GCF_032464715.1	1	0	0	0	1	0	0
GCF_032470275.1	0	0	0	0	0	0	0
GCF_032584115.1	0	0	0	0	0	0	0
GCF_032584155.1	0	0	0	0	0	0	0
GCF_032594095.1	0	1	0	0	0	1	0
GCF_032594115.1	0	1	0	0	0	1	0
GCF_032594355.1	0	1	0	0	0	1	0
GCF_032594435.1	0	1	0	0	0	1	0
GCF_032595355.1	1	1	0	0	9	1	0
GCF_032595875.1	0	0	0	0	0	0	0
GCF_032595915.1	0	0	0	0	0	0	0
GCF_032597935.1	0	0	0	0	0	0	0
GCF_032598785.1	1	1	1	1	1	4	2
GCF_032656385.1	1	0	0	0	9	0	0
GCF_032656585.1	1	1	0	0	6	2	0
GCF_032697525.1	0	0	0	0	0	0	0
GCF_032698475.1	0	0	0	0	0	0	0
GCF_032714475.1	0	1	0	0	0	1	0
GCF_032714495.1	0	1	1	0	0	2	1
GCF_032714515.1	0	1	0	0	0	1	0
GCF_032714615.1	0	1	1	0	0	2	1
GCF_032806925.1	1	1	0	0	26	2	0
GCF_032810065.1	1	0	0	0	13	0	0
GCF_032843265.1	1	1	0	0	1	1	0
GCF_032848195.1	0	0	0	0	0	0	0
GCF_032849005.1	0	0	0	0	0	0	0
GCF_032850805.1	0	1	1	0	0	1	1
GCF_032878895.1	0	0	0	0	0	0	0
GCF_032878955.1	0	1	0	0	0	2	0
GCF_032879645.1	1	0	1	0	9	0	1
GCF_032922765.1	0	1	0	0	0	1	0
GCF_032924845.1	1	1	0	0	8	2	0
GCF_032926325.1	1	1	0	0	2	1	0
GCF_032999765.1	1	1	0	0	1	1	0
GCF_033032805.1	1	1	0	0	1	1	0
GCF_033042195.1	1	0	0	0	6	0	0
GCF_033042225.1	1	0	0	0	12	0	0
GCF_033042245.1	0	0	0	0	0	0	0
GCF_033043255.1	0	1	0	0	0	6	0
GCF_033095945.1	0	0	0	0	0	0	0
GCF_033095965.1	0	0	0	0	0	0	0
GCF_033095985.1	0	0	0	0	0	0	0
GCF_033096005.1	0	1	0	0	0	2	0
GCF_033096465.1	0	1	1	1	0	6	3
GCF_033097365.1	1	1	0	0	9	2	0
GCF_033097485.1	0	1	0	0	0	1	0
GCF_033097505.1	1	1	1	0	1	4	1
GCF_033106145.1	0	1	0	0	0	1	0
GCF_033109485.1	1	1	0	0	4	2	0
GCF_033126985.1	0	0	0	0	0	0	0
GCF_033170385.1	1	0	0	0	1	0	0
GCF_033253685.1	1	0	0	0	1	0	0
GCF_033253735.1	1	1	0	0	1	1	0
GCF_033318925.1	0	0	0	0	0	0	0
GCF_033342255.1	1	1	0	0	1	5	0
GCF_033406955.1	1	1	0	0	6	5	0
GCF_033436825.1	0	1	0	0	0	4	0
GCF_033485195.1	0	0	0	0	0	0	0
GCF_033546815.1	0	0	0	0	0	0	0
GCF_033546855.1	0	0	0	0	0	0	0
GCF_033546915.1	0	0	0	0	0	0	0
GCF_033547075.1	0	1	0	0	0	1	0
GCF_033547095.1	1	0	0	0	20	0	0
GCF_033547155.1	1	0	0	0	5	0	0
GCF_033723955.1	1	1	0	0	6	2	0
GCF_033807855.1	1	0	0	0	24	0	0
GCF_033842475.1	1	0	0	0	4	0	0
GCF_033842725.1	1	0	0	0	4	0	0
GCF_033842765.1	1	0	0	0	3	0	0
GCF_033842865.1	1	1	0	0	1	2	0
GCF_033880585.1	1	1	0	0	1	2	0
GCF_033949345.1	1	1	0	0	1	1	0
GCF_033949405.1	0	1	0	0	0	1	0
GCF_033954455.1	0	0	0	0	0	0	0
GCF_033954835.1	0	1	0	0	0	1	0
GCF_033955345.1	1	0	0	0	2	0	0
GCF_033956065.1	1	1	0	0	5	1	0
GCF_033962415.1	1	1	0	0	1	1	0
GCF_033969665.1	0	0	0	0	0	0	0
GCF_033971905.1	0	1	0	0	0	1	0
GCF_033977445.1	1	1	0	0	3	2	0
GCF_034006335.1	1	1	0	0	1	5	0
GCF_034011435.1	1	0	0	0	7	0	0
GCF_034044635.1	1	1	0	0	4	2	0
GCF_034044715.1	1	1	0	0	2	1	0
GCF_034047095.1	1	0	0	0	2	0	0
GCF_034049535.1	0	1	0	0	0	1	0
GCF_034055115.1	0	1	0	0	0	1	0
GCF_034055775.1	1	1	0	0	1	6	0
GCF_034086145.1	0	1	0	0	0	1	0
GCF_034090325.1	0	1	1	0	0	3	1
GCF_034091795.1	0	1	1	0	0	3	1
GCF_034097035.1	1	1	0	0	1	4	0
GCF_034120055.1	1	1	0	0	2	1	0
GCF_034187745.1	0	0	0	0	0	0	0
GCF_034259205.1	1	1	0	0	1	1	0
GCF_034259325.1	1	1	0	0	1	1	0
GCF_034262375.1	0	1	0	0	0	3	0
GCF_034298135.1	1	1	0	0	2	1	0
GCF_034355335.1	0	1	1	1	0	4	2
GCF_034356035.1	0	1	0	0	0	4	0
GCF_034359305.1	0	0	0	0	0	0	0
GCF_034359465.1	0	0	0	0	0	0	0
GCF_034371605.1	1	1	0	0	6	1	0
GCF_034375205.1	1	0	0	0	4	0	0
GCF_034376045.1	0	1	0	0	0	1	0
GCF_034376865.1	1	1	0	0	4	2	0
GCF_034424215.1	1	0	0	0	2	0	0
GCF_034424315.1	0	0	0	0	0	0	0
GCF_034424545.1	1	1	0	0	8	2	0
GCF_034424565.1	1	0	0	0	1	0	0
GCF_034424645.1	1	0	0	0	5	0	0
GCF_034424665.1	1	0	0	0	3	0	0
GCF_034427735.1	1	0	0	0	16	0	0
GCF_034470605.1	0	0	0	0	0	0	0
GCF_034471385.1	0	0	0	0	0	0	0
GCF_034478925.1	0	1	0	0	0	1	0
GCF_034479305.1	1	1	0	0	1	3	0
GCF_034479515.1	1	1	0	0	3	2	0
GCF_034479555.1	0	1	0	0	0	1	0
GCF_034479615.1	1	0	0	0	2	0	0
GCF_034479635.1	0	0	0	0	0	0	0
GCF_034497725.1	0	1	0	0	0	1	0
GCF_034508895.1	0	0	0	0	0	0	0
GCF_034531395.1	1	0	0	0	1	0	0
GCF_034541975.1	1	1	0	0	4	1	0
GCF_034627025.1	1	1	0	0	3	3	0
GCF_034647275.2	0	0	0	0	0	0	0
GCF_034718895.1	0	1	0	0	0	5	0
GCF_034721475.1	1	1	0	0	12	1	0
GCF_034928825.1	0	0	0	0	0	0	0
GCF_034929435.1	0	0	0	0	0	0	0
GCF_034931085.1	0	0	0	0	0	0	0
GCF_034931365.1	1	0	0	0	1	0	0
GCF_034932365.1	0	1	0	0	0	1	0
GCF_035013225.1	1	1	0	0	1	1	0
GCF_035066605.1	0	1	0	0	0	3	0
GCF_035117725.1	1	1	0	0	2	1	0
GCF_035231185.1	1	1	0	0	1	1	0
GCF_035231985.1	0	0	0	0	0	0	0
GCF_035285365.1	0	1	0	0	0	1	0
GCF_035317345.1	1	1	0	0	1	2	0
GCF_035320885.1	1	1	1	0	13	1	1
GCF_035481615.1	0	1	1	1	0	2	2
GCF_035573695.1	1	1	1	1	2	4	7
GCF_035671315.1	0	1	0	0	0	1	0
GCF_035747985.1	1	1	0	0	3	3	0
GCF_035793415.1	0	1	0	0	0	2	0
GCF_035798155.1	1	1	0	0	27	2	0
GCF_035811335.1	1	1	0	0	3	1	0
GCF_035835995.1	0	1	0	0	0	1	0
GCF_035918295.1	1	1	0	0	25	2	0
GCF_035920485.1	1	1	1	1	16	6	2
GCF_035930445.1	1	0	0	0	9	0	0
GCF_035990065.1	1	1	0	0	4	1	0
GCF_036010405.1	1	1	0	0	2	2	0
GCF_036014075.1	1	1	0	0	9	5	0
GCF_036016195.1	0	0	0	0	0	0	0
GCF_036041405.1	1	1	0	0	5	2	0
GCF_036051655.1	1	1	0	0	3	1	0
GCF_036073155.1	1	1	0	0	13	4	0
GCF_036142455.1	1	0	0	0	10	0	0
GCF_036153515.1	1	0	0	0	8	0	0
GCF_036227585.1	1	1	0	0	5	2	0
GCF_036240075.1	1	1	0	0	3	3	0
GCF_036244895.1	1	1	0	0	3	3	0
GCF_036245625.1	0	0	0	0	0	0	0
GCF_036245645.1	0	0	0	0	0	0	0
GCF_036246185.1	1	0	0	0	1	0	0
GCF_036246285.1	0	1	0	0	0	1	0
GCF_036246345.1	0	1	0	0	0	3	0
GCF_036250655.1	0	1	0	0	0	1	0
GCF_036250755.1	1	1	0	0	5	2	0
GCF_036281785.1	1	1	0	0	16	4	0
GCF_036283065.1	1	0	0	0	5	0	0
GCF_036287335.1	1	0	0	0	2	0	0
GCF_036287475.1	1	1	0	0	7	3	0
GCF_036305205.1	1	1	1	1	1	2	2
GCF_036320425.1	1	1	0	0	1	5	0
GCF_036320555.1	1	1	0	0	2	1	0
GCF_036320655.1	0	1	0	0	0	1	0
GCF_036321785.1	1	1	0	0	1	5	0
GCF_036322735.1	0	0	0	0	0	0	0
GCF_036323395.1	0	1	0	0	0	1	0
GCF_036323475.1	0	1	0	0	0	1	0
GCF_036323495.1	1	0	0	0	2	0	0
GCF_036324225.1	1	0	0	0	7	0	0
GCF_036324365.1	1	0	0	0	1	0	0
GCF_036327715.1	0	1	0	0	0	1	0
GCF_036327795.1	1	0	0	0	40	0	0
GCF_036327815.1	1	1	0	0	8	1	0
GCF_036336025.1	0	1	0	0	0	1	0
GCF_036345035.1	1	1	0	0	10	4	0
GCF_036346855.1	1	1	0	0	10	3	0
GCF_036352035.1	1	1	0	0	10	2	0
GCF_036352135.1	0	0	0	0	0	0	0
GCF_036421995.1	1	1	0	0	5	3	0
GCF_036422035.1	1	1	0	0	4	5	0
GCF_036448855.1	1	0	0	0	5	0	0
GCF_036480755.1	1	1	0	0	2	1	0
GCF_036541405.1	0	1	1	1	0	5	2
GCF_036543185.1	1	1	0	0	1	1	0
GCF_036553625.1	0	0	0	0	0	0	0
GCF_036585405.1	1	0	0	0	7	0	0
GCF_036621415.1	1	1	0	0	12	2	0
GCF_036625285.1	1	0	0	0	7	0	0
GCF_036663935.1	0	0	0	0	0	0	0
GCF_036670005.1	1	0	0	0	1	0	0
GCF_036670025.1	1	1	0	0	10	3	0
GCF_036689615.1	1	0	0	0	7	0	0
GCF_036689625.1	0	1	0	0	0	1	0
GCF_036700015.1	1	1	0	0	1	3	0
GCF_036700025.1	1	1	0	0	2	3	0
GCF_036704165.1	1	0	0	0	5	0	0
GCF_036711655.1	0	0	0	0	0	0	0
GCF_036778095.1	1	0	0	0	6	0	0
GCF_036812735.1	1	1	1	0	2	4	1
GCF_036840555.1	0	1	0	0	0	1	0
GCF_036840915.1	0	1	0	0	0	1	0
GCF_036864995.1	1	0	0	0	4	0	0
GCF_036880985.1	1	1	0	0	1	4	0
GCF_036884255.1	0	1	0	0	0	5	0
GCF_036884265.1	1	0	0	0	2	0	0
GCF_036885195.1	0	1	0	0	0	1	0
GCF_036890205.1	1	1	0	0	5	1	0
GCF_036894225.1	0	1	0	0	0	7	0
GCF_036898185.1	1	1	0	0	4	1	0
GCF_036898485.1	1	1	0	0	4	4	0
GCF_036903315.1	0	0	0	0	0	0	0
GCF_036924595.1	1	1	0	0	20	1	0
GCF_036964545.1	1	0	0	0	5	0	0
GCF_036967215.1	1	1	0	0	1	2	0
GCF_036983985.1	0	1	0	0	0	1	0
GCF_036984005.1	0	1	0	0	0	2	0
GCF_036987015.1	1	1	0	0	1	1	0
GCF_036997785.1	0	1	1	0	0	2	1
GCF_037023725.1	1	0	0	0	4	0	0
GCF_037023865.1	1	1	0	0	2	1	0
GCF_037027555.1	0	1	0	0	0	4	0
GCF_037027585.1	1	1	0	0	4	2	0
GCF_037044555.1	1	1	0	0	6	1	0
GCF_037055245.1	1	0	0	0	7	0	0
GCF_037055315.1	0	1	0	0	0	1	0
GCF_037060685.1	0	1	0	0	0	1	0
GCF_037076345.1	1	0	0	0	1	0	0
GCF_037076455.1	1	1	1	1	9	5	7
GCF_037081835.1	0	1	0	0	0	1	0
GCF_037083865.1	1	1	0	0	5	1	0
GCF_037099765.1	1	1	1	1	7	4	2
GCF_037113525.1	0	1	0	0	0	3	0
GCF_037120395.1	1	1	1	0	4	1	1
GCF_037120725.1	1	1	0	0	1	1	0
GCF_037126205.1	1	1	0	0	7	4	0
GCF_037126505.1	1	1	0	0	21	2	0
GCF_037137055.1	0	0	0	0	0	0	0
GCF_037144555.1	0	1	0	0	0	3	0
GCF_037148075.1	1	0	0	0	5	0	0
GCF_037149315.1	1	1	0	0	2	1	0
GCF_037154015.1	1	0	0	0	7	0	0
GCF_037154075.1	1	0	0	0	13	0	0
GCF_037154085.1	1	0	0	0	3	0	0
GCF_037154115.1	1	0	1	0	4	0	1
GCF_037154135.1	1	0	0	0	7	0	0
GCF_037154155.1	1	0	1	1	4	0	2
GCF_037154195.1	1	0	0	0	15	0	0
GCF_037201985.1	0	0	0	0	0	0	0
GCF_037203605.1	0	0	0	0	0	0	0
GCF_037290055.1	0	1	0	0	0	1	0
GCF_037327425.1	1	0	0	0	7	0	0
GCF_037414505.1	1	1	0	0	4	2	0
GCF_037477945.1	1	1	1	1	1	5	8
GCF_037478035.1	0	0	0	0	0	0	0
GCF_037478055.1	1	0	0	0	1	0	0
GCF_037478105.1	1	0	0	0	2	0	0
GCF_037479095.1	1	0	0	0	1	0	0
GCF_037482225.1	0	0	0	0	0	0	0
GCF_037482245.1	1	1	1	0	1	2	1
GCF_037482325.1	1	1	0	0	5	3	0
GCF_037482405.1	1	1	0	0	1	2	0
GCF_037482545.1	1	1	0	0	1	3	0
GCF_037619525.1	1	0	0	0	61	0	0
GCF_037646345.1	0	1	0	0	0	1	0
GCF_037671525.1	0	0	0	0	0	0	0
GCF_037672085.1	0	1	0	0	0	1	0
GCF_037811135.1	0	1	0	0	0	1	0
GCF_037818705.1	0	1	0	0	0	1	0
GCF_037889915.1	1	1	0	0	35	1	0
GCF_037889935.1	1	0	0	0	32	0	0
GCF_037889955.1	1	0	0	0	31	0	0
GCF_037889975.1	1	0	0	0	49	0	0
GCF_037892215.1	1	0	0	0	4	0	0
GCF_037892375.1	0	1	0	0	0	5	0
GCF_037903935.1	1	0	0	0	5	0	0
GCF_037907705.1	0	1	0	0	0	5	0
GCF_037935975.1	0	1	0	0	0	1	0
GCF_038086725.1	0	1	0	0	0	1	0
GCF_039634495.1	1	0	0	0	3	0	0
GCF_039724765.1	1	1	0	0	8	1	0
GCF_040084705.1	0	0	0	0	0	0	0
GCF_040235295.1	0	0	0	0	0	0	0
GCF_040545455.1	1	1	0	0	10	4	0
GCF_040739365.1	0	1	0	0	0	1	0
GCF_040869025.1	0	1	0	0	0	1	0
GCF_041021905.1	1	0	0	0	3	0	0
GCF_900000175.1	0	0	0	0	0	0	0
GCF_900005615.1	1	1	0	0	1	1	0
GCF_900009265.2	0	1	0	0	0	1	0
GCF_900010725.2	0	1	0	0	0	1	0
GCF_900013505.1	1	1	0	0	2	1	0
GCF_900013535.1	1	1	0	0	1	1	0
GCF_900014995.1	1	1	0	0	2	1	0
GCF_900015005.1	0	1	0	0	0	4	0
GCF_900015215.1	0	1	0	0	0	1	0
GCF_900018365.1	0	0	0	0	0	0	0
GCF_900018785.1	0	0	0	0	0	0	0
GCF_900021165.1	0	1	0	0	0	8	0
GCF_900021175.1	0	1	0	0	0	1	0
GCF_900039485.1	0	0	0	0	0	0	0
GCF_900044015.1	0	0	0	0	0	0	0
GCF_900044055.2	1	1	0	0	36	1	0
GCF_900046455.1	0	0	0	0	0	0	0
GCF_900048035.1	0	0	0	0	0	0	0
GCF_900048045.1	0	0	0	0	0	0	0
GCF_900048895.1	0	1	0	0	0	2	0
GCF_900055185.1	1	1	0	0	2	2	0
GCF_900059565.1	0	1	1	1	0	2	2
GCF_900060185.1	1	1	0	0	1	2	0
GCF_900065875.1	0	1	0	0	0	1	0
GCF_900066015.1	1	0	0	0	1	0	0
GCF_900067125.1	1	1	0	0	1	2	0
GCF_900070205.1	0	1	0	0	0	2	0
GCF_900070325.1	0	1	0	0	0	3	0
GCF_900070355.1	0	0	0	0	0	0	0
GCF_900074625.1	0	1	0	0	0	4	0
GCF_900078205.2	0	1	0	0	0	2	0
GCF_900078305.2	0	0	0	0	0	0	0
GCF_900078395.1	1	1	0	0	4	1	0
GCF_900078545.1	0	1	0	0	0	2	0
GCF_900078675.2	1	0	0	0	24	0	0
GCF_900078685.2	1	0	0	0	4	0	0
GCF_900078705.1	1	0	0	0	21	0	0
GCF_900078725.1	0	0	0	0	0	0	0
GCF_900079135.1	0	1	0	0	0	1	0
GCF_900079775.1	0	0	0	0	0	0	0
GCF_900080145.1	0	0	0	0	0	0	0
GCF_900083515.1	1	1	0	0	1	3	0
GCF_900083545.1	0	0	0	0	0	0	0
GCF_900086585.1	1	1	1	1	4	3	4
GCF_900086595.1	0	1	1	0	0	5	1
GCF_900086655.1	0	1	0	0	0	7	0
GCF_900086705.1	1	1	0	0	1	2	0
GCF_900086715.1	0	1	0	0	0	3	0
GCF_900086725.1	0	1	1	0	0	4	1
GCF_900087015.1	0	1	0	0	0	3	0
GCF_900087655.1	0	1	0	0	0	2	0
GCF_900088125.1	0	1	1	0	0	3	1
GCF_900088825.1	1	0	0	0	4	0	0
GCF_900089075.1	0	1	0	0	0	1	0
GCF_900089455.2	1	0	0	0	13	0	0
GCF_900089585.1	1	1	0	0	3	1	0
GCF_900089595.1	1	1	0	0	3	1	0
GCF_900089605.1	1	1	0	0	2	1	0
GCF_900089755.1	0	0	0	0	0	0	0
GCF_900089775.1	1	0	0	0	1	0	0
GCF_900089835.1	0	1	0	0	0	1	0
GCF_900089945.1	1	0	0	0	6	0	0
GCF_900089955.1	1	1	0	0	3	1	0
GCF_900090105.1	1	1	0	0	4	1	0
GCF_900090215.1	0	0	0	0	0	0	0
GCF_900090225.1	1	1	0	0	3	1	0
GCF_900090235.1	1	1	0	0	4	2	0
GCF_900090245.1	1	1	0	0	2	1	0
GCF_900090265.1	1	1	0	0	3	2	0
GCF_900090285.1	1	1	0	0	4	1	0
GCF_900090295.1	1	1	0	0	2	2	0
GCF_900090305.1	1	1	0	0	1	1	0
GCF_900090315.1	1	1	0	0	4	1	0
GCF_900090325.1	1	1	0	0	3	4	0
GCF_900091415.1	1	1	0	0	3	2	0
GCF_900091425.1	1	1	0	0	3	2	0
GCF_900091435.1	1	1	0	0	4	1	0
GCF_900091445.1	1	1	0	0	2	1	0
GCF_900091455.1	1	1	0	0	5	1	0
GCF_900091465.1	1	1	0	0	6	1	0
GCF_900091475.1	1	1	0	0	4	2	0
GCF_900091505.1	1	1	0	0	2	1	0
GCF_900091515.1	1	1	0	0	2	1	0
GCF_900091525.1	1	1	0	0	1	2	0
GCF_900091545.1	1	1	0	0	4	1	0
GCF_900091555.1	1	1	0	0	1	1	0
GCF_900091565.1	1	1	0	0	3	1	0
GCF_900091575.1	1	1	0	0	2	1	0
GCF_900091585.1	1	1	0	0	2	1	0
GCF_900091605.1	1	1	0	0	7	2	0
GCF_900091615.1	1	0	0	0	3	0	0
GCF_900091625.1	1	1	0	0	4	2	0
GCF_900091655.1	0	0	0	0	0	0	0
GCF_900091705.1	0	1	0	0	0	5	0
GCF_900092025.1	0	0	0	0	0	0	0
GCF_900092135.1	0	0	0	0	0	0	0
GCF_900092335.1	1	0	0	0	2	0	0
GCF_900093605.1	1	0	0	0	3	0	0
GCF_900094545.1	1	1	0	0	4	3	0
GCF_900094555.1	1	1	0	0	5	3	0
GCF_900094565.1	1	1	0	0	7	3	0
GCF_900094585.1	1	1	0	0	4	4	0
GCF_900094605.1	1	1	0	0	25	2	0
GCF_900094625.1	1	1	0	0	1	1	0
GCF_900094735.1	1	1	0	0	7	1	0
GCF_900094795.1	0	1	0	0	0	1	0
GCF_900094835.1	0	1	0	0	0	2	0
GCF_900094885.1	0	1	0	0	0	1	0
GCF_900094935.1	0	0	0	0	0	0	0
GCF_900094945.1	0	0	0	0	0	0	0
GCF_900094955.1	1	1	0	0	2	5	0
GCF_900094975.1	1	1	0	0	1	2	0
GCF_900095025.1	1	0	0	0	2	0	0
GCF_900095135.1	0	1	0	0	0	2	0
GCF_900095155.1	1	1	0	0	3	1	0
GCF_900095295.1	0	1	0	0	0	1	0
GCF_900095705.1	0	1	1	1	0	1	2
GCF_900095735.1	1	1	0	0	8	1	0
GCF_900095795.1	0	1	0	0	0	2	0
GCF_900095825.1	1	1	1	1	6	2	4
GCF_900095835.1	0	0	0	0	0	0	0
GCF_900095845.1	0	1	0	0	0	1	0
GCF_900095855.1	1	1	1	0	2	2	1
GCF_900095865.1	0	1	0	0	0	2	0
GCF_900095885.1	0	1	0	0	0	2	0
GCF_900096565.1	0	0	0	0	0	0	0
GCF_900096585.1	1	1	0	0	2	1	0
GCF_900096675.1	0	1	0	0	0	4	0
GCF_900096765.1	1	0	0	0	3	0	0
GCF_900096885.1	0	0	0	0	0	0	0
GCF_900096905.1	0	1	0	0	0	1	0
GCF_900096915.1	1	0	0	0	1	0	0
GCF_900096945.1	0	1	0	0	0	3	0
GCF_900096955.1	0	0	0	0	0	0	0
GCF_900096965.1	0	1	0	0	0	1	0
GCF_900096975.1	1	1	0	0	19	2	0
GCF_900097105.1	0	0	0	0	0	0	0
GCF_900097965.1	0	1	0	0	0	2	0
GCF_900098925.1	0	1	0	0	0	4	0
GCF_900099555.1	0	1	1	1	0	2	2
GCF_900099605.1	1	1	0	0	4	2	0
GCF_900099645.1	1	0	0	0	3	0	0
GCF_900099675.1	0	1	0	0	0	1	0
GCF_900099685.1	0	1	0	0	0	3	0
GCF_900099695.1	1	1	0	0	3	1	0
GCF_900099705.1	1	1	0	0	4	1	0
GCF_900099735.1	1	1	0	0	4	1	0
GCF_900099765.1	0	1	0	0	0	9	0
GCF_900099775.1	1	1	0	0	2	1	0
GCF_900099785.1	1	0	0	0	4	0	0
GCF_900099815.1	0	1	0	0	0	1	0
GCF_900099905.1	1	1	0	0	4	2	0
GCF_900099915.1	0	1	0	0	0	1	0
GCF_900099935.1	1	1	0	0	3	1	0
GCF_900099965.1	1	1	0	0	9	6	0
GCF_900099985.1	1	1	0	0	6	3	0
GCF_900099995.1	0	1	0	0	0	1	0
GCF_900100005.1	1	0	0	0	4	0	0
GCF_900100015.1	0	1	0	0	0	2	0
GCF_900100075.1	0	1	0	0	0	2	0
GCF_900100115.1	0	1	0	0	0	3	0
GCF_900100125.1	0	1	0	0	0	1	0
GCF_900100155.1	1	0	0	0	6	0	0
GCF_900100165.1	1	1	0	0	2	1	0
GCF_900100175.1	1	1	0	0	2	1	0
GCF_900100185.1	1	1	0	0	3	1	0
GCF_900100195.1	1	0	0	0	4	0	0
GCF_900100255.1	1	1	0	0	2	3	0
GCF_900100295.1	1	1	0	0	1	2	0
GCF_900100315.1	1	1	0	0	5	4	0
GCF_900100335.1	1	0	0	0	10	0	0
GCF_900100345.1	0	1	1	1	0	7	2
GCF_900100355.1	1	1	0	0	2	1	0
GCF_900100375.1	0	1	0	0	0	1	0
GCF_900100385.1	1	0	0	0	2	0	0
GCF_900100395.1	1	1	0	0	7	4	0
GCF_900100455.1	1	0	0	0	3	0	0
GCF_900100565.1	1	1	0	0	23	2	0
GCF_900100605.1	1	1	0	0	6	3	0
GCF_900100625.1	0	1	0	0	0	1	0
GCF_900100655.1	1	0	0	0	1	0	0
GCF_900100665.1	1	1	0	0	4	2	0
GCF_900100695.1	1	1	0	0	6	2	0
GCF_900100705.1	0	1	0	0	0	1	0
GCF_900100715.1	0	1	0	0	0	1	0
GCF_900100725.1	1	0	0	0	9	0	0
GCF_900100735.1	1	1	0	0	10	3	0
GCF_900100755.1	1	0	0	0	1	0	0
GCF_900100775.1	0	1	0	0	0	2	0
GCF_900100785.1	0	1	1	1	0	7	8
GCF_900100795.1	1	0	0	0	7	0	0
GCF_900100845.1	0	1	1	1	0	2	3
GCF_900100855.1	0	0	0	0	0	0	0
GCF_900100875.1	0	1	0	0	0	1	0
GCF_900100885.1	1	0	0	0	3	0	0
GCF_900100925.1	1	1	0	0	5	1	0
GCF_900100955.1	1	1	1	1	10	3	2
GCF_900100975.1	0	0	0	0	0	0	0
GCF_900101025.1	1	1	1	0	5	1	1
GCF_900101075.1	0	0	0	0	0	0	0
GCF_900101085.1	1	0	0	0	7	0	0
GCF_900101095.1	1	1	0	0	2	1	0
GCF_900101105.1	0	1	1	1	0	2	2
GCF_900101125.1	0	1	0	0	0	2	0
GCF_900101165.1	0	1	0	0	0	3	0
GCF_900101175.1	0	0	0	0	0	0	0
GCF_900101185.1	1	0	0	0	7	0	0
GCF_900101285.1	1	1	1	0	1	1	1
GCF_900101385.1	1	1	0	0	1	4	0
GCF_900101395.1	0	1	0	0	0	1	0
GCF_900101435.1	1	1	0	0	2	2	0
GCF_900101465.1	1	0	0	0	8	0	0
GCF_900101475.1	1	1	0	0	12	2	0
GCF_900101495.1	1	1	1	1	1	10	8
GCF_900101585.1	1	1	0	0	5	2	0
GCF_900101615.1	1	1	0	0	30	1	0
GCF_900101685.1	1	1	0	0	3	2	0
GCF_900101705.1	0	0	0	0	0	0	0
GCF_900101735.1	1	0	0	0	5	0	0
GCF_900101745.1	1	1	0	0	2	3	0
GCF_900101785.1	1	1	0	0	1	4	0
GCF_900101795.1	1	1	0	0	22	2	0
GCF_900101815.1	0	1	0	0	0	1	0
GCF_900101825.1	0	0	0	0	0	0	0
GCF_900101835.1	0	1	0	0	0	1	0
GCF_900101845.1	1	1	1	1	7	8	7
GCF_900101865.1	1	1	0	0	7	1	0
GCF_900101875.1	0	1	0	0	0	2	0
GCF_900101885.1	0	1	0	0	0	1	0
GCF_900101895.1	0	1	0	0	0	1	0
GCF_900101905.1	1	1	0	0	1	1	0
GCF_900101915.1	1	0	0	0	2	0	0
GCF_900101935.1	1	0	0	0	3	0	0
GCF_900101965.1	1	1	1	1	4	2	2
GCF_900101985.1	1	1	0	0	2	1	0
GCF_900101995.1	0	1	0	0	0	2	0
GCF_900102015.1	1	1	0	0	6	2	0
GCF_900102035.1	1	0	0	0	5	0	0
GCF_900102045.1	1	0	0	0	7	0	0
GCF_900102055.1	0	1	0	0	0	1	0
GCF_900102075.1	1	1	0	0	20	1	0
GCF_900102085.1	0	1	0	0	0	6	0
GCF_900102135.1	1	1	0	0	2	2	0
GCF_900102145.1	1	0	0	0	2	0	0
GCF_900102195.1	1	1	0	0	17	1	0
GCF_900102215.1	0	1	0	0	0	6	0
GCF_900102225.1	0	1	1	1	0	3	3
GCF_900102265.1	0	1	0	0	0	1	0
GCF_900102295.1	1	0	0	0	4	0	0
GCF_900102315.1	1	1	0	0	2	1	0
GCF_900102335.1	1	0	0	0	3	0	0
GCF_900102345.1	1	1	0	0	1	1	0
GCF_900102365.1	0	1	0	0	0	1	0
GCF_900102375.1	1	0	0	0	2	0	0
GCF_900102425.1	1	0	0	0	3	0	0
GCF_900102435.1	1	1	1	0	3	3	1
GCF_900102465.1	1	1	0	0	18	1	0
GCF_900102505.1	1	1	0	0	5	1	0
GCF_900102525.1	1	0	0	0	12	0	0
GCF_900102535.1	1	1	0	0	4	2	0
GCF_900102545.1	0	0	0	0	0	0	0
GCF_900102625.1	1	0	0	0	8	0	0
GCF_900102685.1	1	1	0	0	4	1	0
GCF_900102695.1	1	1	0	0	3	1	0
GCF_900102715.1	0	1	0	0	0	2	0
GCF_900102725.1	0	1	0	0	0	3	0
GCF_900102745.1	1	0	0	0	4	0	0
GCF_900102815.1	1	1	0	0	1	3	0
GCF_900102855.1	0	1	1	0	0	1	1
GCF_900102875.1	1	0	0	0	4	0	0
GCF_900102885.1	1	0	0	0	4	0	0
GCF_900102905.1	1	1	0	0	3	1	0
GCF_900102915.1	0	1	0	0	0	1	0
GCF_900102925.1	0	1	0	0	0	2	0
GCF_900102945.1	1	0	0	0	4	0	0
GCF_900103005.1	1	1	1	0	2	2	1
GCF_900103035.1	0	0	0	0	0	0	0
GCF_900103065.1	0	1	1	0	0	2	1
GCF_900103085.1	0	0	0	0	0	0	0
GCF_900103135.1	1	1	1	1	1	7	3
GCF_900103185.1	1	1	0	0	1	1	0
GCF_900103215.1	0	1	0	0	0	2	0
GCF_900103225.1	1	0	0	0	2	0	0
GCF_900103255.1	0	1	0	0	0	1	0
GCF_900103275.1	1	1	0	0	1	1	0
GCF_900103285.1	0	1	0	0	0	2	0
GCF_900103325.1	1	1	0	0	4	2	0
GCF_900103345.1	1	0	0	0	9	0	0
GCF_900103415.1	0	1	0	0	0	1	0
GCF_900103425.1	0	1	0	0	0	1	0
GCF_900103445.1	1	1	0	0	7	1	0
GCF_900103455.1	1	1	0	0	5	2	0
GCF_900103475.1	1	0	0	0	3	0	0
GCF_900103485.1	1	1	0	0	3	5	0
GCF_900103505.1	1	0	0	0	2	0	0
GCF_900103515.1	0	1	0	0	0	1	0
GCF_900103535.1	1	1	0	0	8	2	0
GCF_900103545.1	0	0	0	0	0	0	0
GCF_900103615.1	0	1	1	0	0	4	1
GCF_900103625.1	0	0	0	0	0	0	0
GCF_900103645.1	1	0	0	0	6	0	0
GCF_900103665.1	0	0	0	0	0	0	0
GCF_900103695.1	0	1	0	0	0	5	0
GCF_900103715.1	1	0	0	0	3	0	0
GCF_900103735.1	0	0	0	0	0	0	0
GCF_900103775.1	1	1	0	0	5	4	0
GCF_900103785.1	1	0	0	0	4	0	0
GCF_900103795.1	1	1	0	0	5	1	0
GCF_900103815.1	0	1	0	0	0	2	0
GCF_900103835.1	0	1	0	0	0	1	0
GCF_900103845.1	1	0	0	0	14	0	0
GCF_900103865.1	1	0	0	0	2	0	0
GCF_900103875.1	1	0	0	0	6	0	0
GCF_900103885.1	0	1	0	0	0	2	0
GCF_900103915.1	1	1	0	0	3	1	0
GCF_900103935.1	1	0	0	0	3	0	0
GCF_900103955.1	0	1	0	0	0	2	0
GCF_900103975.1	1	1	1	1	8	1	2
GCF_900103985.1	1	1	0	0	3	4	0
GCF_900104035.1	1	1	0	0	3	2	0
GCF_900104045.1	0	1	1	0	0	1	1
GCF_900104065.1	1	0	0	0	4	0	0
GCF_900104125.1	1	0	0	0	5	0	0
GCF_900104135.1	1	0	0	0	3	0	0
GCF_900104175.1	1	1	0	0	6	2	0
GCF_900104185.1	1	1	0	0	3	3	0
GCF_900104215.1	0	1	0	0	0	1	0
GCF_900104245.1	0	0	0	0	0	0	0
GCF_900104265.1	1	0	0	0	3	0	0
GCF_900104305.1	1	0	0	0	5	0	0
GCF_900104415.1	0	1	1	1	0	5	4
GCF_900104445.1	1	1	1	1	6	1	2
GCF_900104455.1	1	1	0	0	1	3	0
GCF_900104475.1	1	1	0	0	3	1	0
GCF_900104485.1	1	1	0	0	4	2	0
GCF_900104515.1	1	0	0	0	13	0	0
GCF_900104525.1	1	1	0	0	4	2	0
GCF_900104535.1	1	0	0	0	3	0	0
GCF_900104555.1	0	1	0	0	0	1	0
GCF_900104575.1	1	1	0	0	2	4	0
GCF_900104585.1	0	1	0	0	0	1	0
GCF_900104595.1	0	1	0	0	0	2	0
GCF_900104605.1	0	1	0	0	0	2	0
GCF_900104615.1	0	1	1	0	0	2	1
GCF_900104625.1	0	1	0	0	0	1	0
GCF_900104635.1	0	1	1	1	0	3	2
GCF_900104645.1	1	1	1	1	1	3	2
GCF_900104655.1	0	1	0	0	0	1	0
GCF_900104665.1	0	1	0	0	0	1	0
GCF_900104675.1	0	1	0	0	0	4	0
GCF_900104685.1	1	0	0	0	4	0	0
GCF_900104705.1	1	0	0	0	1	0	0
GCF_900104725.1	1	1	0	0	2	2	0
GCF_900104735.1	1	0	0	0	5	0	0
GCF_900104745.1	1	1	0	0	3	5	0
GCF_900104805.1	1	0	0	0	5	0	0
GCF_900104815.1	1	1	0	0	8	2	0
GCF_900104845.1	1	1	0	0	21	2	0
GCF_900104895.1	1	1	0	0	2	1	0
GCF_900104905.1	1	0	0	0	6	0	0
GCF_900104915.1	1	0	0	0	4	0	0
GCF_900104945.1	1	0	0	0	2	0	0
GCF_900104965.1	1	0	0	0	4	0	0
GCF_900105005.1	1	0	0	0	3	0	0
GCF_900105025.1	0	1	1	1	0	3	4
GCF_900105045.1	1	1	1	1	16	2	2
GCF_900105055.1	1	1	0	0	9	2	0
GCF_900105065.1	0	1	0	0	0	3	0
GCF_900105105.1	0	0	0	0	0	0	0
GCF_900105115.1	1	0	0	0	7	0	0
GCF_900105155.1	1	0	0	0	4	0	0
GCF_900105165.1	0	1	0	0	0	2	0
GCF_900105185.1	1	0	0	0	5	0	0
GCF_900105255.1	1	0	0	0	2	0	0
GCF_900105315.1	1	1	0	0	12	1	0
GCF_900105335.1	1	1	0	0	1	1	0
GCF_900105345.1	1	1	0	0	1	5	0
GCF_900105355.1	1	0	0	0	4	0	0
GCF_900105375.1	1	1	1	1	61	2	6
GCF_900105385.1	1	1	0	0	6	3	0
GCF_900105425.1	0	1	0	0	0	1	0
GCF_900105445.1	0	1	0	0	0	1	0
GCF_900105475.1	1	0	0	0	4	0	0
GCF_900105485.1	1	0	0	0	4	0	0
GCF_900105535.1	1	1	0	0	4	1	0
GCF_900105555.1	1	0	0	0	5	0	0
GCF_900105565.1	1	1	0	0	3	2	0
GCF_900105585.1	1	0	0	0	5	0	0
GCF_900105635.1	1	0	0	0	4	0	0
GCF_900105645.1	1	1	1	1	2	3	3
GCF_900105655.1	1	1	0	0	2	1	0
GCF_900105695.1	1	1	0	0	20	3	0
GCF_900105715.1	1	1	0	0	3	2	0
GCF_900105735.1	1	0	0	0	8	0	0
GCF_900105765.1	1	1	0	0	3	3	0
GCF_900105785.1	1	1	0	0	3	3	0
GCF_900105825.1	1	0	0	0	6	0	0
GCF_900105865.1	0	0	0	0	0	0	0
GCF_900105885.1	1	0	0	0	1	0	0
GCF_900105925.1	1	1	0	0	7	5	0
GCF_900105935.1	1	0	0	0	7	0	0
GCF_900105945.1	1	1	1	1	9	3	2
GCF_900105955.1	1	0	0	0	6	0	0
GCF_900105995.1	1	0	0	0	5	0	0
GCF_900106005.1	1	0	0	0	5	0	0
GCF_900106015.1	1	0	0	0	4	0	0
GCF_900106035.1	1	1	0	0	6	7	0
GCF_900106055.1	0	0	0	0	0	0	0
GCF_900106065.1	1	0	0	0	5	0	0
GCF_900106095.1	1	0	0	0	3	0	0
GCF_900106515.1	0	1	1	1	0	2	2
GCF_900106565.1	1	1	0	0	2	1	0
GCF_900106585.1	0	1	1	1	0	3	2
GCF_900106595.1	0	0	0	0	0	0	0
GCF_900106645.1	0	0	0	0	0	0	0
GCF_900106675.1	1	1	0	0	6	1	0
GCF_900106695.1	1	0	0	0	22	0	0
GCF_900106715.1	1	0	0	0	1	0	0
GCF_900106765.1	0	1	1	1	0	4	3
GCF_900106775.1	1	1	0	0	1	2	0
GCF_900106785.1	0	0	0	0	0	0	0
GCF_900106795.1	0	0	0	0	0	0	0
GCF_900106805.1	1	1	0	0	3	2	0
GCF_900106845.1	0	1	0	0	0	1	0
GCF_900106855.1	0	1	0	0	0	1	0
GCF_900106925.1	0	0	0	0	0	0	0
GCF_900106945.1	1	0	0	0	2	0	0
GCF_900106955.1	1	1	0	0	3	1	0
GCF_900106975.1	1	0	0	0	4	0	0
GCF_900106985.1	0	0	0	0	0	0	0
GCF_900106995.1	1	1	0	0	18	2	0
GCF_900107015.1	1	0	0	0	3	0	0
GCF_900107045.1	1	1	0	0	6	3	0
GCF_900107105.1	1	0	0	0	5	0	0
GCF_900107115.1	1	1	0	0	1	2	0
GCF_900107125.1	1	1	1	1	3	3	3
GCF_900107135.1	1	0	0	0	1	0	0
GCF_900107145.1	0	0	0	0	0	0	0
GCF_900107165.1	0	0	0	0	0	0	0
GCF_900107195.1	1	0	0	0	1	0	0
GCF_900107215.1	0	1	0	0	0	1	0
GCF_900107235.1	1	1	1	0	10	2	1
GCF_900107245.1	0	1	0	0	0	1	0
GCF_900107255.1	1	1	0	0	1	2	0
GCF_900107285.1	1	0	0	0	1	0	0
GCF_900107355.1	1	1	0	0	3	1	0
GCF_900107405.1	1	1	1	1	1	5	5
GCF_900107415.1	1	0	0	0	2	0	0
GCF_900107435.1	1	1	0	0	4	2	0
GCF_900107455.1	1	1	0	0	7	5	0
GCF_900107465.1	0	1	0	0	0	2	0
GCF_900107485.1	1	1	1	0	1	2	1
GCF_900107505.1	0	1	0	0	0	1	0
GCF_900107535.1	0	0	0	0	0	0	0
GCF_900107585.1	1	1	0	0	5	1	0
GCF_900107595.1	1	1	0	0	1	1	0
GCF_900107605.1	1	0	0	0	10	0	0
GCF_900107625.1	0	0	0	0	0	0	0
GCF_900107635.1	1	1	0	0	1	1	0
GCF_900107645.1	1	0	0	0	2	0	0
GCF_900107665.1	1	0	0	0	2	0	0
GCF_900107675.1	0	0	0	0	0	0	0
GCF_900107685.1	1	1	0	0	7	1	0
GCF_900107695.1	0	1	0	0	0	1	0
GCF_900107725.1	1	1	0	0	2	1	0
GCF_900107755.1	1	1	0	0	3	4	0
GCF_900107765.1	1	1	0	0	2	2	0
GCF_900107795.1	0	1	0	0	0	1	0
GCF_900107815.1	1	1	1	0	2	2	1
GCF_900107845.1	1	1	0	0	1	2	0
GCF_900107885.1	0	0	0	0	0	0	0
GCF_900107925.1	1	1	1	1	15	3	2
GCF_900107935.1	0	1	0	0	0	1	0
GCF_900107965.1	1	1	0	0	6	6	0
GCF_900108015.1	1	1	0	0	1	1	0
GCF_900108025.1	0	1	0	0	0	2	0
GCF_900108035.1	0	1	0	0	0	2	0
GCF_900108045.1	0	1	1	1	0	4	2
GCF_900108055.1	1	0	0	0	1	0	0
GCF_900108065.1	1	0	0	0	1	0	0
GCF_900108085.1	0	0	0	0	0	0	0
GCF_900108095.1	1	1	0	0	13	1	0
GCF_900108115.1	0	1	0	0	0	2	0
GCF_900108165.1	1	1	0	0	3	1	0
GCF_900108175.1	1	1	0	0	28	1	0
GCF_900108185.1	0	1	0	0	0	3	0
GCF_900108215.1	1	1	0	0	5	1	0
GCF_900108225.1	1	1	1	1	9	1	2
GCF_900108245.1	1	0	0	0	9	0	0
GCF_900108275.1	1	0	0	0	2	0	0
GCF_900108335.1	1	1	0	0	12	5	0
GCF_900108345.1	0	0	0	0	0	0	0
GCF_900108365.1	0	1	0	0	0	3	0
GCF_900108395.1	0	0	0	0	0	0	0
GCF_900108405.1	1	1	1	1	6	1	4
GCF_900108425.1	1	1	0	0	1	1	0
GCF_900108455.1	0	1	0	0	0	2	0
GCF_900108475.1	1	1	1	1	1	2	2
GCF_900108485.1	0	1	0	0	0	4	0
GCF_900108505.1	1	0	0	0	1	0	0
GCF_900108515.1	1	1	0	0	2	3	0
GCF_900108535.1	1	0	0	0	5	0	0
GCF_900108565.1	1	1	0	0	20	1	0
GCF_900108585.1	1	1	0	0	6	2	0
GCF_900108595.1	1	0	0	0	4	0	0
GCF_900108855.1	0	0	0	0	0	0	0
GCF_900108915.1	1	0	0	0	1	0	0
GCF_900108945.1	1	1	0	0	24	2	0
GCF_900108955.1	0	1	0	0	0	1	0
GCF_900109025.1	0	0	0	0	0	0	0
GCF_900109035.1	1	1	0	0	6	1	0
GCF_900109075.1	0	1	0	0	0	1	0
GCF_900109085.1	0	1	0	0	0	2	0
GCF_900109115.1	1	1	0	0	3	1	0
GCF_900109135.1	0	1	0	0	0	1	0
GCF_900109145.1	1	1	0	0	9	1	0
GCF_900109165.1	1	1	0	0	4	1	0
GCF_900109175.1	1	0	0	0	3	0	0
GCF_900109185.1	1	1	0	0	2	2	0
GCF_900109225.1	0	1	0	0	0	1	0
GCF_900109245.1	0	0	0	0	0	0	0
GCF_900109255.1	0	1	0	0	0	1	0
GCF_900109285.1	1	0	0	0	4	0	0
GCF_900109295.1	1	0	0	0	1	0	0
GCF_900109345.1	0	1	0	0	0	1	0
GCF_900109365.1	0	0	0	0	0	0	0
GCF_900109375.1	0	1	0	0	0	2	0
GCF_900109425.1	0	0	0	0	0	0	0
GCF_900109455.1	1	0	0	0	7	0	0
GCF_900109465.1	1	1	0	0	4	2	0
GCF_900109495.1	0	0	0	0	0	0	0
GCF_900109525.1	1	0	0	0	5	0	0
GCF_900109545.1	1	1	0	0	1	2	0
GCF_900109565.1	1	0	0	0	2	0	0
GCF_900109575.1	1	1	0	0	2	1	0
GCF_900109605.1	0	1	0	0	0	2	0
GCF_900109685.1	0	0	0	0	0	0	0
GCF_900109705.1	1	1	0	0	2	1	0
GCF_900109725.1	1	0	0	0	2	0	0
GCF_900109735.1	1	0	0	0	3	0	0
GCF_900109785.1	1	0	0	0	1	0	0
GCF_900109885.1	0	1	1	1	0	4	5
GCF_900109925.1	1	1	0	0	6	2	0
GCF_900109935.1	0	1	0	0	0	3	0
GCF_900109955.1	1	0	0	0	4	0	0
GCF_900110025.1	1	1	0	0	5	2	0
GCF_900110035.1	1	1	0	0	1	2	0
GCF_900110065.1	1	0	0	0	1	0	0
GCF_900110105.1	0	1	0	0	0	3	0
GCF_900110115.1	1	1	0	0	3	1	0
GCF_900110135.1	1	1	0	0	1	1	0
GCF_900110145.1	1	0	0	0	1	0	0
GCF_900110165.1	1	1	0	0	2	1	0
GCF_900110215.1	1	1	0	0	2	2	0
GCF_900110225.1	1	0	0	0	2	0	0
GCF_900110245.1	1	0	0	0	2	0	0
GCF_900110255.1	1	1	0	0	1	7	0
GCF_900110265.1	1	0	0	0	1	0	0
GCF_900110345.1	0	1	0	0	0	2	0
GCF_900110375.1	0	1	0	0	0	1	0
GCF_900110425.1	1	0	0	0	6	0	0
GCF_900110435.1	1	1	1	1	10	2	2
GCF_900110455.1	1	0	0	0	5	0	0
GCF_900110465.1	1	1	0	0	3	1	0
GCF_900110485.1	0	1	1	0	0	2	1
GCF_900110535.1	1	0	0	0	1	0	0
GCF_900110555.1	1	0	0	0	23	0	0
GCF_900110575.1	1	1	1	1	12	3	2
GCF_900110585.1	1	0	0	0	3	0	0
GCF_900110605.1	0	1	0	0	0	2	0
GCF_900110615.1	0	1	0	0	0	1	0
GCF_900110645.1	0	0	0	0	0	0	0
GCF_900110685.1	1	1	0	0	2	3	0
GCF_900110695.1	1	1	0	0	1	3	0
GCF_900110735.1	1	1	0	0	3	3	0
GCF_900110775.1	1	1	0	0	8	1	0
GCF_900110815.1	0	1	0	0	0	2	0
GCF_900110835.1	0	1	0	0	0	1	0
GCF_900110855.1	1	1	0	0	1	2	0
GCF_900110865.1	1	0	0	0	5	0	0
GCF_900110875.1	1	1	0	0	5	1	0
GCF_900110885.1	1	0	0	0	4	0	0
GCF_900110915.1	1	1	0	0	3	5	0
GCF_900110925.1	1	0	0	0	4	0	0
GCF_900110955.1	1	1	0	0	7	2	0
GCF_900110965.1	0	0	0	0	0	0	0
GCF_900111005.1	1	1	1	1	8	4	2
GCF_900111015.1	1	1	1	1	10	1	2
GCF_900111025.1	0	1	0	0	0	1	0
GCF_900111075.1	0	1	0	0	0	1	0
GCF_900111105.1	0	1	0	0	0	1	0
GCF_900111115.1	1	0	0	0	4	0	0
GCF_900111135.1	0	0	0	0	0	0	0
GCF_900111145.1	0	1	0	0	0	1	0
GCF_900111155.1	1	1	0	0	2	1	0
GCF_900111175.1	1	1	0	0	3	2	0
GCF_900111195.1	0	1	0	0	0	2	0
GCF_900111225.1	1	0	0	0	4	0	0
GCF_900111235.1	0	1	0	0	0	2	0
GCF_900111245.1	1	1	0	0	2	2	0
GCF_900111285.1	0	1	0	0	0	1	0
GCF_900111295.1	0	1	0	0	0	2	0
GCF_900111305.1	1	0	0	0	2	0	0
GCF_900111315.1	1	0	0	0	2	0	0
GCF_900111355.1	0	1	0	0	0	2	0
GCF_900111365.1	0	1	0	0	0	2	0
GCF_900111375.1	1	1	0	0	5	2	0
GCF_900111385.1	1	1	0	0	1	3	0
GCF_900111395.1	0	1	0	0	0	3	0
GCF_900111405.1	1	1	0	0	3	2	0
GCF_900111425.1	0	0	0	0	0	0	0
GCF_900111445.1	1	1	0	0	1	2	0
GCF_900111455.1	1	1	0	0	4	1	0
GCF_900111495.1	0	1	0	0	0	3	0
GCF_900111515.1	1	0	0	0	1	0	0
GCF_900111545.1	1	0	0	0	2	0	0
GCF_900111555.1	1	1	0	0	3	1	0
GCF_900111575.1	0	1	1	1	0	5	2
GCF_900111595.1	0	1	0	0	0	2	0
GCF_900111615.1	0	1	1	1	0	5	4
GCF_900111645.1	0	1	0	0	0	2	0
GCF_900111675.1	1	0	0	0	6	0	0
GCF_900111685.1	1	1	0	0	16	4	0
GCF_900111735.1	1	1	0	0	5	1	0
GCF_900111745.1	1	1	0	0	1	1	0
GCF_900111765.1	1	1	0	0	1	2	0
GCF_900111775.1	0	1	1	0	0	1	1
GCF_900111785.1	1	1	0	0	3	1	0
GCF_900111795.1	0	1	0	0	0	1	0
GCF_900111805.1	1	0	0	0	6	0	0
GCF_900111815.1	0	1	0	0	0	1	0
GCF_900111865.1	1	1	0	0	2	2	0
GCF_900111875.1	1	0	0	0	4	0	0
GCF_900111885.1	1	1	0	0	5	3	0
GCF_900111925.1	0	0	0	0	0	0	0
GCF_900111935.1	1	0	0	0	2	0	0
GCF_900111945.1	1	0	0	0	4	0	0
GCF_900111965.1	0	1	0	0	0	1	0
GCF_900111985.1	0	1	1	1	0	6	2
GCF_900112005.1	0	1	0	0	0	1	0
GCF_900112035.1	1	0	0	0	6	0	0
GCF_900112045.1	1	1	0	0	3	3	0
GCF_900112085.1	0	1	0	0	0	2	0
GCF_900112105.1	0	1	0	0	0	1	0
GCF_900112165.1	0	0	0	0	0	0	0
GCF_900112175.1	1	1	0	0	1	1	0
GCF_900112205.1	1	0	0	0	5	0	0
GCF_900112225.1	1	1	1	1	4	2	2
GCF_900112235.1	1	0	0	0	1	0	0
GCF_900112245.1	0	0	0	0	0	0	0
GCF_900112255.1	0	1	0	0	0	1	0
GCF_900112265.1	0	1	0	0	0	1	0
GCF_900112315.1	1	0	0	0	2	0	0
GCF_900112335.1	1	1	0	0	8	2	0
GCF_900112345.1	1	1	0	0	4	1	0
GCF_900112355.1	1	1	0	0	1	2	0
GCF_900112365.1	0	1	0	0	0	1	0
GCF_900112405.1	0	1	0	0	0	2	0
GCF_900112455.1	0	1	0	0	0	1	0
GCF_900112485.1	1	1	1	1	1	7	4
GCF_900112505.1	1	1	0	0	1	1	0
GCF_900112515.1	1	1	0	0	5	1	0
GCF_900112525.1	1	1	1	0	7	1	1
GCF_900112555.1	1	1	0	0	13	2	0
GCF_900112575.1	1	1	0	0	2	1	0
GCF_900112585.1	1	1	0	0	2	1	0
GCF_900112595.1	1	0	0	0	2	0	0
GCF_900112605.1	0	0	0	0	0	0	0
GCF_900112645.1	1	0	0	0	5	0	0
GCF_900112675.1	1	0	0	0	7	0	0
GCF_900112685.1	1	1	0	0	6	1	0
GCF_900112695.1	0	1	0	0	0	3	0
GCF_900112705.1	1	1	0	0	4	3	0
GCF_900112745.1	1	0	0	0	4	0	0
GCF_900112755.1	1	1	0	0	8	1	0
GCF_900112765.1	1	1	0	0	2	1	0
GCF_900112775.1	0	1	1	1	0	2	2
GCF_900112815.1	1	1	0	0	8	1	0
GCF_900112845.1	1	1	0	0	5	4	0
GCF_900112885.1	1	1	1	1	1	4	2
GCF_900112895.1	1	1	0	0	2	1	0
GCF_900112925.1	0	1	0	0	0	1	0
GCF_900112975.1	0	1	0	0	0	1	0
GCF_900113005.1	0	1	0	0	0	2	0
GCF_900113015.1	1	1	0	0	2	3	0
GCF_900113025.1	1	1	0	0	5	1	0
GCF_900113035.1	1	1	0	0	8	1	0
GCF_900113045.1	0	1	0	0	0	1	0
GCF_900113055.1	1	0	0	0	1	0	0
GCF_900113065.1	1	1	0	0	3	2	0
GCF_900113085.1	1	0	0	0	3	0	0
GCF_900113125.1	1	1	0	0	1	3	0
GCF_900113135.1	0	1	0	0	0	1	0
GCF_900113175.1	1	1	0	0	2	3	0
GCF_900113195.1	1	1	1	1	2	5	6
GCF_900113245.1	1	1	0	0	1	1	0
GCF_900113265.1	1	0	0	0	3	0	0
GCF_900113275.1	1	0	0	0	2	0	0
GCF_900113285.1	1	1	0	0	1	1	0
GCF_900113315.1	1	0	0	0	5	0	0
GCF_900113325.1	0	1	0	0	0	2	0
GCF_900113335.1	1	1	1	1	3	8	7
GCF_900113375.1	0	0	0	0	0	0	0
GCF_900113405.1	1	1	0	0	1	1	0
GCF_900113435.1	1	1	0	0	4	1	0
GCF_900113445.1	0	0	0	0	0	0	0
GCF_900113485.1	1	0	0	0	2	0	0
GCF_900113515.1	1	1	0	0	8	2	0
GCF_900113525.1	1	1	0	0	2	1	0
GCF_900113605.1	1	0	0	0	3	0	0
GCF_900113615.1	1	0	0	0	2	0	0
GCF_900113635.1	1	1	1	1	1	5	5
GCF_900113665.1	0	0	0	0	0	0	0
GCF_900113675.1	0	1	0	0	0	3	0
GCF_900113695.1	1	0	0	0	17	0	0
GCF_900113745.1	1	0	0	0	5	0	0
GCF_900113805.1	0	1	0	0	0	2	0
GCF_900113825.1	1	1	0	0	10	1	0
GCF_900113845.1	1	1	0	0	7	1	0
GCF_900113865.1	1	1	0	0	7	4	0
GCF_900113875.1	1	0	0	0	4	0	0
GCF_900113905.1	1	0	0	0	4	0	0
GCF_900113935.1	1	0	0	0	3	0	0
GCF_900113945.1	0	0	0	0	0	0	0
GCF_900113955.1	1	0	0	0	5	0	0
GCF_900114005.1	0	0	0	0	0	0	0
GCF_900114035.1	1	1	1	1	15	2	2
GCF_900114045.1	0	1	0	0	0	2	0
GCF_900114055.1	1	1	0	0	2	4	0
GCF_900114085.1	0	0	0	0	0	0	0
GCF_900114115.1	0	1	1	1	0	1	2
GCF_900114125.1	1	0	0	0	1	0	0
GCF_900114155.1	0	0	0	0	0	0	0
GCF_900114165.1	1	1	0	0	2	5	0
GCF_900114175.1	1	1	0	0	1	2	0
GCF_900114205.1	0	0	0	0	0	0	0
GCF_900114215.1	1	1	0	0	3	3	0
GCF_900114235.1	0	1	0	0	0	3	0
GCF_900114255.1	1	1	0	0	7	3	0
GCF_900114265.1	0	1	0	0	0	1	0
GCF_900114285.1	0	0	0	0	0	0	0
GCF_900114315.1	1	0	0	0	26	0	0
GCF_900114325.1	0	0	0	0	0	0	0
GCF_900114375.1	1	1	0	0	3	2	0
GCF_900114385.1	1	1	1	1	6	1	2
GCF_900114415.1	1	1	0	0	2	2	0
GCF_900114425.1	0	1	0	0	0	3	0
GCF_900114435.1	1	0	0	0	2	0	0
GCF_900114445.1	0	1	0	0	0	1	0
GCF_900114455.1	1	1	0	0	4	1	0
GCF_900114535.1	1	1	0	0	13	1	0
GCF_900114545.1	1	1	1	1	1	3	3
GCF_900114595.1	0	1	1	1	0	1	2
GCF_900114615.1	1	1	1	0	5	4	1
GCF_900114625.1	0	1	0	0	0	5	0
GCF_900114635.1	1	1	0	0	5	1	0
GCF_900114645.1	0	1	0	0	0	1	0
GCF_900114675.1	1	0	0	0	2	0	0
GCF_900114705.1	1	1	0	0	3	2	0
GCF_900114715.1	0	1	0	0	0	2	0
GCF_900114725.1	0	0	0	0	0	0	0
GCF_900114765.1	1	0	0	0	2	0	0
GCF_900114775.1	1	0	0	0	2	0	0
GCF_900114805.1	1	0	0	0	3	0	0
GCF_900114825.1	1	0	0	0	2	0	0
GCF_900114835.1	0	1	0	0	0	1	0
GCF_900114875.1	0	1	0	0	0	2	0
GCF_900114895.1	0	0	0	0	0	0	0
GCF_900114925.1	1	0	0	0	2	0	0
GCF_900114935.1	0	1	0	0	0	4	0
GCF_900114945.1	0	0	0	0	0	0	0
GCF_900114975.1	1	1	1	0	6	2	1
GCF_900115005.1	1	1	1	1	21	1	2
GCF_900115015.1	0	1	0	0	0	1	0
GCF_900115035.1	1	1	0	0	3	1	0
GCF_900115045.1	0	0	0	0	0	0	0
GCF_900115055.1	0	1	0	0	0	2	0
GCF_900115065.1	0	1	0	0	0	1	0
GCF_900115075.1	1	1	0	0	1	1	0
GCF_900115085.1	1	0	0	0	1	0	0
GCF_900115095.1	1	1	0	0	22	2	0
GCF_900115105.1	1	0	0	0	2	0	0
GCF_900115115.1	0	0	0	0	0	0	0
GCF_900115145.1	0	1	0	0	0	1	0
GCF_900115155.1	1	1	0	0	1	5	0
GCF_900115165.1	1	0	0	0	7	0	0
GCF_900115175.1	1	0	0	0	1	0	0
GCF_900115185.1	0	0	0	0	0	0	0
GCF_900115195.1	0	1	0	0	0	1	0
GCF_900115205.1	0	0	0	0	0	0	0
GCF_900115255.1	0	0	0	0	0	0	0
GCF_900115305.1	0	0	0	0	0	0	0
GCF_900115345.1	1	1	0	0	24	2	0
GCF_900115475.1	1	0	0	0	6	0	0
GCF_900115495.1	1	1	0	0	2	2	0
GCF_900115505.1	1	0	0	0	4	0	0
GCF_900115555.1	1	0	0	0	3	0	0
GCF_900115565.1	1	1	0	0	2	2	0
GCF_900115585.1	1	0	0	0	3	0	0
GCF_900115595.1	1	0	0	0	5	0	0
GCF_900115605.1	0	1	0	0	0	1	0
GCF_900115625.1	0	1	0	0	0	2	0
GCF_900115655.1	0	0	0	0	0	0	0
GCF_900115665.1	0	1	0	0	0	2	0
GCF_900115675.1	1	0	0	0	2	0	0
GCF_900115715.1	1	0	0	0	3	0	0
GCF_900115745.1	1	0	0	0	1	0	0
GCF_900115755.1	1	1	0	0	2	1	0
GCF_900115765.1	0	1	0	0	0	3	0
GCF_900115775.1	1	1	0	0	1	1	0
GCF_900115785.1	1	0	0	0	1	0	0
GCF_900115805.1	1	0	0	0	2	0	0
GCF_900115815.1	1	1	0	0	6	1	0
GCF_900115825.1	0	1	0	0	0	1	0
GCF_900115845.1	1	1	0	0	1	3	0
GCF_900115865.1	1	1	0	0	2	2	0
GCF_900115905.1	1	0	0	0	3	0	0
GCF_900115955.1	1	1	0	0	7	3	0
GCF_900115975.1	1	1	1	1	1	8	10
GCF_900116005.1	1	1	0	0	4	1	0
GCF_900116065.1	1	0	0	0	2	0	0
GCF_900116115.1	0	1	0	0	0	2	0
GCF_900116135.1	1	1	0	0	14	1	0
GCF_900116175.1	1	0	0	0	1	0	0
GCF_900116205.1	1	0	0	0	6	0	0
GCF_900116225.1	0	0	0	0	0	0	0
GCF_900116235.1	1	0	0	0	1	0	0
GCF_900116285.1	1	1	0	0	3	1	0
GCF_900116415.1	0	1	0	0	0	3	0
GCF_900116425.1	1	0	0	0	1	0	0
GCF_900116515.1	1	1	0	0	11	1	0
GCF_900116545.1	0	1	0	0	0	2	0
GCF_900116555.1	1	1	0	0	2	1	0
GCF_900116565.1	0	1	0	0	0	1	0
GCF_900116575.1	1	1	0	0	5	1	0
GCF_900116615.1	0	0	0	0	0	0	0
GCF_900116635.1	0	0	0	0	0	0	0
GCF_900116645.1	1	1	0	0	7	2	0
GCF_900116665.1	0	0	0	0	0	0	0
GCF_900116705.1	1	0	0	0	6	0	0
GCF_900116765.1	1	0	0	0	7	0	0
GCF_900116805.1	1	1	0	0	6	1	0
GCF_900116825.1	1	0	0	0	3	0	0
GCF_900116905.1	1	0	0	0	3	0	0
GCF_900116935.1	0	1	0	0	0	1	0
GCF_900117315.1	1	1	0	0	1	2	0
GCF_900119145.1	0	0	0	0	0	0	0
GCF_900119165.1	1	1	1	1	20	2	2
GCF_900119185.1	0	1	0	0	0	1	0
GCF_900119385.1	0	1	1	1	0	5	2
GCF_900119495.1	0	0	0	0	0	0	0
GCF_900119695.1	0	1	0	0	0	3	0
GCF_900119705.1	1	1	1	1	1	2	2
GCF_900119735.1	1	0	0	0	1	0	0
GCF_900119795.1	0	0	0	0	0	0	0
GCF_900119825.1	1	1	0	0	3	1	0
GCF_900119845.1	1	1	1	1	4	3	2
GCF_900119895.1	0	1	0	0	0	1	0
GCF_900119915.1	0	1	0	0	0	1	0
GCF_900120065.1	0	0	0	0	0	0	0
GCF_900120125.1	0	1	0	0	0	2	0
GCF_900120165.1	0	1	1	1	0	1	2
GCF_900120245.1	1	1	0	0	1	2	0
GCF_900120345.1	0	1	1	1	0	5	4
GCF_900120375.1	0	1	0	0	0	1	0
GCF_900120385.1	1	1	0	0	2	3	0
GCF_900120405.1	0	1	0	0	0	1	0
GCF_900127505.1	0	0	0	0	0	0	0
GCF_900128415.1	1	1	0	0	2	3	0
GCF_900128425.1	1	1	1	1	1	5	2
GCF_900128445.1	0	1	0	0	0	2	0
GCF_900128455.1	0	1	0	0	0	1	0
GCF_900128475.1	0	1	0	0	0	3	0
GCF_900128495.1	0	1	0	0	0	1	0
GCF_900128505.1	0	1	0	0	0	2	0
GCF_900128525.1	0	0	0	0	0	0	0
GCF_900128885.1	0	1	0	0	0	1	0
GCF_900128895.1	1	0	0	0	9	0	0
GCF_900128905.1	0	1	0	0	0	1	0
GCF_900128925.1	1	0	0	0	5	0	0
GCF_900128965.1	1	0	0	0	3	0	0
GCF_900128975.1	1	1	0	0	2	2	0
GCF_900128985.1	0	1	0	0	0	1	0
GCF_900128995.1	1	1	0	0	4	1	0
GCF_900129015.1	0	1	0	0	0	2	0
GCF_900129025.1	0	1	0	0	0	1	0
GCF_900129035.1	0	1	0	0	0	1	0
GCF_900129045.1	0	1	0	0	0	1	0
GCF_900129055.1	1	0	0	0	3	0	0
GCF_900129065.1	0	0	0	0	0	0	0
GCF_900129075.1	0	1	1	1	0	5	4
GCF_900129085.1	0	1	0	0	0	2	0
GCF_900129095.1	1	1	0	0	2	2	0
GCF_900129115.1	0	1	1	1	0	6	3
GCF_900129125.1	1	1	0	0	3	1	0
GCF_900129135.1	1	1	1	0	1	4	1
GCF_900129175.1	0	1	0	0	0	2	0
GCF_900129195.1	0	1	1	1	0	4	4
GCF_900129205.1	0	0	0	0	0	0	0
GCF_900129215.1	0	1	0	0	0	1	0
GCF_900129225.1	0	1	0	0	0	1	0
GCF_900129235.1	1	1	0	0	3	1	0
GCF_900129245.1	0	1	0	0	0	3	0
GCF_900129255.1	1	0	0	0	3	0	0
GCF_900129265.1	0	1	1	1	0	5	2
GCF_900129275.1	1	0	0	0	1	0	0
GCF_900129285.1	1	1	1	1	2	4	4
GCF_900129295.1	0	1	0	0	0	2	0
GCF_900129305.1	1	1	1	0	11	2	1
GCF_900129315.1	0	1	0	0	0	1	0
GCF_900129325.1	1	1	0	0	1	2	0
GCF_900129345.1	1	1	0	0	4	1	0
GCF_900129355.1	1	1	0	0	1	3	0
GCF_900129365.1	0	1	1	0	0	5	1
GCF_900129375.1	1	1	0	0	2	2	0
GCF_900129385.1	0	1	0	0	0	3	0
GCF_900129405.1	0	0	0	0	0	0	0
GCF_900129445.1	0	1	0	0	0	1	0
GCF_900129455.1	1	1	0	0	5	1	0
GCF_900129465.1	0	0	0	0	0	0	0
GCF_900129485.1	1	1	0	0	2	3	0
GCF_900129495.1	1	0	1	1	5	0	2
GCF_900129545.1	1	1	0	0	2	1	0
GCF_900129555.1	0	1	0	0	0	1	0
GCF_900129565.1	0	1	0	0	0	2	0
GCF_900129575.1	0	1	0	0	0	1	0
GCF_900129585.1	0	1	0	0	0	1	0
GCF_900129665.1	0	1	0	0	0	2	0
GCF_900129685.1	1	0	0	0	2	0	0
GCF_900129725.1	1	1	0	0	1	1	0
GCF_900129745.1	0	1	0	0	0	1	0
GCF_900129755.1	0	1	0	0	0	3	0
GCF_900129775.1	1	1	0	0	2	1	0
GCF_900129785.1	0	0	0	0	0	0	0
GCF_900129805.1	0	1	1	1	0	4	5
GCF_900129815.1	0	1	1	1	0	5	3
GCF_900129825.1	1	1	0	0	3	1	0
GCF_900129845.1	1	0	0	0	3	0	0
GCF_900129865.1	1	1	0	0	3	5	0
GCF_900129875.1	1	1	0	0	9	1	0
GCF_900129885.1	1	0	0	0	39	0	0
GCF_900129905.1	1	1	0	0	1	1	0
GCF_900129915.1	0	1	1	1	0	8	4
GCF_900129925.1	1	1	1	1	2	2	2
GCF_900129935.1	0	1	1	1	0	8	9
GCF_900129955.1	1	1	1	1	1	8	3
GCF_900129965.1	1	1	0	0	2	5	0
GCF_900129975.1	0	1	1	1	0	3	2
GCF_900129985.1	0	1	0	0	0	2	0
GCF_900129995.1	0	1	1	1	0	7	6
GCF_900130005.1	0	1	1	1	0	2	2
GCF_900130015.1	1	1	1	1	2	3	2
GCF_900130035.1	0	1	0	0	0	2	0
GCF_900130065.1	1	1	1	1	1	5	4
GCF_900130075.1	1	0	0	0	6	0	0
GCF_900130125.1	0	0	0	0	0	0	0
GCF_900130135.1	0	1	0	0	0	2	0
GCF_900141735.1	1	1	0	0	1	1	0
GCF_900141765.1	0	1	0	0	0	2	0
GCF_900141785.1	0	1	0	0	0	1	0
GCF_900141795.1	0	0	0	0	0	0	0
GCF_900141805.1	1	1	0	0	1	1	0
GCF_900141815.1	0	0	0	0	0	0	0
GCF_900141825.1	0	1	1	1	0	3	4
GCF_900141835.1	0	1	1	0	0	2	1
GCF_900141845.1	0	1	1	0	0	6	1
GCF_900141855.1	1	0	0	0	1	0	0
GCF_900141865.1	0	1	0	0	0	1	0
GCF_900141875.1	0	1	0	0	0	2	0
GCF_900141885.1	0	1	0	0	0	1	0
GCF_900141895.1	0	1	0	0	0	1	0
GCF_900141905.1	1	1	0	0	19	1	0
GCF_900141915.1	0	1	0	0	0	1	0
GCF_900141925.1	1	0	0	0	1	0	0
GCF_900141935.1	0	0	0	0	0	0	0
GCF_900141965.1	0	1	0	0	0	1	0
GCF_900141975.1	1	1	0	0	4	1	0
GCF_900141985.1	1	1	0	0	11	1	0
GCF_900141995.1	1	1	0	0	4	1	0
GCF_900142005.1	1	1	1	1	13	9	6
GCF_900142015.1	0	1	0	0	0	2	0
GCF_900142025.1	1	1	1	1	3	5	5
GCF_900142035.1	0	1	0	0	0	1	0
GCF_900142055.1	0	1	0	0	0	1	0
GCF_900142065.1	1	1	0	0	1	3	0
GCF_900142075.1	0	1	1	1	0	7	5
GCF_900142085.1	1	1	0	0	3	2	0
GCF_900142095.1	0	1	1	0	0	6	1
GCF_900142105.1	0	1	1	1	0	3	3
GCF_900142125.1	0	1	1	0	0	1	1
GCF_900142135.1	1	1	1	1	1	11	15
GCF_900142145.1	1	1	1	1	1	6	5
GCF_900142165.1	0	1	1	0	0	3	1
GCF_900142175.1	0	0	0	0	0	0	0
GCF_900142185.1	1	0	0	0	14	0	0
GCF_900142205.1	0	1	0	0	0	2	0
GCF_900142215.1	1	1	0	0	1	5	0
GCF_900142225.1	0	1	1	1	0	3	3
GCF_900142235.1	0	1	1	1	0	7	4
GCF_900142245.1	0	1	1	1	0	11	6
GCF_900142255.1	1	1	0	0	2	1	0
GCF_900142275.1	0	1	1	0	0	2	1
GCF_900142295.1	1	1	0	0	3	1	0
GCF_900142325.1	0	1	0	0	0	3	0
GCF_900142335.1	1	0	0	0	2	0	0
GCF_900142365.1	1	1	0	0	25	1	0
GCF_900142375.1	0	1	1	1	0	4	3
GCF_900142385.1	1	0	0	0	3	0	0
GCF_900142395.1	1	1	0	0	1	1	0
GCF_900142415.1	1	1	0	0	1	1	0
GCF_900142435.1	0	0	0	0	0	0	0
GCF_900142445.1	0	1	0	0	0	2	0
GCF_900142565.1	0	1	0	0	0	1	0
GCF_900142575.1	1	1	0	0	2	2	0
GCF_900142605.1	1	1	0	0	2	1	0
GCF_900142615.1	0	1	0	0	0	3	0
GCF_900142625.1	1	0	0	0	8	0	0
GCF_900142655.1	1	0	0	0	3	0	0
GCF_900142665.1	1	1	0	0	16	1	0
GCF_900142685.1	1	1	0	0	2	2	0
GCF_900142695.1	0	1	0	0	0	1	0
GCF_900142715.1	1	1	0	0	2	3	0
GCF_900142725.1	1	1	0	0	6	2	0
GCF_900142735.1	1	1	0	0	2	2	0
GCF_900142755.1	1	0	0	0	6	0	0
GCF_900142765.1	1	0	0	0	6	0	0
GCF_900142775.1	1	1	0	0	2	1	0
GCF_900142805.1	1	0	0	0	2	0	0
GCF_900142875.1	1	1	1	1	12	1	4
GCF_900142885.1	0	1	0	0	0	1	0
GCF_900142895.1	1	0	0	0	2	0	0
GCF_900142955.1	0	1	0	0	0	1	0
GCF_900142975.1	0	1	0	0	0	1	0
GCF_900142985.1	1	0	0	0	12	0	0
GCF_900142995.1	1	1	1	1	1	3	3
GCF_900143005.1	1	1	1	1	41	1	2
GCF_900143065.1	1	1	0	0	3	2	0
GCF_900143075.1	0	0	0	0	0	0	0
GCF_900143085.1	0	0	0	0	0	0	0
GCF_900143095.1	1	0	0	0	2	0	0
GCF_900143105.1	0	1	0	0	0	3	0
GCF_900143185.1	0	1	0	0	0	2	0
GCF_900143235.1	1	0	0	0	5	0	0
GCF_900143245.1	0	1	0	0	0	1	0
GCF_900143255.1	0	0	0	0	0	0	0
GCF_900143265.1	0	1	0	0	0	2	0
GCF_900143275.1	1	0	0	0	1	0	0
GCF_900143285.1	1	1	1	1	10	8	9
GCF_900143515.1	1	1	0	0	7	4	0
GCF_900143645.1	0	1	0	0	0	5	0
GCF_900143675.1	0	0	0	0	0	0	0
GCF_900143685.1	1	1	1	1	2	4	4
GCF_900143695.1	1	1	1	1	1	3	2
GCF_900148495.1	0	1	1	1	0	3	2
GCF_900148505.1	1	0	0	0	5	0	0
GCF_900148835.1	0	1	0	0	0	1	0
GCF_900149385.2	0	0	0	0	0	0	0
GCF_900149755.1	1	1	0	0	4	1	0
GCF_900155365.1	0	1	0	0	0	1	0
GCF_900155385.1	1	0	0	0	1	0	0
GCF_900155395.1	0	1	0	0	0	2	0
GCF_900155425.1	0	0	0	0	0	0	0
GCF_900155435.1	0	0	0	0	0	0	0
GCF_900155525.1	0	1	0	0	0	1	0
GCF_900155535.1	0	0	0	0	0	0	0
GCF_900155555.1	1	1	1	1	1	7	7
GCF_900155585.1	0	1	1	0	0	3	1
GCF_900155595.1	0	1	0	0	0	1	0
GCF_900155605.1	1	1	0	0	1	2	0
GCF_900155615.1	0	1	0	0	0	1	0
GCF_900155625.1	1	1	0	0	2	4	0
GCF_900155635.1	0	1	0	0	0	3	0
GCF_900155645.1	0	1	0	0	0	1	0
GCF_900155655.1	0	1	0	0	0	1	0
GCF_900155685.1	0	1	0	0	0	5	0
GCF_900155735.1	1	1	0	0	1	1	0
GCF_900155865.1	0	0	0	0	0	0	0
GCF_900155925.1	1	1	0	0	2	2	0
GCF_900155935.1	0	0	0	0	0	0	0
GCF_900155945.1	1	0	0	0	2	0	0
GCF_900155965.1	0	1	0	0	0	2	0
GCF_900155985.1	0	0	0	0	0	0	0
GCF_900156065.1	1	1	0	0	3	2	0
GCF_900156105.1	1	1	1	1	3	2	2
GCF_900156155.1	1	1	1	1	9	4	4
GCF_900156225.1	1	0	0	0	1	0	0
GCF_900156255.1	1	1	0	0	5	1	0
GCF_900156265.1	1	0	0	0	4	0	0
GCF_900156285.1	0	1	1	0	0	1	1
GCF_900156305.1	1	1	0	0	1	1	0
GCF_900156335.1	1	0	0	0	10	0	0
GCF_900156345.1	1	0	0	0	1	0	0
GCF_900156375.1	0	1	0	0	0	6	0
GCF_900156415.1	1	1	0	0	1	1	0
GCF_900156425.1	1	1	0	0	4	2	0
GCF_900156475.1	1	0	0	0	4	0	0
GCF_900156495.1	1	1	0	0	5	1	0
GCF_900156505.1	1	0	0	0	1	0	0
GCF_900156525.1	0	1	0	0	0	1	0
GCF_900156535.1	1	1	0	0	4	1	0
GCF_900156575.1	0	1	0	0	0	2	0
GCF_900156595.1	1	1	0	0	6	1	0
GCF_900156605.1	1	0	0	0	2	0	0
GCF_900156625.1	1	0	0	0	2	0	0
GCF_900156635.1	1	0	0	0	2	0	0
GCF_900156645.1	0	1	0	0	0	3	0
GCF_900156655.1	1	1	0	0	3	1	0
GCF_900156675.1	0	1	0	0	0	1	0
GCF_900156685.1	0	1	0	0	0	2	0
GCF_900156705.1	1	1	0	0	1	2	0
GCF_900156725.1	0	1	0	0	0	2	0
GCF_900156735.1	0	1	0	0	0	2	0
GCF_900156755.1	1	0	0	0	1	0	0
GCF_900156785.1	0	1	0	0	0	1	0
GCF_900156805.1	1	1	0	0	10	1	0
GCF_900156815.1	1	1	0	0	7	1	0
GCF_900156865.1	0	1	0	0	0	4	0
GCF_900156875.1	1	1	0	0	10	1	0
GCF_900156885.1	0	1	0	0	0	3	0
GCF_900156895.1	1	1	0	0	7	1	0
GCF_900156915.1	1	1	0	0	1	4	0
GCF_900157305.1	1	1	1	1	1	6	4
GCF_900157365.1	1	0	0	0	28	0	0
GCF_900157375.1	1	0	0	0	31	0	0
GCF_900157385.1	1	1	0	0	23	1	0
GCF_900161835.1	0	0	0	0	0	0	0
GCF_900162615.1	1	1	0	0	3	4	0
GCF_900162815.1	1	0	0	0	2	0	0
GCF_900162825.1	1	0	0	0	2	0	0
GCF_900163565.1	1	0	0	0	1	0	0
GCF_900163655.1	1	1	0	0	1	2	0
GCF_900163755.1	0	0	0	0	0	0	0
GCF_900163825.1	1	0	0	0	2	0	0
GCF_900166605.1	0	0	0	0	0	0	0
GCF_900166625.1	1	1	0	0	3	3	0
GCF_900166635.1	1	1	0	0	2	4	0
GCF_900166655.1	1	1	0	0	2	3	0
GCF_900166965.1	0	1	0	0	0	1	0
GCF_900167025.1	0	1	0	0	0	1	0
GCF_900167055.1	0	0	0	0	0	0	0
GCF_900167065.1	1	0	0	0	1	0	0
GCF_900167075.1	0	1	0	0	0	1	0
GCF_900167085.1	0	1	0	0	0	1	0
GCF_900167095.1	1	1	0	0	2	1	0
GCF_900167105.1	0	0	0	0	0	0	0
GCF_900167115.1	0	1	0	0	0	1	0
GCF_900167125.1	0	0	0	0	0	0	0
GCF_900167135.1	0	1	0	0	0	1	0
GCF_900167145.1	0	1	0	0	0	1	0
GCF_900167155.1	0	1	0	0	0	1	0
GCF_900167165.1	1	1	1	1	2	3	3
GCF_900167175.1	1	1	0	0	2	5	0
GCF_900167185.1	1	1	1	1	1	5	4
GCF_900167205.1	0	1	0	0	0	1	0
GCF_900167255.1	1	1	0	0	3	1	0
GCF_900167275.1	0	1	1	0	0	3	1
GCF_900167305.1	0	1	1	1	0	5	2
GCF_900167325.1	1	1	1	1	1	4	3
GCF_900167335.1	0	1	0	0	0	1	0
GCF_900167365.1	1	1	0	0	1	4	0
GCF_900167375.1	0	1	0	0	0	1	0
GCF_900167405.1	0	1	0	0	0	1	0
GCF_900167415.1	0	1	0	0	0	1	0
GCF_900167435.1	1	1	0	0	5	1	0
GCF_900167445.1	1	1	1	1	4	6	3
GCF_900167455.1	1	1	0	0	38	1	0
GCF_900167465.1	0	1	1	0	0	1	1
GCF_900167475.1	1	0	0	0	3	0	0
GCF_900167515.1	1	0	0	0	2	0	0
GCF_900167525.1	1	1	0	0	2	3	0
GCF_900167535.1	0	1	0	0	0	2	0
GCF_900167555.1	0	1	0	0	0	4	0
GCF_900167565.1	1	1	0	0	2	1	0
GCF_900167575.1	1	1	0	0	3	2	0
GCF_900167605.1	0	1	1	1	0	4	3
GCF_900167905.1	0	1	0	0	0	2	0
GCF_900167915.1	1	0	0	0	12	0	0
GCF_900167935.1	0	1	0	0	0	1	0
GCF_900167945.1	0	0	0	0	0	0	0
GCF_900167955.1	0	0	0	0	0	0	0
GCF_900167975.1	1	1	0	0	1	1	0
GCF_900168005.1	1	0	0	0	6	0	0
GCF_900168015.1	0	1	0	0	0	1	0
GCF_900168025.1	0	1	1	0	0	4	1
GCF_900168045.1	0	1	0	0	0	1	0
GCF_900168055.1	0	0	0	0	0	0	0
GCF_900168065.1	0	1	0	0	0	1	0
GCF_900168125.1	0	1	0	0	0	1	0
GCF_900168155.1	0	1	0	0	0	1	0
GCF_900168195.1	1	1	0	0	9	2	0
GCF_900168325.1	1	0	1	0	8	0	1
GCF_900169075.1	0	1	0	0	0	2	0
GCF_900169485.1	0	1	1	1	0	4	3
GCF_900169495.1	0	1	0	0	0	6	0
GCF_900169505.1	1	1	1	0	2	3	1
GCF_900169525.1	0	0	0	0	0	0	0
GCF_900169535.1	0	1	0	0	0	5	0
GCF_900169565.1	0	0	0	0	0	0	0
GCF_900169715.1	0	0	0	0	0	0	0
GCF_900170035.1	0	1	1	0	0	3	1
GCF_900172215.1	1	1	0	0	4	2	0
GCF_900172225.1	1	0	0	0	10	0	0
GCF_900172235.1	1	1	0	0	5	1	0
GCF_900172265.1	1	1	0	0	4	1	0
GCF_900172275.1	1	0	0	0	2	0	0
GCF_900172295.1	1	0	0	0	5	0	0
GCF_900172305.1	1	0	0	0	3	0	0
GCF_900172325.1	1	0	0	0	18	0	0
GCF_900172335.1	1	1	0	0	2	1	0
GCF_900172355.1	1	1	0	0	5	1	0
GCF_900172365.1	1	0	0	0	7	0	0
GCF_900172375.1	0	0	0	0	0	0	0
GCF_900174585.1	1	0	0	0	1	0	0
GCF_900175965.1	1	1	0	0	4	1	0
GCF_900176005.1	1	1	1	1	1	8	5
GCF_900176035.1	0	1	0	0	0	2	0
GCF_900176135.1	1	1	0	0	3	1	0
GCF_900176145.1	1	1	0	0	2	3	0
GCF_900176165.1	0	1	0	0	0	1	0
GCF_900176255.2	1	0	0	0	28	0	0
GCF_900176275.1	0	1	0	0	0	1	0
GCF_900176285.1	1	1	1	1	8	3	3
GCF_900176305.1	0	1	1	1	0	5	3
GCF_900176325.1	0	0	0	0	0	0	0
GCF_900176335.1	1	1	1	1	4	7	6
GCF_900176355.1	1	1	1	1	4	5	4
GCF_900176365.1	1	1	1	0	9	2	1
GCF_900176375.1	0	1	0	0	0	1	0
GCF_900176385.1	1	1	0	0	2	1	0
GCF_900176405.1	1	0	0	0	9	0	0
GCF_900176415.1	0	0	0	0	0	0	0
GCF_900176425.1	0	1	0	0	0	1	0
GCF_900176465.1	0	0	0	0	0	0	0
GCF_900176505.1	1	1	0	0	2	1	0
GCF_900176515.1	1	1	0	0	14	3	0
GCF_900176525.1	1	1	0	0	7	3	0
GCF_900176535.1	1	1	0	0	2	1	0
GCF_900176575.1	0	1	0	0	0	1	0
GCF_900176595.1	0	1	0	0	0	1	0
GCF_900176605.1	0	1	1	1	0	2	2
GCF_900176615.1	0	1	1	1	0	5	3
GCF_900176635.1	0	1	1	1	0	3	3
GCF_900176655.1	0	1	0	0	0	2	0
GCF_900176885.1	1	1	0	0	8	1	0
GCF_900177045.1	0	0	0	0	0	0	0
GCF_900177245.1	1	0	0	0	2	0	0
GCF_900177275.1	1	0	0	0	3	0	0
GCF_900177375.1	0	1	1	0	0	2	1
GCF_900177385.1	0	1	0	0	0	3	0
GCF_900177405.1	1	0	0	0	2	0	0
GCF_900177425.1	0	1	0	0	0	9	0
GCF_900177645.1	1	1	0	0	1	1	0
GCF_900177655.1	0	1	0	0	0	2	0
GCF_900177665.1	1	1	0	0	1	2	0
GCF_900177685.1	1	1	0	0	3	1	0
GCF_900177715.1	1	0	0	0	6	0	0
GCF_900177725.1	1	1	0	0	18	2	0
GCF_900177735.1	1	1	1	0	1	2	1
GCF_900177745.1	0	0	0	0	0	0	0
GCF_900177775.1	0	0	0	0	0	0	0
GCF_900177815.1	0	1	0	0	0	6	0
GCF_900178525.1	0	1	0	0	0	1	0
GCF_900180345.1	0	0	0	0	0	0	0
GCF_900182545.1	1	0	0	0	6	0	0
GCF_900182555.1	0	0	0	0	0	0	0
GCF_900182565.1	0	1	0	0	0	2	0
GCF_900182575.1	0	1	0	0	0	1	0
GCF_900182585.1	0	1	0	0	0	1	0
GCF_900182595.1	0	0	0	0	0	0	0
GCF_900182605.1	0	1	0	0	0	1	0
GCF_900182615.1	1	1	0	0	4	2	0
GCF_900182635.1	1	0	0	0	2	0	0
GCF_900182645.1	0	1	0	0	0	2	0
GCF_900182655.1	0	1	0	0	0	3	0
GCF_900182665.1	0	1	0	0	0	3	0
GCF_900182685.1	1	0	0	0	4	0	0
GCF_900182695.1	1	0	0	0	2	0	0
GCF_900182705.1	0	0	0	0	0	0	0
GCF_900182725.1	1	0	0	0	18	0	0
GCF_900182735.1	0	1	0	0	0	1	0
GCF_900182745.1	1	0	0	0	3	0	0
GCF_900182775.1	0	1	0	0	0	1	0
GCF_900182785.1	1	0	0	0	2	0	0
GCF_900182795.1	0	0	0	0	0	0	0
GCF_900182805.1	1	1	0	0	3	1	0
GCF_900182815.1	0	0	0	0	0	0	0
GCF_900182825.1	0	1	0	0	0	2	0
GCF_900182835.1	0	1	0	0	0	1	0
GCF_900182875.1	1	0	0	0	13	0	0
GCF_900182905.1	0	1	1	1	0	3	2
GCF_900182915.1	0	0	0	0	0	0	0
GCF_900182955.1	1	0	0	0	27	0	0
GCF_900182975.1	0	1	0	0	0	3	0
GCF_900182985.1	1	0	0	0	4	0	0
GCF_900183385.1	0	1	1	0	0	6	1
GCF_900183575.1	0	1	0	0	0	1	0
GCF_900183975.1	0	0	0	0	0	0	0
GCF_900184225.1	1	0	0	0	8	0	0
GCF_900184245.1	0	1	0	0	0	1	0
GCF_900184255.1	0	1	1	1	0	7	7
GCF_900184265.1	1	1	1	1	7	4	2
GCF_900184295.1	1	0	0	0	2	0	0
GCF_900184705.1	0	1	0	0	0	1	0
GCF_900184815.1	1	1	0	0	3	2	0
GCF_900184895.1	1	1	0	0	7	2	0
GCF_900184935.1	1	0	0	0	4	0	0
GCF_900184945.1	1	1	0	0	6	1	0
GCF_900184995.1	1	1	1	1	1	5	2
GCF_900185015.1	1	0	0	0	1	0	0
GCF_900185595.1	0	0	0	0	0	0	0
GCF_900185615.1	0	1	0	0	0	1	0
GCF_900185625.1	0	1	0	0	0	1	0
GCF_900185755.1	1	0	0	0	38	0	0
GCF_900185775.1	0	0	0	0	0	0	0
GCF_900186025.1	1	0	0	0	1	0	0
GCF_900186125.1	0	1	0	0	0	4	0
GCF_900186465.1	0	1	0	0	0	1	0
GCF_900186505.1	0	1	0	0	0	1	0
GCF_900186535.1	0	1	0	0	0	6	0
GCF_900186585.1	0	1	0	0	0	2	0
GCF_900186615.1	0	1	0	0	0	2	0
GCF_900186835.1	0	1	0	0	0	1	0
GCF_900186865.1	0	0	0	0	0	0	0
GCF_900186885.1	0	1	0	0	0	1	0
GCF_900186965.1	0	0	0	0	0	0	0
GCF_900186985.1	0	1	0	0	0	3	0
GCF_900186995.1	0	0	0	0	0	0	0
GCF_900187005.1	0	1	0	0	0	1	0
GCF_900187015.1	1	1	0	0	1	1	0
GCF_900187035.1	0	1	0	0	0	1	0
GCF_900187045.1	0	1	0	0	0	2	0
GCF_900187055.1	0	1	0	0	0	1	0
GCF_900187065.1	1	0	0	0	27	0	0
GCF_900187075.1	0	1	0	0	0	1	0
GCF_900187085.1	0	0	0	0	0	0	0
GCF_900187095.1	0	0	0	0	0	0	0
GCF_900187105.1	0	0	0	0	0	0	0
GCF_900187125.1	0	1	0	0	0	1	0
GCF_900187165.1	1	1	1	0	1	3	1
GCF_900187175.1	0	0	0	0	0	0	0
GCF_900187185.1	0	1	0	0	0	2	0
GCF_900187205.1	1	0	0	0	12	0	0
GCF_900187215.1	1	0	0	0	3	0	0
GCF_900187235.1	1	0	0	0	1	0	0
GCF_900187255.1	0	0	0	0	0	0	0
GCF_900187285.1	0	1	0	0	0	1	0
GCF_900187295.1	0	0	0	0	0	0	0
GCF_900187305.1	0	0	0	0	0	0	0
GCF_900187315.1	0	1	0	0	0	3	0
GCF_900187325.1	1	1	0	0	2	2	0
GCF_900187355.1	1	0	0	0	1	0	0
GCF_900187365.1	1	0	0	0	2	0	0
GCF_900187375.1	1	0	0	0	1	0	0
GCF_900187395.1	1	0	0	0	2	0	0
GCF_900187855.1	0	1	0	0	0	1	0
GCF_900187875.1	1	0	0	0	1	0	0
GCF_900187885.1	1	0	0	0	1	0	0
GCF_900187945.1	1	1	0	0	1	2	0
GCF_900187975.1	1	0	0	0	9	0	0
GCF_900187985.1	0	0	0	0	0	0	0
GCF_900188005.1	1	1	0	0	6	3	0
GCF_900188025.1	1	0	0	0	6	0	0
GCF_900188035.1	1	1	0	0	4	1	0
GCF_900188045.1	1	0	0	0	4	0	0
GCF_900188055.1	1	0	0	0	17	0	0
GCF_900188065.1	1	1	0	0	2	1	0
GCF_900188085.1	0	1	0	0	0	1	0
GCF_900188095.1	1	1	0	0	6	1	0
GCF_900188105.1	1	1	0	0	11	1	0
GCF_900188115.1	1	0	0	0	6	0	0
GCF_900188125.1	1	1	1	1	17	2	4
GCF_900188145.1	1	1	1	1	1	7	5
GCF_900188155.1	1	0	0	0	4	0	0
GCF_900188165.1	1	0	0	0	5	0	0
GCF_900188175.1	1	0	0	0	1	0	0
GCF_900188205.1	1	1	0	0	5	1	0
GCF_900188225.1	0	1	0	0	0	1	0
GCF_900188235.1	1	1	0	0	2	2	0
GCF_900188245.1	0	1	0	0	0	1	0
GCF_900188255.1	1	0	0	0	1	0	0
GCF_900188275.1	0	0	0	0	0	0	0
GCF_900188295.1	1	1	0	0	3	1	0
GCF_900188325.1	0	0	0	0	0	0	0
GCF_900188335.1	1	1	0	0	2	1	0
GCF_900188345.1	1	1	0	0	14	3	0
GCF_900188355.1	0	1	0	0	0	1	0
GCF_900188375.1	1	0	0	0	5	0	0
GCF_900188395.1	0	1	0	0	0	1	0
GCF_900188415.1	0	1	0	0	0	1	0
GCF_900188425.1	1	1	0	0	6	1	0
GCF_900188445.1	1	1	0	0	14	1	0
GCF_900188485.1	1	1	0	0	7	3	0
GCF_900196775.1	0	0	0	0	0	0	0
GCF_900197575.1	0	0	0	0	0	0	0
GCF_900197595.1	0	1	0	0	0	2	0
GCF_900197685.1	0	0	0	0	0	0	0
GCF_900197775.1	0	0	0	0	0	0	0
GCF_900197855.1	0	0	0	0	0	0	0
GCF_900197875.1	1	0	0	0	22	0	0
GCF_900198195.1	0	0	0	0	0	0	0
GCF_900198525.1	0	0	0	0	0	0	0
GCF_900198605.1	0	0	0	0	0	0	0
GCF_900198835.1	0	0	0	0	0	0	0
GCF_900199185.1	1	0	1	1	3	0	3
GCF_900199215.1	1	0	0	0	2	0	0
GCF_900199405.1	0	1	0	0	0	4	0
GCF_900199435.1	1	1	1	1	1	3	2
GCF_900199455.1	1	1	0	0	9	2	0
GCF_900199515.1	1	1	0	0	1	1	0
GCF_900199545.1	1	1	1	0	1	6	1
GCF_900199705.1	0	1	0	0	0	1	0
GCF_900199725.1	1	1	0	0	2	2	0
GCF_900205755.1	1	0	0	0	3	0	0
GCF_900205925.1	1	1	1	1	2	4	2
GCF_900207575.1	1	0	0	0	2	0	0
GCF_900207585.1	1	1	0	0	2	4	0
GCF_900215145.1	1	0	0	0	7	0	0
GCF_900215205.1	1	1	0	0	6	4	0
GCF_900215245.1	1	1	0	0	5	1	0
GCF_900215295.1	0	1	0	0	0	1	0
GCF_900215315.1	0	1	0	0	0	2	0
GCF_900215335.1	0	1	0	0	0	3	0
GCF_900215355.1	1	1	1	1	5	1	2
GCF_900215415.1	1	0	0	0	8	0	0
GCF_900215435.1	1	1	0	0	1	1	0
GCF_900215465.1	0	1	0	0	0	1	0
GCF_900215515.1	0	0	0	0	0	0	0
GCF_900215535.1	1	0	0	0	1	0	0
GCF_900215575.1	1	0	0	0	1	0	0
GCF_900215605.1	1	1	0	0	5	1	0
GCF_900215625.1	1	1	0	0	1	3	0
GCF_900215655.1	0	1	0	0	0	1	0
GCF_900215725.1	0	1	1	1	0	1	2
GCF_900217235.1	0	1	1	1	0	2	2
GCF_900217755.1	1	1	0	0	3	1	0
GCF_900217795.1	1	1	0	0	1	1	0
GCF_900217815.1	1	1	0	0	2	1	0
GCF_900218015.1	1	0	0	0	10	0	0
GCF_900218025.1	1	1	0	0	1	3	0
GCF_900218035.1	0	1	1	1	0	3	2
GCF_900220965.1	1	1	0	0	2	2	0
GCF_900220975.1	1	1	0	0	3	1	0
GCF_900220985.1	1	0	0	0	3	0	0
GCF_900220995.1	1	0	0	0	2	0	0
GCF_900221005.1	1	0	0	0	4	0	0
GCF_900221015.1	1	0	0	0	1	0	0
GCF_900230175.1	1	1	0	0	2	1	0
GCF_900230195.1	1	1	0	0	3	1	0
GCF_900230225.1	0	0	0	0	0	0	0
GCF_900230245.1	1	1	0	0	25	1	0
GCF_900230285.1	1	1	1	1	6	2	2
GCF_900231165.1	1	1	0	0	2	1	0
GCF_900231835.1	1	1	0	0	3	1	0
GCF_900232865.1	0	1	0	0	0	1	0
GCF_900232875.1	0	1	0	0	0	2	0
GCF_900232905.1	0	1	1	0	0	2	1
GCF_900232945.1	0	1	0	0	0	1	0
GCF_900232995.1	1	0	0	0	17	0	0
GCF_900235925.1	1	1	1	1	3	6	3
GCF_900239935.1	0	0	0	0	0	0	0
GCF_900239945.1	0	0	0	0	0	0	0
GCF_900239975.1	0	0	0	0	0	0	0
GCF_900240005.1	1	1	0	0	16	3	0
GCF_900240225.1	0	1	0	0	0	1	0
GCF_900240245.1	1	1	0	0	1	2	0
GCF_900240265.1	0	1	1	1	0	3	2
GCF_900240275.1	0	1	0	0	0	2	0
GCF_900240305.1	0	0	0	0	0	0	0
GCF_900240315.1	0	1	1	1	0	2	2
GCF_900240335.1	0	0	0	0	0	0	0
GCF_900240385.1	0	1	1	1	0	5	5
GCF_900240845.1	1	1	1	1	2	4	6
GCF_900241005.1	0	1	0	0	0	2	0
GCF_900241015.1	0	0	0	0	0	0	0
GCF_900243065.1	0	0	0	0	0	0	0
GCF_900248165.1	0	0	0	0	0	0	0
GCF_900250125.1	1	0	0	0	27	0	0
GCF_900258035.1	1	1	0	0	22	2	0
GCF_900258455.1	0	1	0	0	0	1	0
GCF_900258485.1	0	1	0	0	0	2	0
GCF_900258505.1	0	1	0	0	0	2	0
GCF_900258535.1	0	1	1	1	0	5	2
GCF_900269665.1	1	1	0	0	7	2	0
GCF_900289045.1	0	1	0	0	0	3	0
GCF_900289115.1	1	0	0	0	1	0	0
GCF_900289145.1	0	1	0	0	0	2	0
GCF_900289175.1	0	1	0	0	0	9	0
GCF_900289185.1	1	0	0	0	24	0	0
GCF_900289195.1	0	1	0	0	0	2	0
GCF_900289205.1	0	1	0	0	0	2	0
GCF_900290195.1	0	1	1	0	0	4	1
GCF_900290205.1	1	1	1	1	1	4	3
GCF_900290265.1	0	1	1	0	0	4	1
GCF_900290275.1	0	1	0	0	0	1	0
GCF_900290285.1	0	1	0	0	0	1	0
GCF_900291475.1	1	1	1	1	1	2	2
GCF_900291955.1	0	1	0	0	0	2	0
GCF_900291975.1	1	1	1	1	4	2	2
GCF_900291985.1	1	1	0	0	4	3	0
GCF_900292015.1	1	0	0	0	15	0	0
GCF_900292045.1	0	1	0	0	0	2	0
GCF_900292075.1	1	1	1	1	3	1	2
GCF_900299485.1	0	1	0	0	0	2	0
GCF_900302445.1	1	1	0	0	5	1	0
GCF_900302465.1	1	0	0	0	5	0	0
GCF_900302475.1	1	1	0	0	3	2	0
GCF_900302485.1	1	1	0	0	3	3	0
GCF_900302495.1	1	1	0	0	3	1	0
GCF_900302505.1	1	1	1	1	9	1	2
GCF_900312785.1	1	1	0	0	4	1	0
GCF_900312975.1	0	1	1	1	0	3	2
GCF_900312995.1	1	1	0	0	1	1	0
GCF_900323515.1	1	0	0	0	6	0	0
GCF_900324035.1	1	0	0	0	28	0	0
GCF_900324475.1	0	1	0	0	0	1	0
GCF_900327255.1	0	0	0	0	0	0	0
GCF_900343015.1	0	0	0	0	0	0	0
GCF_900343025.1	0	0	0	0	0	0	0
GCF_900343085.1	1	1	1	1	1	2	2
GCF_900343095.1	0	1	0	0	0	1	0
GCF_900343145.1	0	0	0	0	0	0	0
GCF_900343155.1	0	1	0	0	0	1	0
GCF_900380485.1	0	1	0	0	0	2	0
GCF_900403705.1	0	0	0	0	0	0	0
GCF_900411315.1	0	0	0	0	0	0	0
GCF_900411375.1	0	1	0	0	0	3	0
GCF_900417275.1	1	1	0	0	21	1	0
GCF_900444665.1	0	1	0	0	0	1	0
GCF_900444805.1	1	0	0	0	3	0	0
GCF_900444945.1	0	0	0	0	0	0	0
GCF_900444995.1	0	0	0	0	0	0	0
GCF_900445015.1	0	0	0	0	0	0	0
GCF_900445045.1	0	0	0	0	0	0	0
GCF_900445155.1	1	0	0	0	5	0	0
GCF_900445235.1	1	1	0	0	3	2	0
GCF_900445245.1	0	0	0	0	0	0	0
GCF_900445255.1	0	0	0	0	0	0	0
GCF_900445265.1	0	1	1	0	0	3	1
GCF_900445365.1	1	1	0	0	2	1	0
GCF_900445495.1	0	1	0	0	0	1	0
GCF_900445535.1	0	0	0	0	0	0	0
GCF_900445575.1	0	1	0	0	0	2	0
GCF_900445655.1	0	1	0	0	0	1	0
GCF_900445875.1	1	1	0	0	6	1	0
GCF_900445945.1	1	0	0	0	26	0	0
GCF_900445995.1	1	0	0	0	4	0	0
GCF_900446125.1	1	1	0	0	4	2	0
GCF_900446255.1	1	1	0	0	1	1	0
GCF_900446675.1	0	0	0	0	0	0	0
GCF_900446755.1	0	1	0	0	0	3	0
GCF_900447205.1	1	0	0	0	1	0	0
GCF_900450505.1	1	1	0	0	2	3	0
GCF_900450575.1	0	0	0	0	0	0	0
GCF_900450725.1	0	1	0	0	0	2	0
GCF_900450765.1	0	1	0	0	0	2	0
GCF_900450885.1	0	0	0	0	0	0	0
GCF_900450965.1	0	0	0	0	0	0	0
GCF_900451005.1	0	1	0	0	0	1	0
GCF_900451065.1	0	0	0	0	0	0	0
GCF_900451175.1	0	0	0	0	0	0	0
GCF_900451195.1	0	1	0	0	0	1	0
GCF_900452285.1	0	1	0	0	0	1	0
GCF_900452385.1	1	0	0	0	1	0	0
GCF_900452395.1	0	0	0	0	0	0	0
GCF_900452415.1	1	0	0	0	1	0	0
GCF_900452515.1	0	0	0	0	0	0	0
GCF_900452545.1	1	0	0	0	1	0	0
GCF_900452695.1	1	0	0	0	1	0	0
GCF_900452715.1	0	0	0	0	0	0	0
GCF_900452755.1	0	0	0	0	0	0	0
GCF_900452835.1	0	0	0	0	0	0	0
GCF_900452865.1	0	0	0	0	0	0	0
GCF_900452925.1	0	0	0	0	0	0	0
GCF_900453045.1	0	0	0	0	0	0	0
GCF_900453175.1	0	0	0	0	0	0	0
GCF_900453245.1	0	0	0	0	0	0	0
GCF_900453285.1	0	0	0	0	0	0	0
GCF_900453305.1	0	0	0	0	0	0	0
GCF_900453335.1	0	0	0	0	0	0	0
GCF_900453395.1	1	0	0	0	18	0	0
GCF_900453455.1	1	1	0	0	13	1	0
GCF_900453675.1	1	0	0	0	22	0	0
GCF_900453875.1	0	0	0	0	0	0	0
GCF_900453895.1	0	0	0	0	0	0	0
GCF_900454225.1	1	1	0	0	2	3	0
GCF_900454345.1	1	0	0	0	4	0	0
GCF_900454435.1	0	0	0	0	0	0	0
GCF_900454465.1	1	1	0	0	3	1	0
GCF_900454495.1	0	1	0	0	0	6	0
GCF_900454535.1	0	0	0	0	0	0	0
GCF_900454665.1	0	1	1	1	0	4	5
GCF_900454705.1	0	0	0	0	0	0	0
GCF_900454715.1	0	1	1	1	0	2	2
GCF_900454895.1	0	1	0	0	0	2	0
GCF_900454935.1	0	0	0	0	0	0	0
GCF_900454955.1	0	1	0	0	0	1	0
GCF_900455725.1	1	0	0	0	10	0	0
GCF_900455935.1	1	0	0	0	4	0	0
GCF_900457375.1	0	1	0	0	0	1	0
GCF_900458255.1	0	1	0	0	0	1	0
GCF_900458355.1	0	1	0	0	0	1	0
GCF_900458545.1	0	1	0	0	0	1	0
GCF_900458665.1	1	1	0	0	1	1	0
GCF_900458705.1	0	1	0	0	0	1	0
GCF_900459045.1	0	1	0	0	0	1	0
GCF_900459175.1	0	0	0	0	0	0	0
GCF_900459215.1	0	1	0	0	0	2	0
GCF_900459315.1	0	1	0	0	0	1	0
GCF_900459365.1	0	0	0	0	0	0	0
GCF_900459405.1	0	1	0	0	0	1	0
GCF_900459485.1	0	1	0	0	0	1	0
GCF_900460155.1	1	1	0	0	3	1	0
GCF_900460175.1	0	0	0	0	0	0	0
GCF_900460215.1	0	1	0	0	0	1	0
GCF_900460255.1	0	1	0	0	0	1	0
GCF_900460265.1	0	0	0	0	0	0	0
GCF_900460295.1	0	0	0	0	0	0	0
GCF_900460315.1	0	0	0	0	0	0	0
GCF_900460335.1	0	1	1	1	0	4	3
GCF_900460385.1	0	1	0	0	0	2	0
GCF_900460525.1	0	1	0	0	0	3	0
GCF_900460625.1	0	0	0	0	0	0	0
GCF_900460955.1	0	0	0	0	0	0	0
GCF_900460995.1	0	1	0	0	0	2	0
GCF_900461105.1	0	1	1	0	0	3	1
GCF_900461315.1	1	1	1	1	1	9	2
GCF_900461525.1	0	0	0	0	0	0	0
GCF_900461585.1	0	0	0	0	0	0	0
GCF_900465025.1	0	1	0	0	0	6	0
GCF_900465055.1	0	0	0	0	0	0	0
GCF_900465355.1	1	0	0	0	1	0	0
GCF_900474605.1	0	1	0	0	0	2	0
GCF_900474615.1	1	1	0	0	1	1	0
GCF_900475025.1	0	0	0	0	0	0	0
GCF_900475035.1	0	0	0	0	0	0	0
GCF_900475045.1	0	0	0	0	0	0	0
GCF_900475285.1	1	0	0	0	5	0	0
GCF_900475315.1	0	0	0	0	0	0	0
GCF_900475375.1	0	1	0	0	0	1	0
GCF_900475415.1	0	1	0	0	0	1	0
GCF_900475445.1	0	0	0	0	0	0	0
GCF_900475555.1	1	0	0	0	2	0	0
GCF_900475595.1	0	1	0	0	0	1	0
GCF_900475625.1	0	1	0	0	0	3	0
GCF_900475675.1	0	1	0	0	0	2	0
GCF_900475835.1	0	0	0	0	0	0	0
GCF_900475855.1	1	1	0	0	4	1	0
GCF_900475885.1	0	0	0	0	0	0	0
GCF_900475905.1	0	0	0	0	0	0	0
GCF_900475915.1	1	1	0	0	1	1	0
GCF_900475945.1	1	0	0	0	7	0	0
GCF_900475975.1	0	0	0	0	0	0	0
GCF_900476005.1	0	1	0	0	0	1	0
GCF_900476035.1	0	0	0	0	0	0	0
GCF_900476045.1	0	1	0	0	0	2	0
GCF_900476055.1	0	0	0	0	0	0	0
GCF_900476065.1	0	0	0	0	0	0	0
GCF_900476085.1	0	0	0	0	0	0	0
GCF_900476105.1	0	0	0	0	0	0	0
GCF_900476125.1	0	0	0	0	0	0	0
GCF_900476175.1	0	0	0	0	0	0	0
GCF_900476215.1	0	0	0	0	0	0	0
GCF_900476255.1	0	1	0	0	0	1	0
GCF_900476375.1	1	1	0	0	3	2	0
GCF_900477945.1	0	0	0	0	0	0	0
GCF_900478035.1	0	0	0	0	0	0	0
GCF_900478045.1	0	0	0	0	0	0	0
GCF_900478115.1	1	0	0	0	10	0	0
GCF_900478135.1	1	1	0	0	3	1	0
GCF_900478165.1	0	1	0	0	0	5	0
GCF_900496965.1	1	0	0	0	47	0	0
GCF_900497595.1	0	1	0	0	0	2	0
GCF_900497695.1	1	0	0	0	3	0	0
GCF_900499005.1	0	1	0	0	0	1	0
GCF_900499075.1	1	1	0	0	3	1	0
GCF_900536025.1	1	0	0	0	6	0	0
GCF_900537105.1	1	0	0	0	9	0	0
GCF_900537995.1	0	1	0	0	0	3	0
GCF_900538275.1	0	1	0	0	0	2	0
GCF_900560965.1	1	0	0	0	6	0	0
GCF_900564155.1	1	1	0	0	2	3	0
GCF_900566055.1	1	0	0	0	15	0	0
GCF_900566075.1	1	0	0	0	16	0	0
GCF_900566085.1	1	0	0	0	16	0	0
GCF_900603025.1	1	0	0	0	26	0	0
GCF_900604285.1	0	1	0	0	0	1	0
GCF_900604315.1	1	1	0	0	1	2	0
GCF_900604345.1	0	1	0	0	0	2	0
GCF_900604355.1	1	1	1	0	2	2	1
GCF_900604385.1	0	0	0	0	0	0	0
GCF_900604485.1	0	1	0	0	0	3	0
GCF_900604515.1	1	1	0	0	1	1	0
GCF_900604935.1	0	1	0	0	0	1	0
GCF_900604955.1	0	0	0	0	0	0	0
GCF_900605005.1	0	1	0	0	0	2	0
GCF_900605495.1	1	1	1	0	5	4	1
GCF_900606115.1	1	0	0	0	26	0	0
GCF_900607225.1	0	0	0	0	0	0	0
GCF_900607235.1	1	1	0	0	2	1	0
GCF_900608495.1	0	0	0	0	0	0	0
GCF_900608595.1	1	1	0	0	4	3	0
GCF_900609045.1	0	1	0	0	0	2	0
GCF_900609055.1	1	0	0	0	4	0	0
GCF_900609065.1	1	1	0	0	2	1	0
GCF_900618115.1	0	1	0	0	0	2	0
GCF_900624755.1	0	0	0	0	0	0	0
GCF_900625065.1	0	0	0	0	0	0	0
GCF_900625095.1	1	0	0	0	4	0	0
GCF_900626075.1	1	1	1	1	8	6	8
GCF_900626095.1	1	1	1	0	1	4	1
GCF_900626105.1	1	0	0	0	2	0	0
GCF_900626135.1	1	1	1	1	2	5	2
GCF_900626145.1	1	1	1	1	1	5	4
GCF_900626155.1	0	1	0	0	0	3	0
GCF_900626215.1	0	0	0	0	0	0	0
GCF_900626275.1	0	1	0	0	0	3	0
GCF_900631945.1	1	1	0	0	3	1	0
GCF_900631955.1	1	1	0	0	2	2	0
GCF_900635775.1	0	0	0	0	0	0	0
GCF_900635955.1	1	1	0	0	1	1	0
GCF_900636445.1	0	1	0	0	0	1	0
GCF_900636475.1	0	0	0	0	0	0	0
GCF_900636575.1	0	0	0	0	0	0	0
GCF_900636685.1	0	1	0	0	0	1	0
GCF_900636745.1	0	0	0	0	0	0	0
GCF_900636765.1	0	0	0	0	0	0	0
GCF_900636885.1	0	1	0	0	0	2	0
GCF_900636915.1	0	0	0	0	0	0	0
GCF_900636925.1	1	0	0	0	58	0	0
GCF_900636985.1	0	1	1	0	0	4	1
GCF_900637025.1	0	1	0	0	0	1	0
GCF_900637055.1	1	1	0	0	1	7	0
GCF_900637075.1	0	1	0	0	0	1	0
GCF_900637105.1	0	0	0	0	0	0	0
GCF_900637165.1	0	1	0	0	0	1	0
GCF_900637185.1	1	1	0	0	3	1	0
GCF_900637195.1	1	1	0	0	16	1	0
GCF_900637205.1	1	0	0	0	18	0	0
GCF_900637235.1	0	1	0	0	0	1	0
GCF_900637265.1	1	0	0	0	32	0	0
GCF_900637295.1	0	1	0	0	0	1	0
GCF_900637305.1	0	0	0	0	0	0	0
GCF_900637325.1	0	1	1	0	0	1	1
GCF_900637475.1	0	1	0	0	0	2	0
GCF_900637515.1	0	1	0	0	0	1	0
GCF_900637545.1	0	1	0	0	0	1	0
GCF_900637555.1	1	0	0	0	1	0	0
GCF_900637575.1	1	1	1	1	1	3	3
GCF_900637615.1	1	0	0	0	25	0	0
GCF_900637635.1	0	0	0	0	0	0	0
GCF_900637655.1	0	1	0	0	0	1	0
GCF_900637665.1	0	1	0	0	0	2	0
GCF_900637725.1	0	1	0	0	0	1	0
GCF_900637755.1	1	1	0	0	3	1	0
GCF_900637795.1	0	1	0	0	0	1	0
GCF_900637855.1	0	0	0	0	0	0	0
GCF_900637895.1	0	1	0	0	0	2	0
GCF_900637905.1	0	1	1	1	0	2	3
GCF_900637915.1	1	1	0	0	1	2	0
GCF_900637955.1	0	1	0	0	0	1	0
GCF_900637975.1	0	0	0	0	0	0	0
GCF_900638015.1	0	1	0	0	0	4	0
GCF_900638135.1	1	0	0	0	1	0	0
GCF_900638215.1	1	1	0	0	7	1	0
GCF_900638245.1	0	1	0	0	0	2	0
GCF_900638305.1	0	0	0	0	0	0	0
GCF_900638355.1	0	0	0	0	0	0	0
GCF_900638385.1	0	0	0	0	0	0	0
GCF_900638485.1	0	0	0	0	0	0	0
GCF_900638615.1	0	0	0	0	0	0	0
GCF_900638635.1	0	0	0	0	0	0	0
GCF_900638655.1	1	0	0	0	1	0	0
GCF_900638685.1	0	0	0	0	0	0	0
GCF_900639755.1	1	0	0	0	1	0	0
GCF_900639865.1	0	0	0	0	0	0	0
GCF_900639875.1	0	0	0	0	0	0	0
GCF_900639915.1	0	0	0	0	0	0	0
GCF_900639985.1	0	0	0	0	0	0	0
GCF_900640015.1	0	0	0	0	0	0	0
GCF_900640035.1	0	0	0	0	0	0	0
GCF_900640075.1	0	0	0	0	0	0	0
GCF_900640115.1	0	0	0	0	0	0	0
GCF_900640125.1	0	0	0	0	0	0	0
GCF_900659615.1	1	1	0	0	18	1	0
GCF_900659625.1	1	1	0	0	4	1	0
GCF_900659635.1	1	1	0	0	10	3	0
GCF_900659865.1	0	0	0	0	0	0	0
GCF_900659885.1	0	0	0	0	0	0	0
GCF_900660435.1	0	0	0	0	0	0	0
GCF_900660465.1	0	0	0	0	0	0	0
GCF_900660485.1	0	0	0	0	0	0	0
GCF_900660495.1	0	0	0	0	0	0	0
GCF_900660515.1	0	0	0	0	0	0	0
GCF_900660525.1	0	0	0	0	0	0	0
GCF_900660575.1	0	0	0	0	0	0	0
GCF_900660605.1	0	1	0	0	0	1	0
GCF_900660615.1	0	1	0	0	0	1	0
GCF_900660635.1	0	0	0	0	0	0	0
GCF_900660645.1	0	0	0	0	0	0	0
GCF_900660665.1	0	0	0	0	0	0	0
GCF_900660675.1	0	0	0	0	0	0	0
GCF_900660685.1	0	0	0	0	0	0	0
GCF_900660695.1	0	0	0	0	0	0	0
GCF_900660705.1	0	0	0	0	0	0	0
GCF_900660715.1	0	0	0	0	0	0	0
GCF_900660745.1	0	1	0	0	0	1	0
GCF_900660755.1	0	1	0	0	0	2	0
GCF_900682675.2	1	0	0	0	5	0	0
GCF_900683595.1	1	1	0	0	6	1	0
GCF_900683625.1	0	1	0	0	0	2	0
GCF_900683745.1	0	0	0	0	0	0	0
GCF_900698925.1	0	0	0	0	0	0	0
GCF_900699765.1	1	1	1	1	1	5	4
GCF_900880625.1	0	1	0	0	0	2	0
GCF_900890425.1	1	0	0	0	1	0	0
GCF_900890705.1	1	1	0	0	1	1	0
GCF_901411515.1	1	1	1	1	2	7	2
GCF_901447155.2	1	1	1	1	2	2	2
GCF_901447495.1	0	1	1	1	0	5	5
GCF_901482605.1	0	1	1	1	0	4	2
GCF_901482695.1	1	1	0	0	2	1	0
GCF_901538265.1	1	1	0	0	1	4	0
GCF_901538355.1	0	1	0	0	0	3	0
GCF_901687125.1	0	0	0	0	0	0	0
GCF_901764995.1	0	0	0	0	0	0	0
GCF_902141845.1	1	0	0	0	9	0	0
GCF_902141855.1	1	0	0	0	6	0	0
GCF_902143375.2	0	1	0	0	0	2	0
GCF_902143385.2	0	0	0	0	0	0	0
GCF_902143515.1	0	1	1	1	0	2	2
GCF_902150025.1	0	0	0	0	0	0	0
GCF_902150035.1	0	1	0	0	0	1	0
GCF_902158555.1	1	1	1	0	2	3	1
GCF_902162175.1	0	0	0	0	0	0	0
GCF_902164675.1	0	1	1	0	0	4	1
GCF_902164725.1	0	1	0	0	0	1	0
GCF_902167625.1	0	0	0	0	0	0	0
GCF_902168065.1	1	0	0	0	2	0	0
GCF_902168435.1	1	1	0	0	1	3	0
GCF_902170785.1	1	1	0	0	1	1	0
GCF_902362755.1	0	1	1	1	0	3	2
GCF_902374465.1	1	0	0	0	8	0	0
GCF_902374955.1	1	1	0	0	4	3	0
GCF_902375065.1	0	1	0	0	0	1	0
GCF_902375265.1	1	0	0	0	3	0	0
GCF_902375335.1	1	1	1	1	1	5	3
GCF_902375395.1	1	1	0	0	7	2	0
GCF_902375455.1	1	1	0	0	1	1	0
GCF_902375965.1	0	1	1	1	0	2	2
GCF_902381725.1	0	1	0	0	0	1	0
GCF_902383905.1	0	1	0	0	0	1	0
GCF_902386985.1	1	1	0	0	1	1	0
GCF_902459485.1	1	1	0	0	2	1	0
GCF_902459535.1	1	1	0	0	20	1	0
GCF_902459555.1	1	0	0	0	9	0	0
GCF_902459565.1	1	0	0	0	13	0	0
GCF_902459575.1	1	0	0	0	11	0	0
GCF_902459585.1	1	0	0	0	11	0	0
GCF_902459595.1	1	0	0	0	14	0	0
GCF_902459625.1	1	0	0	0	15	0	0
GCF_902459645.1	1	0	0	0	12	0	0
GCF_902459655.1	1	0	0	0	11	0	0
GCF_902459685.1	1	0	0	0	14	0	0
GCF_902459695.1	1	1	0	0	17	1	0
GCF_902459705.1	1	0	0	0	22	0	0
GCF_902459725.1	1	0	0	0	20	0	0
GCF_902459735.1	1	0	0	0	16	0	0
GCF_902459745.1	1	0	0	0	10	0	0
GCF_902459765.1	1	0	0	0	14	0	0
GCF_902459775.1	1	0	0	0	12	0	0
GCF_902459805.1	1	0	0	0	9	0	0
GCF_902497555.1	1	1	1	1	10	3	2
GCF_902498735.1	1	1	1	1	1	5	4
GCF_902498995.1	1	1	0	0	14	2	0
GCF_902499075.1	1	1	0	0	10	2	0
GCF_902499115.1	1	1	0	0	10	2	0
GCF_902499175.1	1	1	0	0	18	2	0
GCF_902499555.1	0	1	0	0	0	1	0
GCF_902500215.1	1	0	0	0	2	0	0
GCF_902500225.1	0	1	0	0	0	3	0
GCF_902501455.1	0	1	0	0	0	1	0
GCF_902502825.2	1	1	0	0	6	1	0
GCF_902505095.1	0	0	0	0	0	0	0
GCF_902506355.1	0	0	0	0	0	0	0
GCF_902652675.1	0	0	0	0	0	0	0
GCF_902702935.1	0	1	0	0	0	1	0
GCF_902703175.1	1	1	0	0	3	2	0
GCF_902703545.1	1	1	0	0	8	1	0
GCF_902712995.1	0	0	0	0	0	0	0
GCF_902713415.1	0	0	0	0	0	0	0
GCF_902713635.1	0	0	0	0	0	0	0
GCF_902726525.1	1	1	0	0	1	2	0
GCF_902726565.1	1	1	0	0	2	2	0
GCF_902726645.1	1	1	0	0	3	3	0
GCF_902726655.1	1	1	0	0	3	2	0
GCF_902728265.1	0	1	0	0	0	2	0
GCF_902729325.1	0	1	0	0	0	2	0
GCF_902729405.1	1	1	1	1	4	10	6
GCF_902806455.1	1	1	0	0	2	4	0
GCF_902806485.1	1	0	0	0	13	0	0
GCF_902806695.1	0	0	0	0	0	0	0
GCF_902806985.1	0	1	0	0	0	1	0
GCF_902806995.1	0	0	0	0	0	0	0
GCF_902807005.1	0	0	0	0	0	0	0
GCF_902809815.1	0	0	0	0	0	0	0
GCF_902810445.1	0	0	0	0	0	0	0
GCF_902812705.1	1	0	0	0	5	0	0
GCF_902813185.1	1	0	0	0	18	0	0
GCF_902813205.1	0	0	0	0	0	0	0
GCF_902825145.1	0	0	0	0	0	0	0
GCF_902827225.1	0	1	1	0	0	2	1
GCF_902829295.1	1	0	0	0	1	0	0
GCF_902832795.1	1	1	0	0	11	2	0
GCF_902859595.1	1	0	0	0	20	0	0
GCF_902859625.1	1	0	0	0	35	0	0
GCF_902859635.1	1	0	0	0	20	0	0
GCF_902859645.1	1	0	0	0	22	0	0
GCF_902859685.1	1	0	0	0	24	0	0
GCF_902859705.1	1	0	0	0	19	0	0
GCF_902859775.1	1	1	0	0	19	2	0
GCF_902859805.1	1	1	0	0	15	2	0
GCF_902859815.1	1	1	0	0	8	2	0
GCF_902859845.1	1	1	0	0	17	2	0
GCF_902859855.1	1	1	0	0	12	1	0
GCF_902859875.1	1	1	0	0	14	1	0
GCF_902859895.1	1	1	0	0	7	2	0
GCF_902859915.1	1	1	0	0	18	1	0
GCF_902859935.1	1	1	0	0	18	3	0
GCF_902859945.1	1	1	0	0	22	1	0
GCF_902859965.1	1	0	0	0	37	0	0
GCF_902860115.1	1	0	0	0	16	0	0
GCF_902860125.1	1	0	0	0	23	0	0
GCF_902860225.1	0	0	0	0	0	0	0
GCF_903064685.1	0	0	0	0	0	0	0
GCF_903166545.1	0	1	0	0	0	4	0
GCF_903166575.1	0	1	0	0	0	2	0
GCF_903166585.1	1	1	0	0	2	2	0
GCF_903645285.1	0	0	0	0	0	0	0
GCF_903645325.1	1	1	0	0	1	1	0
GCF_903652925.1	1	1	0	0	33	1	0
GCF_903679515.1	0	0	0	0	0	0	0
GCF_903819165.1	1	1	1	1	1	4	3
GCF_903819435.1	1	1	0	0	2	1	0
GCF_903886475.1	0	1	0	0	0	1	0
GCF_903989455.1	0	0	0	0	0	0	0
GCF_903994035.1	0	0	0	0	0	0	0
GCF_903994045.1	0	0	0	0	0	0	0
GCF_903994055.1	0	0	0	0	0	0	0
GCF_903994065.1	0	1	0	0	0	1	0
GCF_904061905.1	1	0	0	0	8	0	0
GCF_904063055.1	1	0	0	0	5	0	0
GCF_904063085.1	1	0	0	0	3	0	0
GCF_904067545.1	0	0	0	0	0	0	0
GCF_904423875.1	1	1	0	0	1	5	0
GCF_904424705.1	1	1	0	0	2	4	0
GCF_904830935.1	0	1	0	0	0	1	0
GCF_904830955.1	0	1	0	0	0	1	0
GCF_904830995.1	1	0	0	0	1	0	0
GCF_904842695.1	1	0	0	0	1	0	0
GCF_904845885.1	1	0	0	0	2	0	0
GCF_904845915.1	1	0	0	0	2	0	0
GCF_904845995.1	1	0	0	0	1	0	0
GCF_904846035.1	1	0	0	0	1	0	0
GCF_904846055.1	0	0	0	0	0	0	0
GCF_904846155.1	1	0	0	0	2	0	0
GCF_904846215.1	1	0	0	0	4	0	0
GCF_904846295.1	1	0	0	0	2	0	0
GCF_904846305.1	1	0	0	0	2	0	0
GCF_904846315.1	1	0	0	0	2	0	0
GCF_904846335.1	1	0	0	0	2	0	0
GCF_904846355.1	1	0	0	0	2	0	0
GCF_904846365.1	1	0	0	0	2	0	0
GCF_904846405.1	1	0	0	0	2	0	0
GCF_904846425.1	1	0	0	0	3	0	0
GCF_904846455.1	1	0	0	0	2	0	0
GCF_904846465.1	1	0	0	0	2	0	0
GCF_904846685.1	1	0	0	0	1	0	0
GCF_904846695.1	1	0	0	0	2	0	0
GCF_904846715.1	1	0	0	0	1	0	0
GCF_904848165.1	1	0	0	0	4	0	0
GCF_904848625.1	1	1	0	0	12	2	0
GCF_904848665.1	1	1	0	0	32	1	0
GCF_904848675.1	0	0	0	0	0	0	0
GCF_904859905.1	1	1	0	0	1	1	0
GCF_905112995.1	1	1	0	0	3	1	0
GCF_905120465.1	1	0	0	0	1	0	0
GCF_905120475.1	0	0	0	0	0	0	0
GCF_905175375.1	0	1	0	0	0	2	0
GCF_905197545.1	0	1	1	1	0	6	3
GCF_905220705.1	1	1	0	0	21	2	0
GCF_905220735.1	1	1	0	0	18	2	0
GCF_905220975.1	1	1	0	0	13	2	0
GCF_905220995.1	0	1	0	0	0	1	0
GCF_905221015.1	1	1	0	0	12	2	0
GCF_905221025.1	0	0	0	0	0	0	0
GCF_905250085.1	0	1	0	0	0	1	0
GCF_905331265.2	0	1	0	0	0	1	0
GCF_905332535.1	0	0	0	0	0	0	0
GCF_905367715.1	0	0	0	0	0	0	0
GCF_905397275.1	1	0	0	0	38	0	0
GCF_905397285.1	1	0	0	0	24	0	0
GCF_905397435.1	1	0	0	0	63	0	0
GCF_907163105.1	0	1	0	0	0	2	0
GCF_907163265.1	1	1	1	1	6	4	4
GCF_907164545.1	1	1	0	0	9	1	0
GCF_907164555.1	1	1	0	0	12	1	0
GCF_907164845.1	0	0	0	0	0	0	0
GCF_907164955.1	0	0	0	0	0	0	0
GCF_907164965.1	0	0	0	0	0	0	0
GCF_907165195.1	1	1	0	0	1	1	0
GCF_907165215.1	1	1	0	0	1	2	0
GCF_907177275.1	1	1	0	0	3	4	0
GCF_910574005.1	1	1	0	0	1	1	0
GCF_910574735.1	1	0	0	0	1	0	0
GCF_910589745.1	0	0	0	0	0	0	0
GCF_910593725.1	0	0	0	0	0	0	0
GCF_910593785.1	1	1	0	0	3	1	0
GCF_910593825.1	1	1	0	0	3	4	0
GCF_910593845.1	0	1	0	0	0	3	0
GCF_910594985.1	0	1	0	0	0	4	0
GCF_912073625.1	0	1	0	0	0	1	0
GCF_913566895.1	0	1	1	0	0	4	1
GCF_913919575.1	1	1	0	0	6	4	0
GCF_914271435.1	1	0	0	0	31	0	0
GCF_914271485.1	1	0	0	0	28	0	0
GCF_914271545.1	1	0	0	0	27	0	0
GCF_914590485.1	0	1	0	0	0	1	0
GCF_914768025.1	0	0	0	0	0	0	0
GCF_914768045.1	0	0	0	0	0	0	0
GCF_916098265.1	0	0	0	0	0	0	0
GCF_917563885.1	0	1	0	0	0	3	0
GCF_917563915.1	1	1	0	0	1	2	0
GCF_917563925.1	1	1	0	0	1	2	0
GCF_918308855.1	0	0	0	0	0	0	0
GCF_918315375.1	0	0	0	0	0	0	0
GCF_918320885.1	0	0	0	0	0	0	0
GCF_918342435.1	0	0	0	0	0	0	0
GCF_918378365.1	0	0	0	0	0	0	0
GCF_918697755.1	0	0	0	0	0	0	0
GCF_918697765.1	0	0	0	0	0	0	0
GCF_918814575.1	0	1	0	0	0	1	0
GCF_918814755.1	0	1	0	0	0	1	0
GCF_920984865.1	0	0	0	0	0	0	0
GCF_921010045.1	0	1	0	0	0	2	0
GCF_921292975.1	0	0	0	0	0	0	0
GCF_921293875.1	0	1	0	0	0	1	0
GCF_921294215.1	0	1	0	0	0	2	0
GCF_923077115.1	1	1	0	0	3	1	0
GCF_923079645.1	1	1	0	0	1	2	0
GCF_923081025.1	0	1	0	0	0	2	0
GCF_924513355.1	0	1	0	0	0	9	0
GCF_927798095.1	0	1	0	0	0	2	0
GCF_927798115.1	0	1	0	0	0	7	0
GCF_927798215.1	1	1	0	0	1	5	0
GCF_928097925.1	0	1	1	1	0	3	3
GCF_928368155.1	0	1	1	1	0	2	2
GCF_928381405.1	1	0	0	0	1	0	0
GCF_928721695.1	0	1	0	0	0	1	0
GCF_928721995.1	0	0	0	0	0	0	0
GCF_928722185.1	0	1	0	0	0	1	0
GCF_932750685.1	0	1	0	0	0	2	0
GCF_933208495.1	0	1	0	0	0	2	0
GCF_933509905.1	0	0	0	0	0	0	0
GCF_934924865.1	0	1	1	1	0	8	3
GCF_935822925.1	1	1	0	0	6	2	0
GCF_935825525.1	1	1	0	0	7	2	0
GCF_936269705.1	0	0	0	0	0	0	0
GCF_936270145.1	0	0	0	0	0	0	0
GCF_936981045.1	0	0	0	0	0	0	0
GCF_937425535.1	1	1	1	1	4	5	7
GCF_937468385.1	1	1	0	0	2	3	0
GCF_937907355.1	0	1	1	0	0	2	1
GCF_937990675.1	0	1	0	0	0	1	0
GCF_940670685.1	0	1	1	1	0	6	2
GCF_940677205.1	0	1	0	0	0	1	0
GCF_943169635.2	0	1	1	1	0	1	2
GCF_943169685.1	0	0	0	0	0	0	0
GCF_943169825.2	0	1	0	0	0	1	0
GCF_943169845.1	1	1	1	1	1	2	2
GCF_943192895.1	0	0	0	0	0	0	0
GCF_943192905.1	1	1	0	0	3	2	0
GCF_943192915.1	1	1	1	1	6	3	2
GCF_943192935.1	1	1	0	0	1	2	0
GCF_943192945.1	0	1	0	0	0	1	0
GCF_943192955.1	0	1	0	0	0	3	0
GCF_943192965.1	1	1	1	1	2	3	2
GCF_943192995.1	1	1	1	1	1	2	4
GCF_943193005.1	0	1	0	0	0	2	0
GCF_943193015.1	0	1	0	0	0	2	0
GCF_943193025.1	1	1	0	0	2	1	0
GCF_943193035.1	1	1	1	1	1	3	3
GCF_943193045.1	0	1	0	0	0	2	0
GCF_943193055.1	0	1	1	1	0	1	2
GCF_943193065.1	0	1	0	0	0	1	0
GCF_943193075.1	0	1	0	0	0	2	0
GCF_943193085.1	1	1	1	1	3	5	5
GCF_943193105.1	0	1	0	0	0	2	0
GCF_943193115.1	0	1	1	1	0	3	2
GCF_943193125.1	1	1	1	0	1	4	1
GCF_943193135.1	0	1	0	0	0	1	0
GCF_943193145.1	1	1	1	0	7	4	1
GCF_943193165.1	1	1	0	0	1	6	0
GCF_943193175.1	1	1	0	0	4	4	0
GCF_943193185.1	0	1	0	0	0	3	0
GCF_943193195.1	1	1	1	1	2	5	2
GCF_943193205.1	0	0	0	0	0	0	0
GCF_943193215.1	0	1	0	0	0	5	0
GCF_943590815.1	1	1	0	0	1	1	0
GCF_944800085.1	0	1	0	0	0	7	0
GCF_945859885.1	0	0	0	0	0	0	0
GCF_946463545.1	0	1	1	0	0	2	1
GCF_946888465.1	0	1	0	0	0	1	0
GCF_946900835.1	0	0	0	0	0	0	0
GCF_946903285.1	0	1	0	0	0	1	0
GCF_946995915.1	1	1	0	0	1	1	0
GCF_947077765.1	1	1	0	0	1	1	0
GCF_947077775.1	1	0	0	0	1	0	0
GCF_947087635.1	0	1	1	0	0	3	1
GCF_947090115.1	0	1	0	0	0	1	0
GCF_947090205.1	0	0	0	0	0	0	0
GCF_947179105.1	0	0	0	0	0	0	0
GCF_947179145.1	0	0	0	0	0	0	0
GCF_947179175.1	0	0	0	0	0	0	0
GCF_947179345.1	0	0	0	0	0	0	0
GCF_947179355.1	0	0	0	0	0	0	0
GCF_947179375.1	0	0	0	0	0	0	0
GCF_947179385.1	0	0	0	0	0	0	0
GCF_947179405.1	0	0	0	0	0	0	0
GCF_947179415.1	0	0	0	0	0	0	0
GCF_947179425.1	0	0	0	0	0	0	0
GCF_947179455.1	0	0	0	0	0	0	0
GCF_947179465.1	0	0	0	0	0	0	0
GCF_947179475.1	0	0	0	0	0	0	0
GCF_947179505.1	0	0	0	0	0	0	0
GCF_947179535.1	0	0	0	0	0	0	0
GCF_947179545.1	0	0	0	0	0	0	0
GCF_947179555.1	0	0	0	0	0	0	0
GCF_947179565.1	0	0	0	0	0	0	0
GCF_947179575.1	0	0	0	0	0	0	0
GCF_947241125.1	0	0	0	0	0	0	0
GCF_947250015.1	0	0	0	0	0	0	0
GCF_947250465.1	0	0	0	0	0	0	0
GCF_947250475.1	0	0	0	0	0	0	0
GCF_947250485.1	0	0	0	0	0	0	0
GCF_947250505.1	0	0	0	0	0	0	0
GCF_947250515.1	0	0	0	0	0	0	0
GCF_947250525.1	0	0	0	0	0	0	0
GCF_947250535.1	0	0	0	0	0	0	0
GCF_947250545.1	0	0	0	0	0	0	0
GCF_947250555.1	0	0	0	0	0	0	0
GCF_947250565.1	0	0	0	0	0	0	0
GCF_947250575.1	0	0	0	0	0	0	0
GCF_947250585.1	0	0	0	0	0	0	0
GCF_947250595.1	0	0	0	0	0	0	0
GCF_947250605.1	0	0	0	0	0	0	0
GCF_947250615.1	0	0	0	0	0	0	0
GCF_947250625.1	0	0	0	0	0	0	0
GCF_947250635.1	0	0	0	0	0	0	0
GCF_947250645.1	0	0	0	0	0	0	0
GCF_947250655.1	0	0	0	0	0	0	0
GCF_947250675.1	0	0	0	0	0	0	0
GCF_947250695.1	0	0	0	0	0	0	0
GCF_947250705.1	0	0	0	0	0	0	0
GCF_947250715.1	0	0	0	0	0	0	0
GCF_947250725.1	0	0	0	0	0	0	0
GCF_947250735.1	0	0	0	0	0	0	0
GCF_947250745.1	0	0	0	0	0	0	0
GCF_947250755.1	0	0	0	0	0	0	0
GCF_947250765.1	0	0	0	0	0	0	0
GCF_947250775.1	0	0	0	0	0	0	0
GCF_947250785.1	0	0	0	0	0	0	0
GCF_947250795.1	0	0	0	0	0	0	0
GCF_947250805.1	0	0	0	0	0	0	0
GCF_947251425.1	0	0	0	0	0	0	0
GCF_947251435.1	0	0	0	0	0	0	0
GCF_947251465.1	0	0	0	0	0	0	0
GCF_947251475.1	0	0	0	0	0	0	0
GCF_947251485.1	0	0	0	0	0	0	0
GCF_947251495.1	0	0	0	0	0	0	0
GCF_947251505.1	0	0	0	0	0	0	0
GCF_947251515.1	0	0	0	0	0	0	0
GCF_947251545.1	0	0	0	0	0	0	0
GCF_947251555.1	0	0	0	0	0	0	0
GCF_947251565.1	0	0	0	0	0	0	0
GCF_947251575.1	0	0	0	0	0	0	0
GCF_947251585.1	0	0	0	0	0	0	0
GCF_947251595.1	0	0	0	0	0	0	0
GCF_947251605.1	0	0	0	0	0	0	0
GCF_947251615.1	0	0	0	0	0	0	0
GCF_947251625.1	0	0	0	0	0	0	0
GCF_947251635.1	0	0	0	0	0	0	0
GCF_947251645.1	0	0	0	0	0	0	0
GCF_947251655.1	0	0	0	0	0	0	0
GCF_947251665.1	0	0	0	0	0	0	0
GCF_947251675.1	0	0	0	0	0	0	0
GCF_947251695.1	0	0	0	0	0	0	0
GCF_947251725.1	0	0	0	0	0	0	0
GCF_947251735.1	0	0	0	0	0	0	0
GCF_947251755.1	0	0	0	0	0	0	0
GCF_947251765.1	0	0	0	0	0	0	0
GCF_947251775.1	0	0	0	0	0	0	0
GCF_947251795.1	0	0	0	0	0	0	0
GCF_947251805.1	0	0	0	0	0	0	0
GCF_947251815.1	0	0	0	0	0	0	0
GCF_947251825.1	0	0	0	0	0	0	0
GCF_947251835.1	0	0	0	0	0	0	0
GCF_947251845.1	0	0	0	0	0	0	0
GCF_947251865.1	0	0	0	0	0	0	0
GCF_947251875.1	0	0	0	0	0	0	0
GCF_947251895.1	0	0	0	0	0	0	0
GCF_947251915.1	0	0	0	0	0	0	0
GCF_947251935.1	0	0	0	0	0	0	0
GCF_947251945.1	0	0	0	0	0	0	0
GCF_947251955.1	0	0	0	0	0	0	0
GCF_947251965.1	0	0	0	0	0	0	0
GCF_947251975.1	0	0	0	0	0	0	0
GCF_947254785.1	0	1	0	0	0	1	0
GCF_947381485.1	0	1	0	0	0	2	0
GCF_947381495.1	0	1	0	0	0	1	0
GCF_947381555.1	0	0	0	0	0	0	0
GCF_947381805.1	0	0	0	0	0	0	0
GCF_947387495.1	0	1	0	0	0	3	0
GCF_947387525.1	0	1	0	0	0	2	0
GCF_947428325.1	0	1	0	0	0	1	0
GCF_947489045.1	1	1	0	0	4	1	0
GCF_947494915.1	1	0	0	0	3	0	0
GCF_947533635.1	0	1	0	0	0	1	0
GCF_947539375.1	1	1	0	0	2	1	0
GCF_947539765.1	1	1	0	0	2	2	0
GCF_947568225.1	1	1	1	1	1	4	5
GCF_948472335.1	0	0	0	0	0	0	0
GCF_948472415.1	1	1	0	0	1	3	0
GCF_949281285.1	0	0	0	0	0	0	0
GCF_949769195.1	0	0	0	0	0	0	0
GCF_949769265.1	0	1	0	0	0	1	0
GCF_949774925.1	0	1	0	0	0	1	0
GCF_949790605.1	0	1	0	0	0	4	0
GCF_949794035.1	1	0	0	0	1	0	0
GCF_951229915.1	0	1	0	0	0	1	0
GCF_958267405.1	0	0	0	0	0	0	0
GCF_958267435.1	0	0	0	0	0	0	0
GCF_958301595.1	0	0	0	0	0	0	0
GCF_959600285.1	0	1	1	0	0	1	1
GCF_960610765.1	0	0	0	0	0	0	0
GCF_961514395.1	1	1	0	0	3	6	0
GCF_963360635.1	1	0	0	0	1	0	0
GCF_963392925.1	0	0	0	0	0	0	0
GCF_963394915.1	0	0	0	0	0	0	0
GCF_963422225.1	0	0	0	0	0	0	0
GCF_963541955.1	0	1	0	0	0	1	0
GCF_963556095.2	0	0	0	0	0	0	0
GCF_963580165.1	0	1	0	0	0	2	0
GCF_963662535.1	0	1	0	0	0	1	0
GCF_963662975.1	0	1	1	0	0	1	1
GCF_963675335.1	1	1	1	1	2	2	2
GCF_963693435.1	0	1	0	0	0	2	0
GCF_963874875.1	0	1	0	0	0	1	0
GCF_963877135.1	0	0	0	0	0	0	0
GCF_963921665.1	1	1	0	0	2	1	0
GCF_963930865.1	0	1	0	0	0	2	0
GCF_963966195.1	0	0	0	0	0	0	0
GCF_963969245.1	0	0	0	0	0	0	0
GCF_964019365.1	0	0	0	0	0	0	0
GCF_964019485.1	0	0	0	0	0	0	0
GCF_964019495.1	0	0	0	0	0	0	0
GCF_964019505.1	0	1	0	0	0	1	0
GCF_964019525.1	0	0	0	0	0	0	0
GCF_964019535.1	0	0	0	0	0	0	0
GCF_964019545.1	0	0	0	0	0	0	0
GCF_964019575.1	0	0	0	0	0	0	0
GCF_964019585.1	0	0	0	0	0	0	0
GCF_964019595.1	0	0	0	0	0	0	0
GCF_964019625.1	0	0	0	0	0	0	0
GCF_964019665.1	0	0	0	0	0	0	0
GCF_964019705.1	0	0	0	0	0	0	0
GCF_964019715.1	0	0	0	0	0	0	0
GCF_964019735.1	0	0	0	0	0	0	0
GCF_964019745.1	0	0	0	0	0	0	0
GCF_964019755.1	0	0	0	0	0	0	0
GCF_964019765.1	0	0	0	0	0	0	0
GCF_964019775.1	0	1	0	0	0	1	0
GCF_964019805.1	0	0	0	0	0	0	0
GCF_964019845.1	0	0	0	0	0	0	0
GCF_964019925.1	0	0	0	0	0	0	0
GCF_964019975.1	0	0	0	0	0	0	0
GCF_964020005.1	0	0	0	0	0	0	0
GCF_964020025.1	0	0	0	0	0	0	0
GCF_964020035.1	0	0	0	0	0	0	0
GCF_964020065.1	0	0	0	0	0	0	0
GCF_964020095.1	0	0	0	0	0	0	0
GCF_964020115.1	0	1	0	0	0	1	0
GCF_964020175.1	0	0	0	0	0	0	0
GCF_964020185.1	0	0	0	0	0	0	0
GCF_964020195.1	0	0	0	0	0	0	0
GCF_964020205.1	0	0	0	0	0	0	0
GCF_964020225.1	0	0	0	0	0	0	0
GCF_964020235.1	0	0	0	0	0	0	0
GCF_964020965.1	0	0	0	0	0	0	0
