recall	precision
1.0	0.026114806602611482
1.0	0.02611695137976347
1.0	0.026119096509240245
1.0	0.026121241991128634
1.0	0.026123387825515484
1.0	0.026125534012487676
1.0	0.026127680552132118
1.0	0.026129827444535743
1.0	0.02613197468978552
1.0	0.026134122287968443
1.0	0.02613627023917153
1.0	0.026138418543481836
1.0	0.026140567200986436
1.0	0.026142716211772443
1.0	0.026144865575926993
1.0	0.026147015293537246
1.0	0.026149165364690405
1.0	0.026151315789473686
1.0	0.02615346656797434
1.0	0.026155617700279653
1.0	0.02615776918647693
1.0	0.026159921026653505
1.0	0.02616207322089675
1.0	0.02616422576929406
1.0	0.026166378671932857
1.0	0.026168531928900594
1.0	0.02617068554028475
1.0	0.02617283950617284
1.0	0.0261749938266524
1.0	0.026177148501810996
1.0	0.026179303531736232
1.0	0.026181458916515726
1.0	0.026183614656237135
1.0	0.026185770750988144
1.0	0.02618792720085646
1.0	0.026190084005929832
1.0	0.02619224116629602
1.0	0.026194398682042833
1.0	0.026196556553258095
1.0	0.02619871478002966
1.0	0.026200873362445413
1.0	0.026203032300593277
1.0	0.026205191594561188
1.0	0.02620735124443712
1.0	0.026209511250309073
1.0	0.026211671612265085
1.0	0.02621383233039321
1.0	0.026215993404781535
1.0	0.02621815483551818
1.0	0.02622031662269129
1.0	0.02622247876638905
1.0	0.026224641266699655
1.0	0.02622680412371134
1.0	0.02622896733751237
1.0	0.02623113090819104
1.0	0.026233294835835672
1.0	0.02623545912053461
1.0	0.026237623762376237
1.0	0.026239788761448963
1.0	0.026241954117841228
1.0	0.026244119831641495
1.0	0.026246285902938263
1.0	0.026248452331820056
1.0	0.026250619118375434
1.0	0.026252786262692975
1.0	0.026254953764861293
1.0	0.026257121624969036
1.0	0.026259289843104872
1.0	0.0262614584193575
1.0	0.02626362735381566
1.0	0.026265796646568102
1.0	0.02626796629770362
1.0	0.026270136307311027
1.0	0.026272306675479182
1.0	0.02627447740229695
1.0	0.026276648487853247
1.0	0.026278819932237005
1.0	0.02628099173553719
1.0	0.0262831638978428
1.0	0.02628533641924285
1.0	0.026287509299826404
1.0	0.02628968253968254
1.0	0.026291856138900373
1.0	0.026294030097569043
1.0	0.02629620441577772
1.0	0.026298379093615612
1.0	0.02630272952853598
1.0	0.026304905285797004
1.0	0.02630708140304434
1.0	0.026309257880367337
1.0	0.02631143471785537
1.0	0.026313611915597848
1.0	0.02631578947368421
1.0	0.026317967392203923
1.0	0.02632014567124648
1.0	0.026322324310901417
1.0	0.02632450331125828
1.0	0.026326682672406655
1.0	0.026328862394436166
1.0	0.02633104247743645
1.0	0.026333222921497184
1.0	0.026335403726708076
1.0	0.026337584893158853
1.0	0.026339766420939287
1.0	0.026341948310139165
1.0	0.026344130560848313
1.0	0.026346313173156586
1.0	0.026348496147153865
1.0	0.026350679482930062
1.0	0.02635286318057512
1.0	0.026355047240179015
1.0	0.026357231661831744
1.0	0.026359416445623344
1.0	0.02636160159164387
1.0	0.02636378709998342
1.0	0.026370345799817563
1.0	0.026372532758334715
1.0	0.026374720079621796
1.0	0.026376907763769077
1.0	0.02637909581086686
1.0	0.026381284221005476
1.0	0.026383472994275285
1.0	0.026387851630570076
1.0	0.026390041493775933
1.0	0.026392231720474727
1.0	0.026398804582434002
1.0	0.026400996264009963
1.0	0.026403188309531717
1.0	0.02640538071908993
1.0	0.026407573492775286
1.0	0.026409766630678514
1.0	0.026411960132890367
1.0	0.02641415399950162
1.0	0.02641634823060309
1.0	0.02641854282628562
1.0	0.02642073778664008
1.0	0.026422933111757373
1.0	0.026425128801728436
1.0	0.02642732485664423
1.0	0.026429521276595744
1.0	0.02643171806167401
1.0	0.026433915211970076
1.0	0.026436112727575026
1.0	0.02643831060857998
1.0	0.026440508855076077
1.0	0.0264427074671545
1.0	0.026444906444906446
1.0	0.026447105788423155
1.0	0.02644930549779589
1.0	0.026451505573115954
1.0	0.02645370601447467
1.0	0.026455906821963394
1.0	0.026458107995673517
1.0	0.026460309535696454
1.0	0.026462511442123658
1.0	0.026464713715046606
1.0	0.026466916354556804
1.0	0.026469119360745797
1.0	0.026471322733705154
1.0	0.026473526473526472
1.0	0.02647573058030139
1.0	0.026477935054121566
1.0	0.02648013989507869
1.0	0.02648234510326449
1.0	0.026484550678770716
1.0	0.026486756621689155
1.0	0.026488962932111622
1.0	0.026491169610129955
1.0	0.02649337665583604
1.0	0.02649558406932178
1.0	0.02649779185067911
1.0	0.0265
1.0	0.026502208517376447
1.0	0.026504417402900483
1.0	0.026506626656664166
1.0	0.026508836278759586
1.0	0.026511046269278866
1.0	0.026513256628314157
1.0	0.026515467355957643
1.0	0.026517678452301536
1.0	0.02652210175145955
1.0	0.026524313954458253
1.0	0.026526526526526525
1.0	0.026528739467756735
1.0	0.02653095277824128
1.0	0.02653316645807259
1.0	0.026535380507343123
1.0	0.026537594926145373
1.0	0.026539809714571858
1.0	0.026542024872715134
1.0	0.02654424040066778
1.0	0.026546456298522415
1.0	0.02654867256637168
1.0	0.02655088920430826
1.0	0.026555323590814195
1.0	0.026557541339569068
1.0	0.02655975945878226
1.0	0.02656197794854661
1.0	0.026564196808954974
1.0	0.026566416040100252
1.0	0.026568635642075362
1.0	0.02657085561497326
1.0	0.02657307595888694
1.0	0.02657529667390941
1.0	0.026577517760133722
1.0	0.02657973921765296
1.0	0.02658196104656023
1.0	0.02658418324694867
1.0	0.026586405818911463
1.0	0.026588628762541807
1.0	0.026590852077932936
1.0	0.026593075765178123
1.0	0.02659529982437066
1.0	0.02659752425560388
1.0	0.026599749058971143
1.0	0.026601974234565836
1.0	0.026604199782481384
1.0	0.0266086519956489
1.0	0.026610878661087866
1.0	0.026613105699221692
1.0	0.026615333110143958
1.0	0.02661756089394827
1.0	0.026619789050728277
1.0	0.026622017580577646
1.0	0.026624246483590085
1.0	0.026626475759859332
1.0	0.026628705409479148
1.0	0.02663093543254334
1.0	0.026633165829145728
1.0	0.026635396599380183
1.0	0.026637627743340594
1.0	0.026639859261120884
1.0	0.026642091152815014
1.0	0.02664432341851697
1.0	0.026646556058320763
1.0	0.026648789072320454
1.0	0.026651022460610123
1.0	0.02665325622328388
1.0	0.026655490360435876
1.0	0.026657724872160282
1.0	0.02665995975855131
1.0	0.026662195019703194
1.0	0.026664430655710215
1.0	0.02666666666666667
1.0	0.02666890305266689
1.0	0.02667113981380525
1.0	0.026673376950176145
1.0	0.026675614461874005
1.0	0.026677852348993288
1.0	0.02668009061162849
1.0	0.02668232924987414
1.0	0.026684568263824787
1.0	0.026686807653575024
1.0	0.026689047419219472
1.0	0.02669128756085278
1.0	0.02669352807856963
1.0	0.026695768972464742
1.0	0.02669801024263286
1.0	0.02670249391216727
1.0	0.026704736311723213
1.0	0.02670697908793147
1.0	0.026709222240886947
1.0	0.026711465770684586
1.0	0.026715953961186256
1.0	0.026718198622080323
1.0	0.026720443660196623
1.0	0.026722689075630253
1.0	0.02672493486847634
1.0	0.026727181038830056
1.0	0.026729427586786585
1.0	0.026731674512441156
1.0	0.02673392181588903
1.0	0.02673841755654587
1.0	0.02674066599394551
1.0	0.026742914809519805
1.0	0.026745164003364172
1.0	0.026747413575574062
1.0	0.026749663526244954
1.0	0.026751913855472365
1.0	0.02675416456335184
1.0	0.026756415649978965
1.0	0.026758667115449344
1.0	0.02676091895985862
1.0	0.026763171183302473
1.0	0.02676542378587661
1.0	0.026767676767676767
1.0	0.02676993012879872
1.0	0.026772183869338273
1.0	0.02677443798939126
1.0	0.026776692489053552
1.0	0.02677894736842105
1.0	0.026781202627589692
1.0	0.026783458266655437
1.0	0.026785714285714284
1.0	0.02678797068486227
1.0	0.02679022746419545
1.0	0.026792484623809926
1.0	0.02679474216380182
1.0	0.026797000084267296
1.0	0.026799258385302546
1.0	0.026801517067003792
1.0	0.026803776129467296
1.0	0.026806035572789346
1.0	0.02680829539706626
1.0	0.026812816188870152
1.0	0.02681507715658993
1.0	0.026817338505650195
1.0	0.026819600236147424
1.0	0.026821862348178137
1.0	0.026824124841838888
1.0	0.026826387717226254
1.0	0.026828650974436853
1.0	0.02683091461356733
1.0	0.02683317863471437
1.0	0.026835443037974683
1.0	0.026837707823445016
1.0	0.026839972991222146
1.0	0.026842238541402885
1.0	0.02684450447408408
1.0	0.0268467707893626
1.0	0.026853572031751392
1.0	0.02685583987838865
1.0	0.026858108108108108
1.0	0.026860376721006843
1.0	0.026862645717181957
1.0	0.026864915096730592
1.0	0.026867184859749916
1.0	0.026869455006337136
1.0	0.026871725536589487
1.0	0.026873996450604242
1.0	0.0268762677484787
1.0	0.0268785394303102
1.0	0.026880811496196113
1.0	0.026883083946233833
1.0	0.026885356780520796
1.0	0.026887629999154478
1.0	0.026889903602232368
1.0	0.026892177589852007
1.0	0.02689445196211096
1.0	0.026896726719106825
1.0	0.026899001860937237
1.0	0.026901277387699856
1.0	0.026903553299492386
1.0	0.026905829596412557
1.0	0.026908106278558133
1.0	0.02691038334602691
1.0	0.026912660798916722
1.0	0.026914938637325435
1.0	0.02691721686135094
1.0	0.02691949547109117
1.0	0.026924053848107695
1.0	0.026926333615580018
1.0	0.026928613769159115
1.0	0.02693089430894309
1.0	0.02693317523503007
1.0	0.026937738246505718
1.0	0.026940020332090815
1.0	0.02694230280437177
1.0	0.026946868909414456
1.0	0.02694915254237288
1.0	0.026951436562420543
1.0	0.026956005764177334
1.0	0.02695829094608342
1.0	0.026960576515472658
1.0	0.026962862472443616
1.0	0.026965148817094886
1.0	0.0269674355495251
1.0	0.026969722669832923
1.0	0.02697201017811705
1.0	0.026974298074476207
1.0	0.026976586359009163
1.0	0.02697887503181471
1.0	0.026981164092991686
1.0	0.0269857433808554
1.0	0.026988033607739964
1.0	0.026990324223391614
1.0	0.026992615227909345
1.0	0.02699490662139219
1.0	0.026997198403939215
1.0	0.026999490575649515
1.0	0.02700178313662223
1.0	0.02700407608695652
1.0	0.02700636942675159
1.0	0.027008663156106675
1.0	0.027020137649757837
1.0	0.027022433718558805
1.0	0.027024730177615364
1.0	0.02702702702702703
1.0	0.027029324266893327
1.0	0.02703162189731384
1.0	0.027033919918388168
1.0	0.02703621833021595
1.0	0.02703851713289686
1.0	0.027040816326530614
1.0	0.02704311591121694
1.0	0.027045415887055623
1.0	0.027047716254146467
1.0	0.027050017012589318
1.0	0.02705231816248405
1.0	0.027054619703930576
1.0	0.027056921637028844
1.0	0.02705922396187883
1.0	0.027061526678580545
1.0	0.027063829787234043
1.0	0.0270661332879394
1.0	0.027068437180796732
1.0	0.027070741465906187
1.0	0.027073046143367956
1.0	0.027075351213282247
1.0	0.02707765667574932
1.0	0.027079962530869455
1.0	0.027082268778742973
1.0	0.02708688245315162
1.0	0.027089189879887555
1.0	0.027091497699778498
1.0	0.02709380591292494
1.0	0.0270961145194274
1.0	0.02709842351938645
1.0	0.027100732912902676
1.0	0.027103042700076706
1.0	0.027105352881009206
1.0	0.02710766345580087
1.0	0.02710997442455243
1.0	0.027112285787364653
1.0	0.027114597544338336
1.0	0.027116909695574315
1.0	0.02711922224117346
1.0	0.027121535181236674
1.0	0.02712384851586489
1.0	0.02712616224515909
1.0	0.02712847636922027
1.0	0.027130790888149476
1.0	0.02713310580204778
1.0	0.027135421111016297
1.0	0.02713773681515617
1.0	0.027140052914568575
1.0	0.02714236940935473
1.0	0.02714468629961588
1.0	0.027151639344262294
1.0	0.027153957817436597
1.0	0.027156276686592654
1.0	0.027158595951831923
1.0	0.027160915613255895
1.0	0.02716323567096609
1.0	0.02716555612506407
1.0	0.02716787697565143
1.0	0.027170198222829803
1.0	0.027172519866700846
1.0	0.027174841907366264
1.0	0.027177164344927784
1.0	0.02717948717948718
1.0	0.027181810411146253
1.0	0.02718413404000684
1.0	0.027186458066170812
1.0	0.027188782489740083
1.0	0.027191107310816587
1.0	0.02719343252950231
1.0	0.027195758145899255
1.0	0.027198084160109475
1.0	0.027200410572235052
1.0	0.027205064590640773
1.0	0.027207392197125257
1.0	0.02720972020193377
1.0	0.027212048605168578
1.0	0.027214377406931965
1.0	0.02721670660732626
1.0	0.02721903620645382
1.0	0.027221366204417053
1.0	0.02722369660131838
1.0	0.027226027397260273
1.0	0.027228358592345236
1.0	0.0272306901866758
1.0	0.027233022180354543
1.0	0.027237687366167024
1.0	0.027240020558506082
1.0	0.027242354150603956
1.0	0.027244688142563398
1.0	0.02724702253448719
1.0	0.02724935732647815
1.0	0.02725169251863913
1.0	0.027254028111073022
1.0	0.027256364103882748
1.0	0.027258700497171266
1.0	0.027261037291041578
1.0	0.02726337448559671
1.0	0.027265712080939725
1.0	0.027268050077173728
1.0	0.02727038847440185
1.0	0.02727272727272727
1.0	0.027275066472253195
1.0	0.027277406073082863
1.0	0.02727974607531955
1.0	0.027282086479066575
1.0	0.027284427284427284
1.0	0.027286768491505062
1.0	0.02728911010040333
1.0	0.02729145211122554
1.0	0.027293794524075186
1.0	0.027296137339055795
1.0	0.027298480556270925
1.0	0.027300824175824176
1.0	0.02730316819781918
1.0	0.02730551262235961
1.0	0.027307857449549163
1.0	0.027310202679491583
1.0	0.027312548312290647
1.0	0.027314894348050164
1.0	0.02731724078687398
1.0	0.02731958762886598
1.0	0.02732193487413008
1.0	0.027324282522770235
1.0	0.027326630574890435
1.0	0.027328979030594707
1.0	0.027331327889987107
1.0	0.027333677153171736
1.0	0.02733602682025273
1.0	0.02733837689133425
1.0	0.027340727366520507
1.0	0.027343078245915736
1.0	0.027345429529624217
1.0	0.027347781217750257
1.0	0.027350133310398213
1.0	0.02735248580767246
1.0	0.02735483870967742
1.0	0.02735719201651755
1.0	0.02735954572829734
1.0	0.027364254367094054
1.0	0.027366609294320138
1.0	0.02737132036495094
1.0	0.027373676508565033
1.0	0.02737603305785124
1.0	0.027378390012914335
1.0	0.027380747373859135
1.0	0.02738310514079049
1.0	0.027385463313813297
1.0	0.02738782189303247
1.0	0.02739018087855297
1.0	0.0273925402704798
1.0	0.02739490006891799
1.0	0.0273972602739726
1.0	0.02739962088574875
1.0	0.02740198190435157
1.0	0.027404343329886244
1.0	0.027406705162457985
1.0	0.027411430049133694
1.0	0.027413793103448277
1.0	0.02741615656522114
1.0	0.027418520434557683
1.0	0.027420884711563336
1.0	0.027423249396343566
1.0	0.02742561448900388
1.0	0.02742797998964982
1.0	0.027430345898386957
1.0	0.027432712215320912
1.0	0.027435078940557328
1.0	0.0274374460742019
1.0	0.02743981361636034
1.0	0.02744218156713842
1.0	0.027444549926641925
1.0	0.027446918694976695
1.0	0.0274492878722486
1.0	0.027451657458563535
1.0	0.027454027454027453
1.0	0.02745639785874633
1.0	0.02745876867282618
1.0	0.027461139896373058
1.0	0.027463511529493046
1.0	0.02746588357229228
1.0	0.02746825602487691
1.0	0.027470628887353143
1.0	0.027473002159827214
1.0	0.027475375842405392
1.0	0.027477749935193987
1.0	0.027480124438299343
1.0	0.027482499351827845
1.0	0.027484874675885913
1.0	0.02748725041058
1.0	0.027489626556016597
1.0	0.027492003112302238
1.0	0.02749438007954349
1.0	0.02749675745784695
1.0	0.027499135247319267
1.0	0.02750151344806711
1.0	0.027503892060197196
1.0	0.02750627108381628
1.0	0.027508650519031144
1.0	0.02751103036594861
1.0	0.02751341062467555
1.0	0.027515791295318854
1.0	0.027518172377985463
1.0	0.027520553872782346
1.0	0.027522935779816515
1.0	0.027525318099195013
1.0	0.02752770083102493
1.0	0.027530083975413386
1.0	0.027532467532467533
1.0	0.02753485150229457
1.0	0.027537235885001732
1.0	0.027539620680696285
1.0	0.027542005889485535
1.0	0.02754439151147683
1.0	0.02754677754677755
1.0	0.027549163995495105
1.0	0.027551550857736962
1.0	0.027553938133610605
1.0	0.02755632582322357
1.0	0.027558713926683423
1.0	0.027561102444097763
1.0	0.02756349137557424
1.0	0.02756588072122053
1.0	0.027568270481144342
1.0	0.027570660655453442
1.0	0.027573051244255613
1.0	0.027575442247658687
1.0	0.027577833665770532
1.0	0.027580225498699047
1.0	0.027582617746552174
1.0	0.02758501040943789
1.0	0.027587403487464215
1.0	0.027589796980739198
1.0	0.027592190889370934
1.0	0.027594585213467547
1.0	0.027596979953137205
1.0	0.02759937510848811
1.0	0.027601770679628504
1.0	0.027604166666666666
1.0	0.02760656306971091
1.0	0.027608959888869595
1.0	0.027611357124251105
1.0	0.027613754775963877
1.0	0.02761615284411637
1.0	0.027618551328817093
1.0	0.027620950230174586
1.0	0.02762334954829743
1.0	0.02762574928329424
1.0	0.027628149435273676
1.0	0.027630550004344424
1.0	0.027632950990615225
1.0	0.02763535239419484
1.0	0.027637754215192073
1.0	0.027640156453715776
1.0	0.027642559109874825
1.0	0.027644962183778144
1.0	0.02764736567553469
1.0	0.027649769585253458
1.0	0.02765217391304348
1.0	0.02765457865901383
1.0	0.027656983823273612
1.0	0.027659389405931982
1.0	0.027661795407098122
1.0	0.027664201826881254
1.0	0.027666608665390637
1.0	0.02767142359902541
1.0	0.027673831694369506
1.0	0.027676240208877285
1.0	0.027678649142658194
1.0	0.027681058495821725
1.0	0.02768346826847741
1.0	0.02768587846073481
1.0	0.027688289072703525
1.0	0.027690700104493208
1.0	0.027693111556213533
1.0	0.02769552342797422
1.0	0.027697935719885027
1.0	0.02770034843205575
1.0	0.02770517511761631
1.0	0.02770758909122593
1.0	0.02771000348553503
1.0	0.027712418300653595
1.0	0.027731751983953955
1.0	0.02773417059131345
1.0	0.02773658962058439
1.0	0.02773900907187718
1.0	0.027741428945302276
1.0	0.02774384924097016
1.0	0.027746269958991363
1.0	0.02774869109947644
1.0	0.02776807544533706
1.0	0.027770500392978778
1.0	0.02777292576419214
1.0	0.02777535155908813
1.0	0.027777777777777776
1.0	0.02778020442037215
1.0	0.027782631486982352
1.0	0.027785058977719528
1.0	0.027787486892694863
1.0	0.027789915232019576
1.0	0.02779234399580493
1.0	0.027794773184162222
1.0	0.027797202797202797
1.0	0.02779963283503803
1.0	0.02780206329777933
1.0	0.027804494185538167
1.0	0.027806925498426022
1.0	0.02780935723655444
1.0	0.027811789400034984
1.0	0.02781422198897927
1.0	0.02781665500349895
1.0	0.027819088443705713
1.0	0.027826391319565977
1.0	0.02782882646363875
1.0	0.02783126203395764
1.0	0.027833698030634572
1.0	0.027836134453781514
1.0	0.027838571303510463
1.0	0.027841008579933463
1.0	0.027843446283162595
1.0	0.02784588441330998
1.0	0.027848322970487782
1.0	0.027850761954808196
1.0	0.027853201366383463
1.0	0.027855641205325857
1.0	0.0278580814717477
1.0	0.027860522165761344
1.0	0.02786296328747919
1.0	0.02786540483701367
1.0	0.027867846814477258
1.0	0.027872732053641863
1.0	0.02787517531556802
1.0	0.027877619005873586
1.0	0.027880063124671225
1.0	0.02788250767207365
1.0	0.027884952648193618
1.0	0.02788739805314391
1.0	0.02788984388703736
1.0	0.027892290149986843
1.0	0.027894736842105264
1.0	0.02789718396350557
1.0	0.027899631514300756
1.0	0.027902079494603844
1.0	0.027906976744186046
1.0	0.027909426013691417
1.0	0.027911875713157203
1.0	0.027914325842696628
1.0	0.027916776402422964
1.0	0.02791922739244952
1.0	0.02792167881288963
1.0	0.02792413066385669
1.0	0.027926582945464126
1.0	0.0279290356578254
1.0	0.02793148880105402
1.0	0.02793394237526353
1.0	0.027936396380567514
1.0	0.0279388508170796
1.0	0.027941305684913452
1.0	0.02794376098418278
1.0	0.027946216715001318
1.0	0.02794867287748286
1.0	0.02795112947174123
1.0	0.027953586497890294
1.0	0.027956043956043956
1.0	0.02795850184631616
1.0	0.02796096016882089
1.0	0.027963418923672177
1.0	0.027965878110984083
1.0	0.027968337730870714
1.0	0.027970797783446213
1.0	0.027973258268824772
1.0	0.027975719187120614
1.0	0.027978180538448003
1.0	0.02798064232292125
1.0	0.0279831045406547
1.0	0.027985567191762737
1.0	0.027988030276359797
1.0	0.02799049379456034
1.0	0.027992957746478874
1.0	0.027995422132229948
1.0	0.027997886951928157
1.0	0.028000352205688122
1.0	0.028002817893624514
1.0	0.028005284015852047
1.0	0.028012684989429177
1.0	0.028017621145374448
1.0	0.02802008987575998
1.0	0.028022559041240746
1.0	0.02802502864193179
1.0	0.028027498677948175
1.0	0.028029969149405025
1.0	0.02803244005641749
1.0	0.028034911399100765
1.0	0.028039855391940746
1.0	0.028042328042328042
1.0	0.02804480112884734
1.0	0.02804727465161404
1.0	0.028049748610743584
1.0	0.02805222300635145
1.0	0.028054697838553154
1.0	0.028057173107464268
1.0	0.02805964881320039
1.0	0.028062124955877163
1.0	0.028064601535610273
1.0	0.028067078552515445
1.0	0.02806955600670845
1.0	0.028072033898305086
1.0	0.028074512227421206
1.0	0.0280769909941727
1.0	0.0280794701986755
1.0	0.02808194984104557
1.0	0.028084429921398923
1.0	0.028086910439851617
1.0	0.028089391396519742
1.0	0.028091872791519434
1.0	0.02809435462496687
1.0	0.028096836896978266
1.0	0.028099319607669877
1.0	0.028101802757158005
1.0	0.028104286345558994
1.0	0.028106770372989216
1.0	0.0281092548395651
1.0	0.02811173974540311
1.0	0.02811422509061975
1.0	0.028116710875331564
1.0	0.02811919709965514
1.0	0.02812168376370711
1.0	0.028124170867604138
1.0	0.02812665841146294
1.0	0.028129146395400265
1.0	0.02813163481953291
1.0	0.028134123683977705
1.0	0.02813661298885153
1.0	0.028139102734271303
1.0	0.028141592920353984
1.0	0.028144083547216567
1.0	0.028146574614976102
1.0	0.028149066123749667
1.0	0.028151558073654392
1.0	0.028154050464807436
1.0	0.028156543297326014
1.0	0.02815903657132737
1.0	0.0281615302869288
1.0	0.02816402444424763
1.0	0.02816651904340124
1.0	0.028169014084507043
1.0	0.028171509567682496
1.0	0.028174005493045096
1.0	0.028176501860712386
1.0	0.02817899867080195
1.0	0.02818149592343141
1.0	0.028183993618718425
1.0	0.028186491756780712
1.0	0.028188990337736017
1.0	0.028191489361702127
1.0	0.028196488739138145
1.0	0.02819898909284384
1.0	0.028201489890031926
1.0	0.0282039911308204
1.0	0.028206492815327302
1.0	0.02820899494367072
1.0	0.028211497515968773
1.0	0.028214000532339634
1.0	0.028216503992901508
1.0	0.028219007897772652
1.0	0.028221512247071354
1.0	0.028224017040915948
1.0	0.028226522279424817
1.0	0.02822902796271638
1.0	0.028231534090909092
1.0	0.02823404066412146
1.0	0.02823654768247203
1.0	0.028286781711439245
1.0	0.02828929810515079
1.0	0.028291814946619216
1.0	0.028294332235964052
1.0	0.02829684997330486
1.0	0.028299368158761235
1.0	0.02830188679245283
0.9968553459119497	0.028215398308856252
0.9968553459119497	0.028217909916325442
0.9968553459119497	0.028220421970978366
0.9968553459119497	0.028222934472934474
0.9968553459119497	0.02822544742231324
0.9968553459119497	0.028227960819234194
0.9968553459119497	0.028230474663816903
0.9968553459119497	0.028232988956180975
0.9968553459119497	0.028235503696446066
0.9968553459119497	0.02823801888473187
0.9968553459119497	0.028240534521158128
0.9968553459119497	0.02824305060584462
0.9968553459119497	0.028245567138911163
0.9968553459119497	0.028248084120477635
0.9968553459119497	0.028250601550663935
0.9968553459119497	0.028253119429590016
0.9968553459119497	0.02825563775737588
0.9968553459119497	0.028258156534141557
0.9968553459119497	0.028260675760007133
0.9968553459119497	0.028263195435092724
0.9968553459119497	0.028273278630039245
0.9968553459119497	0.028275800553028276
0.9968553459119497	0.028278322925958964
0.9968553459119497	0.028280845748951736
0.9968553459119497	0.028283369022127053
0.9968553459119497	0.028285892745605425
0.9968553459119497	0.028288416919507408
0.9968553459119497	0.02829094154395359
0.9968553459119497	0.02829346661906462
0.9968553459119497	0.02829599214496117
0.9968553459119497	0.028298518121763972
0.9968553459119497	0.028301044549593785
0.9968553459119497	0.028303571428571428
0.9968553459119497	0.02830609875881775
0.9968553459119497	0.028308626540453654
0.9968553459119497	0.02831115477360007
0.9968553459119497	0.02831368345837799
0.9968553459119497	0.028316212594908442
0.9968553459119497	0.02832127222371125
0.9968553459119497	0.028323802716225876
0.9968553459119497	0.02832633366097757
0.9968553459119497	0.028328865058087578
0.9968553459119497	0.02833139690767718
0.9968553459119497	0.0283389951725371
0.9968553459119497	0.028341528833258828
0.9968553459119497	0.02834406294706724
0.9968553459119497	0.028346597514083877
0.9968553459119497	0.028349132534430336
0.9968553459119497	0.028354203935599284
0.9968553459119497	0.028356740316665175
0.9968553459119497	0.028359277151547683
0.9968553459119497	0.028361814440368616
0.9968553459119497	0.02836435218324982
0.9968553459119497	0.0283668903803132
0.9968553459119497	0.028369429031680687
0.9968553459119497	0.02837196813747427
0.9968553459119497	0.02837450769781597
0.9968553459119497	0.028377047712827858
0.9968553459119497	0.02837958818263205
0.9968553459119497	0.028382129107350704
0.9968553459119497	0.028384670487106016
0.9968553459119497	0.028389754612215656
0.9968553459119497	0.028392297357814598
0.9968553459119497	0.028394840558939448
0.9968553459119497	0.028397384215712623
0.9968553459119497	0.028399928328256586
0.9968553459119497	0.028402472896693846
0.9968553459119497	0.028405017921146955
0.9968553459119497	0.028407563401738507
0.9968553459119497	0.028410109338591144
0.9968553459119497	0.028412655731827552
0.9968553459119497	0.028415202581570456
0.9968553459119497	0.028417749887942628
0.9968553459119497	0.02842029765106688
0.9968553459119497	0.028422845871066083
0.9968553459119497	0.02842539454806313
0.9968553459119497	0.02842794368218097
0.9968553459119497	0.0284304932735426
0.9968553459119497	0.028435593828489415
0.9968553459119497	0.028438144792320805
0.9968553459119497	0.02844069621388839
0.9968553459119497	0.028443248093315388
0.9968553459119497	0.028445800430725053
0.9968553459119497	0.02844835322624069
0.9968553459119497	0.028453460192083297
0.9968553459119497	0.02845601436265709
0.9968553459119497	0.028458568991830507
0.9968553459119497	0.02846112407972706
0.9968553459119497	0.028463679626470326
0.9968553459119497	0.02846623563218391
0.9968553459119497	0.028468792096991467
0.9968553459119497	0.028471349021016706
0.9968553459119497	0.028473906404383364
0.9968553459119497	0.028476464247215234
0.9968553459119497	0.028479022549636152
0.9968553459119497	0.02848158131176999
0.9968553459119497	0.028484140533740678
0.9968553459119497	0.028486700215672178
0.9968553459119497	0.028489260357688506
0.9968553459119497	0.028491820959913716
0.9968553459119497	0.02849438202247191
0.9968553459119497	0.028496943545487236
0.9968553459119497	0.02849950552908388
0.9968553459119497	0.028502067973386083
0.9968553459119497	0.02850463087851812
0.9968553459119497	0.028507194244604316
0.9968553459119497	0.028509758071769045
0.9968553459119497	0.02851488710983179
0.9968553459119497	0.02851745232097877
0.9968553459119497	0.028520017993702206
0.9968553459119497	0.028522584128126686
0.9968553459119497	0.028525150724376856
0.9968553459119497	0.028527717782577393
0.9968553459119497	0.02853028530285303
0.9968553459119497	0.028532853285328532
0.9968553459119497	0.028535421730128723
0.9968553459119497	0.028543129839726275
0.9968553459119497	0.02856370517210308
0.9968553459119497	0.028566279174551682
0.9968553459119497	0.028568853640951693
0.9968553459119497	0.02857142857142857
0.9968553459119497	0.028574003966107805
0.9968553459119497	0.028576579825114936
0.9968553459119497	0.02857915614857555
0.9968553459119497	0.028581732936615274
0.9968553459119497	0.028584310189359783
0.9968553459119497	0.0285868879069348
0.9968553459119497	0.028589466089466088
0.9968553459119497	0.028592044737079464
0.9968553459119497	0.028594623849900774
0.9968553459119497	0.028597203428055933
0.9968553459119497	0.028599783471670876
0.9968553459119497	0.028602363980871605
0.9968553459119497	0.028604944955784153
0.9968553459119497	0.02860752639653461
0.9968553459119497	0.028610108303249098
0.9968553459119497	0.028612690676053796
0.9968553459119497	0.028615273515074924
0.9968553459119497	0.028617856820438745
0.9968553459119497	0.02862044059227158
0.9968553459119497	0.028623024830699773
0.9968553459119497	0.02862560953584974
0.9968553459119497	0.02862819470784792
0.9968553459119497	0.02863078034682081
0.9968553459119497	0.02863336645289495
0.9968553459119497	0.02863595302619693
0.9968553459119497	0.028638540066853374
0.9968553459119497	0.028641127574990963
0.9968553459119497	0.02864630399421652
0.9968553459119497	0.028648892905558065
0.9968553459119497	0.028651482284887925
0.9968553459119497	0.028654072132333
0.9968553459119497	0.02865666244802025
0.9968553459119497	0.028659253232076666
0.9968553459119497	0.028661844484629294
0.9968553459119497	0.028664436205805225
0.9968553459119497	0.028667028395731597
0.9968553459119497	0.028669621054535587
0.9968553459119497	0.02867221418234443
0.9968553459119497	0.02867480777928539
0.9968553459119497	0.028679996381073013
0.9968553459119497	0.028682591386174447
0.9968553459119497	0.028685186860917564
0.9968553459119497	0.028687782805429864
0.9968553459119497	0.0286903792198389
0.9968553459119497	0.028692976104272266
0.9968553459119497	0.028695573458857607
0.9968553459119497	0.028698171283722613
0.9968553459119497	0.02870076957899502
0.9968553459119497	0.028703368344802607
0.9968553459119497	0.028705967581273206
0.9968553459119497	0.028708567288534687
0.9968553459119497	0.02871116746671497
0.9968553459119497	0.028713768115942027
0.9968553459119497	0.02871636923634387
0.9968553459119497	0.02871897082804856
0.9968553459119497	0.0287215728911842
0.9968553459119497	0.02872417542587894
0.9968553459119497	0.02872677843226099
0.9968553459119497	0.028729381910458582
0.9968553459119497	0.028731985860600016
0.9968553459119497	0.028734590282813634
0.9968553459119497	0.028737195177227812
0.9968553459119497	0.02874240638317164
0.9968553459119497	0.02874501269495829
0.9968553459119497	0.02874761947945951
0.9968553459119497	0.028750226736803917
0.9968553459119497	0.02875283446712018
0.9968553459119497	0.02875544267053701
0.9968553459119497	0.028758051347183164
0.9968553459119497	0.028760660497187444
0.9968553459119497	0.028763270120678704
0.9968553459119497	0.028765880217785846
0.9968553459119497	0.02876849078863781
0.9968553459119497	0.028771101833363587
0.9968553459119497	0.028773713352092223
0.9968553459119497	0.028776325344952797
0.9968553459119497	0.028778937812074443
0.9968553459119497	0.028781550753586346
0.9968553459119497	0.028784164169617724
0.9968553459119497	0.028786778060297856
0.9968553459119497	0.028789392425756063
0.9968553459119497	0.028792007266121706
0.9968553459119497	0.028794622581524206
0.9968553459119497	0.028797238372093022
0.9968553459119497	0.028799854637957662
0.9968553459119497	0.02880247137924768
0.9968553459119497	0.02880770628862232
0.9968553459119497	0.028810324456966283
0.9968553459119497	0.028812943101254318
0.9968553459119497	0.028815562221616218
0.9968553459119497	0.02881818181818182
0.9968553459119497	0.028820801891081008
0.9968553459119497	0.028823422440443718
0.9968553459119497	0.028826043466399928
0.9968553459119497	0.028828664969079664
0.9968553459119497	0.028831286948613005
0.9968553459119497	0.02883390940513007
0.9968553459119497	0.02883653233876103
0.9968553459119497	0.028839155749636098
0.9968553459119497	0.028841779637885544
0.9968553459119497	0.028844404003639672
0.9968553459119497	0.028847028847028847
0.9968553459119497	0.028849654168183473
0.9968553459119497	0.028852279967234003
0.9968553459119497	0.028854906244310943
0.9968553459119497	0.028857532999544834
0.9968553459119497	0.028860160233066277
0.9968553459119497	0.028862787945005918
0.9968553459119497	0.028865416135494447
0.9968553459119497	0.0288680448046626
0.9968553459119497	0.028870673952641167
0.9968553459119497	0.02887330357956098
0.9968553459119497	0.028875933685552923
0.9968553459119497	0.028878564270747926
0.9968553459119497	0.028881195335276968
0.9968553459119497	0.02888382687927107
0.9968553459119497	0.028886458902861307
0.9968553459119497	0.02889435785252028
0.9968553459119497	0.028896991795806747
0.9968553459119497	0.02889962621934543
0.9968553459119497	0.028902261123267686
0.9968553459119497	0.028904896507704933
0.9968553459119497	0.02890753237278862
0.9968553459119497	0.02891016871865025
0.9968553459119497	0.028912805545421378
0.9968553459119497	0.028915442853233605
0.9968553459119497	0.028918080642218572
0.9968553459119497	0.028920718912507984
0.9968553459119497	0.028941842417602483
0.9968553459119497	0.028944485025566107
0.9968553459119497	0.028947128116153777
0.9968553459119497	0.02894977168949772
0.9968553459119497	0.028952415745730202
0.9968553459119497	0.02895506028498356
0.9968553459119497	0.028957705307390152
0.9968553459119497	0.028960350813082406
0.9968553459119497	0.028962996802192782
0.9968553459119497	0.028965643274853802
0.9968553459119497	0.028968290231198027
0.9968553459119497	0.02897093767135807
0.9968553459119497	0.028973585595466592
0.9968553459119497	0.028976234003656308
0.9968553459119497	0.028997438712038054
0.9968553459119497	0.02900009148293843
0.9968553459119497	0.029002744739249773
0.9968553459119497	0.029005398481105317
0.9968553459119497	0.02900805270863836
0.9968553459119497	0.029010707421982244
0.9968553459119497	0.029013362621270366
0.9968553459119497	0.029016018306636155
0.9968553459119497	0.02901867447821311
0.9968553459119497	0.02902133113613476
0.9968553459119497	0.02902664591154656
0.9968553459119497	0.02902930402930403
0.9968553459119497	0.02903196263394084
0.9968553459119497	0.029034621725590768
0.9968553459119497	0.029037281304387652
0.9968553459119497	0.029039941370465373
0.9968553459119497	0.029042601923957856
0.9968553459119497	0.029045262964999083
0.9968553459119497	0.029047924493723083
0.9968553459119497	0.029050586510263928
0.9968553459119497	0.029053249014755752
0.9968553459119497	0.02905591200733272
0.9968553459119497	0.029058575488129068
0.9968553459119497	0.02906123945727906
0.9968553459119497	0.029063903914917026
0.9968553459119497	0.029066568861177335
0.9968553459119497	0.029069234296194405
0.9968553459119497	0.029071900220102715
0.9968553459119497	0.02907456663303678
0.9968553459119497	0.02907723353513117
0.9968553459119497	0.0290799009265205
0.9968553459119497	0.02908256880733945
0.9968553459119497	0.029085237177722725
0.9968553459119497	0.029087906037805103
0.9968553459119497	0.02909057538772139
0.9968553459119497	0.02909324522760646
0.9968553459119497	0.029095915557595227
0.9968553459119497	0.029098586377822654
0.9968553459119497	0.029101257688423757
0.9968553459119497	0.029103929489533602
0.9968553459119497	0.0291066017812873
0.9968553459119497	0.02910927456382002
0.9968553459119497	0.029111947837266967
0.9968553459119497	0.02911462160176341
0.9968553459119497	0.02911729585744466
0.9968553459119497	0.02911997060444608
0.9968553459119497	0.029122645842903076
0.9968553459119497	0.02912532157295112
0.9968553459119497	0.02912799779472572
0.9968553459119497	0.029133351713996874
0.9968553459119497	0.029136029411764706
0.9968553459119497	0.029141386284243426
0.9968553459119497	0.02914406545922589
0.9968553459119497	0.029146745126884883
0.9968553459119497	0.029149425287356322
0.9968553459119497	0.029152105940776163
0.9968553459119497	0.02915478708728042
0.9968553459119497	0.029162833486660534
0.9968553459119497	0.02916551660686356
0.9968553459119497	0.0291682002208318
0.9968553459119497	0.029170884328701574
0.9968553459119497	0.02917356893060924
0.9968553459119497	0.02917625402669121
0.9968553459119497	0.029178939617083947
0.9968553459119497	0.029181625701923963
0.9968553459119497	0.029184312281347817
0.9968553459119497	0.029186999355492127
0.9968553459119497	0.029189686924493554
0.9968553459119497	0.029192374988488812
0.9968553459119497	0.029195063547614662
0.9968553459119497	0.02919775260200792
0.9968553459119497	0.029200442151805454
0.9968553459119497	0.029203132197144172
0.9968553459119497	0.029205822738161046
0.9968553459119497	0.02920851377499309
0.9968553459119497	0.029211205307777367
0.9968553459119497	0.029213897336651
0.9968553459119497	0.02921658986175115
0.9968553459119497	0.029219282883215042
0.9968553459119497	0.02922197640117994
0.9968553459119497	0.029224670415783166
0.9968553459119497	0.02922736492716209
0.9968553459119497	0.029230059935454127
0.9968553459119497	0.029232755440796752
0.9968553459119497	0.029235451443327492
0.9968553459119497	0.029238147943183915
0.9968553459119497	0.029240844940503642
0.9968553459119497	0.029243542435424354
0.9968553459119497	0.029246240428083773
0.9968553459119497	0.029248938918619672
0.9968553459119497	0.02925163790716988
0.9968553459119497	0.029254337393872277
0.9968553459119497	0.02925703737886479
0.9968553459119497	0.029259737862285397
0.9968553459119497	0.029262438844272133
0.9968553459119497	0.029265140324963072
0.9968553459119497	0.029267842304496354
0.9968553459119497	0.029273247760642718
0.9968553459119497	0.029275951237532325
0.9968553459119497	0.029278655213817308
0.9968553459119497	0.02928135968963606
0.9968553459119497	0.02928406466512702
0.9968553459119497	0.029286770140428676
0.9968553459119497	0.029297597042513862
0.9968553459119497	0.029300305018948147
0.9968553459119497	0.029303013496025144
0.9968553459119497	0.029305722473883702
0.9968553459119497	0.029308431952662722
0.9968553459119497	0.029311141932501155
0.9968553459119497	0.029313852413538007
0.9968553459119497	0.029316563395912328
0.9968553459119497	0.029319274879763227
0.9968553459119497	0.029321986865229858
0.9968553459119497	0.029324699352451435
0.9968553459119497	0.029327412341567213
0.9968553459119497	0.029330125832716505
0.9968553459119497	0.029332839826038678
0.9968553459119497	0.029335554321673146
0.9968553459119497	0.029338269319759372
0.9968553459119497	0.029340984820436875
0.9968553459119497	0.02934370082384523
0.9968553459119497	0.029346417330124053
0.9968553459119497	0.029349134339413017
0.9968553459119497	0.02935185185185185
0.9968553459119497	0.02935456986758033
0.9968553459119497	0.029357288386738286
0.9968553459119497	0.029360007409465594
0.9968553459119497	0.029362726935902184
0.9968553459119497	0.02936544696618805
0.9968553459119497	0.02936816750046322
0.9968553459119497	0.029370888538867785
0.9968553459119497	0.029373610081541882
0.9968553459119497	0.029376332128625705
0.9968553459119497	0.0293790546802595
0.9968553459119497	0.029381777736583556
0.9968553459119497	0.029384501297738227
0.9968553459119497	0.02938722536386391
0.9968553459119497	0.029389949935101058
0.9968553459119497	0.02939267501159017
0.9968553459119497	0.02939540059347181
0.9968553459119497	0.02939812668088658
0.9968553459119497	0.029400853273975142
0.9968553459119497	0.029403580372878213
0.9968553459119497	0.029406307977736548
0.9968553459119497	0.029409036088690974
0.9968553459119497	0.029411764705882353
0.9968553459119497	0.029439078751857355
0.9968553459119497	0.029441812946967585
0.9968553459119497	0.029444547650009287
0.9968553459119497	0.029447282861124014
0.9968553459119497	0.029450018580453364
0.9968553459119497	0.029452754808138994
0.9968553459119497	0.029455491544322615
0.9968553459119497	0.02945822878914599
0.9968553459119497	0.02946096654275093
0.9968553459119497	0.029463704805279302
0.9968553459119497	0.029466443576873023
0.9968553459119497	0.029469182857674074
0.9968553459119497	0.02947192264782447
0.9968553459119497	0.029474662947466295
0.9937106918238994	0.029384415101357635
0.9937106918238994	0.029387147772714593
0.9937106918238994	0.029389880952380952
0.9937106918238994	0.029392614640498558
0.9937106918238994	0.029395348837209304
0.9937106918238994	0.02939808354265513
0.9937106918238994	0.02940081875697804
0.9937106918238994	0.029406290712823375
0.9937106918238994	0.02940902745463006
0.9937106918238994	0.029411764705882353
0.9937106918238994	0.029414502466722517
0.9937106918238994	0.02941724073729287
0.9937106918238994	0.02941997951773578
0.9937106918238994	0.02942271880819367
0.9937106918238994	0.029425458608809015
0.9937106918238994	0.029428198919724344
0.9937106918238994	0.02943093974108224
0.9937106918238994	0.029433681073025336
0.9937106918238994	0.02943642291569632
0.9937106918238994	0.029439165269237934
0.9937106918238994	0.029441908133792976
0.9937106918238994	0.029444651509504285
0.9937106918238994	0.02944739539651477
0.9937106918238994	0.02945013979496738
0.9937106918238994	0.029452884705005126
0.9937106918238994	0.02946112250606004
0.9937106918238994	0.029463869463869464
0.9937106918238994	0.02946661693397986
0.9937106918238994	0.02946936491653455
0.9937106918238994	0.029472113411676926
0.9937106918238994	0.029474862419550416
0.9937106918238994	0.029477611940298507
0.9937106918238994	0.029480361974064746
0.9937106918238994	0.029483112520992723
0.9937106918238994	0.02948586358122609
0.9937106918238994	0.029488615154908547
0.9937106918238994	0.029502380730090563
0.9937106918238994	0.029505135387488328
0.9937106918238994	0.02950789055934261
0.9937106918238994	0.029510646245797533
0.9937106918238994	0.02952167414050822
0.9937106918238994	0.029524432402130246
0.9937106918238994	0.02952719117921884
0.9937106918238994	0.029529950471918514
0.9937106918238994	0.029532710280373832
0.9937106918238994	0.029535470604729414
0.9937106918238994	0.02953823144512993
0.9937106918238994	0.02954099280172011
0.9937106918238994	0.029543754674644727
0.9937106918238994	0.029546517064048622
0.9937106918238994	0.02954927997007668
0.9937106918238994	0.02955204339287384
0.9937106918238994	0.02955480733258511
0.9937106918238994	0.029557571789355534
0.9937106918238994	0.029560336763330215
0.9937106918238994	0.029563102254654316
0.9937106918238994	0.029565868263473054
0.9937106918238994	0.029585244827263366
0.9937106918238994	0.029590785654087463
0.9937106918238994	0.02959355684585128
0.9937106918238994	0.029596328556710686
0.9937106918238994	0.02959910078681154
0.9937106918238994	0.029601873536299766
0.9937106918238994	0.029604646805321343
0.9937106918238994	0.0296074205940223
0.9937106918238994	0.029610194902548726
0.9937106918238994	0.02961296973104676
0.9937106918238994	0.029615745079662605
0.9937106918238994	0.029618520948542507
0.9937106918238994	0.02962129733783277
0.9937106918238994	0.02962407424767976
0.9937106918238994	0.029626851678229888
0.9937106918238994	0.02962962962962963
0.9937106918238994	0.029632408102025505
0.9937106918238994	0.0296351870955641
0.9937106918238994	0.029637966610392048
0.9937106918238994	0.029640746646656037
0.9937106918238994	0.029643527204502813
0.9937106918238994	0.029646308284079183
0.9937106918238994	0.029649089885531995
0.9937106918238994	0.029651872009008165
0.9937106918238994	0.029654654654654656
0.9937106918238994	0.02965743782261849
0.9937106918238994	0.029660221513046744
0.9937106918238994	0.029663005726086548
0.9937106918238994	0.029665790461885094
0.9937106918238994	0.029668575720589615
0.9937106918238994	0.029671361502347417
0.9937106918238994	0.02967414780730585
0.9937106918238994	0.029676934635612322
0.9937106918238994	0.029679721987414295
0.9937106918238994	0.02968250986285929
0.9937106918238994	0.02968529826209488
0.9937106918238994	0.029688087185268695
0.9937106918238994	0.029690876632528423
0.9937106918238994	0.029693666604021802
0.9937106918238994	0.029696457099896625
0.9937106918238994	0.029699248120300753
0.9937106918238994	0.029702039665382086
0.9937106918238994	0.029704831735288588
0.9937106918238994	0.02970762433016828
0.9937106918238994	0.029710417450169238
0.9937106918238994	0.029713211095439587
0.9937106918238994	0.029716005266127516
0.9937106918238994	0.029718799962381266
0.9937106918238994	0.029721595184349133
0.9937106918238994	0.029724390932179476
0.9937106918238994	0.029727187206020696
0.9937106918238994	0.029729984006021264
0.9937106918238994	0.029732781332329695
0.9937106918238994	0.02973557918509457
0.9937106918238994	0.02973837756446452
0.9937106918238994	0.029811320754716982
0.9937106918238994	0.02981413340881215
0.9937106918238994	0.029816946593696925
0.9937106918238994	0.029819760309521562
0.9937106918238994	0.02982257455643639
0.9937106918238994	0.02982538933459179
0.9937106918238994	0.02982820464413819
0.9937106918238994	0.02983102048522609
0.9937106918238994	0.029833836858006044
0.9937106918238994	0.02983947119924457
0.9937106918238994	0.02984228916800453
0.9937106918238994	0.029845107669059314
0.9937106918238994	0.029847926702559743
0.9937106918238994	0.029850746268656716
0.9937106918238994	0.02985356636750118
0.9937106918238994	0.02985638699924414
0.9937106918238994	0.02985920816403666
0.9937106918238994	0.029862029862029862
0.9937106918238994	0.029864852093374916
0.9937106918238994	0.029867674858223062
0.9937106918238994	0.02987049815672559
0.9937106918238994	0.029876146355299234
0.9937106918238994	0.029878971255673223
0.9937106918238994	0.029881796690307327
0.9937106918238994	0.02988462265935313
0.9937106918238994	0.02988744916296226
0.9937106918238994	0.02989027620128642
0.9937106918238994	0.029893103774477344
0.9937106918238994	0.02989593188268685
0.9937106918238994	0.029898760526066798
0.9937106918238994	0.029901589704769114
0.9937106918238994	0.029904419418945775
0.9937106918238994	0.029907249668748817
0.9937106918238994	0.029910080454330336
0.9937106918238994	0.029912911775842484
0.9937106918238994	0.02991574363343747
0.9937106918238994	0.029918576027267562
0.9937106918238994	0.029921408957485088
0.9937106918238994	0.029924242424242423
0.9937106918238994	0.029927076427692018
0.9937106918238994	0.029929910967986362
0.9937106918238994	0.029932746045278014
0.9937106918238994	0.02993558165971959
0.9937106918238994	0.02994409172747086
0.9937106918238994	0.029946929492039424
0.9937106918238994	0.029949767794521846
0.9937106918238994	0.02995260663507109
0.9937106918238994	0.029955446013840176
0.9937106918238994	0.029958285930982178
0.9937106918238994	0.029961126386650234
0.9937106918238994	0.029963967380997533
0.9937106918238994	0.029966808914177336
0.9937106918238994	0.029969650986342945
0.9937106918238994	0.02997249359764773
0.9937106918238994	0.029975336748245113
0.9937106918238994	0.029978180438288586
0.9937106918238994	0.029981024667931688
0.9937106918238994	0.02998386943732802
0.9937106918238994	0.02998671474663124
0.9937106918238994	0.029989560595995064
0.9937106918238994	0.02999240698557327
0.9937106918238994	0.029995253915519698
0.9937106918238994	0.030000949397132822
0.9937106918238994	0.030003797949107482
0.9937106918238994	0.030006647042066282
0.9937106918238994	0.030009496676163344
0.9937106918238994	0.030012346851552855
0.9937106918238994	0.03001519756838906
0.9937106918238994	0.030018048826826255
0.9937106918238994	0.03002090062701881
0.9937106918238994	0.030023752969121142
0.9937106918238994	0.030026605853287723
0.9937106918238994	0.0300294592796731
0.9937106918238994	0.030032313248431856
0.9937106918238994	0.030035167759718658
0.9937106918238994	0.030043734550294732
0.9937106918238994	0.03004659123324142
0.9937106918238994	0.0300494484594903
0.9937106918238994	0.030052306229196385
0.9937106918238994	0.030055164542514744
0.9937106918238994	0.030058023399600495
0.9937106918238994	0.030060882800608826
0.9937106918238994	0.030063742745694986
0.9937106918238994	0.030066603235014273
0.9937106918238994	0.03006946426872205
0.9937106918238994	0.030072325846973735
0.9937106918238994	0.03007518796992481
0.9937106918238994	0.03007805063773082
0.9937106918238994	0.03008091385054736
0.9937106918238994	0.030083777608530083
0.9937106918238994	0.030086641911834713
0.9937106918238994	0.030089506760617026
0.9937106918238994	0.030092372155032854
0.9937106918238994	0.030098104581388705
0.9937106918238994	0.030100971613640694
0.9937106918238994	0.03010383919215014
0.9937106918238994	0.03010670731707317
0.9937106918238994	0.03011244520678483
0.9937106918238994	0.03011531497188602
0.9937106918238994	0.030118185284025923
0.9937106918238994	0.030121056143360976
0.9937106918238994	0.03012679950424254
0.9937106918238994	0.030129672006102212
0.9937106918238994	0.03013254505578335
0.9937106918238994	0.030135418653442686
0.9937106918238994	0.030138292799237004
0.9937106918238994	0.03014116749332316
0.9937106918238994	0.030144042735858054
0.9937106918238994	0.030146918526998665
0.9937106918238994	0.030149794866902013
0.9937106918238994	0.03015267175572519
0.9937106918238994	0.030155549193625345
0.9937106918238994	0.030158427180759687
0.9937106918238994	0.030161305717285484
0.9937106918238994	0.030164184803360063
0.9937106918238994	0.03016706443914081
0.9937106918238994	0.030169944624785183
0.9937106918238994	0.030172825360450684
0.9937106918238994	0.030175706646294882
0.9937106918238994	0.03017858848247541
0.9937106918238994	0.030181470869149952
0.9937106918238994	0.030184353806476265
0.9937106918238994	0.030187237294612153
0.9937106918238994	0.030190121333715486
0.9937106918238994	0.0301930059239442
0.9937106918238994	0.030195891065456282
0.9937106918238994	0.030198776758409786
0.9937106918238994	0.03020166300296282
0.9937106918238994	0.03020454979927356
0.9937106918238994	0.030207437147500238
0.9937106918238994	0.030210325047801148
0.9937106918238994	0.03021321350033464
0.9937106918238994	0.03021610250525913
0.9937106918238994	0.030230555821295323
0.9937106918238994	0.030233448143895905
0.9937106918238994	0.030239234449760767
0.9937106918238994	0.030242128433342903
0.9937106918238994	0.03024502297090352
0.9937106918238994	0.030247918062601704
0.9937106918238994	0.030250813708596593
0.9937106918238994	0.03025370990904739
0.9937106918238994	0.030256606664113367
0.9937106918238994	0.030259503973953845
0.9937106918238994	0.030262401838728213
0.9937106918238994	0.03026530025859592
0.9937106918238994	0.030268199233716476
0.9937106918238994	0.030271098764249448
0.9937106918238994	0.030273998850354474
0.9937106918238994	0.030276899492191242
0.9937106918238994	0.03027980068991951
0.9937106918238994	0.03028270244369909
0.9937106918238994	0.03028560475368986
0.9937106918238994	0.03028850762005176
0.9937106918238994	0.030291411042944784
0.9937106918238994	0.030294315022529
0.9937106918238994	0.030297219558964524
0.9937106918238994	0.030300124652411546
0.9937106918238994	0.030303030303030304
0.9937106918238994	0.030305936510981107
0.9937106918238994	0.030308843276424323
0.9937106918238994	0.030311750599520383
0.9937106918238994	0.030314658480429777
0.9937106918238994	0.030317566919313057
0.9937106918238994	0.030323385471643795
0.9937106918238994	0.03032629558541267
0.9937106918238994	0.030329206257798252
0.9937106918238994	0.030332117488961412
0.9937106918238994	0.03033502927906307
0.9937106918238994	0.030337941628264208
0.9937106918238994	0.030340854536725876
0.9937106918238994	0.030355427473583094
0.9937106918238994	0.03035834374099337
0.9937106918238994	0.030361260568793236
0.9937106918238994	0.03036417795714423
0.9937106918238994	0.030367095906207956
0.9937106918238994	0.030370014416146084
0.9937106918238994	0.03037293348712034
0.9937106918238994	0.03037585311929251
0.9937106918238994	0.030378773312824455
0.9937106918238994	0.03038169406787809
0.9937106918238994	0.030384615384615385
0.9937106918238994	0.030387537263198386
0.9937106918238994	0.03039045970378919
0.9937106918238994	0.030393382706549968
0.9937106918238994	0.03039630627164294
0.9937106918238994	0.030399230399230398
0.9937106918238994	0.0304021550894747
0.9937106918238994	0.030408006158583526
0.9937106918238994	0.030410932537773074
0.9937106918238994	0.03041385948026949
0.9937106918238994	0.030416786986235442
0.9937106918238994	0.030419715055833654
0.9937106918238994	0.030422643689226918
0.9937106918238994	0.030425572886578087
0.9937106918238994	0.03042850264805007
0.9937106918238994	0.030431432973805857
0.9937106918238994	0.030434363864008475
0.9937106918238994	0.03044315992292871
0.9937106918238994	0.03044609307255034
0.9937106918238994	0.030449026787434958
0.9937106918238994	0.030451961067745975
0.9937106918238994	0.030454895913646876
0.9937106918238994	0.030457831325301204
0.9937106918238994	0.030460767302872567
0.9937106918238994	0.03046370384652463
0.9937106918238994	0.030466640956421133
0.9937106918238994	0.03046957863272587
0.9937106918238994	0.0304725168756027
0.9937106918238994	0.030475455685215546
0.9937106918238994	0.030478395061728395
0.9937106918238994	0.030481335005305296
0.9937106918238994	0.03048427551611036
0.9937106918238994	0.03049015824006175
0.9937106918238994	0.03049310045353662
0.9937106918238994	0.030496043234896738
0.9937106918238994	0.030498986584306532
0.9937106918238994	0.0305019305019305
0.9937106918238994	0.030507820042479244
0.9937106918238994	0.03051076566573332
0.9937106918238994	0.030513711857860178
0.9937106918238994	0.030516658619024625
0.9937106918238994	0.03051960594939154
0.9937106918238994	0.030522553849125857
0.9937106918238994	0.030525502318392583
0.9937106918238994	0.030528451357356778
0.9937106918238994	0.030531400966183574
0.9937106918238994	0.030534351145038167
0.9937106918238994	0.030537301894085815
0.9937106918238994	0.03054025321349183
0.9937106918238994	0.030543205103421612
0.9937106918238994	0.0305461575640406
0.9937106918238994	0.030552064198008315
0.9937106918238994	0.03055501837168826
0.9937106918238994	0.03056092843326886
0.9937106918238994	0.030563884321501113
0.9937106918238994	0.030569797813679016
0.9937106918238994	0.030572755417956655
0.9937106918238994	0.03057571359458152
0.9937106918238994	0.03057867234371976
0.9937106918238994	0.0305816316655376
0.9937106918238994	0.030584591560201317
0.9937106918238994	0.030587552027877263
0.9937106918238994	0.03059051306873185
0.9937106918238994	0.03059347468293155
0.9937106918238994	0.030596436870642913
0.9937106918238994	0.030599399632032537
0.9937106918238994	0.030602362967267094
0.9937106918238994	0.030605326876513315
0.9937106918238994	0.03060829135993801
0.9937106918238994	0.03061125641770803
0.9937106918238994	0.03061422204999031
0.9937106918238994	0.030617188256951845
0.9937106918238994	0.03062015503875969
0.9937106918238994	0.030623122395580966
0.9937106918238994	0.030626090327582865
0.9937106918238994	0.030629058834932634
0.9937106918238994	0.030632027917797598
0.9937106918238994	0.03063499757634513
0.9937106918238994	0.03063796781074268
0.9937106918238994	0.030640938621157764
0.9937106918238994	0.03064391000775795
0.9937106918238994	0.03064688197071089
0.9937106918238994	0.030649854510184288
0.9937106918238994	0.03065282762634591
0.9937106918238994	0.0306558013193636
0.9937106918238994	0.03065877558940526
0.9937106918238994	0.03066175043663885
0.9937106918238994	0.030664725861232412
0.9937106918238994	0.030667701863354036
0.9937106918238994	0.03067067844317189
0.9937106918238994	0.030673655600854204
0.9937106918238994	0.030676633336569264
0.9937106918238994	0.030685570013594874
0.9937106918238994	0.03068855006312518
0.9937106918238994	0.030691530691530692
0.9937106918238994	0.03069451189898009
0.9937106918238994	0.030697493685642122
0.9937106918238994	0.03070047605168561
0.9937106918238994	0.03070345899727944
0.9937106918238994	0.030706442522592556
0.9937106918238994	0.030709426627793975
0.9937106918238994	0.030712411313052773
0.9937106918238994	0.030715396578538102
0.9937106918238994	0.03071838242441917
0.9937106918238994	0.030721368850865252
0.9937106918238994	0.0307243558580457
0.9937106918238994	0.03072734344612991
0.9937106918238994	0.030730331615287366
0.9937106918238994	0.03073332036568761
0.9937106918238994	0.03073630969750024
0.9937106918238994	0.03073929961089494
0.9937106918238994	0.030742290106041445
0.9937106918238994	0.030745281183109555
0.9937106918238994	0.030748272842269143
0.9937106918238994	0.030751265083690152
0.9937106918238994	0.03076024530322204
0.9937106918238994	0.030763239875389408
0.9937106918238994	0.030766235030668873
0.9937106918238994	0.03076923076923077
0.9937106918238994	0.030772227091245496
0.9937106918238994	0.03077522399688352
0.9937106918238994	0.03077822148631538
0.9937106918238994	0.030781219559711668
0.9937106918238994	0.03078421821724306
0.9937106918238994	0.03078721745908028
0.9937106918238994	0.030790217285394134
0.9937106918238994	0.030793217696355485
0.9937106918238994	0.03079621869213527
0.9937106918238994	0.030799220272904482
0.9937106918238994	0.030802222438834195
0.9937106918238994	0.030805225190095535
0.9937106918238994	0.030808228526859705
0.9937106918238994	0.03081123244929797
0.9937106918238994	0.03081423695758167
0.9937106918238994	0.03081724205188219
0.9937106918238994	0.030820247732371013
0.9937106918238994	0.030823253999219664
0.9937106918238994	0.030826260852599745
0.9937106918238994	0.030829268292682926
0.9937106918238994	0.03083227631964094
0.9937106918238994	0.03083528493364559
0.9937106918238994	0.030838294134868743
0.9937106918238994	0.030841303923482336
0.9937106918238994	0.03084431429965837
0.9937106918238994	0.03084732526356892
0.9937106918238994	0.03085033681538612
0.9937106918238994	0.030853348955282172
0.9937106918238994	0.030856361683429354
0.9937106918238994	0.030859375
0.9937106918238994	0.03086238890516652
0.9937106918238994	0.030865403399101387
0.9937106918238994	0.03087143415396639
0.9937106918238994	0.030874450415241818
0.9937106918238994	0.030877467265976156
0.9937106918238994	0.030880484706342227
0.9937106918238994	0.0308835027365129
0.9937106918238994	0.030886521356661128
0.9937106918238994	0.030889540566959924
0.9937106918238994	0.030892560367582363
0.9937106918238994	0.030895580758701604
0.9937106918238994	0.030898601740490857
0.9937106918238994	0.030901623313123412
0.9937106918238994	0.030904645476772616
0.9937106918238994	0.030907668231611892
0.9937106918238994	0.030913715515554687
0.9937106918238994	0.03092581718535917
0.9937106918238994	0.030928844083390427
0.9937106918238994	0.030931871574001565
0.9937106918238994	0.030934899657366618
0.9937106918238994	0.030937928333659683
0.9937106918238994	0.030943987465726595
0.9937106918238994	0.030947017921848986
0.9937106918238994	0.030950048971596474
0.9937106918238994	0.0309530806151435
0.9937106918238994	0.030956112852664575
0.9937106918238994	0.03095914568433428
0.9937106918238994	0.030962179110327257
0.9937106918238994	0.030965213130818226
0.9937106918238994	0.030968247745981968
0.9937106918238994	0.030971282955993336
0.9937106918238994	0.03097431876102725
0.9937106918238994	0.0309773551612587
0.9937106918238994	0.030980392156862744
0.9937106918238994	0.03098342974801451
0.9937106918238994	0.030986467934889194
0.9937106918238994	0.030989506717662058
0.9937106918238994	0.030992546096508436
0.9937106918238994	0.03099558607160373
0.9937106918238994	0.030998626643123407
0.9937106918238994	0.03100166781124301
0.9937106918238994	0.031004709576138146
0.9937106918238994	0.031007751937984496
0.9905660377358491	0.030912659470068694
0.9905660377358491	0.03092176303131442
0.9905660377358491	0.03092479874337326
0.9905660377358491	0.030927835051546393
0.9905660377358491	0.030933909456938035
0.9905660377358491	0.030936947554507956
0.9905660377358491	0.030939986248895
0.9905660377358491	0.03094302554027505
0.9905660377358491	0.03094606542882405
0.9905660377358491	0.030949105914718018
0.9905660377358491	0.030952146998133045
0.9905660377358491	0.030961273835266364
0.9905660377358491	0.03096431731052787
0.9905660377358491	0.0309673613841919
0.9905660377358491	0.030970406056434963
0.9905660377358491	0.030973451327433628
0.9905660377358491	0.03097649719736454
0.9905660377358491	0.030979543666404406
0.9905660377358491	0.03098259073473001
0.9905660377358491	0.0309856384025182
0.9905660377358491	0.030988686669945892
0.9905660377358491	0.030991735537190084
0.9905660377358491	0.030994785004427827
0.9905660377358491	0.030997835071836254
0.9905660377358491	0.03100088573959256
0.9905660377358491	0.031003937007874016
0.9905660377358491	0.031006988876857957
0.9905660377358491	0.031010041346721796
0.9905660377358491	0.031013094417643005
0.9905660377358491	0.031016148089799134
0.9905660377358491	0.0310192023633678
0.9905660377358491	0.03102225723852669
0.9905660377358491	0.03102531271545356
0.9905660377358491	0.03102836879432624
0.9905660377358491	0.03103142547532263
0.9905660377358491	0.03103448275862069
0.9905660377358491	0.031037540644398464
0.9905660377358491	0.031040599132834055
0.9905660377358491	0.031043658224105646
0.9905660377358491	0.031046717918391486
0.9905660377358491	0.031049778215869888
0.9905660377358491	0.031052839116719244
0.9905660377358491	0.031055900621118012
0.9905660377358491	0.031058962729244726
0.9905660377358491	0.03106202544127798
0.9905660377358491	0.03106508875739645
0.9905660377358491	0.031068152677778873
0.9905660377358491	0.031071217202604064
0.9905660377358491	0.031074282332050902
0.9905660377358491	0.031077348066298343
0.9905660377358491	0.031080414405525406
0.9905660377358491	0.03108348134991119
0.9905660377358491	0.031086548899634855
0.9905660377358491	0.031089617054875642
0.9905660377358491	0.031092685815812853
0.9905660377358491	0.031095755182625865
0.9905660377358491	0.031098825155494125
0.9905660377358491	0.031101895734597155
0.9905660377358491	0.031104966920114545
0.9905660377358491	0.031108038712225953
0.9905660377358491	0.03111111111111111
0.9905660377358491	0.03111418411694982
0.9905660377358491	0.03111725772992196
0.9905660377358491	0.03112033195020747
0.9905660377358491	0.031123406777986366
0.9905660377358491	0.031126482213438736
0.9905660377358491	0.031129558256744738
0.9905660377358491	0.031132634908084603
0.9905660377358491	0.03113879003558719
0.9905660377358491	0.031141868512110725
0.9905660377358491	0.03114494759738976
0.9905660377358491	0.031148027291604864
0.9905660377358491	0.03115110759493671
0.9905660377358491	0.031154188507566016
0.9905660377358491	0.03115727002967359
0.9905660377358491	0.0311603521614403
0.9905660377358491	0.031163434903047092
0.9905660377358491	0.031166518254674976
0.9905660377358491	0.031169602216505048
0.9905660377358491	0.031172686788718457
0.9905660377358491	0.031175771971496437
0.9905660377358491	0.03117885776502029
0.9905660377358491	0.03118194416947139
0.9905660377358491	0.031185031185031187
0.9905660377358491	0.031188118811881188
0.9905660377358491	0.03119120705020299
0.9905660377358491	0.031194295900178252
0.9905660377358491	0.03119738536198871
0.9905660377358491	0.031200475435816166
0.9905660377358491	0.031203566121842496
0.9905660377358491	0.031206657420249653
0.9905660377358491	0.031209749331219658
0.9905660377358491	0.0312128418549346
0.9905660377358491	0.03121593499157665
0.9905660377358491	0.031219028741328047
0.9905660377358491	0.031222123104371096
0.9905660377358491	0.031228313671061762
0.9905660377358491	0.031231409875074362
0.9905660377358491	0.031234506693108576
0.9905660377358491	0.031237604125347086
0.9905660377358491	0.031240702171972626
0.9905660377358491	0.031243800833168023
0.9905660377358491	0.031246900109116158
0.9905660377358491	0.03125
0.9905660377358491	0.03125310050600258
0.9905660377358491	0.031256201627307
0.9905660377358491	0.03125930336409646
0.9905660377358491	0.03126240571655419
0.9905660377358491	0.031265508684863524
0.9905660377358491	0.03126861226920786
0.9905660377358491	0.03127171646977067
0.9905660377358491	0.031274821286735505
0.9905660377358491	0.03127792672028597
0.9905660377358491	0.03128103277060576
0.9905660377358491	0.03128413943787864
0.9905660377358491	0.03128724672228844
0.9905660377358491	0.03129035462401907
0.9905660377358491	0.03129346314325452
0.9905660377358491	0.03129657228017884
0.9905660377358491	0.03129968203497615
0.9905660377358491	0.03130279240783067
0.9905660377358491	0.03130590339892665
0.9905660377358491	0.03130901500844847
0.9905660377358491	0.031312127236580514
0.9905660377358491	0.031315240083507306
0.9905660377358491	0.031318353549413404
0.9905660377358491	0.031321467634483444
0.9905660377358491	0.031324582338902146
0.9905660377358491	0.0313276976628543
0.9905660377358491	0.03133081360652477
0.9905660377358491	0.03133393017009848
0.9905660377358491	0.031337047353760444
0.9905660377358491	0.03134016515769575
0.9905660377358491	0.03134328358208955
0.9905660377358491	0.031346402627127075
0.9905660377358491	0.031349522292993634
0.9905660377358491	0.03135264257987459
0.9905660377358491	0.03135576348795541
0.9905660377358491	0.0313588850174216
0.9905660377358491	0.03136200716845878
0.9905660377358491	0.031365129941252616
0.9905660377358491	0.03136825333598885
0.9905660377358491	0.0313713773528533
0.9905660377358491	0.03137450199203187
0.9905660377358491	0.03137762725371053
0.9905660377358491	0.03138075313807531
0.9905660377358491	0.03138387964531234
0.9905660377358491	0.03138700677560781
0.9905660377358491	0.03139013452914798
0.9905660377358491	0.03139326290611919
0.9905660377358491	0.031396391906707864
0.9905660377358491	0.031399521531100476
0.9905660377358491	0.0314026517794836
0.9905660377358491	0.03140578265204387
0.9905660377358491	0.031408914148967994
0.9905660377358491	0.03141204627044276
0.9905660377358491	0.03141517901665503
0.9905660377358491	0.03141831238779174
0.9905660377358491	0.0314214463840399
0.9905660377358491	0.031424581005586594
0.9905660377358491	0.031427716252618976
0.9905660377358491	0.03143085212532429
0.9905660377358491	0.03143398862388983
0.9905660377358491	0.03143712574850299
0.9905660377358491	0.03144026349935123
0.9905660377358491	0.03144340187662208
0.9905660377358491	0.031446540880503145
0.9905660377358491	0.03144968051118211
0.9905660377358491	0.03145282076884673
0.9905660377358491	0.03145596165368484
0.9905660377358491	0.03145910316588435
0.9905660377358491	0.03146224530563324
0.9905660377358491	0.03146538807311957
0.9905660377358491	0.03146853146853147
0.9905660377358491	0.03147167549205715
0.9905660377358491	0.03147482014388489
0.9905660377358491	0.03147796542420306
0.9905660377358491	0.03148111133320008
0.9905660377358491	0.031484257871064465
0.9905660377358491	0.031487405037984806
0.9905660377358491	0.031490552834149754
0.9905660377358491	0.03149370125974805
0.9905660377358491	0.0314968503149685
0.9905660377358491	0.0315
0.9905660377358491	0.0315031503150315
0.9905660377358491	0.03150630126025205
0.9905660377358491	0.03150945283585076
0.9905660377358491	0.031512605042016806
0.9905660377358491	0.03151575787893947
0.9905660377358491	0.031518911346808086
0.9905660377358491	0.03152206544581207
0.9905660377358491	0.031525220176140914
0.9905660377358491	0.03152837553798418
0.9905660377358491	0.03153153153153153
0.9905660377358491	0.03153468815697267
0.9905660377358491	0.0315378454144974
0.9905660377358491	0.03154100330429559
0.9905660377358491	0.03154416182655718
0.9905660377358491	0.031547320981472206
0.9905660377358491	0.03155048076923077
0.9905660377358491	0.03155364119002304
0.9905660377358491	0.03155680224403927
0.9905660377358491	0.031559963931469794
0.9905660377358491	0.03156312625250501
0.9905660377358491	0.0315662892073354
0.9905660377358491	0.03156945279615153
0.9905660377358491	0.03157261701914403
0.9905660377358491	0.03157578187650361
0.9905660377358491	0.03158528025669307
0.9905660377358491	0.0315884476534296
0.9905660377358491	0.03159161568548791
0.9905660377358491	0.03159478435305918
0.9905660377358491	0.03159795365633464
0.9905660377358491	0.03160112359550562
0.9905660377358491	0.03160746538229982
0.9905660377358491	0.03161063723030607
0.9905660377358491	0.031613809714973906
0.9905660377358491	0.031616982836495035
0.9905660377358491	0.03162015659506123
0.9905660377358491	0.03162333099086437
0.9905660377358491	0.03162650602409638
0.9905660377358491	0.03162968169494929
0.9905660377358491	0.031632858003615184
0.9905660377358491	0.03163603495028623
0.9905660377358491	0.03163921253515468
0.9905660377358491	0.03164239075841286
0.9905660377358491	0.03164556962025317
0.9905660377358491	0.03164874912086808
0.9905660377358491	0.031651929260450164
0.9905660377358491	0.03165511003919204
0.9905660377358491	0.03165829145728643
0.9905660377358491	0.031661473514926125
0.9905660377358491	0.03166465621230398
0.9905660377358491	0.03166783954961295
0.9905660377358491	0.031671023527046045
0.9905660377358491	0.03167420814479638
0.9905660377358491	0.03167739340305712
0.9905660377358491	0.03168057930202152
0.9905660377358491	0.03168376584188292
0.9905660377358491	0.031686953022834724
0.9905660377358491	0.03169014084507042
0.9905660377358491	0.03169332930878358
0.9905660377358491	0.03169651841416784
0.9905660377358491	0.03169970816141693
0.9905660377358491	0.03170289855072464
0.9905660377358491	0.03170608958228485
0.9905660377358491	0.03170928125629152
0.9905660377358491	0.03171247357293869
0.9905660377358491	0.03171566653242046
0.9905660377358491	0.031718860134931026
0.9905660377358491	0.03172205438066465
0.9905660377358491	0.031725249269815695
0.9905660377358491	0.03172844480257857
0.9905660377358491	0.03173164097914778
0.9905660377358491	0.03173483779971791
0.9905660377358491	0.03173803526448363
0.9905660377358491	0.03174123337363966
0.9905660377358491	0.03174443212738083
0.9905660377358491	0.031747631525902036
0.9905660377358491	0.031750831569398244
0.9905660377358491	0.031754032258064516
0.9905660377358491	0.031786074672048435
0.9905660377358491	0.03178928247048138
0.9905660377358491	0.03179249091643117
0.9905660377358491	0.03179570001009387
0.9905660377358491	0.03179890975166566
0.9905660377358491	0.03180212014134275
0.9905660377358491	0.03180533117932149
0.9905660377358491	0.03180854286579824
0.9905660377358491	0.0318117552009695
0.9905660377358491	0.031814968185031815
0.9905660377358491	0.031818181818181815
0.9905660377358491	0.031821396100616225
0.9905660377358491	0.03182461103253183
0.9905660377358491	0.03182782661412549
0.9905660377358491	0.03183104284559418
0.9905660377358491	0.03183425972713492
0.9905660377358491	0.03183747725894481
0.9905660377358491	0.03184069544122107
0.9905660377358491	0.03184391427416094
0.9905660377358491	0.03184713375796178
0.9905660377358491	0.03185035389282103
0.9905660377358491	0.031853574678936195
0.9905660377358491	0.031856796116504854
0.9905660377358491	0.03186001820572469
0.9905660377358491	0.03186324094679344
0.9905660377358491	0.03186968838526912
0.9905660377358491	0.03187291308307194
0.9905660377358491	0.031876138433515486
0.9905660377358491	0.0318793644367979
0.9905660377358491	0.03188259109311741
0.9905660377358491	0.031885818402672336
0.9905660377358491	0.031892274982282066
0.9905660377358491	0.0318955042527339
0.9905660377358491	0.03189873417721519
0.9905660377358491	0.03190196475592465
0.9905660377358491	0.03190519598906107
0.9905660377358491	0.03190842787682334
0.9905660377358491	0.0319116604194104
0.9905660377358491	0.031914893617021274
0.9905660377358491	0.031918127469855104
0.9905660377358491	0.03192136197811107
0.9905660377358491	0.03192459714198845
0.9905660377358491	0.0319278329616866
0.9905660377358491	0.031931069437404966
0.9905660377358491	0.03193430656934307
0.9905660377358491	0.0319375443577005
0.9905660377358491	0.03194078280267694
0.9905660377358491	0.03194402190447216
0.9905660377358491	0.03194726166328601
0.9905660377358491	0.03195050207931839
0.9905660377358491	0.031953743152769325
0.9905660377358491	0.0319569848838389
0.9905660377358491	0.03196022727272727
0.9905660377358491	0.0319634703196347
0.9905660377358491	0.03196671402476152
0.9905660377358491	0.03196995838830813
0.9905660377358491	0.03197320341047503
0.9905660377358491	0.03197644909146279
0.9905660377358491	0.03197969543147208
0.9905660377358491	0.031982942430703626
0.9905660377358491	0.03198619008935825
0.9905660377358491	0.03198943840763684
0.9905660377358491	0.031992687385740404
0.9905660377358491	0.031995937023869984
0.9905660377358491	0.03199918732222674
0.9905660377358491	0.03200243828101189
0.9905660377358491	0.032005689900426744
0.9905660377358491	0.0320089421806727
0.9905660377358491	0.03201219512195122
0.9905660377358491	0.032015448724463866
0.9905660377358491	0.03201870298841228
0.9905660377358491	0.03202195791399817
0.9905660377358491	0.032025213501423344
0.9905660377358491	0.03202846975088968
0.9905660377358491	0.032031726662599146
0.9905660377358491	0.032034984236753786
0.9905660377358491	0.03203824247355574
0.9905660377358491	0.0320415013732072
0.9905660377358491	0.03204476093591048
0.9905660377358491	0.03204802116186794
0.9905660377358491	0.03205128205128205
0.9905660377358491	0.03205454360435535
0.9905660377358491	0.032057805821290454
0.9905660377358491	0.03206106870229008
0.9905660377358491	0.03206759645729411
0.9905660377358491	0.03207086133170434
0.9905660377358491	0.03207412687099073
0.9905660377358491	0.03207739307535642
0.9905660377358491	0.032080659945004586
0.9905660377358491	0.032083927480138524
0.9905660377358491	0.0320871956809616
0.9905660377358491	0.032090464547677264
0.9905660377358491	0.032093734080489045
0.9905660377358491	0.03209700427960057
0.9905660377358491	0.03210027514521553
0.9905660377358491	0.03210354667753771
0.9905660377358491	0.03210681887677097
0.9905660377358491	0.03211009174311927
0.9905660377358491	0.032113365276786626
0.9905660377358491	0.03211663947797716
0.9905660377358491	0.032119914346895075
0.9905660377358491	0.03212318988374464
0.9905660377358491	0.03212646608873024
0.9905660377358491	0.032129742962056305
0.9905660377358491	0.03213302050392737
0.9905660377358491	0.03213629871454805
0.9905660377358491	0.03213957759412305
0.9905660377358491	0.03214285714285714
0.9905660377358491	0.0321461373609552
0.9905660377358491	0.03214941824862217
0.9905660377358491	0.032155982033483056
0.9905660377358491	0.03216254849908107
0.9905660377358491	0.032165832737669764
0.9905660377358491	0.03216911764705882
0.9905660377358491	0.03217240322745379
0.9905660377358491	0.032175689479060264
0.9905660377358491	0.032178976402083975
0.9905660377358491	0.032182263996730694
0.9905660377358491	0.032185552263206296
0.9905660377358491	0.032188841201716736
0.9905660377358491	0.032192130812468064
0.9905660377358491	0.03219542109566639
0.9905660377358491	0.03219871205151794
0.9905660377358491	0.03220200368022899
0.9905660377358491	0.03220529598200593
0.9905660377358491	0.032208588957055216
0.9905660377358491	0.03221188260558339
0.9905660377358491	0.032215176927797094
0.9905660377358491	0.032218471923903036
0.9905660377358491	0.03222176759410802
0.9905660377358491	0.032225063938618924
0.9905660377358491	0.03222836095764273
0.9905660377358491	0.032231658651386476
0.9905660377358491	0.032234957020057305
0.9905660377358491	0.03223825606386245
0.9905660377358491	0.03224155578300921
0.9905660377358491	0.032244856177704985
0.9905660377358491	0.03224815724815725
0.9905660377358491	0.032251458994573566
0.9905660377358491	0.03225476141716158
0.9905660377358491	0.03226136829168374
0.9905660377358491	0.03226467274403359
0.9905660377358491	0.0322679778733866
0.9905660377358491	0.03227128367995082
0.9905660377358491	0.03227459016393443
0.9905660377358491	0.03227789732554565
0.9905660377358491	0.032281205164992825
0.9905660377358491	0.03228451368248437
0.9905660377358491	0.03229113275243465
0.9905660377358491	0.032294443305310644
0.9905660377358491	0.032297754537065515
0.9905660377358491	0.032301066447908124
0.9905660377358491	0.03230437903804738
0.9905660377358491	0.03231100625705201
0.9905660377358491	0.03231432088633566
0.9905660377358491	0.032317636195752536
0.9905660377358491	0.032320952185512
0.9905660377358491	0.0323242688558235
0.9905660377358491	0.032327586206896554
0.9905660377358491	0.03233090423894078
0.9905660377358491	0.03233422295216588
0.9905660377358491	0.03233754234678164
0.9905660377358491	0.03234086242299795
0.9905660377358491	0.03234418318102475
0.9905660377358491	0.03234750462107209
0.9905660377358491	0.03235082674335011
0.9905660377358491	0.032357473035439135
0.9905660377358491	0.032360797205670845
0.9905660377358491	0.03236412205897462
0.9905660377358491	0.03236744759556104
0.9905660377358491	0.032370773815640734
0.9905660377358491	0.03237410071942446
0.9905660377358491	0.032377428307123035
0.9905660377358491	0.032380756578947366
0.9905660377358491	0.032384085535108464
0.9905660377358491	0.0323874151758174
0.9905660377358491	0.032390745501285345
0.9905660377358491	0.03239407651172357
0.9905660377358491	0.032397408207343416
0.9905660377358491	0.032400740588356305
0.9905660377358491	0.03240407365497377
0.9905660377358491	0.032407407407407406
0.9905660377358491	0.032410741845868916
0.9905660377358491	0.032414076970570076
0.9905660377358491	0.032417412781722756
0.9905660377358491	0.032420749279538905
0.9905660377358491	0.03242408646423057
0.9905660377358491	0.03242742433600988
0.9905660377358491	0.03243076289508905
0.9905660377358491	0.032434102141680396
0.9905660377358491	0.032454152070883986
0.9905660377358491	0.03245749613601236
0.9905660377358491	0.032460840890354496
0.9905660377358491	0.03248092390183543
0.9905660377358491	0.03248427348664536
0.9905660377358491	0.03248762376237624
0.9905660377358491	0.032490974729241874
0.9905660377358491	0.03249432638745616
0.9905660377358491	0.03250438551233103
0.9905660377358491	0.032507739938080496
0.9905660377358491	0.032511095056249356
0.9905660377358491	0.03251445086705202
0.9905660377358491	0.032517807370703006
0.9905660377358491	0.03252116456741689
0.9905660377358491	0.03252452245740836
0.9905660377358491	0.032527881040892194
0.9905660377358491	0.032531240318083236
0.9905660377358491	0.03253460028919645
0.9905660377358491	0.03253796095444685
0.9905660377358491	0.03254132231404959
0.9905660377358491	0.032551410561124317
0.9905660377358491	0.03255477470028938
0.9905660377358491	0.03255813953488372
0.9905660377358491	0.03256150506512301
0.9905660377358491	0.03256487129122299
0.9905660377358491	0.032568238213399506
0.9905660377358491	0.03257160583186847
0.9905660377358491	0.03257497414684592
0.9905660377358491	0.032578343158547934
0.9905660377358491	0.032581712867190735
0.9905660377358491	0.03258508327299059
0.9905660377358491	0.032588454376163874
0.9905660377358491	0.032591826176927054
0.9905660377358491	0.03259519867549669
0.9905660377358491	0.032598571872089414
0.9905660377358491	0.032601945766921964
0.9905660377358491	0.03260869565217391
0.9905660377358491	0.03261207164302723
0.9905660377358491	0.0326154483329882
0.9905660377358491	0.032618825722273995
0.9874213836477987	0.03251864125932063
0.9874213836477987	0.032522009321595026
0.9874213836477987	0.032525378081624194
0.9874213836477987	0.03252874753962499
0.9874213836477987	0.032532117695814336
0.9874213836477987	0.03253548855040928
0.9874213836477987	0.03253886010362694
0.9874213836477987	0.03254223235568453
0.9874213836477987	0.032545605306799334
0.9874213836477987	0.032548978957188765
0.9874213836477987	0.032552353307070285
0.9874213836477987	0.032555728356661484
0.9874213836477987	0.03255910410618001
0.9874213836477987	0.03256248055584362
0.9874213836477987	0.03256585770587015
0.9874213836477987	0.03256923555647755
0.9874213836477987	0.03257261410788382
0.9874213836477987	0.03257599336030709
0.9874213836477987	0.03257937331396555
0.9874213836477987	0.03258275396907751
0.9874213836477987	0.032586135325861354
0.9874213836477987	0.03258951738453555
0.9874213836477987	0.03259290014531866
0.9874213836477987	0.03259628360842936
0.9874213836477987	0.03259966777408638
0.9874213836477987	0.03260305264250857
0.9874213836477987	0.03260643821391485
0.9874213836477987	0.03260982448852425
0.9874213836477987	0.03261321146655588
0.9874213836477987	0.03261659914822894
0.9874213836477987	0.032619987533762725
0.9874213836477987	0.032623376623376624
0.9874213836477987	0.03262676641729011
0.9874213836477987	0.03263015691572275
0.9874213836477987	0.0326335481188942
0.9874213836477987	0.03263694002702422
0.9874213836477987	0.03264033264033264
0.9874213836477987	0.0326437259590394
0.9874213836477987	0.032647119983364524
0.9874213836477987	0.032650514713528124
0.9874213836477987	0.032653910149750415
0.9874213836477987	0.03265730629225169
0.9874213836477987	0.03266070314125234
0.9874213836477987	0.03266410069697285
0.9874213836477987	0.03266749895963379
0.9874213836477987	0.03267089792945583
0.9874213836477987	0.03267429760665973
0.9874213836477987	0.03267769799146633
0.9874213836477987	0.03268109908409659
0.9874213836477987	0.03268450088477152
0.9874213836477987	0.03268790339371226
0.9874213836477987	0.03269130661114003
0.9874213836477987	0.032694710537276135
0.9874213836477987	0.032698115172341974
0.9874213836477987	0.03270152051655905
0.9874213836477987	0.032704926570148944
0.9874213836477987	0.03270833333333333
0.9874213836477987	0.032711740806333996
0.9874213836477987	0.032715148989372785
0.9874213836477987	0.03271855788267167
0.9874213836477987	0.03272196748645269
0.9874213836477987	0.03272537780093799
0.9874213836477987	0.0327287888263498
0.9874213836477987	0.03273220056291046
0.9874213836477987	0.03273902617036805
0.9874213836477987	0.03274244004171011
0.9874213836477987	0.03274585462509125
0.9874213836477987	0.03274926992073425
0.9874213836477987	0.032752685928862
0.9874213836477987	0.03275610264969748
0.9874213836477987	0.03275952008346374
0.9874213836477987	0.032762938230383974
0.9874213836477987	0.03276635709068142
0.9874213836477987	0.03276977666457942
0.9874213836477987	0.03277319695230143
0.9874213836477987	0.03277661795407098
0.9874213836477987	0.032780039670111706
0.9874213836477987	0.032783462100647316
0.9874213836477987	0.03278688524590164
0.9874213836477987	0.03279030910609858
0.9874213836477987	0.03279373368146214
0.9874213836477987	0.03279715897221642
0.9874213836477987	0.0328005849785856
0.9874213836477987	0.03280401170079398
0.9874213836477987	0.032814296164698505
0.9874213836477987	0.03281772575250836
0.9874213836477987	0.03282115605728023
0.9874213836477987	0.03282458707923897
0.9874213836477987	0.032828018818609514
0.9874213836477987	0.032831451275616895
0.9874213836477987	0.03283831834344279
0.9874213836477987	0.03284175295471185
0.9874213836477987	0.03284518828451883
0.9874213836477987	0.03284862433308924
0.9874213836477987	0.03285206110064867
0.9874213836477987	0.03285549858742283
0.9874213836477987	0.03285893679363751
0.9874213836477987	0.032862375719518576
0.9874213836477987	0.032865815365292025
0.9874213836477987	0.03286925573118392
0.9874213836477987	0.03287269681742044
0.9874213836477987	0.03287613862422783
0.9874213836477987	0.03287958115183246
0.9874213836477987	0.03288302440046078
0.9874213836477987	0.03288646837033934
0.9874213836477987	0.032889913061694774
0.9874213836477987	0.032893358474753824
0.9874213836477987	0.03289680460974332
0.9874213836477987	0.03290025146689019
0.9874213836477987	0.03290369904642146
0.9874213836477987	0.032907147348564245
0.9874213836477987	0.03291059637354575
0.9874213836477987	0.03291404612159329
0.9874213836477987	0.03291749659293427
0.9874213836477987	0.03292094778779618
0.9874213836477987	0.03292439970640663
0.9874213836477987	0.032927852348993286
0.9874213836477987	0.032931305715783954
0.9874213836477987	0.032934759807006504
0.9874213836477987	0.032938214622888914
0.9874213836477987	0.032945126429545696
0.9874213836477987	0.032948583420776494
0.9874213836477987	0.03295204113758002
0.9874213836477987	0.03295549958018472
0.9874213836477987	0.03297972902006092
0.9874213836477987	0.032983193277310925
0.9874213836477987	0.03298665826242252
0.9874213836477987	0.03299012397562513
0.9874213836477987	0.032993590417148264
0.9874213836477987	0.032997057587221525
0.9874213836477987	0.03300052548607462
0.9874213836477987	0.033003994113937354
0.9874213836477987	0.03300746347103963
0.9874213836477987	0.033010933557611435
0.9874213836477987	0.03301440437388287
0.9874213836477987	0.03301787592008412
0.9874213836477987	0.03302134819644547
0.9874213836477987	0.03302482120319731
0.9874213836477987	0.03302829494057011
0.9874213836477987	0.033031769408794445
0.9874213836477987	0.033035244608101
0.9874213836477987	0.03303872053872054
0.9874213836477987	0.03304567459482214
0.9874213836477987	0.03304915272076624
0.9874213836477987	0.03305263157894737
0.9874213836477987	0.0330561111695968
0.9874213836477987	0.033059591492945885
0.9874213836477987	0.03306307254922607
0.9874213836477987	0.03306655433866891
0.9874213836477987	0.03307003686150606
0.9874213836477987	0.03307352011796924
0.9874213836477987	0.03307700410829032
0.9874213836477987	0.03308048883270122
0.9874213836477987	0.03308397429143399
0.9874213836477987	0.033087460484720756
0.9874213836477987	0.03309094741279376
0.9874213836477987	0.03309792347422789
0.9874213836477987	0.03310141260805397
0.9874213836477987	0.033104902477596204
0.9874213836477987	0.03310839308308731
0.9874213836477987	0.033111884424760096
0.9874213836477987	0.0331153765028475
0.9874213836477987	0.03311886931758253
0.9874213836477987	0.03312236286919831
0.9874213836477987	0.033125857157928054
0.9874213836477987	0.03312935218400506
0.9874213836477987	0.03313284794766276
0.9874213836477987	0.03313984168865435
0.9874213836477987	0.033143339666455565
0.9874213836477987	0.03314683838277209
0.9874213836477987	0.033150337837837836
0.9874213836477987	0.03315383803188681
0.9874213836477987	0.03315733896515311
0.9874213836477987	0.03316084063787095
0.9874213836477987	0.03316434305027461
0.9874213836477987	0.0331678462025985
0.9874213836477987	0.033171350095077115
0.9874213836477987	0.03317836010143702
0.9874213836477987	0.03318186621578781
0.9874213836477987	0.033185373071232295
0.9874213836477987	0.033188880668005495
0.9874213836477987	0.03319238900634249
0.9874213836477987	0.033195898086478486
0.9874213836477987	0.03319940790864876
0.9874213836477987	0.03320291847308872
0.9874213836477987	0.03320642978003384
0.9874213836477987	0.03320994182971972
0.9874213836477987	0.03321345462238206
0.9874213836477987	0.033216968158256636
0.9874213836477987	0.03322048243757935
0.9874213836477987	0.03322751322751323
0.9874213836477987	0.03323102973859668
0.9874213836477987	0.03323454699407282
0.9874213836477987	0.03323806499417804
0.9874213836477987	0.033241583739148844
0.9874213836477987	0.03324510322922181
0.9874213836477987	0.03324862346463363
0.9874213836477987	0.03325214444562109
0.9874213836477987	0.033255666172421094
0.9874213836477987	0.03325918864527063
0.9874213836477987	0.03326271186440678
0.9874213836477987	0.03326623583006674
0.9874213836477987	0.033269760542487814
0.9874213836477987	0.03327328600190738
0.9874213836477987	0.03327681220856295
0.9874213836477987	0.0332803391626921
0.9874213836477987	0.033283866864532545
0.9874213836477987	0.03328739531432206
0.9874213836477987	0.03329092451229856
0.9874213836477987	0.03329445445870003
0.9874213836477987	0.03329798515376458
0.9874213836477987	0.0333015165977304
0.9874213836477987	0.03330504879083581
0.9874213836477987	0.03330858173331919
0.9874213836477987	0.03331211542541905
0.9874213836477987	0.03331564986737401
0.9874213836477987	0.03331918505942275
0.9874213836477987	0.0333227210018041
0.9874213836477987	0.03332625769475695
0.9874213836477987	0.03332979513852033
0.9874213836477987	0.03333687227943519
0.9874213836477987	0.03334041197706519
0.9874213836477987	0.03334395242646278
0.9874213836477987	0.03334749362786746
0.9874213836477987	0.033351035581518855
0.9874213836477987	0.03335457828765668
0.9874213836477987	0.033358121746520766
0.9874213836477987	0.03336166595835104
0.9874213836477987	0.033365210923387525
0.9874213836477987	0.03336875664187035
0.9874213836477987	0.03337585034013606
0.9874213836477987	0.033379398320399704
0.9874213836477987	0.03338294705507123
0.9874213836477987	0.033386496544391284
0.9874213836477987	0.033390046788600594
0.9874213836477987	0.033393597787940016
0.9874213836477987	0.0333971495426505
0.9874213836477987	0.03340070205297309
0.9874213836477987	0.03340425531914894
0.9874213836477987	0.0334078093414193
0.9874213836477987	0.03341136412002554
0.9874213836477987	0.03341491965520911
0.9874213836477987	0.033418475947211576
0.9874213836477987	0.033422032996274616
0.9874213836477987	0.03342559080263998
0.9874213836477987	0.03342914936654956
0.9874213836477987	0.03343270868824531
0.9874213836477987	0.03343626876796933
0.9874213836477987	0.03343982960596379
0.9874213836477987	0.03344339120247097
0.9874213836477987	0.03344695355773328
0.9874213836477987	0.03345051667199318
0.9874213836477987	0.03345408054549329
0.9874213836477987	0.03345764517847629
0.9874213836477987	0.03346121057118499
0.9874213836477987	0.033464776723862305
0.9874213836477987	0.033468343636751226
0.9874213836477987	0.03347191131009487
0.9874213836477987	0.03347547974413646
0.9874213836477987	0.03347904893911931
0.9874213836477987	0.03348261889528684
0.9874213836477987	0.033486189612882584
0.9874213836477987	0.03348976109215017
0.9874213836477987	0.03349333333333333
0.9874213836477987	0.03349690633667591
0.9874213836477987	0.03350048010242185
0.9874213836477987	0.0335040546308152
0.9874213836477987	0.033507629922100095
0.9874213836477987	0.03351120597652081
0.9874213836477987	0.0335147827943217
0.9874213836477987	0.03351836037574722
0.9874213836477987	0.033521938721041956
0.9874213836477987	0.03352551783045057
0.9874213836477987	0.03352909770421783
0.9874213836477987	0.033532678342588634
0.9874213836477987	0.03353984191412091
0.9874213836477987	0.033543424847772674
0.9874213836477987	0.033547008547008546
0.9874213836477987	0.03355059301207394
0.9874213836477987	0.03355417824321436
0.9874213836477987	0.03355776424067543
0.9874213836477987	0.033561351004702866
0.9874213836477987	0.03356493853554249
0.9874213836477987	0.03356852683344024
0.9874213836477987	0.033572115898642146
0.9874213836477987	0.03357570573139435
0.9874213836477987	0.033579296331943106
0.9874213836477987	0.03358288770053476
0.9874213836477987	0.033586479837415764
0.9874213836477987	0.03359007274283269
0.9874213836477987	0.0335936664170322
0.9874213836477987	0.033597260860261074
0.9874213836477987	0.03360085607276619
0.9874213836477987	0.03360445205479452
0.9874213836477987	0.03360804880659317
0.9874213836477987	0.033611646328409336
0.9874213836477987	0.033615244620490314
0.9874213836477987	0.03361884368308351
0.9874213836477987	0.03362244351643645
0.9874213836477987	0.03362604412079674
0.9874213836477987	0.033629645496412126
0.9874213836477987	0.03363324764353042
0.9874213836477987	0.03364045425326762
0.9874213836477987	0.03364405871638273
0.9874213836477987	0.033647663951993145
0.9874213836477987	0.03365126996034723
0.9874213836477987	0.033654876741693464
0.9874213836477987	0.03365848429628042
0.9874213836477987	0.03366209262435677
0.9874213836477987	0.03366570172617133
0.9874213836477987	0.03366931160197298
0.9874213836477987	0.033672922252010726
0.9874213836477987	0.03367653367653368
0.9874213836477987	0.03368014587579105
0.9874213836477987	0.03368737259950649
0.9874213836477987	0.03369098712446352
0.9874213836477987	0.03369460242515291
0.9874213836477987	0.033698218501824424
0.9874213836477987	0.03370183535472792
0.9874213836477987	0.03370545298411335
0.9874213836477987	0.03370907139023081
0.9874213836477987	0.03371269057333047
0.9874213836477987	0.03371631053366262
0.9874213836477987	0.0337235527870261
0.9874213836477987	0.03372717508055854
0.9874213836477987	0.03373079815232571
0.9874213836477987	0.03373442200257843
0.9874213836477987	0.03373804663156764
0.9874213836477987	0.033752552939911855
0.9874213836477987	0.03375618146635132
0.9874213836477987	0.03375981077303516
0.9874213836477987	0.03376344086021505
0.9874213836477987	0.03376707172814281
0.9874213836477987	0.03377070337707034
0.9874213836477987	0.03377433580724965
0.9874213836477987	0.033777969018932874
0.9874213836477987	0.03378160301237224
0.9874213836477987	0.0337852377878201
0.9874213836477987	0.033788873345528894
0.9874213836477987	0.03379250968575118
0.9874213836477987	0.03384714886277892
0.9874213836477987	0.033850797757654164
0.9874213836477987	0.0338544474393531
0.9874213836477987	0.033858097908130255
0.9874213836477987	0.03386174916424027
0.9874213836477987	0.03386540120793788
0.9874213836477987	0.033869054039477944
0.9874213836477987	0.033872707659115424
0.9874213836477987	0.033876362067105405
0.9874213836477987	0.033880017263703065
0.9874213836477987	0.0338836732491637
0.9874213836477987	0.033887330023742716
0.9874213836477987	0.033890987587695626
0.9874213836477987	0.03389464594127806
0.9874213836477987	0.03389830508474576
0.9874213836477987	0.03390196501835457
0.9874213836477987	0.033938607868568955
0.9874213836477987	0.0339422765106475
0.9874213836477987	0.033945945945945945
0.9874213836477987	0.03394961617472159
0.9874213836477987	0.033953287197231834
0.9874213836477987	0.03395695901373418
0.9874213836477987	0.033960631624486266
0.9874213836477987	0.03396430502974581
0.9874213836477987	0.03396797922977066
0.9874213836477987	0.03397165422481878
0.9874213836477987	0.033975330015148235
0.9874213836477987	0.03397900660101721
0.9874213836477987	0.03398268398268398
0.9874213836477987	0.03398636216040697
0.9874213836477987	0.03399004113444468
0.9874213836477987	0.03399372090505575
0.9874213836477987	0.03399740147249892
0.9874213836477987	0.03400108283703303
0.9874213836477987	0.034004764998917046
0.9874213836477987	0.03400844795841005
0.9874213836477987	0.03401213171577123
0.9874213836477987	0.03401581627125989
0.9874213836477987	0.03401950162513543
0.9874213836477987	0.034023187777657386
0.9874213836477987	0.034026874729085395
0.9874213836477987	0.0340305624796792
0.9874213836477987	0.034034251029698676
0.9874213836477987	0.034037940379403796
0.9874213836477987	0.03404163052905464
0.9874213836477987	0.034045321478911414
0.9874213836477987	0.03404901322923444
0.9874213836477987	0.03405270578028413
0.9874213836477987	0.034056399132321044
0.9874213836477987	0.034060093285605816
0.9874213836477987	0.03406378824039922
0.9874213836477987	0.034067483996962133
0.9874213836477987	0.03407118055555555
0.9874213836477987	0.03407487791644059
0.9874213836477987	0.03407857607987844
0.9874213836477987	0.03408227504613047
0.9874213836477987	0.034085974815458095
0.9874213836477987	0.034089675388122895
0.9874213836477987	0.034093376764386535
0.9874213836477987	0.034097078944510806
0.9874213836477987	0.0341007819287576
0.9874213836477987	0.034104485717388944
0.9874213836477987	0.034108190310666954
0.9874213836477987	0.03411189570885388
0.9874213836477987	0.03411560191221208
0.9874213836477987	0.03411930892100402
0.9874213836477987	0.034123016735492284
0.9874213836477987	0.03412672535593957
0.9874213836477987	0.034130434782608694
0.9874213836477987	0.03413414501576258
0.9874213836477987	0.03413785605566427
0.9874213836477987	0.03414156790257693
0.9874213836477987	0.03414528055676381
0.9874213836477987	0.03414899401848831
0.9874213836477987	0.03415270828801392
0.9874213836477987	0.03415642336560427
0.9874213836477987	0.034160139251523065
0.9874213836477987	0.03416385594603416
0.9874213836477987	0.03416757344940152
0.9874213836477987	0.03417501088376143
0.9874213836477987	0.034178730815282464
0.9874213836477987	0.034182451556716745
0.9874213836477987	0.0341861731083288
0.9874213836477987	0.03418989547038327
0.9874213836477987	0.03419361864314494
0.9874213836477987	0.03419734262687867
0.9874213836477987	0.034201067421849474
0.9874213836477987	0.03420479302832244
0.9874213836477987	0.034212246676835915
0.9874213836477987	0.03421597471940721
0.9874213836477987	0.034219703574542286
0.9874213836477987	0.03422343324250681
0.9874213836477987	0.0342271637235666
0.9874213836477987	0.034230895017987574
0.9874213836477987	0.03423462712603576
0.9874213836477987	0.03423836004797732
0.9874213836477987	0.03424209378407852
0.9874213836477987	0.03424582833460574
0.9874213836477987	0.03424956369982548
0.9874213836477987	0.03425329988000436
0.9874213836477987	0.03425703687540912
0.9874213836477987	0.0342607746863066
0.9874213836477987	0.03426451331296377
0.9874213836477987	0.03426825275564772
0.9874213836477987	0.03427199301462563
0.9874213836477987	0.03427573409016483
0.9874213836477987	0.03427947598253275
0.9874213836477987	0.03428321869199694
0.9874213836477987	0.03428696221882507
0.9874213836477987	0.034290706563284916
0.9874213836477987	0.03429445172564439
0.9874213836477987	0.03429819770617149
0.9874213836477987	0.034301944505134366
0.9874213836477987	0.03431318981532073
0.9874213836477987	0.034316939890710385
0.9874213836477987	0.03432069078587824
0.9874213836477987	0.034324442501093136
0.9874213836477987	0.03432819503662403
0.9874213836477987	0.034331948392739994
0.9874213836477987	0.034335702569710226
0.9874213836477987	0.03433945756780402
0.9874213836477987	0.03434321338729082
0.9874213836477987	0.034346970028440164
0.9874213836477987	0.03435072749152172
0.9874213836477987	0.03435448577680525
0.9874213836477987	0.03435824488456067
0.9874213836477987	0.034362004815058
0.9874213836477987	0.034365765568567366
0.9874213836477987	0.03436952714535902
0.9874213836477987	0.03437328954570334
0.9874213836477987	0.03437705276987081
0.9874213836477987	0.03438081681813205
0.9874213836477987	0.034384581690757775
0.9874213836477987	0.0343921139101862
0.9874213836477987	0.034395881257530944
0.9874213836477987	0.034399649430324274
0.9874213836477987	0.03440341842883751
0.9874213836477987	0.0344071882533421
0.9874213836477987	0.03441095890410959
0.9874213836477987	0.034414730381411664
0.9874213836477987	0.034418502685520116
0.9874213836477987	0.034422275816706864
0.9874213836477987	0.034426049775243946
0.9874213836477987	0.03442982456140351
0.9874213836477987	0.03443360017545784
0.9874213836477987	0.034437376617679316
0.9874213836477987	0.034441153888340466
0.9874213836477987	0.03444493198771391
0.9874213836477987	0.034448710916072406
0.9874213836477987	0.03445249067368883
0.9874213836477987	0.03445627126083617
0.9874213836477987	0.03446005267778753
0.9874213836477987	0.03446383492481615
0.9874213836477987	0.03446761800219539
0.9874213836477987	0.03447140191019871
0.9874213836477987	0.034475186649099696
0.9874213836477987	0.034478972219172066
0.9874213836477987	0.034482758620689655
0.9874213836477987	0.034486545853926416
0.9874213836477987	0.034490333919156416
0.9874213836477987	0.03449412281665385
0.9874213836477987	0.03449791254669304
0.9874213836477987	0.0345017031095484
0.9874213836477987	0.034505494505494505
0.9874213836477987	0.03451307979775775
0.9874213836477987	0.034516873694624604
0.9874213836477987	0.03452066842568162
0.9874213836477987	0.03452446399120396
0.9874213836477987	0.0345282603914669
0.9874213836477987	0.03453205762674585
0.9874213836477987	0.03453965460345396
0.9874213836477987	0.03454345434543454
0.9874213836477987	0.03454725492353394
0.9874213836477987	0.03455105633802817
0.9874213836477987	0.034554858589193355
0.9874213836477987	0.034558661677305744
0.9874213836477987	0.034562465602641715
0.9874213836477987	0.03456627036547776
0.9874213836477987	0.0345700759660905
0.9874213836477987	0.03457388240475666
0.9874213836477987	0.034577689681753114
0.9874213836477987	0.03458149779735683
0.9874213836477987	0.034585306751844916
0.9874213836477987	0.034589116545494604
0.9874213836477987	0.03459673865138828
0.9874213836477987	0.03460055096418733
0.9874213836477987	0.0346043641172581
0.9874213836477987	0.03460817811087843
0.9874213836477987	0.03461199294532628
0.9874213836477987	0.03461580862087973
0.9874213836477987	0.03461962513781698
0.9874213836477987	0.034623442496416364
0.9874213836477987	0.03462726069695633
0.9874213836477987	0.03472299015813336
0.9874213836477987	0.034726830347268305
0.9874213836477987	0.034730671385908636
0.9874213836477987	0.034734513274336284
0.9874213836477987	0.03473835601283328
0.9874213836477987	0.03474219960168179
0.9874213836477987	0.034857904085257546
0.9874213836477987	0.034861774175641166
0.9874213836477987	0.034865645125471904
0.9874213836477987	0.03486951693503609
0.9874213836477987	0.03487338960462017
0.9874213836477987	0.03487726313451072
0.9874213836477987	0.03488113752499444
0.9874213836477987	0.03488501277635818
0.9874213836477987	0.034888888888888886
0.9874213836477987	0.034892765862873654
0.9874213836477987	0.03489664369859969
0.9874213836477987	0.0349082823790995
0.9874213836477987	0.03491216366466533
0.9874213836477987	0.034919928825622774
0.9874213836477987	0.03492381270159048
0.9874213836477987	0.03492769744160178
0.9874213836477987	0.03493158304594504
0.9874213836477987	0.034935469514908765
0.9874213836477987	0.03494324504785221
0.9874213836477987	0.03494713411240957
0.9874213836477987	0.034951024042742654
0.9874213836477987	0.0349549148391406
0.9874213836477987	0.034958806501892675
0.9874213836477987	0.03496269903128828
0.9874213836477987	0.034966592427616926
0.9874213836477987	0.034970486691168284
0.9874213836477987	0.03497438182223212
0.9874213836477987	0.034978277821098365
0.9874213836477987	0.03498217468805704
0.9874213836477987	0.03498607242339833
0.9874213836477987	0.034989971027412525
0.9874213836477987	0.03499387050039006
0.9874213836477987	0.03499777084262149
0.9874213836477987	0.035001672054397505
0.9874213836477987	0.03500557413600892
0.9874213836477987	0.03500947708774668
0.9874213836477987	0.03501338090990187
0.9874213836477987	0.035017285602765694
0.9874213836477987	0.03502119116662949
0.9874213836477987	0.03502900490852298
0.9874213836477987	0.035032913087136006
0.9874213836477987	0.035036822137915646
0.9874213836477987	0.03504073206115389
0.9874213836477987	0.03504464285714286
0.9874213836477987	0.035048554526174794
0.9874213836477987	0.035052467068542086
0.9874213836477987	0.035056380484537235
0.9874213836477987	0.03506029477445288
0.9874213836477987	0.035064209938581795
0.9874213836477987	0.03506812597721689
0.9874213836477987	0.035072042890651176
0.9874213836477987	0.035075960679177835
0.9874213836477987	0.035079879343090155
0.9874213836477987	0.035083798882681566
0.9874213836477987	0.03508771929824561
0.9874213836477987	0.035091640590075995
0.9874213836477987	0.03509556275846652
0.9874213836477987	0.03509948580371115
0.9874213836477987	0.03510340972610397
0.9874213836477987	0.03511126020351112
0.9874213836477987	0.03511518675911429
0.9874213836477987	0.03511911419304328
0.9842767295597484	0.03501118568232662
0.9842767295597484	0.035015102360443
0.9842767295597484	0.03501901991496979
0.9842767295597484	0.03502293834620119
0.9842767295597484	0.03502685765443151
0.9842767295597484	0.03503077783995523
0.9842767295597484	0.03503469890306694
0.9842767295597484	0.03503862084406135
0.9842767295597484	0.03504254366323332
0.9842767295597484	0.03504646736087784
0.9842767295597484	0.03505039193729003
0.9842767295597484	0.03505431739276515
0.9842767295597484	0.03505824372759857
0.9842767295597484	0.03506217094208581
0.9842767295597484	0.03506609903652252
0.9842767295597484	0.035070028011204485
0.9842767295597484	0.03507395786642761
0.9842767295597484	0.03507788860248795
0.9842767295597484	0.03508182021968169
0.9842767295597484	0.03508575271830512
0.9842767295597484	0.03508968609865471
0.9842767295597484	0.03509362036102702
0.9842767295597484	0.03509755550571877
0.9842767295597484	0.0351014915330268
0.9842767295597484	0.03510542844324809
0.9842767295597484	0.035113304913619026
0.9842767295597484	0.03511724447436329
0.9842767295597484	0.035121184919210055
0.9842767295597484	0.03512512624845696
0.9842767295597484	0.0351290684624018
0.9842767295597484	0.035133011561342464
0.9842767295597484	0.03513695554557701
0.9842767295597484	0.03514090041540362
0.9842767295597484	0.03514484617112059
0.9842767295597484	0.03514879281302639
0.9842767295597484	0.03515274034141959
0.9842767295597484	0.0351566887565989
0.9842767295597484	0.03516063805886318
0.9842767295597484	0.0351685393258427
0.9842767295597484	0.03517249129115631
0.9842767295597484	0.03517644414475163
0.9842767295597484	0.03518039788692818
0.9842767295597484	0.035184352517985615
0.9842767295597484	0.035188308038223724
0.9842767295597484	0.035192264447942434
0.9842767295597484	0.03519622174744181
0.9842767295597484	0.03520017993702204
0.9842767295597484	0.035204139016983466
0.9842767295597484	0.03520809898762654
0.9842767295597484	0.03521205984925188
0.9842767295597484	0.03521602160216022
0.9842767295597484	0.03521998424665242
0.9842767295597484	0.03522394778302949
0.9842767295597484	0.03522791221159257
0.9842767295597484	0.03523187753264295
0.9842767295597484	0.035235843746482046
0.9842767295597484	0.035243778853732685
0.9842767295597484	0.03524774774774775
0.9842767295597484	0.03525171753575853
0.9842767295597484	0.035255688218067134
0.9842767295597484	0.03525965979497578
0.9842767295597484	0.03526363226678684
0.9842767295597484	0.035267605633802816
0.9842767295597484	0.0352795311091073
0.9842767295597484	0.03528350805997069
0.9842767295597484	0.035287485907553554
0.9842767295597484	0.0352914646521592
0.9842767295597484	0.035295444294091115
0.9842767295597484	0.03529942483365287
0.9842767295597484	0.035303406271148204
0.9842767295597484	0.03530738860688099
0.9842767295597484	0.03531137184115524
0.9842767295597484	0.03531535597427508
0.9842767295597484	0.0353193410065448
0.9842767295597484	0.03532332693826882
0.9842767295597484	0.03532731376975169
0.9842767295597484	0.03533130150129812
0.9842767295597484	0.03533529013321292
0.9842767295597484	0.03533927966580106
0.9842767295597484	0.03534327009936766
0.9842767295597484	0.03534726143421796
0.9842767295597484	0.03535125367065733
0.9842767295597484	0.035355246808991304
0.9842767295597484	0.03535924084952553
0.9842767295597484	0.03536323579256581
0.9842767295597484	0.03536723163841808
0.9842767295597484	0.035371228387388404
0.9842767295597484	0.035375226039783
0.9842767295597484	0.03537922459590822
0.9842767295597484	0.03538322405607054
0.9842767295597484	0.035387224420576596
0.9842767295597484	0.03539122568973315
0.9842767295597484	0.03539522786384711
0.9842767295597484	0.035399230943225515
0.9842767295597484	0.03540323492817555
0.9842767295597484	0.035407239819004524
0.9842767295597484	0.03541525231952931
0.9842767295597484	0.03541925992984044
0.9842767295597484	0.0354232684472612
0.9842767295597484	0.0354272778720996
0.9842767295597484	0.0354312882046638
0.9842767295597484	0.03543529944526209
0.9842767295597484	0.035439311594202896
0.9842767295597484	0.03544332465179481
0.9842767295597484	0.03544733861834654
0.9842767295597484	0.03545135349416695
0.9842767295597484	0.03545536927956502
0.9842767295597484	0.03545938597484989
0.9842767295597484	0.03546340358033084
0.9842767295597484	0.03546742209631728
0.9842767295597484	0.03547144152311877
0.9842767295597484	0.035475461861045
0.9842767295597484	0.0354794831104058
0.9811320754716981	0.03537013943997279
0.9811320754716981	0.03537414965986395
0.9811320754716981	0.035378160789205124
0.9811320754716981	0.03538217282830574
0.9811320754716981	0.035386185777475335
0.9811320754716981	0.03539019963702359
0.9811320754716981	0.03539421440726035
0.9811320754716981	0.035398230088495575
0.9811320754716981	0.035402246681039376
0.9811320754716981	0.035406264185202
0.9811320754716981	0.035410282601293835
0.9811320754716981	0.03541430192962543
0.9811320754716981	0.03541832217050744
0.9811320754716981	0.035422343324250684
0.9811320754716981	0.035426365391166115
0.9811320754716981	0.03543038837156484
0.9811320754716981	0.035434412265758095
0.9811320754716981	0.03543843707405725
0.9811320754716981	0.03544246279677383
0.9811320754716981	0.0354464894342195
0.9811320754716981	0.03545051698670606
0.9811320754716981	0.035454545454545454
0.9811320754716981	0.035458574838049775
0.9811320754716981	0.03546260513753126
0.9811320754716981	0.035466636353302265
0.9811320754716981	0.03547066848567531
0.9811320754716981	0.03547470153496305
0.9811320754716981	0.03547873550147828
0.9811320754716981	0.03548277038553395
0.9811320754716981	0.03548680618744313
0.9811320754716981	0.035490842907519055
0.9811320754716981	0.03549488054607509
0.9811320754716981	0.03549891910342474
0.9811320754716981	0.03550295857988166
0.9811320754716981	0.035506998975759645
0.9811320754716981	0.035511040291372635
0.9811320754716981	0.03551508252703472
0.9811320754716981	0.03551912568306011
0.9811320754716981	0.035523169759763176
0.9811320754716981	0.03552721475745844
0.9811320754716981	0.03553126067646054
0.9811320754716981	0.03553530751708428
0.9811320754716981	0.03553935527964461
0.9811320754716981	0.0355434039644566
0.9811320754716981	0.03554745357183548
0.9811320754716981	0.03555150410209663
0.9811320754716981	0.03556366123332953
0.9811320754716981	0.03556771545827633
0.9811320754716981	0.03557177060768441
0.9811320754716981	0.03557582668187001
0.9811320754716981	0.035579883681149505
0.9811320754716981	0.035583941605839414
0.9811320754716981	0.035588000456256416
0.9811320754716981	0.03559206023271732
0.9811320754716981	0.03559612093553908
0.9811320754716981	0.035600182565038795
0.9811320754716981	0.03560424512153372
0.9811320754716981	0.03560830860534125
0.9811320754716981	0.03561237301677891
0.9811320754716981	0.03561643835616438
0.9811320754716981	0.035620504623815503
0.9811320754716981	0.03562457182005024
0.9811320754716981	0.03562863994518671
0.9811320754716981	0.03563270899954317
0.9811320754716981	0.03563677898343803
0.9811320754716981	0.03564084989718986
0.9811320754716981	0.03564492174111733
0.9811320754716981	0.0356489945155393
0.9811320754716981	0.03565306822077477
0.9811320754716981	0.03565714285714286
0.9811320754716981	0.03566121842496285
0.9811320754716981	0.03566529492455418
0.9811320754716981	0.03566937235623643
0.9811320754716981	0.03567345072032929
0.9811320754716981	0.03567753001715266
0.9811320754716981	0.035681610247026534
0.9811320754716981	0.03568569141027107
0.9811320754716981	0.03568977350720659
0.9811320754716981	0.03569385653815353
0.9811320754716981	0.035697940503432495
0.9811320754716981	0.03570202540336423
0.9811320754716981	0.035706111238269625
0.9811320754716981	0.035710198008469723
0.9811320754716981	0.03571428571428571
0.9811320754716981	0.035718374356038925
0.9811320754716981	0.03572246393405083
0.9811320754716981	0.035726554448643075
0.9811320754716981	0.03573064590013743
0.9811320754716981	0.0357347382888558
0.9811320754716981	0.03573883161512027
0.9811320754716981	0.03574292587925307
0.9811320754716981	0.035747021081576534
0.9811320754716981	0.0357511172224132
0.9811320754716981	0.03575521430208572
0.9811320754716981	0.035759312320916906
0.9811320754716981	0.03576341127922971
0.9811320754716981	0.03576751117734724
0.9811320754716981	0.03577161201559275
0.9811320754716981	0.03578392017433192
0.9811320754716981	0.035788024776324846
0.9811320754716981	0.03587443946188341
0.9811320754716981	0.035878564857405704
0.9811320754716981	0.035882691201840136
0.9811320754716981	0.035886818495514144
0.9811320754716981	0.03589094673875532
0.9811320754716981	0.035895075931891396
0.9811320754716981	0.03589920607525026
0.9811320754716981	0.03590333716915996
0.9811320754716981	0.03590746921394867
0.9811320754716981	0.03591160220994475
0.9811320754716981	0.03591573615747669
0.9811320754716981	0.03591987105687313
0.9811320754716981	0.03592814371257485
0.9811320754716981	0.035932281469538176
0.9811320754716981	0.0359364201796821
0.9811320754716981	0.03594055984333602
0.9811320754716981	0.035944700460829496
0.9811320754716981	0.035948842032492226
0.9811320754716981	0.03595298455865407
0.9811320754716981	0.035957128039645035
0.9811320754716981	0.035961272475795295
0.9811320754716981	0.03596541786743516
0.9811320754716981	0.03596956421489509
0.9811320754716981	0.03597371151850571
0.9811320754716981	0.035977859778597784
0.9811320754716981	0.035982008995502246
0.9811320754716981	0.035986159169550176
0.9811320754716981	0.03599446239040148
0.9811320754716981	0.035998615437867774
0.9811320754716981	0.036002769443803366
0.9811320754716981	0.03600692440854011
0.9811320754716981	0.03602355386214063
0.9811320754716981	0.03602771362586605
0.9811320754716981	0.03603187435038688
0.9811320754716981	0.036036036036036036
0.9811320754716981	0.03604019868314658
0.9811320754716981	0.036044362292051754
0.9811320754716981	0.0360651947751705
0.9811320754716981	0.036069364161849714
0.9811320754716981	0.036073534512660425
0.9811320754716981	0.036077705827937095
0.9811320754716981	0.03608187810801434
0.9811320754716981	0.03608605135322693
0.9811320754716981	0.03609022556390978
0.9811320754716981	0.036094400740397964
0.9811320754716981	0.03609857688302673
0.9811320754716981	0.03610275399213145
0.9811320754716981	0.03610693206804768
0.9811320754716981	0.03611111111111111
0.9811320754716981	0.036119472100023156
0.9811320754716981	0.03612365404654394
0.9811320754716981	0.036127836961556276
0.9811320754716981	0.03613202084539664
0.9811320754716981	0.03613620569840167
0.9811320754716981	0.036140391520908144
0.9811320754716981	0.03614457831325301
0.9811320754716981	0.03614876607577337
0.9811320754716981	0.03615295480880649
0.9811320754716981	0.03615714451268977
0.9811320754716981	0.03616133518776078
0.9811320754716981	0.03616552683435725
0.9811320754716981	0.036169719452817065
0.9811320754716981	0.03617391304347826
0.9811320754716981	0.036178107606679034
0.9811320754716981	0.03618230314275774
0.9811320754716981	0.03618649965205289
0.9811320754716981	0.036190697134903145
0.9811320754716981	0.03619489559164733
0.9811320754716981	0.03619909502262444
0.9811320754716981	0.03620329542817359
0.9811320754716981	0.036207496808634096
0.9811320754716981	0.036211699164345405
0.9811320754716981	0.03621590249564713
0.9811320754716981	0.036220106802879036
0.9811320754716981	0.03622431208638105
0.9811320754716981	0.0362495643081213
0.9811320754716981	0.03625377643504532
0.9811320754716981	0.036257989540964555
0.9811320754716981	0.036304398417500584
0.9811320754716981	0.036308623298033284
0.9811320754716981	0.036312849162011177
0.9811320754716981	0.036317076009777675
0.9811320754716981	0.03632130384167637
0.9811320754716981	0.036325532658050996
0.9811320754716981	0.036329762459245456
0.9811320754716981	0.03633399324560382
0.9811320754716981	0.0363382250174703
0.9811320754716981	0.036346691519105315
0.9811320754716981	0.03635092624956309
0.9811320754716981	0.03635516196690748
0.9811320754716981	0.03635939867148351
0.9811320754716981	0.03636363636363636
0.9811320754716981	0.03636787504371139
0.9811320754716981	0.03637211471205409
0.9811320754716981	0.03637635536901014
0.9811320754716981	0.036380597014925374
0.9811320754716981	0.03638483965014577
0.9811320754716981	0.036397573495100324
0.9811320754716981	0.03640182009100455
0.9811320754716981	0.036406067677946324
0.9811320754716981	0.03641031625627261
0.9811320754716981	0.03642306794303059
0.9811320754716981	0.03642732049036777
0.9811320754716981	0.03643157403082672
0.9811320754716981	0.03643582856475534
0.9811320754716981	0.036440084092501754
0.9811320754716981	0.036444340614414206
0.9811320754716981	0.03644859813084112
0.9811320754716981	0.03645285664213109
0.9811320754716981	0.03645711614863286
0.9811320754716981	0.036461376650695335
0.9811320754716981	0.0364656381486676
0.9811320754716981	0.036469900642898886
0.9811320754716981	0.0364741641337386
0.9811320754716981	0.0364784286215363
0.9811320754716981	0.03648269410664172
0.9811320754716981	0.036486960589404746
0.9811320754716981	0.036491228070175435
0.9811320754716981	0.036495496549304014
0.9811320754716981	0.036499766027140855
0.9811320754716981	0.036504036504036504
0.9811320754716981	0.03650830798034168
0.9811320754716981	0.036512580456407255
0.9811320754716981	0.03651685393258427
0.9811320754716981	0.036521128409223926
0.9811320754716981	0.03652540388667759
0.9811320754716981	0.0365296803652968
0.9811320754716981	0.03653395784543326
0.9811320754716981	0.03653823632743881
0.9811320754716981	0.036542515811665496
0.9811320754716981	0.0365467962984655
0.9811320754716981	0.03655107778819119
0.9811320754716981	0.036555360281195076
0.9811320754716981	0.03656392827844838
0.9811320754716981	0.03656821378340366
0.9811320754716981	0.03657250029304888
0.9811320754716981	0.0365767878077374
0.9811320754716981	0.036581076327822724
0.9811320754716981	0.036585365853658534
0.9811320754716981	0.03658965638559868
0.9811320754716981	0.036593947923997186
0.9811320754716981	0.03659824046920821
0.9811320754716981	0.03660253402158611
0.9811320754716981	0.036606828581485396
0.9811320754716981	0.03661112414926074
0.9811320754716981	0.03661542072526699
0.9811320754716981	0.036619718309859155
0.9811320754716981	0.03662401690339242
0.9811320754716981	0.03662831650622212
0.9811320754716981	0.036645525017618044
0.9811320754716981	0.036649829672265946
0.9811320754716981	0.03665413533834586
0.9811320754716981	0.036658442016214314
0.9811320754716981	0.036662749706227966
0.9811320754716981	0.03666705840874368
0.9811320754716981	0.036671368124118475
0.9811320754716981	0.03667567885270953
0.9811320754716981	0.03667999059487421
0.9811320754716981	0.03668430335097002
0.9811320754716981	0.036688617121354655
0.9811320754716981	0.03669293190638598
0.9811320754716981	0.03669724770642202
0.9811320754716981	0.03670156452182096
0.9811320754716981	0.03670588235294118
0.9811320754716981	0.03671020120014119
0.9811320754716981	0.03671452106377971
0.9811320754716981	0.036718841944215604
0.9811320754716981	0.03672316384180791
0.9811320754716981	0.03672748675691583
0.9811320754716981	0.03673181068989875
0.9811320754716981	0.03673613564111621
0.9811320754716981	0.036740461610927935
0.9811320754716981	0.036744788599693795
0.9811320754716981	0.03674911660777385
0.9811320754716981	0.036753445635528334
0.9811320754716981	0.036757775683317624
0.9811320754716981	0.0367621067515023
0.9811320754716981	0.03676643884044308
0.9811320754716981	0.03677077195050089
0.9811320754716981	0.036775106082036775
0.9811320754716981	0.036779441235412
0.9811320754716981	0.036783777410987976
0.9811320754716981	0.03678811460912628
0.9811320754716981	0.03679245283018868
0.9811320754716981	0.036796792074537094
0.9811320754716981	0.03680113234253362
0.9811320754716981	0.03680547363454052
0.9811320754716981	0.03680981595092025
0.9811320754716981	0.036814159292035395
0.9811320754716981	0.036818503658248763
0.9811320754716981	0.036822849049923286
0.9811320754716981	0.036827195467422094
0.9811320754716981	0.03683154291110849
0.9811320754716981	0.03683589138134593
0.9811320754716981	0.03684024087849805
0.9811320754716981	0.03684459140292867
0.9811320754716981	0.036848942955001775
0.9811320754716981	0.0368532955350815
0.9811320754716981	0.03685764914353219
0.9811320754716981	0.036862003780718335
0.9811320754716981	0.03686635944700461
0.9811320754716981	0.03687071614275585
0.9811320754716981	0.03687507386833708
0.9811320754716981	0.03687943262411347
0.9811320754716981	0.03688379241045041
0.9811320754716981	0.03688815322771341
0.9811320754716981	0.03689251507626818
0.9811320754716981	0.03690124186871674
0.9811320754716981	0.036905606813342796
0.9811320754716981	0.036909972790725186
0.9811320754716981	0.036914339801230475
0.9811320754716981	0.03691870784522542
0.9811320754716981	0.036923076923076927
0.9811320754716981	0.03692744703515209
0.9811320754716981	0.036931818181818184
0.9811320754716981	0.036936190363442645
0.9811320754716981	0.03694056358039308
0.9811320754716981	0.0369449378330373
0.9811320754716981	0.03694931312174325
0.9811320754716981	0.03696244520791375
0.9811320754716981	0.03696682464454976
0.9811320754716981	0.03697120511908994
0.9811320754716981	0.03697558663190329
0.9811320754716981	0.03699312307327484
0.9811320754716981	0.03701067615658363
0.9811320754716981	0.03701506703048998
0.9811320754716981	0.037023851904592384
0.9811320754716981	0.0370282459055305
0.9811320754716981	0.0370326409495549
0.9811320754716981	0.037037037037037035
0.9811320754716981	0.03704143416834857
0.9811320754716981	0.037045832343861315
0.9811320754716981	0.037050231563947274
0.9811320754716981	0.03705463182897862
0.9811320754716981	0.037059033139327714
0.9811320754716981	0.03706343549536707
0.9811320754716981	0.03706783889746941
0.9811320754716981	0.0370722433460076
0.9811320754716981	0.037076648841354726
0.9811320754716981	0.037081055383884
0.9811320754716981	0.03708546297396886
0.9811320754716981	0.037089871611982884
0.9811320754716981	0.03709428129829984
0.9811320754716981	0.0370986920332937
0.9811320754716981	0.03710310381733856
0.9811320754716981	0.037107516650808754
0.9811320754716981	0.03711193053407874
0.9811320754716981	0.037116345467523196
0.9811320754716981	0.03712076145151695
0.9811320754716981	0.03712517848643503
0.9811320754716981	0.03712959657265263
0.9811320754716981	0.03713401571054511
0.9779874213836478	0.03701940245208904
0.9779874213836478	0.03702380952380952
0.9779874213836478	0.037028217644957735
0.9779874213836478	0.03703262681590855
0.9779874213836478	0.037037037037037035
0.9779874213836478	0.03704144830871844
0.9779874213836478	0.03704586063132817
0.9779874213836478	0.03705027400524184
0.9779874213836478	0.03705910390848427
0.9779874213836478	0.03706352043856513
0.9779874213836478	0.03706793802145411
0.9779874213836478	0.037072356657527714
0.9779874213836478	0.03707677634716261
0.9779874213836478	0.037081197090735665
0.9779874213836478	0.0370856188886239
0.9748427672955975	0.03697078115682767
0.9748427672955975	0.03697519083969466
0.9748427672955975	0.036979601574615294
0.9748427672955975	0.03698401336196612
0.9748427672955975	0.03698842620212385
0.9748427672955975	0.03699284009546539
0.9748427672955975	0.036997255042367824
0.9748427672955975	0.0370016710432084
0.9748427672955975	0.037010506208213945
0.9748427672955975	0.037014925373134326
0.9748427672955975	0.0370193455935037
0.9748427672955975	0.03702376686970023
0.9748427672955975	0.03702818920210225
0.9748427672955975	0.03705917513448894
0.9748427672955975	0.03706360593017695
0.9748427672955975	0.037068037785483676
0.9748427672955975	0.037072470700789284
0.9748427672955975	0.03707690467647411
0.9748427672955975	0.03709021296960995
0.9748427672955975	0.037094651190618645
0.9748427672955975	0.03709909047391096
0.9748427672955975	0.03710353081986834
0.9748427672955975	0.037107972228872396
0.9748427672955975	0.03711241470130492
0.9748427672955975	0.037116858237547894
0.9748427672955975	0.037121302837983476
0.9748427672955975	0.037125748502994015
0.9748427672955975	0.03713019523296203
0.9748427672955975	0.03713464302827024
0.9748427672955975	0.03713909188930155
0.9748427672955975	0.037143541816439016
0.9748427672955975	0.03714799281006591
0.9748427672955975	0.037152444870565675
0.9748427672955975	0.03715689799832195
0.9748427672955975	0.037161352193718536
0.9748427672955975	0.03716580745713943
0.9748427672955975	0.03717026378896882
0.9748427672955975	0.03717472118959108
0.9748427672955975	0.03717917965939074
0.9748427672955975	0.03718363919875255
0.9748427672955975	0.03718809980806142
0.9748427672955975	0.03719256148770246
0.9748427672955975	0.037197024238060955
0.9748427672955975	0.03720148805952238
0.9748427672955975	0.03720595295247239
0.9748427672955975	0.037210418917296845
0.9748427672955975	0.03721488595438175
0.9748427672955975	0.037219354064113336
0.9748427672955975	0.037223823246878
0.9748427672955975	0.03722829350306233
0.9748427672955975	0.037232764833053086
0.9748427672955975	0.037237237237237236
0.9748427672955975	0.03724171071600192
0.9748427672955975	0.03724618526973447
0.9748427672955975	0.037250660898822396
0.9748427672955975	0.037255137603653406
0.9748427672955975	0.037259615384615384
0.9748427672955975	0.0372640942420964
0.9748427672955975	0.037268574176484735
0.9748427672955975	0.03727305518816881
0.9748427672955975	0.03727753727753728
0.9748427672955975	0.037282020444978956
0.9748427672955975	0.03728650469088285
0.9748427672955975	0.03729099001563816
0.9748427672955975	0.037295476419634266
0.9748427672955975	0.037299963903260736
0.9748427672955975	0.03733140655105973
0.9748427672955975	0.037335902685776225
0.9748427672955975	0.037340399903637675
0.9748427672955975	0.03734489820503554
0.9748427672955975	0.03734939759036145
0.9748427672955975	0.03735389806000723
0.9748427672955975	0.03735839961436491
0.9748427672955975	0.037362902253826685
0.9748427672955975	0.037367405978784955
0.9748427672955975	0.037371910789632305
0.9748427672955975	0.03737641668676151
0.9748427672955975	0.03738092367056554
0.9748427672955975	0.03738543174143753
0.9748427672955975	0.03738994089977084
0.9748427672955975	0.03739445114595899
0.9748427672955975	0.0373989624803957
0.9748427672955975	0.037403474903474905
0.9748427672955975	0.03740798841559068
0.9748427672955975	0.03741250301713734
0.9748427672955975	0.03741701870850935
0.9748427672955975	0.0374215354901014
0.9748427672955975	0.037426053362308344
0.9748427672955975	0.037430572325525234
0.9748427672955975	0.037435092380147326
0.9748427672955975	0.03743961352657005
0.9748427672955975	0.037444135765189034
0.9748427672955975	0.0374486590964001
0.9748427672955975	0.0374577090381827
0.9748427672955975	0.03746676335508823
0.9748427672955975	0.03747129215520367
0.9748427672955975	0.03747582205029013
0.9748427672955975	0.03748035304074477
0.9748427672955975	0.037484885126964934
0.9748427672955975	0.03748941830934817
0.9748427672955975	0.03749395258829221
0.9748427672955975	0.03749848796419499
0.9748427672955975	0.03750302443745463
0.9748427672955975	0.03750756200846945
0.9748427672955975	0.037512100677637945
0.9748427672955975	0.03751664044535883
0.9748427672955975	0.037521181312030985
0.9748427672955975	0.03752572327805351
0.9748427672955975	0.03753026634382567
0.9748427672955975	0.03753481050974694
0.9748427672955975	0.037539355776217004
0.9748427672955975	0.037543902143635705
0.9748427672955975	0.0375484496124031
0.9748427672955975	0.03755299818291944
0.9748427672955975	0.03755754785558517
0.9748427672955975	0.03756209863080092
0.9748427672955975	0.03756665050896752
0.9748427672955975	0.037571203490486
0.9748427672955975	0.03758486905916586
0.9748427672955975	0.03759854457246816
0.9748427672955975	0.03760310528869481
0.9748427672955975	0.03760766711148854
0.9748427672955975	0.03761223004125212
0.9748427672955975	0.03761679407838855
0.9748427672955975	0.03762135922330097
0.9748427672955975	0.03763049283806749
0.9748427672955975	0.03763506130872891
0.9748427672955975	0.03763963088878096
0.9748427672955975	0.03764420157862781
0.9748427672955975	0.03764877337867379
0.9748427672955975	0.03765792031098154
0.9748427672955975	0.03766249544405297
0.9748427672955975	0.03766707168894289
0.9748427672955975	0.03767164904605663
0.9748427672955975	0.03767622751579971
0.9748427672955975	0.03768080709857785
0.9748427672955975	0.037685387794796986
0.9748427672955975	0.03768996960486322
0.9748427672955975	0.03769455252918288
0.9748427672955975	0.03769913656816247
0.9748427672955975	0.037703721722208705
0.9748427672955975	0.0377083079917285
0.9748427672955975	0.037712895377128956
0.9748427672955975	0.037717483878817376
0.9748427672955975	0.03773584905660377
0.9748427672955975	0.037740443145848554
0.9748427672955975	0.037745038353829294
0.9748427672955975	0.0377496346809547
0.9748427672955975	0.03775423212763366
0.9748427672955975	0.037758830694275276
0.9748427672955975	0.037781840341255334
0.9748427672955975	0.037786445636274986
0.9748427672955975	0.03779105205412654
0.9748427672955975	0.03779565959522068
0.9748427672955975	0.037800268259968295
0.9748427672955975	0.03780487804878049
0.9748427672955975	0.037809488962068545
0.9748427672955975	0.03781410100024396
0.9748427672955975	0.03781871416371843
0.9748427672955975	0.037827943868212324
0.9748427672955975	0.037832560410056136
0.9748427672955975	0.037837178078847795
0.9748427672955975	0.037841796875
0.9748427672955975	0.03784641679892565
0.9748427672955975	0.03785103785103785
0.9748427672955975	0.03785566003174991
0.9748427672955975	0.03786028334147533
0.9748427672955975	0.03786490778062782
0.9748427672955975	0.03786953334962131
0.9748427672955975	0.037874160048869884
0.9748427672955975	0.03787878787878788
0.9748427672955975	0.03788341683978981
0.9748427672955975	0.03788804693229039
0.9748427672955975	0.03789267815670456
0.9748427672955975	0.037897310513447434
0.9748427672955975	0.03790194400293435
0.9748427672955975	0.037906578625580827
0.9748427672955975	0.037911214381802616
0.9748427672955975	0.037915851272015653
0.9748427672955975	0.037920489296636085
0.9748427672955975	0.03792512845608025
0.9748427672955975	0.03792976875076471
0.9748427672955975	0.037934410181106215
0.9748427672955975	0.037939052747521726
0.9748427672955975	0.037943696450428395
0.9748427672955975	0.037948341290243603
0.9748427672955975	0.03795298726738491
0.9748427672955975	0.03795763438227011
0.9748427672955975	0.03796228263531717
0.9748427672955975	0.037966932026944275
0.9748427672955975	0.03797158255756982
0.9748427672955975	0.0379762342276124
0.9748427672955975	0.037980887037490814
0.9748427672955975	0.037985540987624064
0.9748427672955975	0.03799019607843137
0.9748427672955975	0.03803214329530119
0.9748427672955975	0.03803680981595092
0.9748427672955975	0.03804147748189962
0.9748427672955975	0.03804614629356897
0.9748427672955975	0.038050816251380876
0.9748427672955975	0.03805548735575743
0.9748427672955975	0.03806015960712093
0.9748427672955975	0.03806483300589391
0.9748427672955975	0.03806950755249908
0.9748427672955975	0.038074183247359374
0.9748427672955975	0.03807886009089793
0.9748427672955975	0.038083538083538086
0.9748427672955975	0.0380882172257034
0.9748427672955975	0.038092897517817643
0.9748427672955975	0.03809757896030478
0.9748427672955975	0.038102261553588986
0.9748427672955975	0.03810694529809465
0.9748427672955975	0.038111630194246376
0.9748427672955975	0.03811631624246895
0.9748427672955975	0.03812100344318741
0.9748427672955975	0.03812569179682696
0.9748427672955975	0.038130381303813035
0.9748427672955975	0.03813507196457129
0.9748427672955975	0.03813976377952756
0.9748427672955975	0.038144456749107915
0.9748427672955975	0.038149150873738616
0.9748427672955975	0.038153846153846156
0.9748427672955975	0.038158542589857215
0.9748427672955975	0.038163240182198695
0.9748427672955975	0.03816793893129771
0.9748427672955975	0.038172638837581575
0.9748427672955975	0.038177339901477834
0.9748427672955975	0.038182042123414216
0.9748427672955975	0.038186745503818675
0.9748427672955975	0.03819145004311938
0.9748427672955975	0.0381961557417447
0.9748427672955975	0.03820086260012323
0.9748427672955975	0.03820557061868376
0.9748427672955975	0.038210279797855295
0.9748427672955975	0.03821499013806706
0.9748427672955975	0.03821970163974849
0.9748427672955975	0.03822441430332922
0.9748427672955975	0.038229128129239114
0.9748427672955975	0.03823384311790824
0.9748427672955975	0.03823855926976687
0.9748427672955975	0.0382432765852455
0.9748427672955975	0.03824799506477483
0.9748427672955975	0.03825271470878579
0.9748427672955975	0.03825743551770949
0.9748427672955975	0.03826215749197729
0.9748427672955975	0.03827160493827161
0.9748427672955975	0.03827633041116187
0.9748427672955975	0.0382857848585896
0.9748427672955975	0.038290513833992096
0.9748427672955975	0.03829524397776405
0.9748427672955975	0.038299975290338524
0.9748427672955975	0.03830470777214877
0.9748427672955975	0.03830944142362828
0.9748427672955975	0.038314176245210725
0.9748427672955975	0.038318912237330034
0.9748427672955975	0.0383426097711812
0.9748427672955975	0.03834735279564572
0.9748427672955975	0.03835209699369046
0.9748427672955975	0.03835684236575105
0.9748427672955975	0.038361588912263336
0.9748427672955975	0.038366336633663366
0.9748427672955975	0.03837108553038743
0.9748427672955975	0.038375835602872
0.9748427672955975	0.038380586851553794
0.9748427672955975	0.03838533927686974
0.9748427672955975	0.03839484765915284
0.9748427672955975	0.038399603616994925
0.9748427672955975	0.03840436075322101
0.9748427672955975	0.03840911906826911
0.9748427672955975	0.03841387856257745
0.9748427672955975	0.03841863923658446
0.9748427672955975	0.0384234010907288
0.9748427672955975	0.03842816412544936
0.9748427672955975	0.038432928341185224
0.9748427672955975	0.038437693738375696
0.9748427672955975	0.03844246031746032
0.9748427672955975	0.03844722807887883
0.9748427672955975	0.0384519970230712
0.9748427672955975	0.038456767150477605
0.9748427672955975	0.038461538461538464
0.9748427672955975	0.03846631095669438
0.9748427672955975	0.0384710846363862
0.9748427672955975	0.03847585950105498
0.9748427672955975	0.038480635551142006
0.9748427672955975	0.038485412787088766
0.9748427672955975	0.03849019120933698
0.9748427672955975	0.038494970818328575
0.9748427672955975	0.038499751614505716
0.9748427672955975	0.038518886679920476
0.9748427672955975	0.03852367341866534
0.9748427672955975	0.038528461347253296
0.9748427672955975	0.038538040775733466
0.9748427672955975	0.03854283227651374
0.9748427672955975	0.0385476249689132
0.9748427672955975	0.03856680766359791
0.9748427672955975	0.038571606320766456
0.9748427672955975	0.038576406172224985
0.9748427672955975	0.038581207218419414
0.9748427672955975	0.038586009459795866
0.9748427672955975	0.038605230386052306
0.9748427672955975	0.03861003861003861
0.9748427672955975	0.03861484803188839
0.9748427672955975	0.03861965865204933
0.9748427672955975	0.03862447047096935
0.9748427672955975	0.038629283489096576
0.9748427672955975	0.03863409770687936
0.9748427672955975	0.0386389131247663
0.9748427672955975	0.038643729743206186
0.9748427672955975	0.03865336658354115
0.9748427672955975	0.038658186806334954
0.9748427672955975	0.038663008231479175
0.9748427672955975	0.03866783085942373
0.9748427672955975	0.038672654690618764
0.9748427672955975	0.03867747972551466
0.9748427672955975	0.038682305964562014
0.9748427672955975	0.03868713340821166
0.9748427672955975	0.03869196205691463
0.9748427672955975	0.03869679191112221
0.9748427672955975	0.03870162297128589
0.9748427672955975	0.03870645523785741
0.9748427672955975	0.03871128871128871
0.9748427672955975	0.038716123392031974
0.9748427672955975	0.0387209592805396
0.9748427672955975	0.03872579637726421
0.9748427672955975	0.03873063468265867
0.9748427672955975	0.03873547419717606
0.9748427672955975	0.038754844355544445
0.9748427672955975	0.03875968992248062
0.9748427672955975	0.038764536701262974
0.9748427672955975	0.03876938469234617
0.9748427672955975	0.03877423389618512
0.9748427672955975	0.03877908431323493
0.9748427672955975	0.03878393594395096
0.9748427672955975	0.03878878878878879
0.9748427672955975	0.03879364284820423
0.9748427672955975	0.03879849812265332
0.9748427672955975	0.038803354612592315
0.9748427672955975	0.03880821231847772
0.9748427672955975	0.038813071240766245
0.9748427672955975	0.03881793137991485
0.9748427672955975	0.038822792736380715
0.9748427672955975	0.03882765531062124
0.9748427672955975	0.03883251910309408
0.9748427672955975	0.03885198646446923
0.9748427672955975	0.03885685635497618
0.9748427672955975	0.03886172746646609
0.9748427672955975	0.038866599799398195
0.9748427672955975	0.038871473354231974
0.9748427672955975	0.03887634813142714
0.9748427672955975	0.03888122413144362
0.9748427672955975	0.038886101354741597
0.9748427672955975	0.03889097980178146
0.9748427672955975	0.03889585947302384
0.9748427672955975	0.038900740368929605
0.9748427672955975	0.03890562248995984
0.9748427672955975	0.038910505836575876
0.9748427672955975	0.03891539040923927
0.9748427672955975	0.0389202762084118
0.9748427672955975	0.0389251632345555
0.9748427672955975	0.03893005148813261
0.9748427672955975	0.038934940969605626
0.9748427672955975	0.03893983167943726
0.9748427672955975	0.038944723618090454
0.9748427672955975	0.038949616786028395
0.9748427672955975	0.0389545111837145
0.9748427672955975	0.03895940681161242
0.9748427672955975	0.03896920175989944
0.9748427672955975	0.038974101081216996
0.9748427672955975	0.03897900163460329
0.9748427672955975	0.03898390342052314
0.9748427672955975	0.03898880643944158
0.9748427672955975	0.0389937106918239
0.9748427672955975	0.03899861617813562
0.9748427672955975	0.03900352289884248
0.9748427672955975	0.03900843085441047
0.9748427672955975	0.039013340045305815
0.9748427672955975	0.03901825047199497
0.9748427672955975	0.03902316213494461
0.9748427672955975	0.03902807503462168
0.9748427672955975	0.039032989171493324
0.9748427672955975	0.03903790454602695
0.9748427672955975	0.03904282115869018
0.9748427672955975	0.03904773900995088
0.9748427672955975	0.039052658100277145
0.9716981132075472	0.038931586241653014
0.9716981132075472	0.03893649193548387
0.9716981132075472	0.0389413988657845
0.9716981132075472	0.03894630703302244
0.9716981132075472	0.03895121643766545
0.9716981132075472	0.03895612708018154
0.9716981132075472	0.03896103896103896
0.9716981132075472	0.03897086643965191
0.9716981132075472	0.038975782038345105
0.9716981132075472	0.03898069887725495
0.9716981132075472	0.03898561695685087
0.9716981132075472	0.038990536277602524
0.9716981132075472	0.038995456839979806
0.9716981132075472	0.03900037864445286
0.9716981132075472	0.03900530169149205
0.9716981132075472	0.03901022598156798
0.9716981132075472	0.03901515151515152
0.9716981132075472	0.03902007829271373
0.9716981132075472	0.03902500631472594
0.9716981132075472	0.03902993558165972
0.9716981132075472	0.03903486609398686
0.9716981132075472	0.039039797852179405
0.9716981132075472	0.03904473085670963
0.9716981132075472	0.039049665108050045
0.9716981132075472	0.03905460060667341
0.9716981132075472	0.03905953735305271
0.9716981132075472	0.039064475347661186
0.9716981132075472	0.03906941459097231
0.9716981132075472	0.039074355083459786
0.9716981132075472	0.03907929682559757
0.9716981132075472	0.039084239817859856
0.9716981132075472	0.03908918406072106
0.9716981132075472	0.03909412955465587
0.9716981132075472	0.03909907630013919
0.9716981132075472	0.039104024297646166
0.9716981132075472	0.03910897354765219
0.9716981132075472	0.03911392405063291
0.9716981132075472	0.039118875807064184
0.9716981132075472	0.03912382881742213
0.9716981132075472	0.03912878308218311
0.9716981132075472	0.03913373860182371
0.9716981132075472	0.03913869537682077
0.9716981132075472	0.03914365340765138
0.9716981132075472	0.039148612694792854
0.9716981132075472	0.039153573238722754
0.9716981132075472	0.039158535039918896
0.9716981132075472	0.039163498098859315
0.9716981132075472	0.03916846241602231
0.9716981132075472	0.03917342799188641
0.9716981132075472	0.03917839482693039
0.9716981132075472	0.039183362921633276
0.9716981132075472	0.039188332276474315
0.9716981132075472	0.03919330289193303
0.9716981132075472	0.03919827476848915
0.9716981132075472	0.03920324790662268
0.9716981132075472	0.03920822230681385
0.9716981132075472	0.039213197969543145
0.9716981132075472	0.03921817489529128
0.9716981132075472	0.039223153084539226
0.9716981132075472	0.03922813253776818
0.9716981132075472	0.039233113255459626
0.9716981132075472	0.03923809523809524
0.9716981132075472	0.03924307848615697
0.9716981132075472	0.039248063000127016
0.9716981132075472	0.039253048780487805
0.9716981132075472	0.03926302414231258
0.9716981132075472	0.03926801372474266
0.9716981132075472	0.03927300457549568
0.9716981132075472	0.039277996695055294
0.9716981132075472	0.039282990083905414
0.9716981132075472	0.039287984742530195
0.9716981132075472	0.03929298067141404
0.9716981132075472	0.039297977871041584
0.9716981132075472	0.039302976341897736
0.9716981132075472	0.03930797608446762
0.9716981132075472	0.03931297709923664
0.9716981132075472	0.03931797938669042
0.9716981132075472	0.03932298294731484
0.9716981132075472	0.039327987781596026
0.9716981132075472	0.03933299389002037
0.9716981132075472	0.03933800127307448
0.9716981132075472	0.039348019865019734
0.9716981132075472	0.03935303107488538
0.9716981132075472	0.03935804356132977
0.9716981132075472	0.039363057324840765
0.9716981132075472	0.03936807236590648
0.9716981132075472	0.03937308868501529
0.9716981132075472	0.03937810628265579
0.9716981132075472	0.03938312515931685
0.9716981132075472	0.03938814531548757
0.9716981132075472	0.03939316675165732
0.9716981132075472	0.0393981894683157
0.9716981132075472	0.03940321346595256
0.9716981132075472	0.03940823874505803
0.9716981132075472	0.03941326530612245
0.9716981132075472	0.039418293149636435
0.9716981132075472	0.03942332227609084
0.9716981132075472	0.039428352685976775
0.9716981132075472	0.03943338437978561
0.9716981132075472	0.03943841735800893
0.9716981132075472	0.039443451621138624
0.9716981132075472	0.03944848716966679
0.9716981132075472	0.039453524004085805
0.9716981132075472	0.03947872748179379
0.9716981132075472	0.03948377204191158
0.9716981132075472	0.039488817891373804
0.9716981132075472	0.03949891346030934
0.9716981132075472	0.03950396318077218
0.9716981132075472	0.0395090141925585
0.9716981132075472	0.03951406649616368
0.9716981132075472	0.03951912009208339
0.9716981132075472	0.0395292311628502
0.9716981132075472	0.039534288638689866
0.9716981132075472	0.039539347408829174
0.9716981132075472	0.03954440747376504
0.9716981132075472	0.03954946883399463
0.9716981132075472	0.03955453149001536
0.9716981132075472	0.03955959544232493
0.9716981132075472	0.039564660691421255
0.9716981132075472	0.039569727237802534
0.9716981132075472	0.039574795081967214
0.9716981132075472	0.03957986422441399
0.9716981132075472	0.039584934665641815
0.9716981132075472	0.0395900064061499
0.9716981132075472	0.039595079446437725
0.9716981132075472	0.039600153787004995
0.9716981132075472	0.03962046416207206
0.9716981132075472	0.03962554501154142
0.9716981132075472	0.03963062716429396
0.9716981132075472	0.0396357106208312
0.9716981132075472	0.03964079538165491
0.9716981132075472	0.03964588144726713
0.9716981132075472	0.03965096881817015
0.9716981132075472	0.039671331364745155
0.9716981132075472	0.039676425269645606
0.9716981132075472	0.039681520482856045
0.9716981132075472	0.039686617004880555
0.9716981132075472	0.03969171483622351
0.9716981132075472	0.039696813977389514
0.9716981132075472	0.03970191442888346
0.9716981132075472	0.03970701619121048
0.9716981132075472	0.03971211926487598
0.9716981132075472	0.0397172236503856
0.9716981132075472	0.039722329348245274
0.9716981132075472	0.03972743635896117
0.9716981132075472	0.03973254468303973
0.9716981132075472	0.03973765432098766
0.9716981132075472	0.0397427652733119
0.9716981132075472	0.03974787754051968
0.9716981132075472	0.03975810602161606
0.9716981132075472	0.039763222236520394
0.9716981132075472	0.03976833976833977
0.9716981132075472	0.0397734586175827
0.9716981132075472	0.03977857878475798
0.9716981132075472	0.039783700270374665
0.9716981132075472	0.039788823074942054
0.9716981132075472	0.03979394719896973
0.9716981132075472	0.039799072642967545
0.9716981132075472	0.039804199407445576
0.9716981132075472	0.039809327492914194
0.9716981132075472	0.03981445689988403
0.9716981132075472	0.03981958762886598
0.9716981132075472	0.039824719680371184
0.9716981132075472	0.03982985305491106
0.9716981132075472	0.03983498775299729
0.9716981132075472	0.039840123775141824
0.9716981132075472	0.039845261121856865
0.9716981132075472	0.039850399793654886
0.9716981132075472	0.039855539791048625
0.9716981132075472	0.039860681114551086
0.9716981132075472	0.039865823764675526
0.9716981132075472	0.039870967741935485
0.9716981132075472	0.039876113046844755
0.9716981132075472	0.039881259679917395
0.9716981132075472	0.039886407641667745
0.9716981132075472	0.03989155693261038
0.9716981132075472	0.03989670755326017
0.9716981132075472	0.039901859504132234
0.9716981132075472	0.03990701278574196
0.9716981132075472	0.03991216739860501
0.9716981132075472	0.03991732334323731
0.9716981132075472	0.03992248062015504
0.9716981132075472	0.03992763922987466
0.9716981132075472	0.0399327991729129
0.9716981132075472	0.03993796044978674
0.9716981132075472	0.03994312306101344
0.9716981132075472	0.03994828700711053
0.9716981132075472	0.03995345228859581
0.9716981132075472	0.03995861890598733
0.9716981132075472	0.03996378685980342
0.9716981132075472	0.039968956150562666
0.9716981132075472	0.03997412677878396
0.9716981132075472	0.039979298744986416
0.9716981132075472	0.03998447204968944
0.9716981132075472	0.039989646693412706
0.9716981132075472	0.040015540015540016
0.9716981132075472	0.040020722704312915
0.9716981132075472	0.04002590673575129
0.9716981132075472	0.04003109211037699
0.9716981132075472	0.0400362788287121
0.9716981132075472	0.04004146689127899
0.9716981132075472	0.04004665629860031
0.9716981132075472	0.04005184705119896
0.9716981132075472	0.040057039149598135
0.9716981132075472	0.040062232594321276
0.9716981132075472	0.04006742738589212
0.9716981132075472	0.04007262352483465
0.9716981132075472	0.040077821011673155
0.9716981132075472	0.040083019846932154
0.9716981132075472	0.04008822003113648
0.9716981132075472	0.04009342156481121
0.9716981132075472	0.0400986244484817
0.9716981132075472	0.040103828682673585
0.9716981132075472	0.040119449493638014
0.9716981132075472	0.04012465913517725
0.9716981132075472	0.04012987012987013
0.9716981132075472	0.040135082478243926
0.9716981132075472	0.040140296180826186
0.9716981132075472	0.040145511238144735
0.9716981132075472	0.04015072765072765
0.9716981132075472	0.04015594541910331
0.9716981132075472	0.040161164543800365
0.9716981132075472	0.040166385025347716
0.9716981132075472	0.040171606864274574
0.9716981132075472	0.04017683006111039
0.9716981132075472	0.04018728053062817
0.9716981132075472	0.04019250780437045
0.9716981132075472	0.04019773643814232
0.9716981132075472	0.04020296643247463
0.9716981132075472	0.040208197787898504
0.9716981132075472	0.040213430504945344
0.9716981132075472	0.040218664584146815
0.9716981132075472	0.04022390002603489
0.9716981132075472	0.04022913683114178
0.9716981132075472	0.040234375
0.9716981132075472	0.040239614533142336
0.9716981132075472	0.04024485543110185
0.9716981132075472	0.04025009769441188
0.9716981132075472	0.040255341323606045
0.9716981132075472	0.04026058631921824
0.9716981132075472	0.040265832681782646
0.9716981132075472	0.0402710804118337
0.9716981132075472	0.04027632950990615
0.9716981132075472	0.040281579976535004
0.9716981132075472	0.04028683181225554
0.9716981132075472	0.04029208501760334
0.9716981132075472	0.04030259553932438
0.9716981132075472	0.04030785285677015
0.9716981132075472	0.04031311154598826
0.9716981132075472	0.040318371607515655
0.9716981132075472	0.0403236330418896
0.9716981132075472	0.04032889584964761
0.9716981132075472	0.040334160031327504
0.9716981132075472	0.040339425587467365
0.9716981132075472	0.04034469251860556
0.9716981132075472	0.04034996082528075
0.9716981132075472	0.040355230508031865
0.9716981132075472	0.04036050156739812
0.9716981132075472	0.040365774003919004
0.9716981132075472	0.04037104781813431
0.9716981132075472	0.04037632301058409
0.9716981132075472	0.040381599581808675
0.9716981132075472	0.040386877532348715
0.9716981132075472	0.040392156862745096
0.9716981132075472	0.04039743757353902
0.9716981132075472	0.040402719665271966
0.9716981132075472	0.04040800313848568
0.9716981132075472	0.04041328799372221
0.9716981132075472	0.040418574231523875
0.9716981132075472	0.04042386185243328
0.9716981132075472	0.04042915085699333
0.9716981132075472	0.04043444124574719
0.9716981132075472	0.04043973301923832
0.9716981132075472	0.04044502617801047
0.9716981132075472	0.04045032072260767
0.9716981132075472	0.040471512770137524
0.9716981132075472	0.04047681425203039
0.9716981132075472	0.040482117123018475
0.9716981132075472	0.0404874213836478
0.9716981132075472	0.04049272703446468
0.9716981132075472	0.04049803407601573
0.9716981132075472	0.040503342508847816
0.9716981132075472	0.04050865233350813
0.9716981132075472	0.04051396355054412
0.9716981132075472	0.04051927616050354
0.9716981132075472	0.04052459016393443
0.9716981132075472	0.0405299055613851
0.9716981132075472	0.04053522235340417
0.9716981132075472	0.04054054054054054
0.9716981132075472	0.04059913283405597
0.9716981132075472	0.04060446780551905
0.9716981132075472	0.040609804179261404
0.9716981132075472	0.04061514195583596
0.9716981132075472	0.04062048113579598
0.9716981132075472	0.04062582171969498
0.9716981132075472	0.04063116370808678
0.9716981132075472	0.04063650710152551
0.9716981132075472	0.040641851900565566
0.9716981132075472	0.040647198105761645
0.9716981132075472	0.04065254571766873
0.9716981132075472	0.04065789473684211
0.9716981132075472	0.04066859699921032
0.9716981132075472	0.04067395024351718
0.9716981132075472	0.040679304897314375
0.9716981132075472	0.04068466096115866
0.9716981132075472	0.04069001843560706
0.9716981132075472	0.04069537732121691
0.9716981132075472	0.04070073761854584
0.9716981132075472	0.04070609932815176
0.9716981132075472	0.040711462450592886
0.9716981132075472	0.04071682698642772
0.9716981132075472	0.040722192936215075
0.9716981132075472	0.04072756030051404
0.9716981132075472	0.040732929079883996
0.9716981132075472	0.04073829927488464
0.9716981132075472	0.04074367088607595
0.9716981132075472	0.04076517150395778
0.9716981132075472	0.04077593032462391
0.9716981132075472	0.04078131186485416
0.9716981132075472	0.04078669482576557
0.9716981132075472	0.040792079207920794
0.9716981132075472	0.04079746501188276
0.9716981132075472	0.04080285223821471
0.9716981132075472	0.04080824088748019
0.9716981132075472	0.040813630960243034
0.9716981132075472	0.040819022457067373
0.9716981132075472	0.04082441537851764
0.9716981132075472	0.04082980972515856
0.9716981132075472	0.04083520549755518
0.9716981132075472	0.0408406026962728
0.9716981132075472	0.040846001321877067
0.9716981132075472	0.0408514013749339
0.9716981132075472	0.04085680285600952
0.9716981132075472	0.040862205765670456
0.9716981132075472	0.04086761010448353
0.9716981132075472	0.040873015873015874
0.9716981132075472	0.040878423071834896
0.9716981132075472	0.04088383170150833
0.9716981132075472	0.04088924176260421
0.9716981132075472	0.04089465325569084
0.9716981132075472	0.04090006618133686
0.9716981132075472	0.0409054805401112
0.9716981132075472	0.04091089633258308
0.9716981132075472	0.040916313559322036
0.9716981132075472	0.04092173222089789
0.9716981132075472	0.04092715231788079
0.9716981132075472	0.04093257385084117
0.9716981132075472	0.040937996820349765
0.9716981132075472	0.040943421226977604
0.9716981132075472	0.04094884707129605
0.9716981132075472	0.04095427435387674
0.9716981132075472	0.04095970307529162
0.9716981132075472	0.04096513323611295
0.9716981132075472	0.04097056483691328
0.9716981132075472	0.04097599787826548
0.9716981132075472	0.040981432360742705
0.9716981132075472	0.040986868284918425
0.9716981132075472	0.04099230565136641
0.9716981132075472	0.04099774446066074
0.9716981132075472	0.041003184713375794
0.9716981132075472	0.04100862641008626
0.9716981132075472	0.04101406955136713
0.9716981132075472	0.04101951413779371
0.9716981132075472	0.04102496016994158
0.9716981132075472	0.04103040764838667
0.9716981132075472	0.041035856573705176
0.9716981132075472	0.041041306946473635
0.9716981132075472	0.04104675876726886
0.9716981132075472	0.04105221203666799
0.9716981132075472	0.041057666755248474
0.9716981132075472	0.04106312292358804
0.9716981132075472	0.041068580542264754
0.9716981132075472	0.041074039611856974
0.9716981132075472	0.04107950013294337
0.9716981132075472	0.041084962106102914
0.9716981132075472	0.041090425531914894
0.9716981132075472	0.0410958904109589
0.9716981132075472	0.04110135674381484
0.9716981132075472	0.04110682453106292
0.9716981132075472	0.04111229377328366
0.9716981132075472	0.04111776447105788
0.9716981132075472	0.04112323662496673
0.9716981132075472	0.04112871023559164
0.9716981132075472	0.04113418530351438
0.9716981132075472	0.041145139813581894
0.9716981132075472	0.04115061925689173
0.9716981132075472	0.04115610015982951
0.9716981132075472	0.04116158252297855
0.9716981132075472	0.041167066346922465
0.9716981132075472	0.04117255163224517
0.9716981132075472	0.041178038379530914
0.9716981132075472	0.04118352658936426
0.9716981132075472	0.04118901626233005
0.9716981132075472	0.041194507399013466
0.9716981132075472	0.0412
0.9716981132075472	0.04120549406587545
0.9716981132075472	0.041210989597225925
0.9716981132075472	0.041216486594637856
0.9716981132075472	0.04122198505869797
0.9716981132075472	0.04122748498999333
0.9716981132075472	0.04123298638911129
0.9716981132075472	0.04123848925663953
0.9716981132075472	0.041243993593166044
0.9716981132075472	0.04124949939927913
0.9716981132075472	0.041255006675567425
0.9716981132075472	0.04126051542261984
0.9716981132075472	0.04126602564102564
0.9716981132075472	0.04127153733137438
0.9716981132075472	0.041277050494255944
0.9716981132075472	0.04128256513026052
0.9716981132075472	0.04128808123997862
0.9716981132075472	0.04129359882400107
0.9716981132075472	0.041299117882919005
0.9716981132075472	0.04131016042780749
0.9716981132075472	0.04131568391496189
0.9716981132075472	0.04132120887937951
0.9716981132075472	0.04132673532165307
0.9716981132075472	0.0413322632423756
0.9716981132075472	0.04133779264214047
0.9716981132075472	0.041343323521541346
0.9716981132075472	0.04134885588117222
0.9716981132075472	0.04135992504350154
0.9716981132075472	0.04136546184738956
0.9716981132075472	0.04137100013388673
0.9716981132075472	0.041376539903588645
0.9716981132075472	0.0413820811570912
0.9716981132075472	0.04138762389499062
0.9716981132075472	0.041393168117883454
0.9716981132075472	0.04139871382636656
0.9716981132075472	0.041404261021037114
0.9716981132075472	0.04140980970249263
0.9716981132075472	0.04141535987133092
0.9716981132075472	0.04142091152815013
0.9716981132075472	0.041426464673548734
0.9716981132075472	0.041432019308125505
0.9716981132075472	0.04143757543247955
0.9716981132075472	0.0414431330472103
0.9716981132075472	0.04144869215291751
0.9716981132075472	0.04145425275020123
0.9716981132075472	0.04145981483966188
0.9716981132075472	0.04146537842190016
0.9716981132075472	0.041470943497517114
0.9716981132075472	0.04147651006711409
0.9716981132075472	0.04148207813129279
0.9716981132075472	0.04148764769065521
0.9716981132075472	0.04149321874580368
0.9716981132075472	0.041498791297340853
0.9716981132075472	0.04150436534586971
0.9716981132075472	0.04150994089199355
0.9716981132075472	0.04152109647944101
0.9716981132075472	0.04152667652197285
0.9716981132075472	0.04153225806451613
0.9716981132075472	0.04153784110767576
0.9716981132075472	0.04154342565205701
0.9716981132075472	0.04154901169826543
0.9716981132075472	0.04155459924690694
0.9716981132075472	0.041560188298587764
0.9716981132075472	0.041565778853914444
0.9716981132075472	0.04157137091349388
0.9716981132075472	0.04157696447793326
0.9716981132075472	0.04158255954784013
0.9716981132075472	0.04158815612382234
0.9716981132075472	0.04159375420648809
0.9716981132075472	0.04159935379644588
0.9716981132075472	0.04162176724137931
0.9716981132075472	0.041627374376936546
0.9716981132075472	0.041632983023443815
0.9716981132075472	0.041638593181511925
0.9716981132075472	0.04164420485175202
0.9685534591194969	0.0415206255055271
0.9685534591194969	0.04152622354051503
0.9685534591194969	0.041531823085221145
0.9685534591194969	0.04154302670623145
0.9685534591194969	0.04154863078375826
0.9685534591194969	0.04155423637344846
0.9685534591194969	0.04155984347591418
0.9685534591194969	0.04156545209176788
0.9685534591194969	0.04157106222162235
0.9685534591194969	0.041576673866090715
0.9685534591194969	0.04158228702578642
0.9685534591194969	0.04158790170132325
0.9685534591194969	0.04159351789331533
0.9685534591194969	0.041599135602377095
0.9685534591194969	0.041604754829123326
0.9685534591194969	0.04161037557416914
0.9685534591194969	0.041615997838129984
0.9685534591194969	0.04162162162162162
0.9685534591194969	0.041627246925260174
0.9685534591194969	0.04163287374966207
0.9685534591194969	0.0416385020954441
0.9685534591194969	0.04164413196322336
0.9685534591194969	0.04164976335361731
0.9685534591194969	0.04165539626724371
0.9685534591194969	0.04166103070472068
0.9685534591194969	0.041666666666666664
0.9685534591194969	0.04167230415370045
0.9685534591194969	0.041677943166441134
0.9685534591194969	0.04168358370550819
0.9685534591194969	0.041689225771521385
0.9685534591194969	0.041694869365100855
0.9685534591194969	0.04170051448686705
0.9685534591194969	0.04170616113744076
0.9685534591194969	0.04171180931744312
0.9685534591194969	0.0417174590274956
0.9654088050314465	0.041587645624492006
0.9654088050314465	0.04159328004335456
0.9654088050314465	0.04159891598915989
0.9654088050314465	0.041604553462528795
0.9654088050314465	0.04161019246408241
0.9654088050314465	0.04161583299444219
0.9654088050314465	0.0416271186440678
0.9654088050314465	0.04163276376457825
0.9654088050314465	0.0416384104163841
0.9654088050314465	0.041644058600108516
0.9654088050314465	0.04164970831637498
0.9654088050314465	0.04165535956580733
0.9654088050314465	0.04166101234902972
0.9654088050314465	0.041666666666666664
0.9654088050314465	0.04167232251934302
0.9654088050314465	0.04167797990768395
0.9654088050314465	0.041683638832315004
0.9654088050314465	0.04168929929386203
0.9654088050314465	0.04169496129295124
0.9654088050314465	0.041700624830209185
0.9654088050314465	0.04170628990626274
0.9654088050314465	0.04171195652173913
0.9654088050314465	0.04171762467726593
0.9654088050314465	0.041723294373471054
0.9654088050314465	0.041728965610982736
0.9654088050314465	0.04173463839042958
0.9654088050314465	0.04174031271244052
0.9654088050314465	0.04174598857764482
0.9654088050314465	0.041751665986672105
0.9654088050314465	0.04175734494015234
0.9654088050314465	0.04176302543871582
0.9654088050314465	0.041768707482993196
0.9654088050314465	0.041774391073615455
0.9654088050314465	0.041780076211213935
0.9654088050314465	0.04178576289642031
0.9654088050314465	0.0417914511298666
0.9654088050314465	0.04179714091218516
0.9654088050314465	0.041802832244008714
0.9654088050314465	0.04180852512597031
0.9654088050314465	0.04181421955870335
0.9654088050314465	0.041819915542841576
0.9654088050314465	0.041825613079019074
0.9654088050314465	0.04183131216787028
0.9654088050314465	0.04183701281002998
0.9654088050314465	0.04185983092446141
0.9654088050314465	0.04187124931805783
0.9654088050314465	0.04187696085117992
0.9654088050314465	0.041882673942701225
0.9654088050314465	0.041888388593259655
0.9654088050314465	0.04189410480349345
0.9654088050314465	0.04189982257404122
0.9654088050314465	0.0419055419055419
0.9654088050314465	0.041911262798634816
0.9654088050314465	0.041916985253959586
0.9654088050314465	0.04192270927215622
0.9654088050314465	0.04192843485386506
0.9654088050314465	0.04193416199972681
0.9654088050314465	0.04193989071038251
0.9654088050314465	0.04194562098647356
0.9654088050314465	0.04195135282864171
0.9654088050314465	0.04195708623752904
0.9654088050314465	0.04196282121377802
0.9654088050314465	0.04196855775803144
0.9654088050314465	0.04197429587093246
0.9654088050314465	0.04199151962795787
0.9654088050314465	0.041997264021887824
0.9654088050314465	0.04200300998768641
0.9654088050314465	0.042008757525998905
0.9654088050314465	0.042014506637470916
0.9654088050314465	0.042020257322748424
0.9654088050314465	0.04202600958247776
0.9654088050314465	0.042031763417305586
0.9654088050314465	0.042037518827878956
0.9654088050314465	0.042043275814845245
0.9654088050314465	0.04204903437885221
0.9654088050314465	0.042054794520547945
0.9654088050314465	0.0420605562405809
0.9654088050314465	0.04206631953959989
0.9654088050314465	0.04207208441825408
0.9654088050314465	0.042077850877192985
0.9654088050314465	0.04208361891706648
0.9654088050314465	0.04208938853852481
0.9654088050314465	0.042095159742218564
0.9654088050314465	0.042100932528798686
0.9654088050314465	0.04210670689891647
0.9654088050314465	0.042112482853223596
0.9654088050314465	0.04211826039237207
0.9654088050314465	0.04212403951701427
0.9654088050314465	0.042129820227802935
0.9654088050314465	0.04213560252539116
0.9654088050314465	0.04214138641043239
0.9654088050314465	0.04214717188358045
0.9654088050314465	0.042152958945489497
0.9654088050314465	0.04215874759681406
0.9654088050314465	0.04216453783820904
0.9654088050314465	0.04217032967032967
0.9654088050314465	0.04217612309383157
0.9654088050314465	0.042181918109370706
0.9654088050314465	0.04218771471760341
0.9654088050314465	0.04219351291918637
0.9654088050314465	0.04220511410503162
0.9654088050314465	0.042210917090609104
0.9654088050314465	0.042216721672167216
0.9654088050314465	0.04222252785036446
0.9654088050314465	0.042228335625859696
0.9654088050314465	0.04223414499931215
0.9654088050314465	0.042239955971381395
0.9654088050314465	0.0422457685427274
0.9654088050314465	0.04225158271401046
0.9654088050314465	0.04225739848589126
0.9654088050314465	0.04226321585903084
0.9654088050314465	0.0422690348340906
0.9654088050314465	0.04227485541173231
0.9654088050314465	0.042280677592618096
0.9654088050314465	0.04228650137741047
0.9654088050314465	0.04229232676677228
0.9654088050314465	0.042298153761366766
0.9654088050314465	0.04230398236185752
0.9654088050314465	0.04230981256890849
0.9654088050314465	0.04231564438318401
0.9654088050314465	0.04232147780534877
0.9654088050314465	0.04232731283606783
0.9654088050314465	0.04233314947600662
0.9654088050314465	0.04233898772583092
0.9654088050314465	0.0423448275862069
0.9654088050314465	0.04235066905780108
0.9654088050314465	0.042356512141280354
0.9654088050314465	0.042362356837311994
0.9654088050314465	0.04236820314656362
0.9654088050314465	0.042374051069703246
0.9654088050314465	0.042379900607399226
0.9654088050314465	0.042385751760320306
0.9654088050314465	0.042391604529135596
0.9654088050314465	0.04239745891451457
0.9654088050314465	0.04240331491712707
0.9654088050314465	0.04240917253764332
0.9654088050314465	0.0424326192121631
0.9654088050314465	0.042438484932264306
0.9654088050314465	0.04244435227429835
0.9654088050314465	0.04245022123893805
0.9654088050314465	0.04245609182685659
0.9654088050314465	0.042461964038727526
0.9654088050314465	0.04246783787522479
0.9654088050314465	0.04247371333702269
0.9654088050314465	0.042479590424795904
0.9654088050314465	0.04248546913921949
0.9654088050314465	0.04249134948096886
0.9654088050314465	0.042497231450719826
0.9654088050314465	0.042503115049148554
0.9654088050314465	0.0425090002769316
0.9654088050314465	0.04251488713474588
0.9654088050314465	0.0425207756232687
0.9654088050314465	0.042526665743177726
0.9654088050314465	0.04253255749515101
0.9654088050314465	0.04253845087986698
0.9654088050314465	0.04254434589800443
0.9654088050314465	0.04255024255024255
0.9654088050314465	0.04256204075973936
0.9654088050314465	0.04256794231835829
0.9654088050314465	0.042573845513798364
0.9654088050314465	0.042579750346740636
0.9654088050314465	0.042597474677396975
0.9654088050314465	0.04260338606716625
0.9654088050314465	0.04260929909784872
0.9654088050314465	0.042615213770127704
0.9654088050314465	0.04262113008468694
0.9654088050314465	0.0426270480422105
0.9654088050314465	0.04263296764338286
0.9654088050314465	0.042638888888888886
0.9654088050314465	0.04264481177941381
0.9654088050314465	0.042650736315643235
0.9654088050314465	0.042656662498263165
0.9654088050314465	0.04266259032795998
0.9654088050314465	0.042668519805420434
0.9654088050314465	0.04267445093133167
0.9654088050314465	0.042680383706381206
0.9654088050314465	0.04268631813125695
0.9654088050314465	0.0426922542066472
0.9654088050314465	0.04269819193324061
0.9654088050314465	0.04270413131172625
0.9654088050314465	0.042710072342793545
0.9654088050314465	0.04271601502713232
0.9654088050314465	0.042721959365432785
0.9622641509433962	0.04258872651356994
0.9622641509433962	0.04259465478841871
0.9622641509433962	0.04260058471390784
0.9622641509433962	0.042606516290726815
0.9622641509433962	0.04261244951956552
0.9622641509433962	0.04261838440111421
0.9622641509433962	0.04262432093606352
0.9622641509433962	0.04263619896892852
0.9622641509433962	0.042642140468227424
0.9622641509433962	0.04264808362369338
0.9622641509433962	0.04265402843601896
0.9622641509433962	0.04265997490589712
0.9622641509433962	0.04266592303402119
0.9622641509433962	0.04267187282108493
0.9622641509433962	0.042677824267782424
0.9622641509433962	0.042683777374808204
0.9622641509433962	0.042689732142857144
0.9622641509433962	0.04269568857262453
0.9622641509433962	0.042701646664806026
0.9622641509433962	0.042707606420097695
0.9622641509433962	0.04271356783919598
0.9622641509433962	0.04271953092279771
0.9622641509433962	0.04272549567160011
0.9622641509433962	0.0427314620863008
0.9622641509433962	0.04273743016759776
0.9622641509433962	0.04274339991618941
0.9622641509433962	0.04274937133277452
0.9622641509433962	0.04275534441805225
0.9622641509433962	0.04276131917272219
0.9622641509433962	0.042767295597484274
0.9622641509433962	0.042773273693038856
0.9622641509433962	0.04277925346008668
0.9622641509433962	0.04278523489932886
0.9622641509433962	0.04279121801146693
0.9622641509433962	0.042797202797202796
0.9622641509433962	0.04280318925723878
0.9622641509433962	0.04280917739227756
0.9622641509433962	0.042815167203022246
0.9622641509433962	0.042821158690176324
0.9622641509433962	0.04282715185444367
0.9622641509433962	0.04283314669652855
0.9622641509433962	0.04283914321713566
0.9622641509433962	0.04284514141697004
0.9622641509433962	0.04285114129673715
0.9622641509433962	0.04285714285714286
0.9622641509433962	0.042863146098893405
0.9622641509433962	0.04286915102269543
0.9622641509433962	0.04287515762925599
0.9622641509433962	0.04288116591928251
0.9622641509433962	0.04288717589348283
0.9622641509433962	0.04289318755256518
0.9622641509433962	0.04289920089723819
0.9622641509433962	0.04290521592821088
0.9622641509433962	0.04291123264619268
0.9622641509433962	0.04291725105189341
0.9622641509433962	0.04292327114602328
0.9622641509433962	0.04292929292929293
0.9622641509433962	0.04293531640241336
0.9622641509433962	0.042941341566095984
0.9622641509433962	0.04294736842105263
0.9622641509433962	0.04295339696799551
0.9622641509433962	0.04295942720763723
0.9622641509433962	0.04296545914069082
0.9622641509433962	0.042971492767869685
0.9622641509433962	0.04297752808988764
0.9622641509433962	0.04298356510745891
0.9622641509433962	0.042989603821298114
0.9622641509433962	0.042995644232120274
0.9622641509433962	0.04300168634064081
0.9622641509433962	0.04300773014757554
0.9622641509433962	0.04301982285955293
0.9622641509433962	0.04302587176602925
0.9622641509433962	0.04303192237378709
0.9622641509433962	0.043037974683544304
0.9622641509433962	0.04304402869601913
0.9622641509433962	0.04305008441193022
0.9622641509433962	0.043056141831996624
0.9622641509433962	0.0430622009569378
0.9622641509433962	0.04306826178747361
0.9622641509433962	0.04307432432432432
0.9622641509433962	0.043080388568210615
0.9622641509433962	0.04308645451985356
0.9591194968553459	0.04295169694409238
0.9591194968553459	0.04295774647887324
0.9591194968553459	0.04296379771798845
0.9591194968553459	0.04296985066215835
0.9591194968553459	0.042975905312103706
0.9591194968553459	0.04298196166854566
0.9591194968553459	0.04298801973220578
0.9591194968553459	0.042994079503806036
0.9591194968553459	0.0430001409840688
0.9591194968553459	0.04300620417371687
0.9591194968553459	0.043012269073473414
0.9591194968553459	0.04301833568406206
0.9591194968553459	0.0430244040062068
0.9591194968553459	0.04303047404063205
0.9591194968553459	0.04303654578806265
0.9591194968553459	0.04304261924922382
0.9591194968553459	0.043048694424841216
0.9591194968553459	0.04305477131564088
0.9591194968553459	0.043060849922349285
0.9591194968553459	0.04306693024569331
0.9591194968553459	0.043073012286400224
0.9559748427672956	0.04293785310734463
0.9559748427672956	0.042943918632575226
0.9559748427672956	0.042949985871715175
0.9559748427672956	0.04295605482549103
0.9559748427672956	0.04296212549462974
0.9559748427672956	0.04296819787985866
0.9559748427672956	0.04297427198190557
0.9559748427672956	0.042980347801498654
0.9559748427672956	0.042986425339366516
0.9559748427672956	0.04299250459623816
0.9559748427672956	0.042998585572843
0.9559748427672956	0.04300466826991088
0.9559748427672956	0.043010752688172046
0.9559748427672956	0.043016838828357155
0.9559748427672956	0.04302292669119728
0.9559748427672956	0.04302901627742392
0.9559748427672956	0.04303510758776897
0.9559748427672956	0.043041200622964744
0.9559748427672956	0.04304729538374398
0.9559748427672956	0.04305339187083983
0.9559748427672956	0.04305949008498584
0.9559748427672956	0.04306559002691599
0.9559748427672956	0.043071691697364696
0.9559748427672956	0.043077795097066746
0.9559748427672956	0.04308390022675737
0.9559748427672956	0.04309000708717222
0.9559748427672956	0.04309611567904735
0.9559748427672956	0.04310222600311924
0.9559748427672956	0.04310833806012479
0.9559748427672956	0.04312056737588652
0.9559748427672956	0.0431266846361186
0.9559748427672956	0.043132803632236094
0.9559748427672956	0.04313892436497801
0.9559748427672956	0.04314504683508374
0.9559748427672956	0.043151171043293114
0.9559748427672956	0.04316342467698424
0.9559748427672956	0.043169554103947745
0.9559748427672956	0.04317568527197841
0.9559748427672956	0.04318181818181818
0.9559748427672956	0.04319408922989486
0.9559748427672956	0.04320022736961773
0.9559748427672956	0.04320636725412166
0.9559748427672956	0.04321865226044925
0.9559748427672956	0.04322479738376226
0.9559748427672956	0.04323094425483504
0.9559748427672956	0.04323709287441331
0.9559748427672956	0.043243243243243246
0.9559748427672956	0.04324939536207142
0.9559748427672956	0.043255549231644846
0.9559748427672956	0.04326170485271097
0.9559748427672956	0.043267862226017646
0.9559748427672956	0.04327402135231317
0.9559748427672956	0.04328018223234624
0.9559748427672956	0.043286344866866014
0.9559748427672956	0.04329250925662204
0.9559748427672956	0.04329867540236434
0.9559748427672956	0.043304843304843306
0.9559748427672956	0.043311012964809804
0.9559748427672956	0.04331718438301511
0.9559748427672956	0.04332335756021092
0.9559748427672956	0.043329532497149374
0.9559748427672956	0.04333570919458304
0.9559748427672956	0.043341887653264896
0.9559748427672956	0.04334806787394838
0.9559748427672956	0.04335424985738734
0.9559748427672956	0.04336043360433604
0.9559748427672956	0.04336661911554922
0.9559748427672956	0.043372806391781996
0.9559748427672956	0.04337899543378995
0.9559748427672956	0.0433851862423291
0.9559748427672956	0.043391378818155864
0.9559748427672956	0.04339757316202712
0.9559748427672956	0.043403769274700174
0.9559748427672956	0.043409967156932745
0.9559748427672956	0.04341616680948301
0.9559748427672956	0.043422368233109555
0.9559748427672956	0.04342857142857143
0.9559748427672956	0.04343477639662809
0.9559748427672956	0.043440983138039437
0.9559748427672956	0.043447191653565816
0.9559748427672956	0.04345340194396798
0.9559748427672956	0.04345961401000715
0.9559748427672956	0.04346582785244495
0.9559748427672956	0.04347204347204347
0.9559748427672956	0.043478260869565216
0.9559748427672956	0.043484480045773134
0.9559748427672956	0.04349070100143061
0.9559748427672956	0.04349692373730148
0.9559748427672956	0.04350314825414997
0.9559748427672956	0.0435093745527408
0.9559748427672956	0.04351560263383911
0.9559748427672956	0.04352183249821045
0.9559748427672956	0.043528064146620846
0.9559748427672956	0.04353429757983675
0.9559748427672956	0.043540532798625034
0.9559748427672956	0.04354676980375304
0.9559748427672956	0.04355300859598854
0.9559748427672956	0.043559249176099726
0.9559748427672956	0.043565491544855256
0.9559748427672956	0.04357173570302422
0.9559748427672956	0.04357798165137615
0.9559748427672956	0.043584229390681004
0.9559748427672956	0.043590478921709204
0.9559748427672956	0.043596730245231606
0.9559748427672956	0.04360298336201951
0.9559748427672956	0.043609238272844644
0.9559748427672956	0.0436154949784792
0.9559748427672956	0.043621753479695796
0.9559748427672956	0.04362801377726751
0.9559748427672956	0.043634275871967845
0.9559748427672956	0.043640539764570774
0.9559748427672956	0.04364680545585068
0.9559748427672956	0.043653072946582425
0.9559748427672956	0.04365934223754129
0.9559748427672956	0.043665613329503014
0.9559748427672956	0.043671886223243785
0.9559748427672956	0.04367816091954023
0.9559748427672956	0.04368443741916942
0.9559748427672956	0.043690715722908884
0.9559748427672956	0.043696995831536585
0.9559748427672956	0.04370327774583094
0.9559748427672956	0.04370956146657081
0.9559748427672956	0.04371584699453552
0.9559748427672956	0.04372213433050482
0.9528301886792453	0.04358457997698504
0.9528301886792453	0.04359085023737592
0.9528301886792453	0.04359712230215827
0.9528301886792453	0.04360339617211109
0.9528301886792453	0.043609671848013815
0.9528301886792453	0.043615949330646324
0.9528301886792453	0.04362222862078894
0.9528301886792453	0.04362850971922246
0.9528301886792453	0.04363479262672811
0.9528301886792453	0.04364107734408757
0.9528301886792453	0.04364736387208297
0.9528301886792453	0.043653652211496904
0.9528301886792453	0.043666234327712924
0.9528301886792453	0.043672528106082444
0.9528301886792453	0.04367882369900533
0.9528301886792453	0.04368512110726644
0.9528301886792453	0.04369142033165105
0.9528301886792453	0.043697721372944906
0.9528301886792453	0.04370402423193423
0.9528301886792453	0.043710328909405655
0.9528301886792453	0.0437166354061463
0.9528301886792453	0.043722943722943726
0.9528301886792453	0.043729253860585945
0.9528301886792453	0.04373556581986143
0.9528301886792453	0.04374187960155912
0.9528301886792453	0.04374819520646838
0.9528301886792453	0.043754512635379064
0.9528301886792453	0.043760831889081454
0.9528301886792453	0.04377347587402485
0.9528301886792453	0.043779800606848725
0.9528301886792453	0.04378612716763006
0.9528301886792453	0.04379245555716144
0.9528301886792453	0.04379878577623591
0.9528301886792453	0.04380511782564696
0.9528301886792453	0.043811451706188546
0.9528301886792453	0.0438177874186551
0.9528301886792453	0.04382412496384148
0.9528301886792453	0.043830464342543035
0.9528301886792453	0.04383680555555555
0.9528301886792453	0.0438431486036753
0.9528301886792453	0.04384949348769899
0.9528301886792453	0.04385584020842379
0.9528301886792453	0.04386218876664737
0.9528301886792453	0.043868539163167804
0.9528301886792453	0.043874891398783665
0.9528301886792453	0.04388124547429399
0.9528301886792453	0.043887601390498264
0.9528301886792453	0.04389395914819644
0.9528301886792453	0.04390031874818893
0.9528301886792453	0.04390668019127663
0.9528301886792453	0.04391304347826087
0.9528301886792453	0.04391940860994347
0.9528301886792453	0.0439257755871267
0.9528301886792453	0.043932144410613314
0.9528301886792453	0.0439385150812065
0.9528301886792453	0.043944887599709936
0.9528301886792453	0.043951261966927765
0.9528301886792453	0.043957638183664584
0.9528301886792453	0.04396401625072548
0.9528301886792453	0.04397039616891598
0.9528301886792453	0.04397677793904209
0.9528301886792453	0.04398316156191029
0.9528301886792453	0.043989547038327526
0.9528301886792453	0.04399593436910121
0.9528301886792453	0.04400232355503921
0.9528301886792453	0.04400871459694989
0.9528301886792453	0.04401510749564207
0.9528301886792453	0.04402150225192503
0.9528301886792453	0.044027898866608545
0.9528301886792453	0.044034297340502834
0.9528301886792453	0.04404069767441861
0.9528301886792453	0.04404709986916703
0.9528301886792453	0.044053503925559755
0.9528301886792453	0.0440599098444089
0.9528301886792453	0.04406631762652705
0.9528301886792453	0.04407272727272727
0.9528301886792453	0.0440791387838231
0.9528301886792453	0.044085552160628545
0.9528301886792453	0.04409196740395809
0.9528301886792453	0.04409838451462669
0.9528301886792453	0.04410480349344978
0.9528301886792453	0.04411122434124327
0.9528301886792453	0.04411764705882353
0.9528301886792453	0.04412407164700743
0.9528301886792453	0.04413049810661229
0.9528301886792453	0.04413692643845594
0.9528301886792453	0.04414335664335664
0.9528301886792453	0.044149788722133175
0.9528301886792453	0.04415622267560478
0.9528301886792453	0.04416265850459117
0.9528301886792453	0.04416909620991254
0.9528301886792453	0.04417553579238956
0.9528301886792453	0.044181977252843396
0.9528301886792453	0.04418842059209567
0.9528301886792453	0.044194865810968494
0.9528301886792453	0.044201312910284465
0.9528301886792453	0.04420776189086665
0.9528301886792453	0.044214212753538595
0.9528301886792453	0.044220665499124345
0.9528301886792453	0.0442271201284484
0.9528301886792453	0.044233576642335765
0.9528301886792453	0.04424003504161191
0.9528301886792453	0.04424649532710281
0.9528301886792453	0.04425295749963488
0.9528301886792453	0.04425942156003506
0.9528301886792453	0.044265887509130755
0.9528301886792453	0.044272355347749856
0.9528301886792453	0.044291770209033764
0.9528301886792453	0.04429824561403509
0.9528301886792453	0.04430472291270653
0.9528301886792453	0.04431120210587891
0.9528301886792453	0.0443176831943835
0.9528301886792453	0.04432416617905208
0.9528301886792453	0.044330651060716895
0.9528301886792453	0.04433713784021071
0.9528301886792453	0.04434362651836675
0.9528301886792453	0.044350117096018736
0.9528301886792453	0.04435660957400088
0.9528301886792453	0.044363103953147874
0.9528301886792453	0.04436960023429492
0.9528301886792453	0.04437609841827768
0.9528301886792453	0.044382598505932326
0.9528301886792453	0.044395604395604395
0.9528301886792453	0.0444021101992966
0.9528301886792453	0.04440861791001026
0.9528301886792453	0.044415127528583995
0.9528301886792453	0.044421639055856915
0.9528301886792453	0.04442815249266862
0.9528301886792453	0.044434667839859214
0.9528301886792453	0.04444118509826929
0.9528301886792453	0.04444770426873992
0.9528301886792453	0.04445422535211268
0.9528301886792453	0.04446074834922964
0.9528301886792453	0.044467273260933374
0.9528301886792453	0.04447380008806693
0.9528301886792453	0.04448032883147387
0.9528301886792453	0.04448685949199824
0.9528301886792453	0.04449339207048458
0.9528301886792453	0.04449992656777794
0.9528301886792453	0.044506462984723855
0.9528301886792453	0.04451300132216836
0.9528301886792453	0.04451954158095798
0.9528301886792453	0.04452608376193975
0.9528301886792453	0.0445326278659612
0.9528301886792453	0.044539173893870354
0.9528301886792453	0.04454572184651573
0.9528301886792453	0.04455227172474636
0.9528301886792453	0.04455882352941176
0.9528301886792453	0.04456537726136196
0.9528301886792453	0.04457193292144748
0.9528301886792453	0.04457849051051935
0.9528301886792453	0.04458505002942908
0.9528301886792453	0.044591611479028695
0.9528301886792453	0.04459817486017074
0.9528301886792453	0.04460474017370823
0.9528301886792453	0.044617876601384186
0.9528301886792453	0.04462444771723122
0.9528301886792453	0.044631020768890854
0.9528301886792453	0.04463759575721862
0.9528301886792453	0.044644172683070575
0.9528301886792453	0.044650751547303275
0.9528301886792453	0.044657332350773765
0.9528301886792453	0.044663915094339625
0.9528301886792453	0.04467049977885891
0.9528301886792453	0.04467708640519021
0.9528301886792453	0.044683674974192594
0.9528301886792453	0.04469026548672567
0.9528301886792453	0.044696857943649505
0.9528301886792453	0.04470345234582473
0.9528301886792453	0.044710048694112436
0.9528301886792453	0.04471664698937426
0.9528301886792453	0.04472324723247233
0.9528301886792453	0.04472984942426927
0.9528301886792453	0.04473645356562823
0.9528301886792453	0.044743059657412876
0.9528301886792453	0.04474966770048737
0.9528301886792453	0.0447562776957164
0.9528301886792453	0.04476288964396514
0.9528301886792453	0.04476950354609929
0.9528301886792453	0.04477611940298507
0.9528301886792453	0.04478273721548921
0.9528301886792453	0.04478935698447894
0.9528301886792453	0.044795978710822
0.9528301886792453	0.044802602395386665
0.9528301886792453	0.04480922803904171
0.9528301886792453	0.04481585564265641
0.9528301886792453	0.04482248520710059
0.9528301886792453	0.044829116733244564
0.9528301886792453	0.04483575022195916
0.9528301886792453	0.044842385674115734
0.9528301886792453	0.044849023090586145
0.9528301886792453	0.044855662472242784
0.9528301886792453	0.044862303819958545
0.9528301886792453	0.04486894713460684
0.9528301886792453	0.04487559241706161
0.9528301886792453	0.04488223966819731
0.9528301886792453	0.04488888888888889
0.9528301886792453	0.044895540080011856
0.9528301886792453	0.044915505484731694
0.9528301886792453	0.04492216456634544
0.9528301886792453	0.0449288256227758
0.9528301886792453	0.04493548865490138
0.9528301886792453	0.044942153663601304
0.9528301886792453	0.04494882064975523
0.9528301886792453	0.044955489614243324
0.9528301886792453	0.04496216055794628
0.9528301886792453	0.04498886414253898
0.9528301886792453	0.04499554499554499
0.9528301886792453	0.04500222783306104
0.9528301886792453	0.04500891265597148
0.9528301886792453	0.0450155994651612
0.9528301886792453	0.0450222882615156
0.9528301886792453	0.04502897904592064
0.9528301886792453	0.04503567181926278
0.9528301886792453	0.045042366582429015
0.9528301886792453	0.04504906333630687
0.9528301886792453	0.045055762081784384
0.9528301886792453	0.04506246281975015
0.9528301886792453	0.04506916555109326
0.9528301886792453	0.04507587027670336
0.9528301886792453	0.04508257699747061
0.9528301886792453	0.045089285714285714
0.9528301886792453	0.04509599642803989
0.9528301886792453	0.045102709139624886
0.9528301886792453	0.04510942384993301
0.9528301886792453	0.045116140559857056
0.9528301886792453	0.045122859270290396
0.9528301886792453	0.0451295799821269
0.9528301886792453	0.04513630269626099
0.9528301886792453	0.045143027413587604
0.9528301886792453	0.04514975413500223
0.9528301886792453	0.04515648286140089
0.9528301886792453	0.045163213593680133
0.9528301886792453	0.04516994633273703
0.9528301886792453	0.04517668107946921
0.9528301886792453	0.04519015659955257
0.9528301886792453	0.04519689737470167
0.9528301886792453	0.04520364016112188
0.9528301886792453	0.045210384959713516
0.9528301886792453	0.04521713177137741
0.9528301886792453	0.045223880597014925
0.9528301886792453	0.045230631437527986
0.9528301886792453	0.04523738429381905
0.9528301886792453	0.0452441391667911
0.9528301886792453	0.04525089605734767
0.9528301886792453	0.04525765496639283
0.9528301886792453	0.04526441589483119
0.9528301886792453	0.045271178843567905
0.9528301886792453	0.045277943813508664
0.9528301886792453	0.04528471080555971
0.9528301886792453	0.045291479820627804
0.9528301886792453	0.04529825085962027
0.9528301886792453	0.04530502392344497
0.9528301886792453	0.04531179901301032
0.9528301886792453	0.04531857612922525
0.9528301886792453	0.04532535527299925
0.9528301886792453	0.04533213644524237
0.9528301886792453	0.04533891964686518
0.9528301886792453	0.04534570487877881
0.9528301886792453	0.04535249214189493
0.9528301886792453	0.04535928143712575
0.9528301886792453	0.04536607276538404
0.9528301886792453	0.04537286612758311
0.9528301886792453	0.045379661524636815
0.9528301886792453	0.045386458957459554
0.9528301886792453	0.045393258426966294
0.9528301886792453	0.04540005993407252
0.9528301886792453	0.04540686347969429
0.9528301886792453	0.045413669064748204
0.9528301886792453	0.0454204766901514
0.9528301886792453	0.04542728635682159
0.9528301886792453	0.04543409806567701
0.9528301886792453	0.04544091181763647
0.9528301886792453	0.04544772761361932
0.9528301886792453	0.045454545454545456
0.9528301886792453	0.04546136534133533
0.9528301886792453	0.04546818727490996
0.9528301886792453	0.045475011256190905
0.9528301886792453	0.04548183728610027
0.9528301886792453	0.045488665365560725
0.9528301886792453	0.045495495495495496
0.9528301886792453	0.04550232767682835
0.9528301886792453	0.045509161910483625
0.9528301886792453	0.04551599819738621
0.9528301886792453	0.045522836538461536
0.9528301886792453	0.04552967693463561
0.9528301886792453	0.045536519386834985
0.9528301886792453	0.045543363895986774
0.9528301886792453	0.04555021046301864
0.9528301886792453	0.04555705908885882
0.9528301886792453	0.04556390977443609
0.9528301886792453	0.0455707625206798
0.9528301886792453	0.04557761732851986
0.9528301886792453	0.04558447419888671
0.9528301886792453	0.04560505719446117
0.9528301886792453	0.04561192232425109
0.9528301886792453	0.045618789521228546
0.9528301886792453	0.04562565878632736
0.9528301886792453	0.04563253012048193
0.9528301886792453	0.045639403524627205
0.9528301886792453	0.045646278999698704
0.9528301886792453	0.04565315654663252
0.9528301886792453	0.045660036166365284
0.9528301886792453	0.04566691785983421
0.9528301886792453	0.04568068747173225
0.9528301886792453	0.045687575392038604
0.9528301886792453	0.04569446538983562
0.9528301886792453	0.045701357466063346
0.9528301886792453	0.045708251621662394
0.9528301886792453	0.045715147857573926
0.9528301886792453	0.045722046174739704
0.9528301886792453	0.04572894657410202
0.9528301886792453	0.04573584905660377
0.9528301886792453	0.04574275362318841
0.9528301886792453	0.04574966027479994
0.9528301886792453	0.04575656901238297
0.9528301886792453	0.045770392749244715
0.9528301886792453	0.04577730775041547
0.9528301886792453	0.04578422484134179
0.9528301886792453	0.04579114402297114
0.9528301886792453	0.04579806529625151
0.9528301886792453	0.04580498866213152
0.9528301886792453	0.045811914121560326
0.9528301886792453	0.04581884167548768
0.9528301886792453	0.04582577132486389
0.9528301886792453	0.045832703070639844
0.9528301886792453	0.045839636913767016
0.9528301886792453	0.04584657285519746
0.9528301886792453	0.04585351089588378
0.9528301886792453	0.04586045103677917
0.9528301886792453	0.04586739327883742
0.9528301886792453	0.04587433762301287
0.9528301886792453	0.04588128407026045
0.9528301886792453	0.045888232621535664
0.9528301886792453	0.045895183277794606
0.9528301886792453	0.04590213603999394
0.9528301886792453	0.045909090909090906
0.9528301886792453	0.04591604788604334
0.9528301886792453	0.04592300697180964
0.9528301886792453	0.045929968167348796
0.9528301886792453	0.04593693147362038
0.9528301886792453	0.04594389689158453
0.9528301886792453	0.045950864422202004
0.9528301886792453	0.0459578340664341
0.9528301886792453	0.04596480582524272
0.9528301886792453	0.04597177969959035
0.9528301886792453	0.04597875569044006
0.9528301886792453	0.0459857337987555
0.9528301886792453	0.04599271402550091
0.9528301886792453	0.04599969637164111
0.9528301886792453	0.046006680838141516
0.9528301886792453	0.04601366742596811
0.9528301886792453	0.04602065613608748
0.9528301886792453	0.04602764696946681
0.9528301886792453	0.04603463992707384
0.9528301886792453	0.046041635009876916
0.9528301886792453	0.04604863221884498
0.9528301886792453	0.04605563155494756
0.9528301886792453	0.04606263301915476
0.9528301886792453	0.04606963661243728
0.9528301886792453	0.04607664233576642
0.9528301886792453	0.04608365019011407
0.9528301886792453	0.04609066017645269
0.9528301886792453	0.046097672295755364
0.9528301886792453	0.04610468654899574
0.9528301886792453	0.04611170293714807
0.9528301886792453	0.046118721461187215
0.9528301886792453	0.0461257421220886
0.9528301886792453	0.04613276492082826
0.9528301886792453	0.046139789858382824
0.9528301886792453	0.046146816935729515
0.9528301886792453	0.046153846153846156
0.9528301886792453	0.04616087751371115
0.9528301886792453	0.04616791101630352
0.9528301886792453	0.04617494666260286
0.9528301886792453	0.04618198445358939
0.9528301886792453	0.0461890243902439
0.9528301886792453	0.0461960664735478
0.9528301886792453	0.046203110704483075
0.9528301886792453	0.04621015708403233
0.9528301886792453	0.04621720561317877
0.9528301886792453	0.04622425629290618
0.9528301886792453	0.04623130912419896
0.9528301886792453	0.04623836410804212
0.9528301886792453	0.04624542124542125
0.9528301886792453	0.046252480537322546
0.9528301886792453	0.046259541984732824
0.9528301886792453	0.04626660558863949
0.9528301886792453	0.04627367135003054
0.9528301886792453	0.04628073926989461
0.9528301886792453	0.0462878093492209
0.9528301886792453	0.046294881588999234
0.9528301886792453	0.04630195599022005
0.9528301886792453	0.04630903255387437
0.9528301886792453	0.0463231921724507
0.9528301886792453	0.0463302752293578
0.9528301886792453	0.046337360452668605
0.9528301886792453	0.04634444784337718
0.9528301886792453	0.0463515374024782
0.9528301886792453	0.04635862913096695
0.9528301886792453	0.04636572302983933
0.9528301886792453	0.046372819100091826
0.9528301886792453	0.046379917342721566
0.9528301886792453	0.04638701775872627
0.9528301886792453	0.04639412034910427
0.9528301886792453	0.04640122511485452
0.9528301886792453	0.046408332056976566
0.9528301886792453	0.04641544117647059
0.9528301886792453	0.04642255247433737
0.9528301886792453	0.046429665951578304
0.9528301886792453	0.0464367816091954
0.9528301886792453	0.04646526606348719
0.9528301886792453	0.04647239263803681
0.9528301886792453	0.046479521398987575
0.9528301886792453	0.04648665234734581
0.9528301886792453	0.046493785484118456
0.9528301886792453	0.046500920810313075
0.9528301886792453	0.046508058326937836
0.9528301886792453	0.04651519803500154
0.9528301886792453	0.046522339935513586
0.9528301886792453	0.04652948402948403
0.9528301886792453	0.046536630317923516
0.9528301886792453	0.04655092948225534
0.9528301886792453	0.046558082360172094
0.9528301886792453	0.04656523743660673
0.9528301886792453	0.04657239471257301
0.9528301886792453	0.04657955418908532
0.9528301886792453	0.04658671586715867
0.9528301886792453	0.0465938797478087
0.9528301886792453	0.04660104583205168
0.9528301886792453	0.046608214120904476
0.9528301886792453	0.046615384615384614
0.9528301886792453	0.04662255731651023
0.9528301886792453	0.04662973222530009
0.9528301886792453	0.046636909342773585
0.9528301886792453	0.04664408866995074
0.9528301886792453	0.046651270207852195
0.9528301886792453	0.04665845395749923
0.9528301886792453	0.04666563991991375
0.9528301886792453	0.0466728280961183
0.9528301886792453	0.04668001848713604
0.9528301886792453	0.04668721109399075
0.9528301886792453	0.04669440591770689
0.9528301886792453	0.046701602959309495
0.9528301886792453	0.046708802219824264
0.9528301886792453	0.04671600370027752
0.9528301886792453	0.04672320740169622
0.9528301886792453	0.04673041332510796
0.9528301886792453	0.04673762147154095
0.9528301886792453	0.04674483184202407
0.9528301886792453	0.04675204443758679
0.9528301886792453	0.04675925925925926
0.9528301886792453	0.046766476308072236
0.9528301886792453	0.04677369558505712
0.9528301886792453	0.04678091709124595
0.9528301886792453	0.0467881408276714
0.9528301886792453	0.0467953667953668
0.9528301886792453	0.04680259499536608
0.9528301886792453	0.04680982542870385
0.9528301886792453	0.04681705809641533
0.9528301886792453	0.046824292999536395
0.9528301886792453	0.046846011131725415
0.9528301886792453	0.04685325498685635
0.9528301886792453	0.04686050108258583
0.9528301886792453	0.04686774941995359
0.9528301886792453	0.046875
0.9528301886792453	0.046882252823766055
0.9528301886792453	0.04688950789229341
0.9528301886792453	0.04689676520662436
0.9528301886792453	0.04690402476780186
0.9528301886792453	0.046911286576869486
0.9528301886792453	0.04691855063487148
0.9528301886792453	0.046925816942852715
0.9528301886792453	0.046933085501858735
0.9528301886792453	0.04694035631293571
0.9528301886792453	0.04694762937713046
0.9528301886792453	0.04695490469549047
0.9528301886792453	0.04696218226906386
0.9528301886792453	0.04696946209889939
0.9528301886792453	0.04697674418604651
0.9528301886792453	0.04698402853155528
0.9528301886792453	0.046991315136476426
0.9528301886792453	0.04699860400186133
0.9528301886792453	0.04700589512876202
0.9528301886792453	0.047013188518231185
0.9528301886792453	0.04702048417132216
0.9528301886792453	0.047027782089088935
0.9528301886792453	0.047035082272586154
0.9528301886792453	0.04704238472286912
0.9528301886792453	0.04704968944099379
0.9528301886792453	0.04705699642801677
0.9528301886792453	0.04706430568499534
0.9528301886792453	0.047071617212987416
0.9528301886792453	0.04709356543363382
0.9528301886792453	0.04710088605627234
0.9528301886792453	0.04710820895522388
0.9528301886792453	0.047115534131550306
0.9528301886792453	0.04712286158631415
0.9528301886792453	0.04713019132057863
0.9528301886792453	0.04713752333540759
0.9528301886792453	0.047144857631865565
0.9528301886792453	0.04715219421101774
0.9528301886792453	0.04715953307392996
0.9528301886792453	0.04716687422166874
0.9528301886792453	0.04717421765530126
0.9528301886792453	0.04718156337589536
0.9528301886792453	0.04718891138451955
0.9528301886792453	0.04719626168224299
0.9528301886792453	0.04720361427013554
0.9528301886792453	0.04721096914926769
0.9528301886792453	0.047218326320710616
0.9528301886792453	0.04722568578553616
0.9528301886792453	0.04723304754481684
0.9528301886792453	0.04724041159962582
0.9528301886792453	0.047247777951036955
0.9528301886792453	0.04725514660012477
0.949685534591195	0.047106535641865545
0.949685534591195	0.047113884555382214
0.949685534591195	0.04712123576220939
0.949685534591195	0.04712858926342072
0.949685534591195	0.04713594506009053
0.949685534591195	0.047143303153293785
0.949685534591195	0.047150663544106165
0.949685534591195	0.047158026233603996
0.949685534591195	0.047165391222864284
0.949685534591195	0.0471727585129647
0.949685534591195	0.04718012810498359
0.949685534591195	0.0471875
0.949685534591195	0.04719487419909361
0.949685534591195	0.04720225070334479
0.949685534591195	0.04720962951383461
0.949685534591195	0.047217010631644775
0.949685534591195	0.0472243940578577
0.949685534591195	0.04723177979355646
0.949685534591195	0.047239167839824805
0.949685534591195	0.04724655819774718
0.949685534591195	0.0472539508684087
0.949685534591195	0.04726134585289515
0.949685534591195	0.04726874315229301
0.949685534591195	0.04727614276768942
0.949685534591195	0.04728354470017222
0.949685534591195	0.04729094895082994
0.949685534591195	0.04729835552075176
0.949685534591195	0.047305764411027566
0.949685534591195	0.04731317562274792
0.949685534591195	0.04732058915700407
0.949685534591195	0.04732800501488795
0.949685534591195	0.04733542319749216
0.949685534591195	0.04734284370591002
0.949685534591195	0.047350266541235496
0.949685534591195	0.047357691704563276
0.949685534591195	0.04736511919698871
0.949685534591195	0.04737254901960784
0.949685534591195	0.04737998117351742
0.949685534591195	0.047387415659814844
0.949685534591195	0.047394852479598244
0.949685534591195	0.04740229163396641
0.949685534591195	0.04740973312401884
0.949685534591195	0.047417176950855705
0.949685534591195	0.04742462311557789
0.949685534591195	0.04743207161928695
0.949685534591195	0.04743952246308514
0.949685534591195	0.047446975648075415
0.949685534591195	0.04745443117536141
0.949685534591195	0.047461889046047465
0.949685534591195	0.0474693492612386
0.949685534591195	0.04747681182204056
0.949685534591195	0.04748427672955975
0.949685534591195	0.04749174398490329
0.949685534591195	0.04753659688336219
0.949685534591195	0.047544080604534
0.949685534591195	0.04755156668241222
0.949685534591195	0.04755905511811023
0.949685534591195	0.04756654591274216
0.949685534591195	0.04757403906742281
0.949685534591195	0.047581534583267686
0.949685534591195	0.047589032461393004
0.949685534591195	0.04759653270291568
0.949685534591195	0.047604035308953345
0.949685534591195	0.04761154028062431
0.949685534591195	0.047619047619047616
0.949685534591195	0.047626557325343
0.949685534591195	0.04763406940063091
0.949685534591195	0.047641583846032495
0.949685534591195	0.04764910066266961
0.949685534591195	0.047656619851664826
0.949685534591195	0.047664141414141416
0.949685534591195	0.047671665351223365
0.949685534591195	0.047679191664035364
0.949685534591195	0.047686720353702826
0.949685534591195	0.04769425142135186
0.949685534591195	0.047701784868109304
0.949685534591195	0.04770932069510268
0.949685534591195	0.04771685890346026
0.949685534591195	0.047724399494310996
0.949685534591195	0.04773194246878457
0.949685534591195	0.04773948782801138
0.949685534591195	0.04774703557312253
0.949685534591195	0.04775458570524984
0.949685534591195	0.04776213822552586
0.949685534591195	0.047769693135083835
0.949685534591195	0.04777725043505775
0.949685534591195	0.047784810126582276
0.949685534591195	0.04779237221079285
0.949685534591195	0.04779993668882558
0.949685534591195	0.047807503561817316
0.949685534591195	0.047815072830905636
0.949685534591195	0.04782264449722882
0.949685534591195	0.04783021856192588
0.949685534591195	0.04783779502613655
0.949685534591195	0.04784537389100127
0.949685534591195	0.04785295515766123
0.949685534591195	0.04786053882725832
0.949685534591195	0.04786812490093517
0.949685534591195	0.04787571337983513
0.949685534591195	0.04788330426510227
0.949685534591195	0.04789089755788138
0.949685534591195	0.047898493259318005
0.949685534591195	0.047906091370558374
0.949685534591195	0.04791369189274949
0.949685534591195	0.04792129482703904
0.949685534591195	0.04792890017457546
0.949685534591195	0.04793650793650794
0.949685534591195	0.04794411811398635
0.949685534591195	0.04795173070816132
0.949685534591195	0.04795934572018421
0.949685534591195	0.04796696315120712
0.949685534591195	0.047974583002382845
0.949685534591195	0.04798220527486495
0.949685534591195	0.047989829969807725
0.949685534591195	0.04799745708836618
0.949685534591195	0.04800508663169607
0.949685534591195	0.048012718600953894
0.949685534591195	0.048020352997296865
0.949685534591195	0.04802798982188295
0.949685534591195	0.04803562907587085
0.949685534591195	0.04804327076041998
0.949685534591195	0.04805091487669053
0.949685534591195	0.04805856142584341
0.9465408805031447	0.04790705077192424
0.9465408805031447	0.047914676854504935
0.9465408805031447	0.04792230536538768
0.9465408805031447	0.04792993630573249
0.9465408805031447	0.04793756967670011
0.9465408805031447	0.04794520547945205
0.9465408805031447	0.04795284371515055
0.9465408805031447	0.04796048438495857
0.9465408805031447	0.04796812749003984
0.9465408805031447	0.04797577303155882
0.9465408805031447	0.0479834210106807
0.9465408805031447	0.04799107142857143
0.9465408805031447	0.047998724286397704
0.9465408805031447	0.048006379585326955
0.9465408805031447	0.048014037326527356
0.9465408805031447	0.04802169751116784
0.9465408805031447	0.048029360140418066
0.9465408805031447	0.048037025215448455
0.9465408805031447	0.048044692737430165
0.9465408805031447	0.04806003512693598
0.9465408805031447	0.04806770999680613
0.9465408805031447	0.04807538731831976
0.9465408805031447	0.048083067092651754
0.9465408805031447	0.048090749320977795
0.9465408805031447	0.04809843400447427
0.9465408805031447	0.048106121144318365
0.9465408805031447	0.04811381074168798
0.9465408805031447	0.04812150279776179
0.9465408805031447	0.04812919731371922
0.9465408805031447	0.048136894290740445
0.9465408805031447	0.048144593730006395
0.9465408805031447	0.048152295632698766
0.9465408805031447	0.04816
0.9465408805031447	0.04816770683309329
0.9465408805031447	0.04817541613316261
0.9465408805031447	0.04818312790139267
0.9465408805031447	0.04819084213896894
0.9465408805031447	0.04819855884707766
0.9465408805031447	0.04820627802690583
0.9465408805031447	0.0482139996796412
0.9465408805031447	0.048221723806472286
0.9465408805031447	0.048229450408588365
0.9465408805031447	0.04823717948717949
0.9465408805031447	0.04824491104343645
0.9465408805031447	0.048252645078550815
0.9465408805031447	0.04826038159371493
0.9465408805031447	0.04826812059012187
0.9465408805031447	0.04827586206896552
0.9465408805031447	0.04828360603144049
0.9465408805031447	0.04829135247874218
0.9465408805031447	0.04829910141206675
0.9465408805031447	0.04830685283261114
0.9465408805031447	0.048314606741573035
0.9465408805031447	0.048322363140150905
0.9465408805031447	0.048330122029543995
0.9465408805031447	0.048337883410952305
0.9465408805031447	0.048345647285576616
0.9465408805031447	0.048353413654618475
0.9465408805031447	0.048361182519280205
0.9465408805031447	0.048368953880764905
0.9465408805031447	0.04838450409901945
0.9465408805031447	0.048392282958199355
0.9465408805031447	0.04840006431902235
0.9465408805031447	0.048407848182695404
0.9465408805031447	0.04841563455042625
0.9465408805031447	0.04842342342342342
0.9465408805031447	0.04843121480289622
0.9465408805031447	0.04843900869005471
0.9465408805031447	0.04844680508610977
0.9465408805031447	0.04845460399227302
0.9465408805031447	0.04846240540975688
0.9465408805031447	0.048470209339774556
0.9465408805031447	0.048478015783540024
0.9465408805031447	0.04848582474226804
0.9465408805031447	0.04849363621717416
0.9465408805031447	0.0485014502094747
0.9465408805031447	0.04850926672038679
0.9465408805031447	0.04851708575112831
0.9465408805031447	0.04854055797452024
0.9465408805031447	0.04854838709677419
0.9465408805031447	0.048556218744958864
0.9465408805031447	0.04856405292029687
0.9465408805031447	0.04857188962401162
0.9465408805031447	0.04857972885732731
0.9465408805031447	0.04858757062146893
0.9465408805031447	0.048595414917662255
0.9465408805031447	0.048603261747133863
0.9465408805031447	0.04861111111111111
0.9465408805031447	0.048618963010822164
0.9465408805031447	0.04862681744749596
0.9465408805031447	0.04863467442236226
0.9465408805031447	0.048642533936651584
0.9465408805031447	0.04865039599159528
0.9465408805031447	0.04865826058842548
0.9465408805031447	0.0486661277283751
0.9465408805031447	0.04867399741267788
0.9465408805031447	0.048681869642568334
0.9465408805031447	0.04868974441928178
0.9465408805031447	0.04869762174405436
0.9465408805031447	0.048705501618122975
0.9465408805031447	0.04871338404272536
0.9465408805031447	0.04872126901910003
0.9465408805031447	0.04872915654848632
0.9465408805031447	0.04873704663212435
0.9465408805031447	0.04874493927125506
0.9465408805031447	0.048752834467120185
0.9465408805031447	0.048760732220962257
0.9465408805031447	0.04876863253402463
0.9465408805031447	0.048776535407551454
0.9465408805031447	0.048784440842787685
0.9465408805031447	0.04879234884097909
0.9465408805031447	0.04880817253121453
0.9465408805031447	0.04881608822575414
0.9465408805031447	0.04882400648824006
0.9465408805031447	0.04883192731992213
0.9465408805031447	0.04883985072205095
0.9465408805031447	0.04884777669587796
0.9465408805031447	0.048855705242655416
0.9465408805031447	0.048863636363636366
0.9465408805031447	0.048871570060074684
0.9465408805031447	0.048879506333225076
0.9465408805031447	0.04888744518434302
0.9465408805031447	0.04889538661468486
0.9465408805031447	0.04890333062550772
0.9465408805031447	0.04891127721806955
0.9465408805031447	0.048919226393629126
0.9465408805031447	0.048927178153446035
0.9465408805031447	0.04893513249878068
0.9465408805031447	0.04894308943089431
0.9465408805031447	0.04895104895104895
0.9465408805031447	0.048959011060507485
0.9465408805031447	0.04896697576053359
0.9465408805031447	0.0489749430523918
0.9465408805031447	0.04898291293734744
0.9465408805031447	0.048990885416666664
0.9465408805031447	0.048998860491616475
0.9465408805031447	0.04900683816346467
0.9465408805031447	0.04901481843347989
0.9465408805031447	0.049022801302931594
0.9465408805031447	0.04903078677309008
0.9465408805031447	0.04903877484522646
0.9465408805031447	0.04904676552061268
0.9465408805031447	0.049054758800521514
0.9465408805031447	0.04906275468622657
0.9465408805031447	0.04907075317900228
0.9465408805031447	0.04907875428012392
0.9465408805031447	0.04908675799086758
0.9465408805031447	0.0490947643125102
0.9465408805031447	0.04910277324632953
0.9465408805031447	0.04911078479360418
0.9465408805031447	0.04911879895561358
0.9465408805031447	0.049126815733637995
0.9465408805031447	0.04913483512895854
0.9465408805031447	0.04914285714285714
0.9465408805031447	0.04915088177661659
0.9465408805031447	0.049158909031520495
0.9465408805031447	0.04916693890885332
0.9465408805031447	0.04917497140990034
0.9465408805031447	0.04918300653594771
0.9465408805031447	0.0491910442882824
0.9465408805031447	0.04919908466819222
0.9465408805031447	0.049207127676965834
0.9465408805031447	0.04921517331589274
0.9465408805031447	0.049223221586263285
0.9465408805031447	0.04923127248936866
0.9465408805031447	0.0492393260265009
0.9465408805031447	0.04924738219895288
0.9465408805031447	0.049255441008018326
0.9465408805031447	0.049263502454991816
0.9465408805031447	0.049271566541168765
0.9465408805031447	0.04927963326784545
0.9465408805031447	0.04928770263631898
0.9465408805031447	0.04929577464788732
0.9465408805031447	0.049303849303849304
0.9465408805031447	0.04931192660550459
0.9465408805031447	0.049320006554153695
0.9465408805031447	0.049328089151098
0.9465408805031447	0.04933617439763973
0.9465408805031447	0.049344262295081966
0.9465408805031447	0.04935235284472864
0.9465408805031447	0.04936044604788455
0.9465408805031447	0.04936854190585534
0.9465408805031447	0.04937664041994751
0.9465408805031447	0.04938474159146842
0.9465408805031447	0.04939284542172629
0.9465408805031447	0.0494009519120302
0.9465408805031447	0.049409061063690085
0.9465408805031447	0.04942528735632184
0.9465408805031447	0.049433404499917885
0.9465408805031447	0.049441524310118265
0.9465408805031447	0.049449646788237225
0.9465408805031447	0.04945777193558988
0.9465408805031447	0.04946589975349219
0.9465408805031447	0.04947403024326101
0.9465408805031447	0.04948216340621404
0.9465408805031447	0.04949029924366984
0.9465408805031447	0.04949843775694787
0.9465408805031447	0.04950657894736842
0.9465408805031447	0.049514722816252674
0.9465408805031447	0.04952286936492267
0.9465408805031447	0.04953101859470133
0.9465408805031447	0.04953917050691244
0.9433962264150944	0.04938271604938271
0.9433962264150944	0.04939084622983207
0.9433962264150944	0.04939897908776552
0.9433962264150944	0.04940711462450593
0.9433962264150944	0.04941525284137704
0.9433962264150944	0.04942339373970346
0.9433962264150944	0.049431537320810674
0.9433962264150944	0.049439683586025046
0.9433962264150944	0.04944783253667381
0.9433962264150944	0.04945598417408507
0.9433962264150944	0.0494641384995878
0.9433962264150944	0.04947229551451187
0.9433962264150944	0.04948045522018803
0.9433962264150944	0.04948861761794787
0.9433962264150944	0.04949678270912391
0.9433962264150944	0.04950495049504951
0.9433962264150944	0.04951312097705892
0.9433962264150944	0.04952129415648729
0.9433962264150944	0.04952947003467063
0.9433962264150944	0.04953764861294584
0.9433962264150944	0.0495458298926507
0.9433962264150944	0.049554013875123884
0.9433962264150944	0.04956220056170494
0.9433962264150944	0.0495703899537343
0.9433962264150944	0.0495785820525533
0.9433962264150944	0.049586776859504134
0.9433962264150944	0.049594974375929905
0.9433962264150944	0.0496031746031746
0.9433962264150944	0.0496113775425831
0.9433962264150944	0.04961958319550116
0.9433962264150944	0.04962779156327544
0.9433962264150944	0.04963600264725347
0.9433962264150944	0.049644216448783716
0.9433962264150944	0.04965243296921549
0.9433962264150944	0.04966065220989902
0.9433962264150944	0.04966887417218543
0.9433962264150944	0.04967709885742673
0.9433962264150944	0.04968532626697582
0.9433962264150944	0.04969355640218651
0.9433962264150944	0.04970178926441352
0.9433962264150944	0.04971002485501243
0.9433962264150944	0.04971826317533974
0.9433962264150944	0.04972650422675286
0.9433962264150944	0.04973474801061008
0.9433962264150944	0.0497429945282706
0.9433962264150944	0.04975124378109453
0.9433962264150944	0.049759495770442856
0.9433962264150944	0.0497677504976775
0.9433962264150944	0.049776007964161276
0.9433962264150944	0.04978426817125788
0.9433962264150944	0.04979253112033195
0.9433962264150944	0.049800796812749
0.9433962264150944	0.049809065249875474
0.9433962264150944	0.04981733643307871
0.9433962264150944	0.04982561036372696
0.9433962264150944	0.04983388704318937
0.9433962264150944	0.04984216647283602
0.9433962264150944	0.049850448654037885
0.9433962264150944	0.04985873358816686
0.9433962264150944	0.049867021276595744
0.9433962264150944	0.04987531172069826
0.9433962264150944	0.0499001996007984
0.9433962264150944	0.04990850108135086
0.9433962264150944	0.04991680532445923
0.9433962264150944	0.04992511233150274
0.9433962264150944	0.049933422103861515
0.9433962264150944	0.049941734642916596
0.9433962264150944	0.04995004995004995
0.9433962264150944	0.04995836802664446
0.9433962264150944	0.049966688874083946
0.9433962264150944	0.04997501249375312
0.9433962264150944	0.049983338887037654
0.9433962264150944	0.04999166805532411
0.9433962264150944	0.05
0.9433962264150944	0.050008334722453744
0.9433962264150944	0.050016672224074694
0.9433962264150944	0.05002501250625312
0.9433962264150944	0.05003335557038025
0.9433962264150944	0.05004170141784821
0.9433962264150944	0.05005005005005005
0.9433962264150944	0.050058401468379775
0.9433962264150944	0.050066755674232306
0.9433962264150944	0.0500751126690035
0.9433962264150944	0.05008347245409015
0.9433962264150944	0.050091835030889965
0.9433962264150944	0.050100200400801605
0.9433962264150944	0.05010856856522465
0.9433962264150944	0.05011693952555964
0.9433962264150944	0.05012531328320802
0.9433962264150944	0.05013368983957219
0.9433962264150944	0.05014206919605549
0.9433962264150944	0.05015045135406219
0.9433962264150944	0.05015883631499749
0.9433962264150944	0.05016722408026756
0.9433962264150944	0.050175614651279475
0.9433962264150944	0.050184008029441285
0.940251572327044	0.05002509620210808
0.940251572327044	0.0500418410041841
0.940251572327044	0.05005021760964178
0.940251572327044	0.05005859701992299
0.940251572327044	0.05006697923643671
0.940251572327044	0.050075364260592864
0.940251572327044	0.05008375209380234
0.940251572327044	0.05009214273747697
0.940251572327044	0.05010053619302949
0.940251572327044	0.05010893246187364
0.940251572327044	0.05011733154542407
0.940251572327044	0.050125733445096396
0.940251572327044	0.050134138162307176
0.940251572327044	0.05014254569847392
0.940251572327044	0.05015095605501509
0.940251572327044	0.05015936923335011
0.940251572327044	0.05016778523489933
0.940251572327044	0.05017620406108408
0.940251572327044	0.05018462571332662
0.940251572327044	0.05019305019305019
0.940251572327044	0.05020147750167898
0.940251572327044	0.05020990764063812
0.940251572327044	0.05021834061135371
0.940251572327044	0.05022677641525281
0.940251572327044	0.05023521505376344
0.940251572327044	0.05024365652831457
0.940251572327044	0.050252100840336135
0.940251572327044	0.050260547991259036
0.940251572327044	0.050268997982515135
0.940251572327044	0.05027745081553724
0.940251572327044	0.050285906491759166
0.940251572327044	0.050294365012615645
0.940251572327044	0.05030282637954239
0.940251572327044	0.050311290593976106
0.940251572327044	0.05031975765735443
0.940251572327044	0.05032822757111598
0.940251572327044	0.05033670033670034
0.940251572327044	0.05034517595554807
0.940251572327044	0.050353654429100704
0.940251572327044	0.05036213575880074
0.940251572327044	0.05037061994609164
0.940251572327044	0.05037910699241786
0.940251572327044	0.050387596899224806
0.940251572327044	0.050396089667958874
0.940251572327044	0.05040458530006743
0.940251572327044	0.05041308379699882
0.940251572327044	0.05042158516020236
0.940251572327044	0.05043008939112835
0.940251572327044	0.05043859649122807
0.940251572327044	0.05044710646195377
0.940251572327044	0.05045561930475869
0.940251572327044	0.05046413502109705
0.940251572327044	0.050472653612424034
0.940251572327044	0.050481175080195846
0.940251572327044	0.05048969942586964
0.940251572327044	0.05049822665090356
0.940251572327044	0.050506756756756754
0.940251572327044	0.05051528974488934
0.940251572327044	0.05052382561676242
0.940251572327044	0.050532364373838096
0.940251572327044	0.05054090601757945
0.940251572327044	0.05054945054945055
0.940251572327044	0.05055799797091647
0.940251572327044	0.05056654828344326
0.940251572327044	0.05057510148849797
0.940251572327044	0.05058365758754864
0.940251572327044	0.050592216582064295
0.940251572327044	0.050600778473514976
0.940251572327044	0.0506093432633717
0.940251572327044	0.050617910953106485
0.940251572327044	0.050626481544192345
0.940251572327044	0.050635055038103303
0.940251572327044	0.05064363143631436
0.940251572327044	0.05065221074030154
0.940251572327044	0.05066079295154185
0.940251572327044	0.0506693780715133
0.940251572327044	0.050677966101694914
0.940251572327044	0.050686557043566706
0.940251572327044	0.050695150898609695
0.940251572327044	0.05070374766830592
0.940251572327044	0.0507123473541384
0.940251572327044	0.05072094995759118
0.940251572327044	0.050729555480149305
0.940251572327044	0.05073816392329883
0.940251572327044	0.050746775288526814
0.940251572327044	0.050755389577321335
0.940251572327044	0.050764006791171476
0.940251572327044	0.05077262693156733
0.940251572327044	0.05078125
0.940251572327044	0.05078987599796161
0.940251572327044	0.05079850492694529
0.940251572327044	0.0508071367884452
0.940251572327044	0.05081577158395649
0.940251572327044	0.05082440931497535
0.940251572327044	0.05083304998299898
0.940251572327044	0.05084169358952559
0.940251572327044	0.05085034013605442
0.940251572327044	0.05085898962408573
0.940251572327044	0.05086764205512079
0.940251572327044	0.0508762974306619
0.940251572327044	0.05088495575221239
0.940251572327044	0.050902281239359894
0.940251572327044	0.05091094840796867
0.940251572327044	0.05091961852861036
0.940251572327044	0.05092829160279339
0.940251572327044	0.05093696763202726
0.940251572327044	0.05094564661782246
0.940251572327044	0.05095432856169053
0.940251572327044	0.05096301346514403
0.940251572327044	0.050971701329696556
0.940251572327044	0.050980392156862744
0.940251572327044	0.05098908594815826
0.940251572327044	0.050997782705099776
0.940251572327044	0.05100648242920505
0.940251572327044	0.05101518512199284
0.940251572327044	0.051023890784982935
0.940251572327044	0.05103259941969619
0.940251572327044	0.05104131102765449
0.940251572327044	0.05105002561038074
0.940251572327044	0.05105874316939891
0.940251572327044	0.05106746370623399
0.940251572327044	0.05107618722241203
0.940251572327044	0.051084913719460105
0.940251572327044	0.05109364319890636
0.940251572327044	0.05110237566227995
0.940251572327044	0.051111111111111114
0.940251572327044	0.0511198495469311
0.940251572327044	0.05112859097127223
0.940251572327044	0.051137335385667865
0.940251572327044	0.05114608279165241
0.940251572327044	0.051154833190761334
0.940251572327044	0.05116358658453114
0.940251572327044	0.0511723429744994
0.940251572327044	0.051181102362204724
0.940251572327044	0.051189864749186784
0.940251572327044	0.0511986301369863
0.940251572327044	0.05120739852714506
0.940251572327044	0.051216169921205895
0.940251572327044	0.051224944320712694
0.940251572327044	0.05123372172721042
0.940251572327044	0.05125128556736373
0.940251572327044	0.05126007200411452
0.940251572327044	0.05126886145404664
0.940251572327044	0.05127765391871034
0.940251572327044	0.051286449399656944
0.9371069182389937	0.051123691885400585
0.9371069182389937	0.05113246396705559
0.9339622641509434	0.05096962416337738
0.9339622641509434	0.0509783728115345
0.9339622641509434	0.050987124463519315
0.9339622641509434	0.05099587912087912
0.9339622641509434	0.05100463678516229
0.9339622641509434	0.05101339745791824
0.9339622641509434	0.05102216114069748
0.9339622641509434	0.051030927835051546
0.9339622641509434	0.05103969754253308
0.9339622641509434	0.05104847026469577
0.9339622641509434	0.05105724600309438
0.9339622641509434	0.051066024759284734
0.9339622641509434	0.051074806534823734
0.9339622641509434	0.05108359133126935
0.9339622641509434	0.05109237915018063
0.9339622641509434	0.05110116999311769
0.9339622641509434	0.05110996386164171
0.9339622641509434	0.051118760757314974
0.9339622641509434	0.05112756068170081
0.9339622641509434	0.05113636363636364
0.9339622641509434	0.05114516962286895
0.9339622641509434	0.05115397864278333
0.9339622641509434	0.05116279069767442
0.9339622641509434	0.05117160578911096
0.9339622641509434	0.05118042391866276
0.9339622641509434	0.05118924508790072
0.9339622641509434	0.05119806929839683
0.9339622641509434	0.05120689655172414
0.9339622641509434	0.0512157268494568
0.9339622641509434	0.05122456019317006
0.9339622641509434	0.051233396584440226
0.9339622641509434	0.05124223602484472
0.9339622641509434	0.051251078515962036
0.9339622641509434	0.05125992405937176
0.9339622641509434	0.05126877265665458
0.9339622641509434	0.05127762430939226
0.9339622641509434	0.05128647901916768
0.9339622641509434	0.05129533678756477
0.9308176100628931	0.05113145621005355
0.9308176100628931	0.05114029025570145
0.9308176100628931	0.05114912735441507
0.9308176100628931	0.051157967507777395
0.9308176100628931	0.051166810717372516
0.9308176100628931	0.051175656984785614
0.9308176100628931	0.05118450631160298
0.9308176100628931	0.05119335869941197
0.9308176100628931	0.05120221414980107
0.9308176100628931	0.05121107266435986
0.9308176100628931	0.05121993424467901
0.9308176100628931	0.0512287988923503
0.9308176100628931	0.05124653739612189
0.9308176100628931	0.051255411255411255
0.9308176100628931	0.051264288188430894
0.9308176100628931	0.0512731681967781
0.9308176100628931	0.05128205128205128
0.9308176100628931	0.05129093744584994
0.9308176100628931	0.051299826689774695
0.9308176100628931	0.05130871901542729
0.9308176100628931	0.05131761442441054
0.9308176100628931	0.05132651291832842
0.9308176100628931	0.05133541449878599
0.9308176100628931	0.05134431916738942
0.9308176100628931	0.05135322692574601
0.9308176100628931	0.05136213777546417
0.9308176100628931	0.05137105171815342
0.9308176100628931	0.05137996875542441
0.9308176100628931	0.05138888888888889
0.9308176100628931	0.05139781212015975
0.9308176100628931	0.05140673845085099
0.9308176100628931	0.05141566788257773
0.9308176100628931	0.05142460041695622
0.9308176100628931	0.05143353605560382
0.9308176100628931	0.05144247480013903
0.9308176100628931	0.05145141665218147
0.9308176100628931	0.05146036161335188
0.9308176100628931	0.05146930968527213
0.9308176100628931	0.051478260869565216
0.9308176100628931	0.05148721516785528
0.9308176100628931	0.05149617258176757
0.9308176100628931	0.05150513311292849
0.9308176100628931	0.0515230635335074
0.9308176100628931	0.05153203342618384
0.9308176100628931	0.051541006442625804
0.9308176100628931	0.051549982584465345
0.9308176100628931	0.05155896185333565
0.9308176100628931	0.05156794425087108
0.9308176100628931	0.05157692977870709
0.9308176100628931	0.05158591843848031
0.9308176100628931	0.05159491023182848
0.9308176100628931	0.05160390516039052
0.9308176100628931	0.05161290322580645
0.9308176100628931	0.05162190442971747
0.9308176100628931	0.051630908773765916
0.9308176100628931	0.051639916259595256
0.9308176100628931	0.051648926888850116
0.9308176100628931	0.05165794066317626
0.9308176100628931	0.05166695758422063
0.9308176100628931	0.051675977653631286
0.9308176100628931	0.05168500087305745
0.9308176100628931	0.051694027244149496
0.9308176100628931	0.05170305676855895
0.9308176100628931	0.0517120894479385
0.9308176100628931	0.05172112528394199
0.9308176100628931	0.0517301642782244
0.9308176100628931	0.051739206432441884
0.9308176100628931	0.05174825174825175
0.9308176100628931	0.05175730022731247
0.9308176100628931	0.051766351871283665
0.9308176100628931	0.05177540668182613
0.9308176100628931	0.05178446466060182
0.9308176100628931	0.05179352580927384
0.9308176100628931	0.05180259012950648
0.9308176100628931	0.05181165762296517
0.9308176100628931	0.05182072829131653
0.9308176100628931	0.05182980213622833
0.9308176100628931	0.05183887915936953
0.9308176100628931	0.05184795936241023
0.9308176100628931	0.05185704274702172
0.9308176100628931	0.05186612931487647
0.9308176100628931	0.05187521906764809
0.9308176100628931	0.05188431200701139
0.9308176100628931	0.051893408134642355
0.9308176100628931	0.05190250745221813
0.9308176100628931	0.05191160996141705
0.9308176100628931	0.051929824561403506
0.9308176100628931	0.0519389366555536
0.9308176100628931	0.05194805194805195
0.9308176100628931	0.05195717044058276
0.9308176100628931	0.05196629213483146
0.9308176100628931	0.051975417032484636
0.9308176100628931	0.05198454513523006
0.9308176100628931	0.05199367644475672
0.9308176100628931	0.05200281096275474
0.9308176100628931	0.05201194869091548
0.9308176100628931	0.05202108963093146
0.9308176100628931	0.052030233784496394
0.9308176100628931	0.052039381153305204
0.9308176100628931	0.05204853173905398
0.9308176100628931	0.05205768554344003
0.9308176100628931	0.05206684256816183
0.9308176100628931	0.05207600281491907
0.9308176100628931	0.05208516628541263
0.9308176100628931	0.052094332981344596
0.9308176100628931	0.05210350290441824
0.9308176100628931	0.05211267605633803
0.9308176100628931	0.05212185243880965
0.9308176100628931	0.05213103205353998
0.9308176100628931	0.052140214902237095
0.9308176100628931	0.05214940098661029
0.9308176100628931	0.05215859030837004
0.9308176100628931	0.05216778286922806
0.9308176100628931	0.05217697867089723
0.9308176100628931	0.05218617771509168
0.9308176100628931	0.05219538000352671
0.9308176100628931	0.052204585537918874
0.9308176100628931	0.052213794319985886
0.9308176100628931	0.05222300635144672
0.9308176100628931	0.052232221634021525
0.9308176100628931	0.0522414401694317
0.9308176100628931	0.05225066195939982
0.9308176100628931	0.052259887005649715
0.9308176100628931	0.05226911530990641
0.9308176100628931	0.05227834687389615
0.9308176100628931	0.05228758169934641
0.9308176100628931	0.052306061141544444
0.9308176100628931	0.05231530576175327
0.9308176100628931	0.052324553650344705
0.9308176100628931	0.05233380480905234
0.9308176100628931	0.05234305923961096
0.9308176100628931	0.05235231694375663
0.9308176100628931	0.052361577923226606
0.9308176100628931	0.052370842179759375
0.9308176100628931	0.05238010971509467
0.9308176100628931	0.05238938053097345
0.9308176100628931	0.0523986546291379
0.9308176100628931	0.05240793201133145
0.9308176100628931	0.05241721267929874
0.9308176100628931	0.05242649663478569
0.9308176100628931	0.05243578387953941
0.9308176100628931	0.05244507441530829
0.9308176100628931	0.05245436824384193
0.9308176100628931	0.05246366536689118
0.9308176100628931	0.052472965786208116
0.9308176100628931	0.0524822695035461
0.9308176100628931	0.052491576520659694
0.9308176100628931	0.05250088683930472
0.9308176100628931	0.05251020046123825
0.9308176100628931	0.0525195173882186
0.9308176100628931	0.052528837622005324
0.9308176100628931	0.05253816116435925
0.9308176100628931	0.052547488017042426
0.9308176100628931	0.052556818181818184
0.9308176100628931	0.052566151660451074
0.9308176100628931	0.05257548845470693
0.9308176100628931	0.05258482856635282
0.9308176100628931	0.052594171997157074
0.9308176100628931	0.052603518748889286
0.9308176100628931	0.0526128688233203
0.9308176100628931	0.05262222222222222
0.9308176100628931	0.05263157894736842
0.9308176100628931	0.05264093900053352
0.9308176100628931	0.05265030238349342
0.9308176100628931	0.05265966909802526
0.9308176100628931	0.052669039145907474
0.9308176100628931	0.052678412528919735
0.9308176100628931	0.05268778924884301
0.9308176100628931	0.0526971693074595
0.9308176100628931	0.05270655270655271
0.9308176100628931	0.05271593944790739
0.9308176100628931	0.052725329533309585
0.9308176100628931	0.052734722964546586
0.9308176100628931	0.05274411974340699
0.9308176100628931	0.05275351987168063
0.9308176100628931	0.05276292335115865
0.9308176100628931	0.05277233018363345
0.9308176100628931	0.052781740370898715
0.9308176100628931	0.05279115391474942
0.9308176100628931	0.05280057081698181
0.9308176100628931	0.0528099910793934
0.9308176100628931	0.05281941470378301
0.9308176100628931	0.05282884169195074
0.9308176100628931	0.052838272045697965
0.9308176100628931	0.05284770576682735
0.9308176100628931	0.05285714285714286
0.9308176100628931	0.05286658331844972
0.9308176100628931	0.05287602715255448
0.9308176100628931	0.052885474361264964
0.9308176100628931	0.05289492494639028
0.9308176100628931	0.05290437890974084
0.9308176100628931	0.05291383625312835
0.9308176100628931	0.052923296978365814
0.9308176100628931	0.05293276108726753
0.9308176100628931	0.05294222858164908
0.9308176100628931	0.05295169946332737
0.9308176100628931	0.05296117373412059
0.9308176100628931	0.052970651395848244
0.9308176100628931	0.052980132450331126
0.9308176100628931	0.052989616899391336
0.9276729559748428	0.052820053715308866
0.9276729559748428	0.05282951289398281
0.9276729559748428	0.052838975461221564
0.9276729559748428	0.052848441418846294
0.9276729559748428	0.05285791076867945
0.9276729559748428	0.0528673835125448
0.9276729559748428	0.05287685965226743
0.9276729559748428	0.05288633918967372
0.9276729559748428	0.05289582212659136
0.9276729559748428	0.05290530846484935
0.9276729559748428	0.05291479820627803
0.9276729559748428	0.052924291352709006
0.9276729559748428	0.052933787905975235
0.9276729559748428	0.052943287867910985
0.9276729559748428	0.05295279124035182
0.9276729559748428	0.05296229802513465
0.9276729559748428	0.05297180822409769
0.9276729559748428	0.05298132183908046
0.9276729559748428	0.05299083887192384
0.9276729559748428	0.053000359324469996
0.9276729559748428	0.053009883198562445
0.9276729559748428	0.05301941049604601
0.9276729559748428	0.053028941218766855
0.9276729559748428	0.05303847536857246
0.9276729559748428	0.05304801294731164
0.9276729559748428	0.053057553956834536
0.9276729559748428	0.053067098398992624
0.9276729559748428	0.05307664627563872
0.9276729559748428	0.053086197588626954
0.9276729559748428	0.05309575233981281
0.9276729559748428	0.05310531053105311
0.9276729559748428	0.053114872164205976
0.9276729559748428	0.05312443724113092
0.9276729559748428	0.05313400576368876
0.9276729559748428	0.05314357773374167
0.9276729559748428	0.05315315315315315
0.9276729559748428	0.05316273202378807
0.9276729559748428	0.053172314347512614
0.9276729559748428	0.05318190012619434
0.9276729559748428	0.05319148936170213
0.9276729559748428	0.05320108205590622
0.9276729559748428	0.05321067821067821
0.9276729559748428	0.05322027782789104
0.9276729559748428	0.053229880909418985
0.9276729559748428	0.0532394874571377
0.9276729559748428	0.05324909747292419
0.9276729559748428	0.0532587109586568
0.9276729559748428	0.05326832791621524
0.9245283018867925	0.05309734513274336
0.9245283018867925	0.05310693641618497
0.9245283018867925	0.053116531165311655
0.9245283018867925	0.05312612938200217
0.9245283018867925	0.053135731068136634
0.9245283018867925	0.05314533622559653
0.9245283018867925	0.053164556962025315
0.9245283018867925	0.05317417254476397
0.9245283018867925	0.05318379160636758
0.9245283018867925	0.053193414148724444
0.9245283018867925	0.053203040173724216
0.9245283018867925	0.05321266968325792
0.9245283018867925	0.05322230267921796
0.9245283018867925	0.053231939163498096
0.9245283018867925	0.05324157913799348
0.9245283018867925	0.05325122260460061
0.9245283018867925	0.05326086956521739
0.9245283018867925	0.05327052002174307
0.9245283018867925	0.05328017397607829
0.9245283018867925	0.05328983143012507
0.9245283018867925	0.0532994923857868
0.9245283018867925	0.053309156844968265
0.9245283018867925	0.05331882480957562
0.9245283018867925	0.05332849628151642
0.9245283018867925	0.05333817126269957
0.9245283018867925	0.053347849755035384
0.9245283018867925	0.05335753176043557
0.9245283018867925	0.053367217280813214
0.9245283018867925	0.05337690631808279
0.9245283018867925	0.05338659887416016
0.9245283018867925	0.05339629495096258
0.9245283018867925	0.05340599455040872
0.9245283018867925	0.0534156976744186
0.9245283018867925	0.05342540432491368
0.9245283018867925	0.05343511450381679
0.9245283018867925	0.05344482821305217
0.9245283018867925	0.053454545454545456
0.9245283018867925	0.05346426623022368
0.9245283018867925	0.05347399054201528
0.9245283018867925	0.0534837183918501
0.9245283018867925	0.05349344978165939
0.9245283018867925	0.0535031847133758
0.9245283018867925	0.05352266521026761
0.9245283018867925	0.053532410779315365
0.9245283018867925	0.05354215989801493
0.9245283018867925	0.053551912568306013
0.9245283018867925	0.053561668792129716
0.9245283018867925	0.05357142857142857
0.9245283018867925	0.05358119190814653
0.9245283018867925	0.05359095880422895
0.9245283018867925	0.053600729261622605
0.9245283018867925	0.053610503282275714
0.9245283018867925	0.05362028086813788
0.9245283018867925	0.05363006202116016
0.9245283018867925	0.05363984674329502
0.9245283018867925	0.05364963503649635
0.9245283018867925	0.05365942690271947
0.9245283018867925	0.05366922234392114
0.9245283018867925	0.05367902136205952
0.9245283018867925	0.05368882395909423
0.9245283018867925	0.05371825324319386
0.9245283018867925	0.0537280701754386
0.9245283018867925	0.0537378906963992
0.9245283018867925	0.05374771480804388
0.9245283018867925	0.05375754251234229
0.9245283018867925	0.05376737381126555
0.9245283018867925	0.05377720870678617
0.9245283018867925	0.05378704720087816
0.9245283018867925	0.053796889295516924
0.9245283018867925	0.05380673499267936
0.9245283018867925	0.053816584294343765
0.9245283018867925	0.05382643720248993
0.9245283018867925	0.053836293719099065
0.9245283018867925	0.05384615384615385
0.9245283018867925	0.0538560175856384
0.9245283018867925	0.05386588493953829
0.9245283018867925	0.05387575590984057
0.9213836477987422	0.05370234604105572
0.9213836477987422	0.053712190650779104
0.9213836477987422	0.05372203887055372
0.9213836477987422	0.05373189070236567
0.9213836477987422	0.05374174614820249
0.9213836477987422	0.0537516052100532
0.9213836477987422	0.05376146788990826
0.9213836477987422	0.05377133418975959
0.9213836477987422	0.05378120411160059
0.9213836477987422	0.053791077657426106
0.9213836477987422	0.053800954829232465
0.9213836477987422	0.05381083562901745
0.9213836477987422	0.05382072005878031
0.9213836477987422	0.05383060812052177
0.9213836477987422	0.05384049981624403
0.9213836477987422	0.053850395147950744
0.9213836477987422	0.05386029411764706
0.9213836477987422	0.053870196727339587
0.9213836477987422	0.0538900128747471
0.9213836477987422	0.05389992641648271
0.9213836477987422	0.05390984360625575
0.9213836477987422	0.05391976444608024
0.9213836477987422	0.053929688937971655
0.9213836477987422	0.053939617083946984
0.9213836477987422	0.05394954888602467
0.9213836477987422	0.053959484346224676
0.9213836477987422	0.05396942346656843
0.9213836477987422	0.05397936624907885
0.9213836477987422	0.053989312695780355
0.9213836477987422	0.05399926280869886
0.9213836477987422	0.05400921658986175
0.9213836477987422	0.054019174041297933
0.9213836477987422	0.0540291351650378
0.9213836477987422	0.05403909996311324
0.9213836477987422	0.05404906843755765
0.9213836477987422	0.05405904059040591
0.9213836477987422	0.05406901642369441
0.9213836477987422	0.054078995939461055
0.9213836477987422	0.054088979139745245
0.9213836477987422	0.05409896602658789
0.9213836477987422	0.0541089566020314
0.9213836477987422	0.054118950868119686
0.9213836477987422	0.054128948826898206
0.9213836477987422	0.054138950480413894
0.9213836477987422	0.05414895583071521
0.9213836477987422	0.054158964879852126
0.9213836477987422	0.05416897762987613
0.9182389937106918	0.053994082840236685
0.9182389937106918	0.05400406879970409
0.9182389937106918	0.05401405845357011
0.9182389937106918	0.05402405180388529
0.9182389937106918	0.0540340488527017
0.9182389937106918	0.05404404960207292
0.9182389937106918	0.05405405405405406
0.9182389937106918	0.05406406221070172
0.9182389937106918	0.05407407407407407
0.9182389937106918	0.05409410892923305
0.9182389937106918	0.0541041319251436
0.9182389937106918	0.054114158636026685
0.9182389937106918	0.0541241890639481
0.9182389937106918	0.054134223210975156
0.9182389937106918	0.05414426107917671
0.9182389937106918	0.05415430267062315
0.9182389937106918	0.05416434798738638
0.9182389937106918	0.05417439703153989
0.9182389937106918	0.05418444980515866
0.9182389937106918	0.054194506310319225
0.9182389937106918	0.054204566549099685
0.9182389937106918	0.05421463052357965
0.9182389937106918	0.0542246982358403
0.9182389937106918	0.05423476968796434
0.9182389937106918	0.05424484488203604
0.9182389937106918	0.05425492382014121
0.9182389937106918	0.05426500650436722
0.9182389937106918	0.05427509293680297
0.9182389937106918	0.05428518311953895
0.9182389937106918	0.05429527705466716
0.9182389937106918	0.054305374744281196
0.9182389937106918	0.05431547619047619
0.9182389937106918	0.054325581395348835
0.9182389937106918	0.0543356903609974
0.9182389937106918	0.05434580308952168
0.9182389937106918	0.054355919583023084
0.9182389937106918	0.054366039843604545
0.9182389937106918	0.054376163873370575
0.9182389937106918	0.05438629167442727
0.9182389937106918	0.05439642324888227
0.9182389937106918	0.054406558598844794
0.9182389937106918	0.05441669772642564
0.9182389937106918	0.054426840633737185
0.9182389937106918	0.054436987322893364
0.9182389937106918	0.054447137796009695
0.9182389937106918	0.054457292055203284
0.9182389937106918	0.0544674501025928
0.9182389937106918	0.05447761194029851
0.9182389937106918	0.05448777757044225
0.9182389937106918	0.05449794699514744
0.9182389937106918	0.054508120216539106
0.9182389937106918	0.05451829723674384
0.9182389937106918	0.05454885111152625
0.9182389937106918	0.05455904334828102
0.9182389937106918	0.0545692393945057
0.9182389937106918	0.05457943925233645
0.9182389937106918	0.05458964292391101
0.9182389937106918	0.054599850411368736
0.9182389937106918	0.05461006171685057
0.9182389937106918	0.054620276842499066
0.9182389937106918	0.054630495790458374
0.9182389937106918	0.05464071856287425
0.9182389937106918	0.05465094516189407
0.9182389937106918	0.054661175589666794
0.9182389937106918	0.054671409848343004
0.9182389937106918	0.05468164794007491
0.9182389937106918	0.05469188986701629
0.9182389937106918	0.05470213563132259
0.9182389937106918	0.05471238523515083
0.9182389937106918	0.05472263868065967
0.9182389937106918	0.054732895970009375
0.9182389937106918	0.05474315710536183
0.9182389937106918	0.05475342208888055
0.9182389937106918	0.05476369092273068
0.9182389937106918	0.05478424015009381
0.9182389937106918	0.05492851768246802
0.9182389937106918	0.05493885230479774
0.9182389937106918	0.054949190816710576
0.9182389937106918	0.054959533220402784
0.9182389937106918	0.054969879518072286
0.9182389937106918	0.05498022971191866
0.9182389937106918	0.05499058380414312
0.9182389937106918	0.05500094179694858
0.9182389937106918	0.055011303692539565
0.9182389937106918	0.05502166949312229
0.9182389937106918	0.05503203920090464
0.9182389937106918	0.05504241281809614
0.9182389937106918	0.05505279034690799
0.9182389937106918	0.055063171789553084
0.9182389937106918	0.055073557148245945
0.9182389937106918	0.05508394642520279
0.9182389937106918	0.05509433962264151
0.9182389937106918	0.05510473674278166
0.9182389937106918	0.05511513778784447
0.9182389937106918	0.05512554276005286
0.9182389937106918	0.05513595166163142
0.9182389937106918	0.05514636449480642
0.9182389937106918	0.055156781261805815
0.9182389937106918	0.05516720196485925
0.9150943396226415	0.054988662131519275
0.9150943396226415	0.054999054999055
0.9150943396226415	0.05500945179584121
0.9150943396226415	0.055019852524106634
0.9150943396226415	0.0550302571860817
0.9150943396226415	0.05504066578399849
0.9150943396226415	0.055051078320090804
0.9150943396226415	0.05506149479659413
0.9150943396226415	0.05507191521574565
0.9150943396226415	0.055082339579784215
0.9150943396226415	0.0550927678909504
0.9150943396226415	0.05510320015148646
0.9150943396226415	0.055113636363636365
0.9150943396226415	0.055124076529645766
0.9150943396226415	0.05513452065176203
0.9150943396226415	0.05514496873223423
0.9150943396226415	0.05515542077331312
0.9150943396226415	0.05516587677725118
0.9150943396226415	0.055176336746302616
0.9150943396226415	0.05518680068272331
0.9150943396226415	0.055197268588770866
0.9150943396226415	0.05520774046670461
0.9150943396226415	0.05521821631878558
0.9150943396226415	0.055228696147276525
0.9150943396226415	0.05524966774254794
0.9150943396226415	0.05526015951386251
0.9150943396226415	0.05527065527065527
0.9150943396226415	0.05528115501519757
0.9150943396226415	0.055291658749762496
0.9150943396226415	0.05530216647662486
0.9150943396226415	0.0553126781980612
0.9150943396226415	0.05532319391634981
0.9150943396226415	0.05533371363377068
0.9150943396226415	0.05534423735260555
0.9150943396226415	0.05535476507513791
0.9150943396226415	0.055365296803652965
0.9150943396226415	0.05537583254043768
0.9150943396226415	0.05538637228778074
0.9150943396226415	0.05539691604797259
0.9150943396226415	0.05540746382330541
0.9150943396226415	0.05541801561607313
0.9150943396226415	0.05542857142857143
0.9150943396226415	0.055439131263097734
0.9150943396226415	0.05544969512195122
0.9150943396226415	0.05546026300743282
0.9150943396226415	0.055470834921845215
0.9150943396226415	0.05548141086749285
0.9150943396226415	0.055491990846681924
0.9150943396226415	0.05550257486172039
0.9150943396226415	0.05551316291491797
0.9150943396226415	0.05552375500858615
0.9150943396226415	0.055534351145038165
0.9150943396226415	0.05554495132658904
0.9150943396226415	0.05555555555555555
0.9150943396226415	0.055566163834256256
0.9150943396226415	0.05557677616501146
0.9150943396226415	0.055587392550143264
0.9150943396226415	0.055598012991975546
0.9150943396226415	0.055608637492833936
0.9150943396226415	0.05561926605504587
0.9150943396226415	0.055629898680940544
0.9150943396226415	0.05564053537284895
0.9150943396226415	0.055651176133103844
0.9150943396226415	0.055661820964039786
0.9150943396226415	0.05567246986799311
0.9150943396226415	0.05568312284730195
0.9150943396226415	0.05569377990430622
0.9150943396226415	0.05570444104134763
0.9150943396226415	0.05571510626076967
0.9150943396226415	0.05572577556491766
0.9150943396226415	0.05573644895613867
0.9150943396226415	0.05574712643678161
0.9150943396226415	0.05575780800919716
0.9150943396226415	0.05576849367573783
0.9150943396226415	0.055789877300613494
0.9150943396226415	0.055800575263662514
0.9150943396226415	0.05581127733026467
0.9150943396226415	0.05582198350278151
0.9150943396226415	0.05583269378357636
0.9150943396226415	0.055843408175014396
0.9150943396226415	0.055854126679462573
0.9150943396226415	0.05586484929928969
0.9150943396226415	0.05587557603686636
0.9150943396226415	0.05588630689456501
0.9150943396226415	0.05589704187475989
0.9150943396226415	0.05590778097982709
0.9150943396226415	0.05591852421214451
0.9150943396226415	0.05592927157409187
0.9150943396226415	0.05594002306805075
0.9150943396226415	0.05595077869640454
0.9150943396226415	0.05596153846153846
0.9150943396226415	0.05597230236583958
0.9150943396226415	0.055983070411696804
0.9150943396226415	0.055993842601500865
0.9150943396226415	0.05600461893764434
0.9150943396226415	0.05601539942252166
0.9150943396226415	0.05602618405852907
0.9150943396226415	0.0560369728480647
0.9150943396226415	0.056047765793528506
0.9150943396226415	0.056058562897322285
0.9150943396226415	0.05606936416184971
0.9150943396226415	0.05608016958951628
0.9150943396226415	0.05609097918272937
0.9150943396226415	0.05610179294389821
0.9150943396226415	0.05611261087543386
0.9150943396226415	0.056123432979749276
0.9150943396226415	0.05613425925925926
0.9150943396226415	0.05614508971638048
0.9150943396226415	0.05615592435353146
0.9150943396226415	0.0561667631731326
0.9150943396226415	0.05617760617760618
0.9150943396226415	0.05618845336937633
0.9150943396226415	0.05619930475086906
0.9150943396226415	0.056210160324512266
0.9150943396226415	0.056221020092735705
0.9150943396226415	0.05623188405797101
0.9119496855345912	0.056049478160030926
0.9119496855345912	0.056060313164508026
0.9119496855345912	0.056071152358855375
0.9119496855345912	0.05608199574550377
0.9119496855345912	0.05609284332688588
0.9119496855345912	0.05610369510543625
0.9119496855345912	0.056114551083591334
0.9119496855345912	0.056125411263789435
0.9119496855345912	0.05613627564847077
0.9119496855345912	0.05614714424007745
0.9119496855345912	0.05615801704105345
0.9119496855345912	0.05616889405384466
0.9119496855345912	0.056179775280898875
0.9119496855345912	0.05619066072466576
0.9119496855345912	0.0562015503875969
0.9119496855345912	0.056212444272145765
0.9119496855345912	0.05622334238076774
0.9119496855345912	0.05623424471592011
0.9119496855345912	0.056245151280062064
0.9119496855345912	0.05625606207565471
0.9119496855345912	0.05626697710516104
0.9119496855345912	0.05627789637104599
0.9119496855345912	0.0562888198757764
0.9119496855345912	0.05629974762182101
0.9119496855345912	0.05631067961165048
0.9119496855345912	0.05632161584773743
0.9119496855345912	0.056332556332556336
0.9119496855345912	0.05634350106858364
0.9119496855345912	0.05635445005829771
0.9119496855345912	0.056365403304178816
0.9119496855345912	0.056376360808709176
0.9119496855345912	0.056387322574372935
0.9119496855345912	0.056398288603656165
0.9119496855345912	0.056409258899046875
0.9119496855345912	0.05642023346303502
0.9119496855345912	0.056431212298112474
0.9119496855345912	0.05644219540677306
0.9119496855345912	0.056453182791512554
0.9119496855345912	0.05646417445482866
0.9119496855345912	0.05647517039922103
0.9119496855345912	0.05648617062719127
0.9119496855345912	0.05649717514124294
0.9119496855345912	0.056508183943881525
0.9119496855345912	0.0565191970376145
0.9119496855345912	0.056530214424951264
0.9119496855345912	0.0565412361084032
0.9119496855345912	0.05655226209048362
0.9119496855345912	0.05656329237370782
0.9119496855345912	0.05657432696059306
0.9119496855345912	0.05659640905542545
0.9119496855345912	0.056607456568416946
0.9119496855345912	0.05661850839515814
0.9119496855345912	0.056629564538176136
0.9119496855345912	0.056640625
0.9119496855345912	0.05665168978316077
0.9119496855345912	0.056662758890191484
0.9119496855345912	0.056673832323627125
0.9119496855345912	0.056684910086004694
0.9119496855345912	0.056695992179863146
0.9119496855345912	0.05670707860774345
0.9119496855345912	0.056718169372188536
0.9119496855345912	0.05672926447574335
0.9119496855345912	0.0567403639209548
0.9119496855345912	0.05675146771037182
0.9119496855345912	0.056762575846545316
0.9119496855345912	0.05677368833202819
0.9119496855345912	0.05678480516937537
0.9119496855345912	0.05679592636114375
0.9119496855345912	0.05680705190989226
0.9119496855345912	0.056818181818181816
0.9119496855345912	0.056829316088575346
0.9119496855345912	0.05684045472363779
0.9119496855345912	0.05685159772593609
0.9119496855345912	0.056862745098039215
0.9119496855345912	0.05687389684251814
0.9119496855345912	0.05688505296194586
0.9119496855345912	0.05689621345889739
0.9119496855345912	0.05690737833594976
0.9119496855345912	0.05691854759568204
0.9119496855345912	0.0569297212406753
0.9119496855345912	0.05694089927351267
0.9119496855345912	0.05695208169677926
0.9119496855345912	0.056963268513062264
0.9119496855345912	0.05697445972495088
0.9119496855345912	0.056985655335036356
0.9119496855345912	0.05699685534591195
0.9119496855345912	0.05700805976017299
0.9119496855345912	0.05701926858041683
0.9119496855345912	0.05703048180924287
0.9119496855345912	0.05704169944925256
0.9119496855345912	0.05705292150304938
0.9119496855345912	0.05706414797323888
0.9119496855345912	0.05707537886242865
0.9119496855345912	0.05708661417322835
0.9119496855345912	0.05709785390824965
0.9119496855345912	0.05710909807010634
0.9119496855345912	0.057120346661414224
0.9119496855345912	0.05713159968479117
0.9119496855345912	0.05714285714285714
0.9119496855345912	0.057154119038234134
0.9119496855345912	0.05716538537354623
0.9119496855345912	0.05717665615141956
0.9119496855345912	0.05718793137448235
0.9119496855345912	0.05719921104536489
0.9119496855345912	0.05721049516669954
0.9119496855345912	0.05722178374112076
0.9119496855345912	0.057233076771265046
0.9119496855345912	0.057244374259771025
0.9119496855345912	0.05725567620927937
0.9119496855345912	0.057266982622432856
0.9119496855345912	0.05727829350187636
0.9119496855345912	0.057289608850256815
0.9119496855345912	0.057300928670223274
0.9119496855345912	0.05731225296442688
0.9119496855345912	0.05732358173552085
0.9119496855345912	0.057334914986160536
0.9119496855345912	0.057346252719003364
0.9119496855345912	0.05735759493670886
0.9119496855345912	0.057368941641938676
0.9119496855345912	0.05738029283735655
0.9119496855345912	0.05739164852562834
0.9119496855345912	0.05740300870942201
0.9119496855345912	0.05741437339140764
0.9119496855345912	0.05742574257425743
0.9119496855345912	0.057437116260645675
0.9119496855345912	0.05744849445324881
0.9119496855345912	0.0574598771547454
0.9119496855345912	0.05747126436781609
0.9119496855345912	0.057482656095143705
0.9119496855345912	0.05749405233941316
0.9119496855345912	0.057505453103311524
0.9119496855345912	0.05751685838952796
0.9119496855345912	0.05752826820075382
0.9119496855345912	0.057539682539682536
0.9119496855345912	0.05755110140900972
0.9119496855345912	0.057562524811433105
0.9119496855345912	0.057573952749652574
0.9119496855345912	0.057585385226370134
0.9119496855345912	0.05759682224428997
0.9119496855345912	0.057608263806118394
0.9119496855345912	0.05761970991456388
0.9119496855345912	0.05763116057233704
0.9119496855345912	0.057642615782150665
0.9119496855345912	0.05765407554671968
0.9119496855345912	0.05766553986876118
0.9119496855345912	0.05767700875099443
0.9119496855345912	0.05768848219614084
0.9119496855345912	0.05769996020692399
0.9119496855345912	0.05771144278606965
0.9119496855345912	0.057722929936305734
0.9119496855345912	0.057734421660362335
0.9119496855345912	0.05774591796097173
0.9119496855345912	0.05775741884086835
0.9119496855345912	0.05776892430278884
0.9119496855345912	0.057780434349472005
0.9119496855345912	0.05779194898365883
0.9119496855345912	0.057803468208092484
0.9119496855345912	0.05781499202551834
0.9119496855345912	0.05782652043868395
0.9119496855345912	0.05783805345033905
0.9119496855345912	0.05784959106323559
0.9119496855345912	0.057861133280127694
0.9119496855345912	0.0578726801037717
0.9119496855345912	0.05788423153692615
0.9119496855345912	0.05789578758235177
0.9119496855345912	0.057907348242811504
0.9119496855345912	0.0579189135210705
0.9119496855345912	0.05793048341989612
0.9119496855345912	0.057942057942057944
0.9119496855345912	0.05795363709032774
0.9119496855345912	0.05796522086747951
0.9119496855345912	0.05797680927628948
0.9119496855345912	0.05798840231953609
0.9119496855345912	0.058
0.9119496855345912	0.058011602320464095
0.9119496855345912	0.05802320928371348
0.9119496855345912	0.05803482089253552
0.9119496855345912	0.05804643714971978
0.9119496855345912	0.05805805805805806
0.9119496855345912	0.05806968362034441
0.9119496855345912	0.05808131383937513
0.9119496855345912	0.05809294871794872
0.9119496855345912	0.05810458825886596
0.9119496855345912	0.05811623246492986
0.9119496855345912	0.05816285599679102
0.9119496855345912	0.058174523570712136
0.9119496855345912	0.05818619582664526
0.9119496855345912	0.05819787276740919
0.9119496855345912	0.05820955439582497
0.9119496855345912	0.05822124071471592
0.9119496855345912	0.05823293172690763
0.9119496855345912	0.05824462743522796
0.9119496855345912	0.05825632784250703
0.9119496855345912	0.05826803295157726
0.9119496855345912	0.05827974276527331
0.9119496855345912	0.05829145728643216
0.9119496855345912	0.058303176517893046
0.9119496855345912	0.05831490046249749
0.9119496855345912	0.0583266291230893
0.9119496855345912	0.05833836250251458
0.9119496855345912	0.05835010060362173
0.9119496855345912	0.05836184342926142
0.9119496855345912	0.05837359098228664
0.9119496855345912	0.05838534326555265
0.9119496855345912	0.05839710028191704
0.9119496855345912	0.05840886203423968
0.9119496855345912	0.05842062852538275
0.9119496855345912	0.05843239975821076
0.9119496855345912	0.058444175735590485
0.9119496855345912	0.05845595646039105
0.9119496855345912	0.05846774193548387
0.9119496855345912	0.05847953216374269
0.9119496855345912	0.058491327148043566
0.9119496855345912	0.05850312689126488
0.9119496855345912	0.05851493139628733
0.9119496855345912	0.05852674066599395
0.9119496855345912	0.05853855470327009
0.9119496855345912	0.05855037351100343
0.9119496855345912	0.058562197092084003
0.9119496855345912	0.05857402544940416
0.9119496855345912	0.05858585858585859
0.9119496855345912	0.058597696504344314
0.9119496855345912	0.058609539207760714
0.9119496855345912	0.0586213866990095
0.9119496855345912	0.05863323898099474
0.9119496855345912	0.05864509605662285
0.9119496855345912	0.058656957928802586
0.9119496855345912	0.05866882460044508
0.9119496855345912	0.05868069607446378
0.9119496855345912	0.05869257235377454
0.9119496855345912	0.058704453441295545
0.9119496855345912	0.058716339339947354
0.9119496855345912	0.058728230052652895
0.9119496855345912	0.05874012558233745
0.9119496855345912	0.058752025931928686
0.9119496855345912	0.05876393110435663
0.9119496855345912	0.05877584110255371
0.9119496855345912	0.05878775592945469
0.9119496855345912	0.05879967558799676
0.9119496855345912	0.05881160008111945
0.9119496855345912	0.058823529411764705
0.9119496855345912	0.05883546358287685
0.9119496855345912	0.0588474025974026
0.9119496855345912	0.05885934645829105
0.9119496855345912	0.05887129516849371
0.9119496855345912	0.05888324873096447
0.9119496855345912	0.058895207148659624
0.9119496855345912	0.058907170424537886
0.9119496855345912	0.05891913856156034
0.9119496855345912	0.05893111156269051
0.9119496855345912	0.05894308943089431
0.9119496855345912	0.05895507216914007
0.9119496855345912	0.05896705978039853
0.9119496855345912	0.05897905226764287
0.9119496855345912	0.05899104963384866
0.9119496855345912	0.059003051881993895
0.9119496855345912	0.05901505901505902
0.9119496855345912	0.05902707103602687
0.9119496855345912	0.059039087947882735
0.9119496855345912	0.059051109753614335
0.9119496855345912	0.059063136456211814
0.9119496855345912	0.059075168058667755
0.9119496855345912	0.05908720456397718
0.9119496855345912	0.059099245975137556
0.9119496855345912	0.0591112922951488
0.9119496855345912	0.059123343527013254
0.9119496855345912	0.059135399673735725
0.9119496855345912	0.05914746073832348
0.9119496855345912	0.05915952672378621
0.9119496855345912	0.05917159763313609
0.9119496855345912	0.05918367346938776
0.9119496855345912	0.05919575423555828
0.9119496855345912	0.05920783993466721
0.9119496855345912	0.059219930569736574
0.9119496855345912	0.05923202614379085
0.9119496855345912	0.059244126659857
0.9119496855345912	0.059256232120964446
0.9119496855345912	0.0592683425301451
0.9119496855345912	0.05928045789043336
0.9119496855345912	0.05929257820486608
0.9119496855345912	0.05931683370832481
0.9119496855345912	0.05932896890343699
0.9119496855345912	0.05934110906486597
0.9119496855345912	0.05935325419566107
0.9119496855345912	0.0593654042988741
0.9119496855345912	0.059377559377559376
0.9119496855345912	0.059389719434773704
0.9119496855345912	0.0594018844735764
0.9119496855345912	0.0594140544970293
0.9119496855345912	0.05942622950819672
0.9119496855345912	0.05943840951014552
0.9119496855345912	0.05945059450594506
0.9119496855345912	0.059462784498667216
0.9119496855345912	0.05947497949138638
0.9119496855345912	0.059487179487179485
0.9119496855345912	0.05949938448912597
0.9119496855345912	0.05951159450030782
0.9119496855345912	0.05952380952380952
0.9119496855345912	0.059536029562718126
0.9119496855345912	0.059548254620123205
0.9119496855345912	0.05956048469911686
0.9119496855345912	0.05957271980279376
0.9119496855345912	0.05958495993425108
0.9119496855345912	0.05959720509658857
0.9119496855345912	0.05960945529290853
0.9119496855345912	0.05962171052631579
0.9119496855345912	0.059633970799917745
0.9119496855345912	0.059646236116824354
0.9119496855345912	0.059658506480148116
0.9119496855345912	0.059670781893004114
0.9119496855345912	0.05968306235850998
0.9119496855345912	0.05969534787978592
0.9119496855345912	0.05973223480947477
0.9119496855345912	0.05975685143210385
0.9119496855345912	0.05976916735366859
0.9119496855345912	0.059781488352916926
0.9119496855345912	0.05979381443298969
0.9119496855345912	0.05980614559703031
0.9119496855345912	0.05981848184818482
0.9119496855345912	0.05983082318960182
0.9119496855345912	0.05984316962443252
0.9119496855345912	0.05985552115583075
0.9119496855345912	0.05986787778695293
0.9119496855345912	0.059880239520958084
0.9119496855345912	0.05989260636100785
0.9119496855345912	0.05990497831026648
0.9119496855345912	0.05991735537190083
0.9119496855345912	0.05992973754908039
0.9119496855345912	0.05994212484497726
0.9119496855345912	0.059954517262766176
0.9119496855345912	0.05996691480562448
0.9119496855345912	0.05997931747673216
0.9119496855345912	0.059991725279271824
0.9119496855345912	0.06000413821642872
0.9119496855345912	0.060028979507348375
0.9119496855345912	0.060041407867494824
0.9119496855345912	0.06005384137502588
0.9119496855345912	0.06006628003314002
0.9119496855345912	0.060078723845038325
0.9119496855345912	0.06009117281392457
0.9119496855345912	0.06010362694300518
0.9119496855345912	0.06011608623548922
0.9119496855345912	0.06012855069458843
0.9119496855345912	0.06014102032351721
0.9119496855345912	0.06015349512549264
0.9119496855345912	0.06016597510373444
0.9119496855345912	0.06017846026146503
0.9119496855345912	0.06019095060190951
0.9119496855345912	0.06020344612829562
0.9119496855345912	0.06021594684385382
0.9119496855345912	0.060228452751817235
0.9119496855345912	0.060240963855421686
0.9119496855345912	0.06025348015790567
0.9119496855345912	0.06026600166251039
0.9119496855345912	0.06027852837247973
0.9119496855345912	0.060291060291060294
0.9119496855345912	0.06030359742150135
0.9119496855345912	0.06031613976705491
0.9119496855345912	0.06032868733097566
0.9119496855345912	0.06034124011652101
0.9119496855345912	0.060353798126951096
0.9119496855345912	0.060366361365528726
0.9088050314465409	0.06017072662919009
0.9088050314465409	0.06018325697625989
0.9088050314465409	0.06019579254322016
0.9088050314465409	0.060208333333333336
0.9088050314465409	0.06022087934986455
0.9088050314465409	0.0602334305960817
0.9088050314465409	0.060245987075255365
0.9088050314465409	0.06025854879065888
0.9088050314465409	0.0602711157455683
0.9088050314465409	0.06028368794326241
0.9088050314465409	0.06029626538702274
0.9088050314465409	0.06030884808013356
0.9088050314465409	0.060321436025881865
0.9088050314465409	0.060334029227557415
0.9088050314465409	0.060346627688452704
0.9088050314465409	0.06035923141186299
0.9088050314465409	0.06037184040108628
0.9088050314465409	0.06038445465942332
0.9088050314465409	0.06039707419017764
0.9088050314465409	0.06040969899665552
0.9088050314465409	0.06042232908216601
0.9088050314465409	0.06043496445002091
0.9088050314465409	0.06044760510353483
0.9088050314465409	0.06046025104602511
0.9088050314465409	0.06047290228081188
0.9088050314465409	0.06048555881121808
0.9088050314465409	0.060498220640569395
0.9088050314465409	0.06051088777219431
0.9088050314465409	0.060523560209424086
0.9088050314465409	0.06053623795559279
0.9088050314465409	0.06054892101403729
0.9088050314465409	0.06056160938809724
0.9088050314465409	0.06057430308111507
0.9088050314465409	0.06058700209643606
0.9088050314465409	0.06059970643740826
0.9088050314465409	0.06061241610738255
0.9088050314465409	0.060625131109712606
0.9088050314465409	0.06063785144775493
0.9088050314465409	0.060650577124868835
0.9088050314465409	0.06066330814441646
0.9088050314465409	0.06067604450976275
0.9088050314465409	0.060688786224275516
0.9088050314465409	0.060701533291325355
0.9088050314465409	0.060714285714285714
0.9088050314465409	0.060727043496532886
0.9088050314465409	0.06073980664144599
0.9088050314465409	0.06075257515240698
0.9088050314465409	0.060765349032800675
0.9088050314465409	0.06077812828601472
0.9088050314465409	0.06079091291543963
0.9088050314465409	0.06080370292446876
0.9088050314465409	0.06081649831649832
0.9088050314465409	0.06082929909492738
0.9088050314465409	0.06084210526315789
0.9088050314465409	0.06085491682459465
0.9088050314465409	0.060867733782645324
0.9088050314465409	0.06088055614072046
0.9088050314465409	0.06089338390223346
0.9088050314465409	0.060906217070600635
0.9088050314465409	0.06091905564924115
0.9088050314465409	0.06093189964157706
0.9088050314465409	0.060944749051033316
0.9088050314465409	0.060957603881037756
0.9088050314465409	0.0609704641350211
0.9088050314465409	0.060983329816416965
0.9088050314465409	0.060996200928661884
0.9088050314465409	0.061009077475195274
0.9088050314465409	0.06102195945945946
0.9088050314465409	0.061034846884899685
0.9088050314465409	0.06104773975496409
0.9088050314465409	0.06106063807310374
0.9088050314465409	0.06107354184277261
0.9088050314465409	0.061086451067427605
0.9088050314465409	0.06109936575052854
0.9088050314465409	0.06111228589553817
0.9088050314465409	0.061125211505922164
0.9088050314465409	0.061138142585149144
0.9088050314465409	0.06115107913669065
0.9088050314465409	0.061164021164021164
0.9088050314465409	0.06117696867061812
0.9088050314465409	0.06118992165996189
0.9088050314465409	0.06120288013553579
0.9088050314465409	0.061215844100826096
0.9088050314465409	0.06122881355932203
0.9088050314465409	0.06124178851451579
0.9088050314465409	0.0612547689699025
0.9088050314465409	0.06126775492898028
0.9088050314465409	0.06128074639525021
0.9088050314465409	0.06129374337221633
0.9088050314465409	0.06130674586338566
0.9088050314465409	0.06131975387226819
0.9088050314465409	0.06133276740237691
0.9088050314465409	0.06134578645722776
0.9088050314465409	0.0613588110403397
0.9088050314465409	0.061371841155234655
0.9088050314465409	0.061384876805437555
0.9088050314465409	0.06139791799447631
0.9088050314465409	0.06141096472588185
0.9088050314465409	0.0614240170031881
0.9088050314465409	0.06143707482993197
0.9088050314465409	0.061450138209653414
0.9088050314465409	0.061463207145895364
0.9088050314465409	0.061476281642203784
0.9088050314465409	0.06148936170212766
0.9088050314465409	0.06150244732921898
0.9088050314465409	0.06151553852703278
0.9088050314465409	0.0615286352991271
0.9088050314465409	0.06154173764906303
0.9088050314465409	0.061554845580404687
0.9088050314465409	0.061567959096719214
0.9088050314465409	0.061581078201576815
0.9088050314465409	0.06159420289855073
0.9088050314465409	0.06160733319121722
0.9088050314465409	0.06162046908315565
0.9088050314465409	0.06163361057794839
0.9088050314465409	0.06164675767918089
0.9088050314465409	0.06165991039044165
0.9088050314465409	0.061673068715322236
0.9088050314465409	0.06168623265741729
0.9088050314465409	0.06169940222032451
0.9088050314465409	0.06171257740764467
0.9088050314465409	0.06172575822298163
0.9088050314465409	0.06173894466994232
0.9088050314465409	0.061752136752136755
0.9088050314465409	0.06176533447317803
0.9088050314465409	0.06177853783668234
0.9088050314465409	0.06179174684626897
0.9088050314465409	0.06180496150556031
0.9088050314465409	0.06181818181818182
0.9088050314465409	0.06183140778776209
0.9088050314465409	0.061844639417932806
0.9088050314465409	0.061857876712328765
0.9088050314465409	0.06187111967458788
0.9088050314465409	0.06188436830835118
0.9088050314465409	0.061897622617262796
0.9088050314465409	0.06191088260497001
0.9088050314465409	0.06192414827512321
0.9088050314465409	0.06193741963137591
0.9088050314465409	0.06195069667738478
0.9088050314465409	0.0619639794168096
0.9088050314465409	0.06197726785331332
0.9088050314465409	0.06199056199056199
0.9088050314465409	0.062003861832224845
0.9088050314465409	0.06201716738197425
0.9088050314465409	0.06203047864348573
0.9088050314465409	0.06204379562043796
0.9088050314465409	0.062057118316512776
0.9088050314465409	0.06207044673539519
0.9088050314465409	0.06208378088077336
0.9088050314465409	0.062097120756338636
0.9088050314465409	0.062110466365785516
0.9088050314465409	0.062123817712811696
0.9088050314465409	0.062137174801118036
0.9088050314465409	0.0621505376344086
0.9088050314465409	0.06216390621639062
0.9088050314465409	0.062177280550774525
0.9088050314465409	0.06219066064127394
0.9088050314465409	0.062204046491605686
0.9088050314465409	0.06221743810548978
0.9088050314465409	0.06223083548664944
0.9088050314465409	0.062244238638811115
0.9088050314465409	0.06225764756570444
0.9088050314465409	0.06227106227106227
0.9088050314465409	0.06228448275862069
0.9088050314465409	0.062297909032118993
0.9088050314465409	0.0623113410952997
0.9088050314465409	0.06232477895190856
0.9088050314465409	0.06233822260569456
0.9088050314465409	0.062351672060409924
0.9088050314465409	0.0623651273198101
0.9088050314465409	0.06237858838765379
0.9088050314465409	0.06239205526770294
0.9088050314465409	0.062405527963722736
0.9088050314465409	0.06241900647948164
0.9088050314465409	0.06243249081875135
0.9088050314465409	0.06244598098530683
0.9088050314465409	0.0624594769829263
0.9088050314465409	0.06247297881539127
0.9088050314465409	0.062486486486486484
0.9088050314465409	0.0625
0.9088050314465409	0.06251351935972313
0.9088050314465409	0.06252704456945045
0.9088050314465409	0.06254057563297988
0.9088050314465409	0.06255411255411256
0.9088050314465409	0.06256765533665296
0.9088050314465409	0.06258120398440883
0.9088050314465409	0.06259475850119126
0.9088050314465409	0.06260831889081456
0.9088050314465409	0.06262188515709642
0.9088050314465409	0.06263545730385782
0.9088050314465409	0.06409403415391439
0.9088050314465409	0.06410825199645076
0.9088050314465409	0.06412247614821388
0.9088050314465409	0.06413670661340434
0.9088050314465409	0.06415094339622641
0.9088050314465409	0.0641651865008881
0.9088050314465409	0.06417943593160115
0.9056603773584906	0.0639715681919147
0.9056603773584906	0.06398578093756943
0.9056603773584906	0.064
0.9056603773584906	0.06401422538341854
0.9056603773584906	0.06402845709204091
0.9056603773584906	0.06404269513008673
0.9056603773584906	0.06405693950177936
0.9056603773584906	0.06407119021134594
0.9056603773584906	0.06408544726301736
0.9056603773584906	0.06409971066102826
0.9056603773584906	0.06411398040961709
0.9056603773584906	0.06412825651302605
0.9056603773584906	0.06414253897550111
0.9056603773584906	0.06415682780129205
0.9056603773584906	0.06417112299465241
0.9056603773584906	0.06418542455983954
0.9056603773584906	0.06419973250111458
0.9056603773584906	0.06421404682274247
0.9056603773584906	0.06422836752899197
0.9056603773584906	0.06424269462413562
0.9056603773584906	0.0642570281124498
0.9056603773584906	0.06427136799821469
0.9056603773584906	0.06428571428571428
0.9056603773584906	0.06430006697923643
0.9056603773584906	0.0643144260830728
0.9056603773584906	0.06432879160151887
0.9056603773584906	0.064343163538874
0.9056603773584906	0.06435754189944135
0.9056603773584906	0.06437192668752793
0.9056603773584906	0.06438631790744467
0.9056603773584906	0.06440071556350627
0.9056603773584906	0.06441511966003131
0.9056603773584906	0.06442953020134229
0.9056603773584906	0.0644439471917655
0.9056603773584906	0.06445837063563116
0.9056603773584906	0.06447280053727333
0.9056603773584906	0.06448723690103
0.9056603773584906	0.064501679731243
0.9056603773584906	0.06451612903225806
0.9056603773584906	0.06453058480842483
0.9056603773584906	0.06454504706409682
0.9056603773584906	0.06455951580363148
0.9056603773584906	0.06457399103139014
0.9056603773584906	0.06458847275173805
0.9056603773584906	0.06460296096904442
0.9056603773584906	0.0646174556876823
0.9056603773584906	0.06463195691202872
0.9056603773584906	0.06464646464646465
0.9056603773584906	0.06466097889537495
0.9056603773584906	0.06467549966314844
0.9056603773584906	0.0646900269541779
0.9056603773584906	0.06470456077286003
0.9056603773584906	0.06471910112359551
0.9056603773584906	0.06473364801078894
0.9056603773584906	0.06474820143884892
0.9056603773584906	0.064762761412188
0.9056603773584906	0.06477732793522267
0.9056603773584906	0.06479190101237345
0.9056603773584906	0.06480648064806481
0.9056603773584906	0.06482106684672519
0.9056603773584906	0.06483565961278703
0.9056603773584906	0.06485025895068679
0.9056603773584906	0.06486486486486487
0.9056603773584906	0.06487947735976571
0.9056603773584906	0.06489409643983776
0.9056603773584906	0.06490872210953347
0.9056603773584906	0.06492335437330929
0.9056603773584906	0.0649379932356257
0.9056603773584906	0.06495263870094722
0.9056603773584906	0.06496729077374239
0.9056603773584906	0.06498194945848375
0.9056603773584906	0.06499661475964794
0.9056603773584906	0.06501128668171557
0.9056603773584906	0.06502596522917137
0.9056603773584906	0.06507004066877542
0.9056603773584906	0.06508474576271187
0.9056603773584906	0.0650994575045208
0.9056603773584906	0.06511417589871128
0.9056603773584906	0.06512890094979647
0.9056603773584906	0.0651436326622936
0.9056603773584906	0.06515837104072399
0.9056603773584906	0.06517311608961303
0.9056603773584906	0.06518786781349027
0.9056603773584906	0.0652026262168893
0.9056603773584906	0.06521739130434782
0.9056603773584906	0.0652321630804077
0.9056603773584906	0.06524694154961486
0.9056603773584906	0.06526172671651938
0.9056603773584906	0.06527651858567543
0.9056603773584906	0.06529131716164135
0.9056603773584906	0.0653061224489796
0.9056603773584906	0.06532093445225674
0.9056603773584906	0.06533575317604355
0.9056603773584906	0.0653505786249149
0.9056603773584906	0.06536541080344985
0.9056603773584906	0.06538024971623156
0.9056603773584906	0.0653950953678474
0.9056603773584906	0.06540994776288894
0.9056603773584906	0.06542480690595184
0.9056603773584906	0.065439672801636
0.9056603773584906	0.06545454545454546
0.9056603773584906	0.06546942486928847
0.9056603773584906	0.06548431105047749
0.9056603773584906	0.06549920400272913
0.9056603773584906	0.06551410373066424
0.9056603773584906	0.06552901023890785
0.9056603773584906	0.06554392353208921
0.9056603773584906	0.0655588436148418
0.9056603773584906	0.06557377049180328
0.9056603773584906	0.06558870416761557
0.9056603773584906	0.06560364464692484
0.9056603773584906	0.06561859193438141
0.9025157232704403	0.06540565177757521
0.9025157232704403	0.06542056074766354
0.9025157232704403	0.06543547651618788
0.9025157232704403	0.06545039908779932
0.9025157232704403	0.06546532846715329
0.9025157232704403	0.06548026465890942
0.9025157232704403	0.06549520766773163
0.9025157232704403	0.06551015749828806
0.9025157232704403	0.06552511415525114
0.9025157232704403	0.06554007764329756
0.9025157232704403	0.06555504796710827
0.9025157232704403	0.06557002513136852
0.9025157232704403	0.06558500914076783
0.9025157232704403	0.0656
0.9025157232704403	0.06561499771376314
0.9025157232704403	0.06563000228675966
0.9025157232704403	0.06564501372369624
0.9025157232704403	0.06566003202928392
0.9025157232704403	0.06567505720823799
0.9025157232704403	0.0656900892652781
0.9025157232704403	0.06570512820512821
0.9025157232704403	0.0657201740325166
0.9025157232704403	0.0657352267521759
0.9025157232704403	0.06575028636884307
0.9025157232704403	0.06576535288725939
0.9025157232704403	0.06578042631217053
0.9025157232704403	0.06579550664832645
0.9025157232704403	0.06581059390048154
0.9025157232704403	0.06582568807339449
0.9025157232704403	0.0658407891718284
0.9025157232704403	0.06585589720055071
0.9025157232704403	0.06587101216433326
0.9025157232704403	0.06588613406795225
0.9025157232704403	0.0659012629161883
0.9025157232704403	0.06591639871382636
0.9025157232704403	0.06593154146565587
0.9025157232704403	0.06594669117647059
0.9025157232704403	0.06596184785106872
0.9025157232704403	0.06597701149425288
0.9025157232704403	0.06599218211083008
0.9025157232704403	0.06600735970561178
0.9025157232704403	0.06602254428341385
0.9025157232704403	0.0660377358490566
0.9025157232704403	0.06605293440736479
0.9025157232704403	0.06606813996316759
0.9025157232704403	0.06608335252129864
0.9025157232704403	0.06611379866390232
0.9025157232704403	0.06612903225806452
0.9025157232704403	0.06614427287393408
0.9025157232704403	0.06685301653855114
0.9025157232704403	0.0668685927306617
0.9025157232704403	0.06688417618270799
0.9025157232704403	0.0668997668997669
0.9025157232704403	0.06691536488692003
0.9025157232704403	0.06693097014925373
0.9025157232704403	0.06697782963827305
0.9025157232704403	0.06699346405228758
0.9025157232704403	0.06700910576698575
0.9025157232704403	0.06702475478748249
0.9025157232704403	0.06704041111889746
0.9025157232704403	0.06705607476635514
0.9025157232704403	0.06707174573498481
0.9025157232704403	0.06721311475409836
0.9025157232704403	0.06722885921761537
0.9025157232704403	0.06724461105904404
0.9025157232704403	0.0672603702835716
0.9025157232704403	0.06727613689639006
0.9025157232704403	0.0673076923076923
0.9025157232704403	0.06732348111658457
0.9025157232704403	0.0673392773345847
0.9025157232704403	0.06735508096690918
0.9025157232704403	0.06737089201877934
0.9025157232704403	0.06738671049542146
0.9025157232704403	0.0674025364020667
0.9025157232704403	0.06741836974395114
0.9025157232704403	0.06743421052631579
0.9025157232704403	0.06745005875440659
0.9025157232704403	0.06746591443347438
0.9025157232704403	0.06748177756877498
0.9025157232704403	0.06749764816556915
0.9025157232704403	0.06751352622912256
0.9025157232704403	0.06752941176470588
0.9025157232704403	0.06754530477759473
0.9025157232704403	0.06756120527306968
0.9025157232704403	0.0675771132564163
0.9025157232704403	0.06759302873292511
0.9025157232704403	0.06760895170789163
0.9025157232704403	0.0676248821866164
0.9025157232704403	0.0676408201744049
0.9025157232704403	0.06765676567656766
0.9025157232704403	0.06767271869842019
0.9025157232704403	0.06768867924528302
0.9025157232704403	0.06770464732248171
0.9025157232704403	0.06772062293534686
0.9025157232704403	0.06773660608921407
0.9025157232704403	0.06775259678942398
0.9025157232704403	0.06776859504132231
0.9025157232704403	0.06778460085025981
0.9025157232704403	0.06780061422159225
0.9025157232704403	0.06781663516068052
0.9025157232704403	0.06783266367289056
0.9025157232704403	0.06784869976359338
0.9025157232704403	0.06786474343816505
0.9025157232704403	0.06788079470198675
0.9025157232704403	0.06789685356044475
0.9025157232704403	0.06791292001893043
0.9025157232704403	0.06792899408284024
0.9025157232704403	0.06794507575757576
0.9025157232704403	0.06796116504854369
0.9025157232704403	0.06797726196115585
0.9025157232704403	0.06799336650082918
0.9025157232704403	0.06800947867298578
0.9025157232704403	0.06802559848305285
0.9025157232704403	0.06804172593646278
0.9025157232704403	0.06805786103865306
0.9025157232704403	0.06807400379506641
0.9025157232704403	0.06809015421115065
0.9025157232704403	0.0681063122923588
0.9025157232704403	0.06812247804414906
0.9025157232704403	0.0681386514719848
0.9025157232704403	0.0681548325813346
0.9025157232704403	0.06821963394342762
0.9025157232704403	0.06823585354255825
0.9025157232704403	0.06828455864858435
0.9025157232704403	0.06830080913850547
0.9025157232704403	0.06831706736491312
0.9025157232704403	0.06833333333333333
0.9025157232704403	0.06834960704929745
0.9025157232704403	0.06836588851834206
0.9025157232704403	0.06838217774600905
0.9025157232704403	0.06839847473784556
0.9025157232704403	0.06841477949940405
0.9025157232704403	0.06843109203624224
0.9025157232704403	0.06844741235392321
0.9025157232704403	0.06846374045801527
0.9025157232704403	0.0684800763540921
0.9025157232704403	0.0684964200477327
0.9025157232704403	0.06851277154452136
0.9025157232704403	0.06852913085004776
0.9025157232704403	0.06854549796990686
0.9025157232704403	0.06856187290969899
0.9025157232704403	0.06857825567502987
0.9025157232704403	0.06859464627151052
0.9025157232704403	0.06861104470475735
0.9025157232704403	0.06862745098039216
0.9025157232704403	0.06864386510404209
0.9025157232704403	0.06866028708133971
0.9025157232704403	0.06867671691792294
0.9025157232704403	0.06869315461943513
0.9025157232704403	0.06870960019152501
0.9025157232704403	0.06872605363984674
0.9025157232704403	0.06874251497005988
0.9025157232704403	0.06875898418782941
0.9025157232704403	0.06877546129882578
0.9025157232704403	0.06879194630872483
0.9025157232704403	0.06880843922320787
0.9025157232704403	0.06882494004796164
0.9025157232704403	0.06884144878867834
0.9025157232704403	0.06885796545105566
0.9025157232704403	0.06887449004079674
0.9025157232704403	0.06889102256361018
0.9025157232704403	0.06909003370245546
0.9025157232704403	0.06910666987719721
0.9025157232704403	0.0691233140655106
0.9025157232704403	0.06913996627318718
0.9025157232704403	0.0691566265060241
0.9025157232704403	0.06917329476982405
0.9025157232704403	0.06918997107039537
0.9025157232704403	0.06920665541355196
0.9025157232704403	0.06922334780511336
0.9025157232704403	0.0692400482509047
0.9025157232704403	0.06925675675675676
0.9025157232704403	0.06927347332850592
0.9025157232704403	0.0692901979719942
0.9025157232704403	0.06930693069306931
0.9025157232704403	0.06932367149758455
0.9025157232704403	0.0693907156673114
0.9025157232704403	0.06940749697702539
0.9025157232704403	0.06942428640541848
0.9025157232704403	0.06944108395838373
0.9025157232704403	0.06945788964181994
0.9025157232704403	0.06947470346163157
0.9025157232704403	0.06949152542372881
0.9025157232704403	0.06950835553402761
0.9025157232704403	0.06952519379844961
0.9025157232704403	0.06954204022292222
0.9025157232704403	0.06955889481337857
0.9025157232704403	0.06957575757575758
0.9025157232704403	0.06959262851600388
0.9025157232704403	0.06962639495390587
0.9025157232704403	0.06964329046347974
0.9025157232704403	0.06966019417475729
0.9025157232704403	0.06967710609371207
0.9025157232704403	0.06969402622632345
0.9025157232704403	0.06971095457857664
0.9025157232704403	0.06972789115646258
0.9025157232704403	0.06974483596597812
0.9025157232704403	0.06976178901312591
0.9025157232704403	0.06977875030391442
0.9025157232704403	0.06979571984435798
0.9025157232704403	0.06981269764047678
0.9025157232704403	0.06982968369829684
0.9025157232704403	0.06984667802385008
0.9025157232704403	0.06986368062317429
0.9025157232704403	0.06988069150231313
0.9025157232704403	0.06989771066731612
0.9025157232704403	0.06991473812423873
0.9025157232704403	0.0699317738791423
0.9025157232704403	0.06994881793809407
0.9025157232704403	0.06996587030716724
0.9025157232704403	0.06998293099244086
0.9025157232704403	0.07
0.9025157232704403	0.0700170773359356
0.9025157232704403	0.07003416300634456
0.9025157232704403	0.07005125701732975
0.9025157232704403	0.070068359375
0.9025157232704403	0.07008547008547009
0.9025157232704403	0.07010258915486077
0.9025157232704403	0.0701197165892988
0.9025157232704403	0.0701368523949169
0.9025157232704403	0.07015399657785383
0.9025157232704403	0.07017114914425428
0.9025157232704403	0.07018831010026902
0.9025157232704403	0.0702054794520548
0.9025157232704403	0.0702226572057744
0.9025157232704403	0.07023984336759667
0.9025157232704403	0.07025703794369645
0.9025157232704403	0.07027424094025465
0.9025157232704403	0.07029145236345824
0.9025157232704403	0.07030867221950024
0.9025157232704403	0.07032590051457976
0.9025157232704403	0.07034313725490196
0.9025157232704403	0.07036038244667811
0.9025157232704403	0.07037763609612555
0.9025157232704403	0.07039489820946775
0.9025157232704403	0.07041216879293424
0.9025157232704403	0.07042944785276073
0.9025157232704403	0.070446735395189
0.9025157232704403	0.07046403142646698
0.9025157232704403	0.07048133595284872
0.9025157232704403	0.07049864898059445
0.9025157232704403	0.07055063913470994
0.9025157232704403	0.07056798623063683
0.9025157232704403	0.0705853418593212
0.9025157232704403	0.07060270602706027
0.9025157232704403	0.07062007874015748
0.9025157232704403	0.07063746000492246
0.9025157232704403	0.0706548498276711
0.9025157232704403	0.07067224821472544
0.9025157232704403	0.0706896551724138
0.9025157232704403	0.0707070707070707
0.9025157232704403	0.07072449482503697
0.9025157232704403	0.07074192753265961
0.9025157232704403	0.07075936883629191
0.9025157232704403	0.07077681874229347
0.9025157232704403	0.0707942772570301
0.9025157232704403	0.07081174438687392
0.9025157232704403	0.07082922013820335
0.9025157232704403	0.07084670451740312
0.9025157232704403	0.0708641975308642
0.9025157232704403	0.07088169918498395
0.9025157232704403	0.070899209486166
0.9025157232704403	0.07091672844082036
0.9025157232704403	0.07093425605536333
0.89937106918239	0.07070457354758962
0.89937106918239	0.07072205736894165
0.89937106918239	0.0707395498392283
0.89937106918239	0.07075705096486888
0.89937106918239	0.07077456075228904
0.89937106918239	0.07079207920792079
0.89937106918239	0.07080960633820252
0.89937106918239	0.070827142149579
0.89937106918239	0.07084468664850137
0.89937106918239	0.07086223984142716
0.89937106918239	0.07087980173482032
0.89937106918239	0.07089737233515121
0.89937106918239	0.07091495164889661
0.89937106918239	0.07093253968253968
0.89937106918239	0.07095013644257009
0.89937106918239	0.07096774193548387
0.89937106918239	0.07098535616778356
0.89937106918239	0.07100297914597815
0.89937106918239	0.07102061087658307
0.89937106918239	0.07103825136612021
0.89937106918239	0.07105590062111801
0.89937106918239	0.07107355864811134
0.89937106918239	0.07109122545364156
0.89937106918239	0.07110890104425659
0.89937106918239	0.07112658542651082
0.89937106918239	0.07114427860696518
0.89937106918239	0.0711619805921871
0.89937106918239	0.07117969138875062
0.89937106918239	0.07119741100323625
0.89937106918239	0.07121513944223108
0.89937106918239	0.07123287671232877
0.89937106918239	0.07125062282012955
0.89937106918239	0.07126837777224022
0.89937106918239	0.07128614157527417
0.89937106918239	0.0713039142358514
0.89937106918239	0.0713216957605985
0.89937106918239	0.07133948615614867
0.89937106918239	0.07135728542914171
0.89937106918239	0.07142857142857142
0.89937106918239	0.07144641518860854
0.8962264150943396	0.0712143928035982
0.8962264150943396	0.071232191952012
0.8962264150943396	0.07125
0.8962264150943396	0.07126781695423856
0.8962264150943396	0.0712856428214107
0.8962264150943396	0.07130347760820616
0.8962264150943396	0.07132132132132132
0.8962264150943396	0.07133917396745933
0.8962264150943396	0.07135703555332999
0.8962264150943396	0.07137490608564989
0.8962264150943396	0.07139278557114229
0.8962264150943396	0.07141067401653721
0.8962264150943396	0.07142857142857142
0.8962264150943396	0.07144647781398847
0.8962264150943396	0.07146439317953862
0.8962264150943396	0.07148231753197894
0.8962264150943396	0.07150025087807325
0.8962264150943396	0.07151819322459223
0.8962264150943396	0.07153614457831325
0.8962264150943396	0.07155410494602059
0.8962264150943396	0.07159005275056518
0.8962264150943396	0.07160804020100503
0.8962264150943396	0.07162603669263634
0.8962264150943396	0.07164404223227752
0.8962264150943396	0.07166205682675383
0.8962264150943396	0.07168008048289738
0.8962264150943396	0.07169811320754717
0.8962264150943396	0.07171615500754906
0.8962264150943396	0.07173420588975585
0.8962264150943396	0.07175226586102719
0.8962264150943396	0.07177033492822966
0.8962264150943396	0.07178841309823678
0.8962264150943396	0.07180650037792895
0.8962264150943396	0.07182459677419355
0.8962264150943396	0.0718608169440242
0.8962264150943396	0.07187894073139975
0.8962264150943396	0.0718970736629667
0.8962264150943396	0.07191521574564724
0.8962264150943396	0.07195152739207271
0.8962264150943396	0.07196969696969698
0.8962264150943396	0.07200606366851946
0.8962264150943396	0.07202426080363912
0.8962264150943396	0.07209714141158614
0.8962264150943396	0.07211538461538461
0.8962264150943396	0.0721336370539104
0.8962264150943396	0.07215189873417721
0.8962264150943396	0.07217016966320587
0.8962264150943396	0.07218844984802432
0.8962264150943396	0.0722067392956676
0.8962264150943396	0.07222503801317791
0.8962264150943396	0.07224334600760456
0.8962264150943396	0.07226166328600406
0.8962264150943396	0.07227998985544003
0.8962264150943396	0.07229832572298325
0.8962264150943396	0.07231667089571175
0.8962264150943396	0.07233502538071065
0.8962264150943396	0.07235338918507235
0.8962264150943396	0.07239014478028956
0.8962264150943396	0.07240853658536585
0.8962264150943396	0.0724269377382465
0.8962264150943396	0.07244534824605998
0.8962264150943396	0.07246376811594203
0.8962264150943396	0.07248219735503561
0.8962264150943396	0.07250063597049097
0.8962264150943396	0.07251908396946564
0.8962264150943396	0.07253754135912446
0.8962264150943396	0.07255600814663951
0.8962264150943396	0.07257448433919023
0.8962264150943396	0.07259296994396332
0.8962264150943396	0.07261146496815286
0.8962264150943396	0.07262996941896024
0.8962264150943396	0.07264848330359419
0.8962264150943396	0.07266700662927078
0.8962264150943396	0.07268553940321347
0.8962264150943396	0.07270408163265306
0.8962264150943396	0.07272263332482776
0.8962264150943396	0.07274119448698316
0.8962264150943396	0.07275976512637222
0.8962264150943396	0.07277834525025537
0.8962264150943396	0.07279693486590039
0.8962264150943396	0.07281553398058252
0.8962264150943396	0.07283414260158447
0.8962264150943396	0.07285276073619631
0.8962264150943396	0.07287138839171567
0.8962264150943396	0.07289002557544758
0.8962264150943396	0.07290867229470453
0.8962264150943396	0.07292732855680654
0.8962264150943396	0.07294599436908114
0.8962264150943396	0.07296466973886329
0.8962264150943396	0.07298335467349552
0.8962264150943396	0.07300204918032786
0.8962264150943396	0.0730207532667179
0.8962264150943396	0.07303946694003076
0.8962264150943396	0.07305819020763907
0.8962264150943396	0.07307692307692308
0.8962264150943396	0.07309566555527058
0.8962264150943396	0.07311441765007697
0.8962264150943396	0.0731331793687452
0.8962264150943396	0.07315195071868583
0.8962264150943396	0.07317073170731707
0.8962264150943396	0.07318952234206472
0.8962264150943396	0.07320832263036219
0.8962264150943396	0.07322713257965056
0.8962264150943396	0.07324595219737856
0.8962264150943396	0.07326478149100257
0.8962264150943396	0.07328362046798663
0.8962264150943396	0.07330246913580248
0.8962264150943396	0.0733213275019295
0.8962264150943396	0.07334019557385486
0.8962264150943396	0.07335907335907337
0.8962264150943396	0.07337796086508754
0.8962264150943396	0.07339685809940767
0.8962264150943396	0.07341576506955177
0.8962264150943396	0.0734346817830456
0.8962264150943396	0.07345360824742268
0.8962264150943396	0.07347254447022429
0.8962264150943396	0.07349149045899948
0.8962264150943396	0.07351044622130513
0.8962264150943396	0.07352941176470588
0.8962264150943396	0.07354838709677419
0.8962264150943396	0.07356737222509034
0.8962264150943396	0.07358636715724244
0.8962264150943396	0.07360537190082644
0.8962264150943396	0.07362438646344614
0.8962264150943396	0.07364341085271318
0.8962264150943396	0.0736624450762471
0.8962264150943396	0.07368148914167529
0.8962264150943396	0.07370054305663305
0.8962264150943396	0.07371960682876358
0.8962264150943396	0.07373868046571798
0.8962264150943396	0.07375776397515528
0.8962264150943396	0.07377685736474243
0.8962264150943396	0.07379596064215432
0.8962264150943396	0.07381507381507381
0.8962264150943396	0.07383419689119171
0.8962264150943396	0.0738533298782068
0.8962264150943396	0.07387247278382582
0.8962264150943396	0.07389162561576355
0.8962264150943396	0.07391078838174274
0.8962264150943396	0.07392996108949416
0.8962264150943396	0.07394914374675661
0.8962264150943396	0.07396833636127692
0.8962264150943396	0.07398753894080996
0.8962264150943396	0.07400675149311867
0.8962264150943396	0.07402597402597402
0.8962264150943396	0.0740452065471551
0.8962264150943396	0.07406444906444906
0.8962264150943396	0.07408370158565115
0.8962264150943396	0.07410296411856475
0.8962264150943396	0.0741222366710013
0.8962264150943396	0.07414151925078044
0.8962264150943396	0.0741608118657299
0.8962264150943396	0.07418011452368559
0.8962264150943396	0.07419942723249154
0.8962264150943396	0.07421875
0.8962264150943396	0.07423808283407138
0.8962264150943396	0.07425742574257425
0.8962264150943396	0.07427677873338545
0.8962264150943396	0.07429614181439
0.8962264150943396	0.07431551499348109
0.8962264150943396	0.07433489827856025
0.8962264150943396	0.07435429167753718
0.8962264150943396	0.07437369519832986
0.8962264150943396	0.07439310884886452
0.8962264150943396	0.07441253263707572
0.8962264150943396	0.07443196657090624
0.8962264150943396	0.07445141065830721
0.8962264150943396	0.07447086490723805
0.8962264150943396	0.07449032932566649
0.8962264150943396	0.07450980392156863
0.8962264150943396	0.07452928870292887
0.8962264150943396	0.07454878367774
0.8962264150943396	0.07456828885400314
0.8962264150943396	0.07458780423972781
0.8962264150943396	0.07460732984293193
0.8962264150943396	0.07462686567164178
0.8962264150943396	0.0746464117338921
0.8962264150943396	0.07466596803772596
0.8962264150943396	0.07468553459119497
0.8962264150943396	0.07470511140235911
0.8962264150943396	0.07472469847928684
0.8962264150943396	0.07474429583005507
0.8962264150943396	0.07482278813336833
0.8962264150943396	0.07484243697478991
0.8962264150943396	0.07486209613869188
0.8962264150943396	0.07488176563321072
0.8962264150943396	0.07490144546649145
0.8962264150943396	0.0749211356466877
0.8962264150943396	0.07494083618196161
0.8962264150943396	0.07496054708048396
0.8962264150943396	0.0749802683504341
0.8962264150943396	0.075
0.8962264150943396	0.07501974203737825
0.8962264150943396	0.0750394944707741
0.8962264150943396	0.07505925730840136
0.8962264150943396	0.07507903055848261
0.8962264150943396	0.07509881422924901
0.8962264150943396	0.07511860832894043
0.8962264150943396	0.07513841286580543
0.8962264150943396	0.07515822784810126
0.8962264150943396	0.07517805328409391
0.8962264150943396	0.07523759239704329
0.8962264150943396	0.07525745973065752
0.8962264150943396	0.07527733755942947
0.8962264150943396	0.07529722589167767
0.8962264150943396	0.0753171247357294
0.8962264150943396	0.0753370340999207
0.8962264150943396	0.07535695399259651
0.8962264150943396	0.07537688442211055
0.8962264150943396	0.07539682539682539
0.8962264150943396	0.07541677692511246
0.8962264150943396	0.07543673901535204
0.8962264150943396	0.07545671167593328
0.8962264150943396	0.07547669491525423
0.8962264150943396	0.07549668874172186
0.8962264150943396	0.075516693163752
0.8962264150943396	0.07553670818976942
0.8962264150943396	0.07557677008750995
0.8962264150943396	0.07559681697612732
0.8962264150943396	0.07561687450252057
0.8962264150943396	0.07563694267515923
0.8962264150943396	0.0756570215025219
0.8962264150943396	0.07567711099309612
0.8962264150943396	0.07569721115537849
0.8962264150943396	0.0757173219978746
0.8962264150943396	0.07573744352909913
0.8962264150943396	0.07575757575757576
0.8962264150943396	0.07577771869183728
0.8930817610062893	0.07553191489361702
0.8930817610062893	0.07555200851290236
0.8930817610062893	0.07557211282597126
0.8930817610062893	0.07559222784136278
0.8930817610062893	0.07561235356762513
0.8930817610062893	0.07563249001331558
0.8930817610062893	0.07565263718700053
0.8930817610062893	0.07567279509725552
0.8930817610062893	0.07569296375266525
0.8930817610062893	0.07571314316182351
0.8930817610062893	0.07573333333333333
0.8930817610062893	0.07575353427580689
0.8930817610062893	0.07577374599786553
0.8930817610062893	0.07579396850813984
0.8930817610062893	0.07581420181526963
0.8930817610062893	0.07583444592790387
0.8930817610062893	0.07585470085470085
0.8930817610062893	0.07587496660432808
0.8930817610062893	0.07589524318546231
0.8930817610062893	0.07591553060678963
0.8930817610062893	0.07593582887700535
0.8930817610062893	0.07595613800481413
0.8930817610062893	0.07597645799892991
0.8930817610062893	0.075996788868076
0.8930817610062893	0.07601713062098502
0.8930817610062893	0.07603748326639893
0.8930817610062893	0.0760578468130691
0.8930817610062893	0.07607822126975623
0.8930817610062893	0.07609860664523044
0.8930817610062893	0.07611900294827124
0.8930817610062893	0.07613941018766757
0.8930817610062893	0.07615982837221776
0.8930817610062893	0.07618025751072961
0.8930817610062893	0.07620069761202039
0.8930817610062893	0.0762211486849168
0.8930817610062893	0.07624161073825503
0.8930817610062893	0.07626208378088077
0.8930817610062893	0.0762825678216492
0.8930817610062893	0.07630306286942504
0.8930817610062893	0.07632356893308251
0.8930817610062893	0.07634408602150537
0.8930817610062893	0.07636461414358699
0.8930817610062893	0.07638515330823023
0.8930817610062893	0.0764057035243476
0.889937106918239	0.07615715823466093
0.889937106918239	0.07617765814266488
0.889937106918239	0.07619816908992999
0.889937106918239	0.07621869108537571
0.889937106918239	0.07623922413793104
0.889937106918239	0.07625976825653463
0.889937106918239	0.07628032345013477
0.889937106918239	0.0763008897276894
0.889937106918239	0.07632146709816613
0.889937106918239	0.07634205557054222
0.889937106918239	0.07636265515380464
0.889937106918239	0.07638326585695007
0.889937106918239	0.07640388768898489
0.889937106918239	0.0764245206589252
0.889937106918239	0.07644516477579687
0.889937106918239	0.0764658200486355
0.889937106918239	0.07648648648648648
0.889937106918239	0.07650716409840498
0.889937106918239	0.07652785289345593
0.889937106918239	0.07654855288071409
0.889937106918239	0.07656926406926406
0.889937106918239	0.07658998646820027
0.889937106918239	0.07661072008662696
0.889937106918239	0.07663146493365827
0.889937106918239	0.0766522210184182
0.889937106918239	0.07667298835004063
0.889937106918239	0.07669376693766938
0.889937106918239	0.0767353579175705
0.889937106918239	0.07675617032818009
0.889937106918239	0.07677699403147042
0.889937106918239	0.07679782903663501
0.889937106918239	0.07681867535287731
0.889937106918239	0.0768395329894108
0.889937106918239	0.07686040195545898
0.889937106918239	0.07688128226025537
0.889937106918239	0.07690217391304348
0.889937106918239	0.07692307692307693
0.889937106918239	0.07694399129961936
0.889937106918239	0.07696491705194453
0.889937106918239	0.07698585418933623
0.889937106918239	0.07709071097793517
0.889937106918239	0.0771117166212534
0.889937106918239	0.0771327337149087
0.889937106918239	0.07715376226826609
0.889937106918239	0.07717480229070084
0.889937106918239	0.07719585379159848
0.889937106918239	0.07721691678035471
0.889937106918239	0.07723799126637555
0.889937106918239	0.07725907725907726
0.889937106918239	0.0772801747678864
0.889937106918239	0.07730128380223983
0.889937106918239	0.0773224043715847
0.889937106918239	0.07734353648537852
0.889937106918239	0.07736468015308912
0.889937106918239	0.07738583538419469
0.889937106918239	0.0774070021881838
0.889937106918239	0.0774281805745554
0.889937106918239	0.07744937055281882
0.889937106918239	0.07747057213249384
0.889937106918239	0.07749178532311063
0.889937106918239	0.0775130101342098
0.889937106918239	0.07753424657534247
0.889937106918239	0.07755549465607016
0.889937106918239	0.07757675438596491
0.889937106918239	0.07759802577460927
0.889937106918239	0.07761930883159628
0.889937106918239	0.07764060356652949
0.889937106918239	0.07766190998902305
0.889937106918239	0.07768322810870162
0.889937106918239	0.07770455793520044
0.889937106918239	0.07772589947816534
0.889937106918239	0.07774725274725275
0.889937106918239	0.0777686177521297
0.889937106918239	0.07778999450247388
0.889937106918239	0.0778113830079736
0.889937106918239	0.07783278327832784
0.889937106918239	0.07785419532324622
0.889937106918239	0.07787561915244909
0.889937106918239	0.0778970547756675
0.889937106918239	0.07791850220264317
0.889937106918239	0.07796143250688706
0.889937106918239	0.07798291540369248
0.889937106918239	0.07800441014332966
0.889937106918239	0.07802591673559416
0.889937106918239	0.07804743519029234
0.889937106918239	0.07806896551724138
0.889937106918239	0.07809050772626931
0.889937106918239	0.07811206182721502
0.889937106918239	0.07813362782992822
0.889937106918239	0.07815520574426954
0.889937106918239	0.0781767955801105
0.8867924528301887	0.07792207792207792
0.8867924528301887	0.0779436152570481
0.8867924528301887	0.07796516450096765
0.8867924528301887	0.07798672566371681
0.8867924528301887	0.07800829875518672
0.8867924528301887	0.07802988378527947
0.8867924528301887	0.07805148076390811
0.8867924528301887	0.07807308970099668
0.8867924528301887	0.0780947106064802
0.8867924528301887	0.0781163434903047
0.8867924528301887	0.07813798836242726
0.8867924528301887	0.07815964523281596
0.8867924528301887	0.07818131411144996
0.8867924528301887	0.07820299500831947
0.8867924528301887	0.0782246879334258
0.8867924528301887	0.07824639289678136
0.8867924528301887	0.07826810990840966
0.8867924528301887	0.07828983897834536
0.8867924528301887	0.07831158011663426
0.8867924528301887	0.07833333333333334
0.8867924528301887	0.0783550986385107
0.8867924528301887	0.07837687604224569
0.8867924528301887	0.07839866555462886
0.8867924528301887	0.07842046718576196
0.8867924528301887	0.078442280945758
0.8867924528301887	0.0784859448928472
0.8867924528301887	0.07850779510022271
0.8867924528301887	0.0785296574770259
0.8867924528301887	0.07855153203342619
0.8867924528301887	0.07857341877960435
0.8867924528301887	0.07859531772575251
0.8867924528301887	0.07861722888207416
0.8867924528301887	0.07863915225878416
0.8867924528301887	0.07866108786610879
0.8867924528301887	0.07868303571428571
0.8867924528301887	0.07870499581356405
0.8867924528301887	0.07872696817420435
0.8867924528301887	0.07874895280647863
0.8867924528301887	0.07877094972067039
0.8867924528301887	0.07879295892707461
0.8867924528301887	0.07881498043599776
0.8867924528301887	0.0788370142577579
0.8867924528301887	0.07885906040268456
0.8867924528301887	0.07888111888111889
0.8867924528301887	0.07890318970341355
0.8867924528301887	0.07892527287993283
0.8867924528301887	0.07894736842105263
0.8867924528301887	0.07896947633716046
0.8867924528301887	0.07899159663865546
0.8867924528301887	0.07901372933594844
0.8867924528301887	0.07903587443946189
0.8836477987421384	0.07877768432856742
0.8836477987421384	0.07879977565900169
0.8836477987421384	0.0788218793828892
0.8836477987421384	0.07884399551066218
0.8836477987421384	0.07886612405276452
0.8836477987421384	0.07888826501965188
0.8836477987421384	0.07891041842179163
0.8836477987421384	0.07893258426966292
0.8805031446540881	0.07867378477100309
0.8805031446540881	0.07869589657110736
0.8805031446540881	0.07871802080404836
0.8805031446540881	0.07874015748031496
0.8805031446540881	0.07876230661040788
0.8805031446540881	0.07878446820483961
0.8805031446540881	0.07880664227413453
0.8805031446540881	0.07882882882882883
0.8805031446540881	0.07885102787947057
0.8805031446540881	0.07887323943661972
0.8805031446540881	0.07889546351084813
0.8805031446540881	0.07909604519774012
0.8805031446540881	0.07911839502684374
0.8805031446540881	0.0791407574901074
0.8805031446540881	0.0791631325982471
0.8805031446540881	0.07918552036199095
0.8805031446540881	0.07920792079207921
0.8805031446540881	0.07923033389926429
0.8805031446540881	0.07925275969431078
0.8805031446540881	0.07927519818799547
0.8805031446540881	0.07929764939110734
0.8805031446540881	0.07932011331444759
0.8805031446540881	0.0793425899688297
0.8805031446540881	0.07936507936507936
0.8805031446540881	0.07938758151403459
0.8805031446540881	0.07941009642654566
0.8805031446540881	0.07943262411347518
0.8805031446540881	0.07945516458569807
0.8805031446540881	0.07947771785410161
0.8805031446540881	0.07950028392958547
0.8805031446540881	0.07952286282306163
0.8805031446540881	0.07954545454545454
0.8805031446540881	0.07956805910770105
0.8805031446540881	0.07959067652075043
0.8805031446540881	0.0796133067955644
0.8805031446540881	0.07963594994311718
0.8805031446540881	0.07965860597439545
0.8805031446540881	0.0796812749003984
0.8805031446540881	0.07970395673213777
0.8805031446540881	0.07972665148063782
0.8805031446540881	0.07974935915693535
0.8805031446540881	0.07977207977207977
0.8805031446540881	0.07979481333713309
0.8805031446540881	0.07981755986316989
0.8805031446540881	0.07984031936127745
0.8805031446540881	0.07986309184255562
0.8805031446540881	0.07990867579908675
0.8805031446540881	0.0799543118218161
0.8805031446540881	0.07997714938588975
0.8805031446540881	0.08
0.8805031446540881	0.08002286367533581
0.8805031446540881	0.08004574042309891
0.8805031446540881	0.08006863025450386
0.8805031446540881	0.08009153318077804
0.8805031446540881	0.08011444921316166
0.8805031446540881	0.08013737836290784
0.8805031446540881	0.08016032064128256
0.8805031446540881	0.08018327605956473
0.8805031446540881	0.08020624462904612
0.8805031446540881	0.08022922636103152
0.8805031446540881	0.08025222126683863
0.8805031446540881	0.08027522935779817
0.8805031446540881	0.0802982506452538
0.8805031446540881	0.08032128514056225
0.8805031446540881	0.08034433285509325
0.8805031446540881	0.08036739380022963
0.8805031446540881	0.08039046798736721
0.8805031446540881	0.08041355542791499
0.8805031446540881	0.08043665613329504
0.8805031446540881	0.08045977011494253
0.8805031446540881	0.08048289738430583
0.8805031446540881	0.08050603795284646
0.8805031446540881	0.08052919183203912
0.8805031446540881	0.0805523590333717
0.8805031446540881	0.08057553956834532
0.8805031446540881	0.08059873344847437
0.8805031446540881	0.0806219406852865
0.8805031446540881	0.08064516129032258
0.8805031446540881	0.08069164265129683
0.8805031446540881	0.0807149034303834
0.8805031446540881	0.08073817762399077
0.8805031446540881	0.08076146524372657
0.8805031446540881	0.08078476630121177
0.8805031446540881	0.08080808080808081
0.8805031446540881	0.08083140877598152
0.8805031446540881	0.08085475021657522
0.8805031446540881	0.08087810514153669
0.8805031446540881	0.08090147356255417
0.8805031446540881	0.08092485549132948
0.8805031446540881	0.08094825093957791
0.8805031446540881	0.08097165991902834
0.8805031446540881	0.0809950824414232
0.8805031446540881	0.08101851851851852
0.8805031446540881	0.08104196816208394
0.8805031446540881	0.08106543138390272
0.8805031446540881	0.08108890819577179
0.8805031446540881	0.08111239860950174
0.8805031446540881	0.08113590263691683
0.8805031446540881	0.08115942028985507
0.8805031446540881	0.08118295158016817
0.8805031446540881	0.08120649651972157
0.8805031446540881	0.08123005512039455
0.8805031446540881	0.0812536273940801
0.8805031446540881	0.08127721335268505
0.8805031446540881	0.08130081300813008
0.8805031446540881	0.0813244263723497
0.8805031446540881	0.08137169427492008
0.8805031446540881	0.08139534883720931
0.8805031446540881	0.08141901715615005
0.8805031446540881	0.08144269924374636
0.8805031446540881	0.0814663951120163
0.8805031446540881	0.08149010477299184
0.8773584905660378	0.08122270742358079
0.8773584905660378	0.08124635993011066
0.8773584905660378	0.08127002621613749
0.8773584905660378	0.08129370629370629
0.8773584905660378	0.08131740017487613
0.8773584905660378	0.08134110787172012
0.8773584905660378	0.08136482939632546
0.8773584905660378	0.08138856476079347
0.8773584905660378	0.08141231397723957
0.8773584905660378	0.08143607705779335
0.8773584905660378	0.08145985401459854
0.8773584905660378	0.08148364485981309
0.8773584905660378	0.08150744960560911
0.8773584905660378	0.08153126826417299
0.8773584905660378	0.08155510084770536
0.8773584905660378	0.08157894736842106
0.8773584905660378	0.08160280783854928
0.8773584905660378	0.08162668227033353
0.8773584905660378	0.08165057067603161
0.8773584905660378	0.08167447306791568
0.8773584905660378	0.08169838945827233
0.8773584905660378	0.08172231985940245
0.8773584905660378	0.08174626428362144
0.8773584905660378	0.08177022274325908
0.8773584905660378	0.08179419525065963
0.8773584905660378	0.08181818181818182
0.8773584905660378	0.08184218245819888
0.8773584905660378	0.0818661971830986
0.8773584905660378	0.08189022600528324
0.8773584905660378	0.0819142689371697
0.8773584905660378	0.08193832599118943
0.8773584905660378	0.08196239717978848
0.8773584905660378	0.08198648251542756
0.8773584905660378	0.082010582010582
0.8773584905660378	0.08203469567774184
0.8773584905660378	0.08205882352941177
0.8773584905660378	0.0820829655781112
0.8773584905660378	0.08210712183637434
0.8773584905660378	0.08213129231675008
0.8773584905660378	0.08215547703180212
0.8773584905660378	0.08217967599410898
0.8773584905660378	0.08237378210806023
0.8773584905660378	0.08239810986414649
0.8773584905660378	0.08242245199409158
0.8773584905660378	0.08244680851063829
0.8773584905660378	0.08247117942654449
0.8773584905660378	0.08249556475458308
0.8773584905660378	0.08251996450754215
0.8773584905660378	0.08254437869822485
0.8773584905660378	0.08256880733944955
0.8773584905660378	0.08259325044404973
0.8773584905660378	0.08261770802487414
0.8773584905660378	0.08264218009478673
0.8773584905660378	0.08266666666666667
0.8773584905660378	0.08269116775340841
0.8773584905660378	0.08271568336792173
0.8773584905660378	0.08274021352313167
0.8773584905660378	0.08276475823197864
0.8773584905660378	0.0827893175074184
0.8773584905660378	0.08281389136242208
0.8773584905660378	0.08283847980997625
0.8773584905660378	0.08286308286308286
0.8773584905660378	0.08288770053475936
0.8773584905660378	0.08291233283803863
0.8773584905660378	0.08293697978596909
0.8773584905660378	0.08296164139161463
0.8773584905660378	0.08298631766805473
0.8773584905660378	0.08301100862838441
0.8773584905660378	0.08303571428571428
0.8773584905660378	0.08306043465317059
0.8773584905660378	0.08308516974389518
0.8773584905660378	0.08310991957104558
0.8773584905660378	0.083134684147795
0.8773584905660378	0.08315946348733234
0.8773584905660378	0.08318425760286226
0.8773584905660378	0.08320906650760512
0.8773584905660378	0.08323389021479713
0.8773584905660378	0.08325872873769025
0.8773584905660378	0.08328358208955224
0.8773584905660378	0.08330845028366676
0.8773584905660378	0.08333333333333333
0.8773584905660378	0.08335823125186734
0.8773584905660378	0.08338314405260012
0.8773584905660378	0.08340807174887892
0.8773584905660378	0.08343301435406698
0.8773584905660378	0.08345797188154352
0.8773584905660378	0.08348294434470377
0.8773584905660378	0.08350793175695899
0.8773584905660378	0.08353293413173653
0.8773584905660378	0.08355795148247978
0.8773584905660378	0.0835829838226483
0.8742138364779874	0.08330836080311657
0.8742138364779874	0.08333333333333333
0.8742138364779874	0.08335832083958021
0.8742138364779874	0.08338332333533294
0.8742138364779874	0.08340834083408341
0.8742138364779874	0.08343337334933974
0.8742138364779874	0.08345842089462624
0.8742138364779874	0.08348348348348349
0.8742138364779874	0.0835085611294683
0.8742138364779874	0.08353365384615384
0.8742138364779874	0.08355876164712954
0.8742138364779874	0.0835838845460012
0.8742138364779874	0.08360902255639098
0.8742138364779874	0.08363417569193743
0.8742138364779874	0.08365934396629551
0.8742138364779874	0.08368452739313667
0.8742138364779874	0.08370972598614874
0.8742138364779874	0.08373493975903615
0.8742138364779874	0.08376016872551974
0.8742138364779874	0.08378541289933696
0.8742138364779874	0.08381067229424179
0.8742138364779874	0.08383594692400483
0.8742138364779874	0.08386123680241327
0.8742138364779874	0.08388654194327097
0.8742138364779874	0.08396254907882815
0.8742138364779874	0.08398791540785498
0.8742138364779874	0.08401329706860079
0.8742138364779874	0.08403869407496976
0.8742138364779874	0.08406410644088297
0.8742138364779874	0.08408953418027829
0.8742138364779874	0.08411497730711044
0.8742138364779874	0.0841404358353511
0.8742138364779874	0.0841659097789888
0.8742138364779874	0.08419139915202907
0.8742138364779874	0.08421690396849439
0.8742138364779874	0.08424242424242424
0.8742138364779874	0.08426795998787512
0.8742138364779874	0.08429351121892056
0.8742138364779874	0.0843190779496512
0.8742138364779874	0.08434466019417476
0.8742138364779874	0.08437025796661608
0.8742138364779874	0.08439587128111718
0.8742138364779874	0.08442150015183723
0.8742138364779874	0.08444714459295262
0.8742138364779874	0.08447280461865694
0.8742138364779874	0.08449848024316109
0.8742138364779874	0.08452417148069322
0.8742138364779874	0.08454987834549878
0.8742138364779874	0.08457560085184058
0.8742138364779874	0.08460133901399879
0.8742138364779874	0.08462709284627093
0.8742138364779874	0.08465286236297198
0.8742138364779874	0.08467864757843437
0.8742138364779874	0.08470444850700792
0.8742138364779874	0.08473026516306004
0.8742138364779874	0.08475609756097562
0.8742138364779874	0.08478194571515706
0.8742138364779874	0.0848078096400244
0.8742138364779874	0.08483368935001526
0.8742138364779874	0.08485958485958486
0.8742138364779874	0.08488549618320611
0.8742138364779874	0.08491142333536958
0.8742138364779874	0.08493736633058356
0.8742138364779874	0.08496332518337409
0.8742138364779874	0.08501529051987768
0.8742138364779874	0.08504129703273172
0.8742138364779874	0.0850673194614443
0.8742138364779874	0.08509335782063054
0.8742138364779874	0.08511941212492345
0.8742138364779874	0.08514548238897397
0.8742138364779874	0.08517156862745098
0.8742138364779874	0.08519767085504137
0.8742138364779874	0.08522378908645004
0.8742138364779874	0.08524992333639987
0.8742138364779874	0.0852760736196319
0.8742138364779874	0.08530223995090519
0.8742138364779874	0.08532842234499693
0.8742138364779874	0.08535462081670249
0.8742138364779874	0.08538083538083538
0.8742138364779874	0.08540706605222734
0.8742138364779874	0.08543331284572833
0.8742138364779874	0.08545957577620658
0.8742138364779874	0.08548585485854858
0.8742138364779874	0.08551215010765918
0.8742138364779874	0.08553846153846154
0.8742138364779874	0.0855647891658972
0.8742138364779874	0.08559113300492611
0.8742138364779874	0.08561749307052664
0.8742138364779874	0.08569667077681874
0.8742138364779874	0.08572309589885908
0.8742138364779874	0.08574953732264035
0.8742138364779874	0.08577599506325208
0.8742138364779874	0.08580246913580247
0.8742138364779874	0.08582895955541833
0.8742138364779874	0.08585546633724521
0.8742138364779874	0.08588198949644733
0.8742138364779874	0.08590852904820766
0.8742138364779874	0.08593508500772798
0.8742138364779874	0.08596165739022882
0.8742138364779874	0.08598824621094958
0.8742138364779874	0.08601485148514851
0.8742138364779874	0.08604147322810275
0.8742138364779874	0.08606811145510836
0.8742138364779874	0.08609476618148033
0.8742138364779874	0.08612143742255267
0.8742138364779874	0.08617482951022938
0.8742138364779874	0.0862550418864412
0.8742138364779874	0.08628181253879579
0.8742138364779874	0.08630859981372245
0.8742138364779874	0.08633540372670807
0.8742138364779874	0.08636222429325878
0.8742138364779874	0.08638906152889994
0.8742138364779874	0.08641591544917625
0.8742138364779874	0.08644278606965174
0.8742138364779874	0.0864696734059098
0.8742138364779874	0.0864965774735532
0.8742138364779874	0.08652349828820417
0.8742138364779874	0.08655043586550436
0.8742138364779874	0.08657739022111492
0.8742138364779874	0.08660436137071652
0.8742138364779874	0.08663134933000935
0.8742138364779874	0.08665835411471322
0.8742138364779874	0.0866853757405675
0.8742138364779874	0.08671241422333126
0.8742138364779874	0.08673946957878315
0.8742138364779874	0.0867665418227216
0.8742138364779874	0.08679363097096472
0.8742138364779874	0.0868207370393504
0.8742138364779874	0.08684786004373633
0.8742138364779874	0.086875
0.8742138364779874	0.08690215692403876
0.8742138364779874	0.08692933083176986
0.8742138364779874	0.08695652173913043
0.8742138364779874	0.0869837296620776
0.8742138364779874	0.08701095461658842
0.8742138364779874	0.08703819661865998
0.8742138364779874	0.08706545568430943
0.8742138364779874	0.08709273182957393
0.8742138364779874	0.08712002507051081
0.8742138364779874	0.0871473354231975
0.8742138364779874	0.08717466290373158
0.8742138364779874	0.08720200752823086
0.8742138364779874	0.08722936931283339
0.8742138364779874	0.08725674827369742
0.8742138364779874	0.08728414442700157
0.8742138364779874	0.08731155778894473
0.8742138364779874	0.08733898837574615
0.8742138364779874	0.08736643620364551
0.8742138364779874	0.08739390128890286
0.8742138364779874	0.08742138364779874
0.8742138364779874	0.08744888329663417
0.8742138364779874	0.08747640025173065
0.8742138364779874	0.08750393452943028
0.8742138364779874	0.08753148614609572
0.8742138364779874	0.08755905511811024
0.8742138364779874	0.08758664146187775
0.8742138364779874	0.08761424519382288
0.8742138364779874	0.08764186633039092
0.8742138364779874	0.08766950488804794
0.8742138364779874	0.08769716088328075
0.8742138364779874	0.08772483433259703
0.8742138364779874	0.08775252525252525
0.8742138364779874	0.08778023365961478
0.8742138364779874	0.08780795957043588
0.8742138364779874	0.08783570300157978
0.8742138364779874	0.08786346396965866
0.8742138364779874	0.08789124249130573
0.8742138364779874	0.08791903858317521
0.8742138364779874	0.08794685226194242
0.8742138364779874	0.0879746835443038
0.8710691823899371	0.08768597657486546
0.8710691823899371	0.08771374287523749
0.8710691823899371	0.08774152676591701
0.8710691823899371	0.08776932826362484
0.8710691823899371	0.08779714738510301
0.8710691823899371	0.08782498414711477
0.8710691823899371	0.08785283856644466
0.8710691823899371	0.08788071065989848
0.8710691823899371	0.08790860044430339
0.8710691823899371	0.08793650793650794
0.8710691823899371	0.08796443315338202
0.8710691823899371	0.08799237611181703
0.8710691823899371	0.08802033682872577
0.8710691823899371	0.0880483153210426
0.8710691823899371	0.08807631160572336
0.8710691823899371	0.08810432569974555
0.8710691823899371	0.08813235762010818
0.8710691823899371	0.08816040738383195
0.8710691823899371	0.08818847500795925
0.8710691823899371	0.08821656050955413
0.8710691823899371	0.08824466390570246
0.8710691823899371	0.08827278521351178
0.8710691823899371	0.08830092445011158
0.8710691823899371	0.08832908163265306
0.8710691823899371	0.08835725677830941
0.8710691823899371	0.08838544990427569
0.8679245283018868	0.08809447813597192
0.8679245283018868	0.08812260536398467
0.8679245283018868	0.08815075055892686
0.8679245283018868	0.08817891373801917
0.8679245283018868	0.08820709491850431
0.8679245283018868	0.08823529411764706
0.8679245283018868	0.08826351135273425
0.8679245283018868	0.08832
0.8679245283018868	0.088348271446863
0.8679245283018868	0.08837656099903939
0.8679245283018868	0.08840486867392697
0.8679245283018868	0.08843319448894585
0.8679245283018868	0.08846153846153847
0.8679245283018868	0.0884899006091696
0.8679245283018868	0.0885182809493265
0.8679245283018868	0.08854667949951876
0.8679245283018868	0.08857509627727857
0.8679245283018868	0.0886035313001605
0.8679245283018868	0.08863198458574181
0.8679245283018868	0.08866045615162223
0.8679245283018868	0.08868894601542417
0.8679245283018868	0.08871745419479267
0.8679245283018868	0.08874598070739549
0.8679245283018868	0.08877452557092312
0.8679245283018868	0.0888030888030888
0.8679245283018868	0.08883167042162858
0.8679245283018868	0.08886027044430135
0.8679245283018868	0.08888888888888889
0.8679245283018868	0.08891752577319588
0.8679245283018868	0.08894618111504995
0.8679245283018868	0.08897485493230174
0.8679245283018868	0.0890035472428249
0.8679245283018868	0.08903225806451613
0.8679245283018868	0.08906098741529525
0.8679245283018868	0.08908973531310523
0.8679245283018868	0.08911850177591217
0.8679245283018868	0.08914728682170543
0.8679245283018868	0.08917609046849757
0.8679245283018868	0.0892049127343245
0.8679245283018868	0.0892337536372454
0.8679245283018868	0.08926261319534282
0.8679245283018868	0.08929149142672274
0.8679245283018868	0.08932038834951456
0.8679245283018868	0.08934930398187116
0.8679245283018868	0.08937823834196891
0.8679245283018868	0.08940719144800778
0.8679245283018868	0.08943616331821128
0.8679245283018868	0.08946515397082658
0.8679245283018868	0.08949416342412451
0.8679245283018868	0.0895231916963996
0.8679245283018868	0.08955223880597014
0.8679245283018868	0.08958130477117819
0.8679245283018868	0.08961038961038961
0.8679245283018868	0.08963949334199416
0.8679245283018868	0.08966861598440545
0.8679245283018868	0.0896977575560611
0.8679245283018868	0.08972691807542263
0.8679245283018868	0.0897560975609756
0.8679245283018868	0.08978529603122967
0.8679245283018868	0.08981451350471852
0.8679245283018868	0.08984375
0.8679245283018868	0.08987300553565614
0.8679245283018868	0.08990228013029317
0.8679245283018868	0.08993157380254155
0.8679245283018868	0.08996088657105607
0.8679245283018868	0.08999021845451581
0.8679245283018868	0.09001956947162426
0.8679245283018868	0.0900489396411093
0.8679245283018868	0.09007832898172324
0.8679245283018868	0.0901077375122429
0.8679245283018868	0.09013716525146963
0.8679245283018868	0.09016661221822933
0.8679245283018868	0.09019607843137255
0.8679245283018868	0.09022556390977443
0.8679245283018868	0.09025506867233486
0.8647798742138365	0.08995747464834805
0.8647798742138365	0.0899869109947644
0.8647798742138365	0.09001636661211129
0.8647798742138365	0.09004584151931892
0.8647798742138365	0.09007533573534228
0.8647798742138365	0.09010484927916121
0.8647798742138365	0.0901343821697804
0.8647798742138365	0.09016393442622951
0.8647798742138365	0.09019350606756314
0.8647798742138365	0.09022309711286089
0.8647798742138365	0.09025270758122744
0.8647798742138365	0.09028233749179251
0.8647798742138365	0.090311986863711
0.8647798742138365	0.09034165571616294
0.8647798742138365	0.09037134406835359
0.8647798742138365	0.09040105193951348
0.8647798742138365	0.09043077934889839
0.8647798742138365	0.09046052631578948
0.8647798742138365	0.09049029285949325
0.8647798742138365	0.09052007899934167
0.8647798742138365	0.09054988475469213
0.8647798742138365	0.09057971014492754
0.8647798742138365	0.09060955518945635
0.8647798742138365	0.09063941990771258
0.8647798742138365	0.09066930431915596
0.8647798742138365	0.09069920844327177
0.8647798742138365	0.0907291322995711
0.8647798742138365	0.09075907590759076
0.8647798742138365	0.09078903928689336
0.8647798742138365	0.09081902245706737
0.8647798742138365	0.09084902543772712
0.8647798742138365	0.0908790482485129
0.8647798742138365	0.09090909090909091
0.8647798742138365	0.09093915343915344
0.8647798742138365	0.09096923585841879
0.8647798742138365	0.09099933818663138
0.8647798742138365	0.09102946044356174
0.8647798742138365	0.09105960264900662
0.8647798742138365	0.09108976482278901
0.8647798742138365	0.09111994698475812
0.8647798742138365	0.09115014915478953
0.8647798742138365	0.09118037135278514
0.8647798742138365	0.0912106135986733
0.8647798742138365	0.09124087591240876
0.8647798742138365	0.09127115831397278
0.8647798742138365	0.09130146082337318
0.8647798742138365	0.0913317834606443
0.8647798742138365	0.09136212624584718
0.8647798742138365	0.09139248919906946
0.8647798742138365	0.09142287234042554
0.8647798742138365	0.09145327569005654
0.8647798742138365	0.09148369926813041
0.8647798742138365	0.09151414309484193
0.8647798742138365	0.09154460719041278
0.8647798742138365	0.09157509157509157
0.8647798742138365	0.09160559626915389
0.8647798742138365	0.09163612129290237
0.8647798742138365	0.09166666666666666
0.8647798742138365	0.0916972324108036
0.8647798742138365	0.09172781854569713
0.8647798742138365	0.09175842509175842
0.8647798742138365	0.0917890520694259
0.8647798742138365	0.09181969949916527
0.8647798742138365	0.09185036740146961
0.8647798742138365	0.09188105579685933
0.8647798742138365	0.09191176470588236
0.8647798742138365	0.09194249414911401
0.8647798742138365	0.09197324414715718
0.8647798742138365	0.09200401472064236
0.8647798742138365	0.0920656176765986
0.8647798742138365	0.09209645010046885
0.8647798742138365	0.09215817694369974
0.8647798742138365	0.09218907140462622
0.8647798742138365	0.09221998658618377
0.8647798742138365	0.09225092250922509
0.8647798742138365	0.09240591397849462
0.8647798742138365	0.09243697478991597
0.8647798742138365	0.09246805648957633
0.8647798742138365	0.09249915909855365
0.8647798742138365	0.09253028263795424
0.8647798742138365	0.09256142712891283
0.8647798742138365	0.09259259259259259
0.8647798742138365	0.09262377905018525
0.8647798742138365	0.09265498652291106
0.8647798742138365	0.09268621503201888
0.8647798742138365	0.09271746459878624
0.8647798742138365	0.09274873524451939
0.8647798742138365	0.09278002699055331
0.8647798742138365	0.09281133985825177
0.8647798742138365	0.09284267386900742
0.8647798742138365	0.09287402904424182
0.8647798742138365	0.0929054054054054
0.8647798742138365	0.09293680297397769
0.8647798742138365	0.09296822177146721
0.8647798742138365	0.09299966181941156
0.8647798742138365	0.09303112313937753
0.8647798742138365	0.09306260575296109
0.8647798742138365	0.09309410968178741
0.8647798742138365	0.093125634947511
0.8647798742138365	0.09315718157181571
0.8647798742138365	0.09318874957641478
0.8647798742138365	0.09322033898305085
0.8647798742138365	0.0932519498134961
0.8647798742138365	0.09328358208955224
0.8647798742138365	0.09331523583305056
0.8647798742138365	0.09334691106585201
0.8647798742138365	0.0933786078098472
0.8647798742138365	0.09341032608695653
0.8647798742138365	0.09344206591913014
0.8647798742138365	0.09347382732834807
0.8647798742138365	0.09350561033662019
0.8647798742138365	0.0935374149659864
0.8647798742138365	0.0935692412385165
0.8647798742138365	0.09360108917631041
0.8647798742138365	0.09363295880149813
0.8647798742138365	0.09366485013623978
0.8616352201257862	0.09335604770017036
0.8616352201257862	0.09338786639400136
0.8616352201257862	0.09341970678486192
0.8616352201257862	0.09345156889495225
0.8584905660377359	0.0931422722620266
0.8584905660377359	0.0931740614334471
0.8584905660377359	0.09320587231136906
0.8584905660377359	0.0932377049180328
0.8584905660377359	0.09326955927570892
0.8584905660377359	0.09330143540669857
0.8584905660377359	0.09333333333333334
0.8584905660377359	0.09336525307797537
0.8584905660377359	0.09339719466301745
0.8584905660377359	0.09342915811088295
0.8584905660377359	0.09346114344402602
0.8584905660377359	0.09349315068493151
0.8584905660377359	0.09352517985611511
0.8584905660377359	0.09355723098012338
0.8584905660377359	0.09358930407953377
0.8584905660377359	0.09362139917695474
0.8584905660377359	0.09365351629502573
0.8584905660377359	0.0936856554564173
0.8584905660377359	0.0937178166838311
0.8584905660377359	0.09375
0.8584905660377359	0.09378220542768807
0.8584905660377359	0.09381443298969072
0.8584905660377359	0.09384668270883464
0.8584905660377359	0.09387895460797799
0.8584905660377359	0.09391124871001032
0.8584905660377359	0.09394356503785271
0.8584905660377359	0.09397590361445783
0.8584905660377359	0.09400826446280992
0.8553459119496856	0.09369617636927316
0.8553459119496856	0.09372846312887664
0.8553459119496856	0.09376077214753534
0.8553459119496856	0.09379310344827586
0.8553459119496856	0.09382545705415661
0.8553459119496856	0.09385783298826778
0.8553459119496856	0.09389023127373144
0.8553459119496856	0.09392265193370165
0.8553459119496856	0.09395509499136442
0.8553459119496856	0.09398756046993781
0.8553459119496856	0.09402004839267197
0.8553459119496856	0.09405255878284924
0.8553459119496856	0.09408509166378416
0.8553459119496856	0.09411764705882353
0.8553459119496856	0.09415022499134648
0.8553459119496856	0.09418282548476455
0.8553459119496856	0.09421544856252165
0.8553459119496856	0.09424809424809424
0.8553459119496856	0.09428076256499134
0.8553459119496856	0.09431345353675451
0.8553459119496856	0.09434616718695803
0.8553459119496856	0.09437890353920889
0.8553459119496856	0.09441166261714683
0.8553459119496856	0.09444444444444444
0.8553459119496856	0.09447724904480723
0.8553459119496856	0.0945100764419736
0.8553459119496856	0.09454292665971498
0.8553459119496856	0.09457579972183588
0.8553459119496856	0.09460869565217392
0.8553459119496856	0.09464161447459986
0.8553459119496856	0.09467455621301775
0.8553459119496856	0.0947075208913649
0.8553459119496856	0.09474050853361198
0.8553459119496856	0.09477351916376307
0.8553459119496856	0.0948065528058557
0.8553459119496856	0.09483960948396095
0.8553459119496856	0.09487268922218346
0.8553459119496856	0.09490579204466155
0.8553459119496856	0.0949389179755672
0.8553459119496856	0.09497206703910614
0.8553459119496856	0.09500523925951798
0.8553459119496856	0.09503843466107617
0.8553459119496856	0.09507165326808809
0.8553459119496856	0.0951048951048951
0.8553459119496856	0.09513816019587268
0.8553459119496856	0.09517144856543037
0.8553459119496856	0.0952047602380119
0.8553459119496856	0.09523809523809523
0.8553459119496856	0.09527145359019265
0.8553459119496856	0.09530483531885074
0.8553459119496856	0.09533824044865054
0.8553459119496856	0.09537166900420757
0.8553459119496856	0.09540512101017187
0.8553459119496856	0.09543859649122807
0.8553459119496856	0.09547209547209547
0.8553459119496856	0.09550561797752809
0.8553459119496856	0.09553916403231472
0.8553459119496856	0.09557273366127898
0.8553459119496856	0.09560632688927943
0.8553459119496856	0.09563994374120956
0.8553459119496856	0.09567358424199789
0.8553459119496856	0.09570724841660802
0.8553459119496856	0.09574093629003871
0.8553459119496856	0.09577464788732394
0.8553459119496856	0.09580838323353294
0.8553459119496856	0.09584214235377025
0.8553459119496856	0.09587592527317589
0.8553459119496856	0.09590973201692525
0.8553459119496856	0.09594356261022928
0.8553459119496856	0.09597741707833451
0.8553459119496856	0.09601129544652312
0.8553459119496856	0.096045197740113
0.8553459119496856	0.0960791239844578
0.8553459119496856	0.096113074204947
0.8553459119496856	0.09614704842700601
0.8553459119496856	0.09618104667609619
0.8553459119496856	0.0962150689777149
0.8553459119496856	0.09624911535739561
0.8553459119496856	0.09628318584070797
0.8553459119496856	0.09631728045325778
0.8553459119496856	0.09635139922068721
0.8553459119496856	0.0963855421686747
0.8553459119496856	0.09641970932293513
0.8553459119496856	0.09645390070921986
0.8553459119496856	0.09648811635331678
0.8553459119496856	0.0965223562810504
0.8553459119496856	0.09655662051828186
0.8553459119496856	0.09659090909090909
0.8553459119496856	0.09662522202486679
0.8553459119496856	0.09665955934612651
0.8553459119496856	0.09669392108069677
0.8553459119496856	0.09672830725462304
0.8553459119496856	0.09676271789398791
0.8553459119496856	0.09679715302491103
0.8553459119496856	0.09683161267354931
0.8553459119496856	0.09686609686609686
0.8553459119496856	0.09690060562878518
0.8553459119496856	0.09693513898788311
0.8553459119496856	0.09696969696969697
0.8553459119496856	0.09700427960057062
0.8553459119496856	0.09703888690688547
0.8553459119496856	0.09707351891506068
0.8522012578616353	0.09675116029989289
0.8522012578616353	0.09678571428571428
0.8522012578616353	0.09682029296177207
0.8522012578616353	0.09685489635453895
0.8522012578616353	0.09688952449052557
0.8522012578616353	0.0969241773962804
0.8522012578616353	0.09695885509838999
0.8522012578616353	0.09699355762347889
0.8522012578616353	0.09702828499820981
0.8522012578616353	0.09706303724928367
0.8522012578616353	0.09709781440343963
0.8522012578616353	0.09713261648745519
0.8522012578616353	0.09716744352814628
0.8522012578616353	0.09720229555236728
0.8522012578616353	0.09723717258701112
0.8522012578616353	0.09727207465900933
0.8522012578616353	0.09730700179533214
0.8522012578616353	0.09734195402298851
0.8522012578616353	0.09737693136902623
0.8522012578616353	0.09741193386053199
0.8522012578616353	0.09744696152463143
0.8522012578616353	0.0974820143884892
0.8522012578616353	0.0975170924793091
0.8522012578616353	0.09755219582433405
0.8522012578616353	0.09758732445084624
0.8522012578616353	0.09762247838616715
0.8522012578616353	0.09765765765765766
0.8522012578616353	0.09769286229271809
0.8522012578616353	0.09772809231878832
0.8522012578616353	0.09776334776334776
0.8522012578616353	0.09779862865391556
0.8522012578616353	0.09783393501805054
0.8522012578616353	0.09786926688335139
0.8522012578616353	0.09790462427745665
0.8522012578616353	0.09794000722804481
0.8522012578616353	0.09797541576283442
0.8522012578616353	0.09801084990958409
0.8522012578616353	0.09804630969609263
0.8490566037735849	0.09771986970684039
0.8490566037735849	0.09775524981897175
0.8490566037735849	0.09779065555957986
0.8490566037735849	0.09782608695652174
0.8490566037735849	0.09786154403769481
0.8490566037735849	0.09789702683103699
0.8490566037735849	0.09793253536452666
0.8490566037735849	0.09796806966618288
0.8490566037735849	0.09800362976406533
0.8490566037735849	0.09803921568627451
0.8490566037735849	0.09807482746095168
0.8490566037735849	0.09811046511627906
0.8490566037735849	0.09814612868047982
0.8490566037735849	0.09818181818181818
0.8490566037735849	0.09821753364859949
0.8490566037735849	0.0982532751091703
0.8490566037735849	0.09828904259191845
0.8490566037735849	0.09832483612527312
0.8490566037735849	0.09836065573770492
0.8490566037735849	0.09839650145772595
0.8490566037735849	0.0984323733138899
0.8490566037735849	0.09846827133479212
0.8490566037735849	0.09850419554906968
0.8490566037735849	0.09854014598540146
0.8490566037735849	0.09857612267250822
0.8490566037735849	0.09861212563915267
0.8490566037735849	0.09864815491413957
0.8490566037735849	0.09868421052631579
0.8490566037735849	0.09872029250457039
0.8490566037735849	0.09875640087783467
0.8490566037735849	0.09879253567508232
0.8490566037735849	0.09882869692532943
0.8490566037735849	0.09886488465763457
0.8490566037735849	0.0989010989010989
0.8490566037735849	0.09893733968486625
0.8490566037735849	0.09897360703812316
0.8490566037735849	0.09900990099009901
0.8490566037735849	0.09904622157006603
0.8490566037735849	0.09908256880733946
0.8490566037735849	0.09911894273127753
0.8490566037735849	0.09915534337128168
0.8490566037735849	0.09919177075679647
0.8490566037735849	0.09922822491730982
0.8490566037735849	0.09926470588235294
0.8490566037735849	0.09930121368150055
0.8490566037735849	0.09933774834437085
0.8490566037735849	0.09937430990062569
0.8490566037735849	0.09941089837997054
0.8490566037735849	0.09944751381215469
0.8490566037735849	0.09948415622697127
0.8490566037735849	0.09952082565425728
0.8490566037735849	0.09955752212389381
0.8490566037735849	0.09959424566580598
0.8490566037735849	0.0996309963099631
0.8490566037735849	0.09966777408637874
0.8459119496855346	0.09933530280649926
0.8459119496855346	0.09937199852234946
0.8459119496855346	0.09940872135994087
0.8459119496855346	0.09944547134935305
0.8459119496855346	0.09948224852071005
0.8459119496855346	0.09951905290418055
0.8459119496855346	0.0995558845299778
0.8459119496855346	0.09959274342835987
0.8459119496855346	0.09962962962962962
0.8459119496855346	0.09966654316413487
0.8459119496855346	0.09970348406226835
0.8459119496855346	0.09974045235446792
0.8459119496855346	0.09977744807121662
0.8459119496855346	0.09981447124304267
0.8459119496855346	0.09985152190051967
0.8459119496855346	0.09988860007426661
0.8459119496855346	0.099925705794948
0.8459119496855346	0.09996283909327387
0.8459119496855346	0.1
0.8459119496855346	0.10003718854592786
0.8459119496855346	0.10007440476190477
0.8459119496855346	0.10011164867882397
0.8459119496855346	0.10014892032762472
0.8459119496855346	0.10018621973929237
0.8459119496855346	0.10022354694485842
0.8459119496855346	0.10026090197540068
0.8459119496855346	0.10029828486204326
0.8459119496855346	0.10033569563595673
0.8459119496855346	0.1003731343283582
0.8459119496855346	0.10041060097051138
0.8459119496855346	0.10044809559372667
0.8459119496855346	0.10048561822936122
0.8459119496855346	0.10052316890881913
0.8459119496855346	0.1005607476635514
0.8459119496855346	0.1005983545250561
0.8459119496855346	0.10063598952487841
0.8459119496855346	0.10067365269461077
0.8459119496855346	0.10071134406589292
0.8459119496855346	0.10074906367041199
0.8459119496855346	0.10078681153990258
0.8459119496855346	0.10082458770614693
0.8459119496855346	0.10086239220097488
0.8459119496855346	0.10090022505626407
0.8459119496855346	0.10093808630393997
0.8459119496855346	0.10097597597597598
0.8459119496855346	0.10101389410439354
0.8459119496855346	0.1010518407212622
0.8459119496855346	0.10108981585869974
0.8459119496855346	0.10112781954887218
0.8459119496855346	0.10116585182399399
0.8459119496855346	0.10120391271632806
0.8459119496855346	0.10124200225818593
0.8459119496855346	0.10128012048192771
0.8459119496855346	0.10131826741996233
0.8459119496855346	0.10135644310474755
0.8427672955974843	0.10101771579344139
0.8427672955974843	0.10105580693815988
0.8427672955974843	0.1010939268200679
0.8427672955974843	0.10113207547169811
0.8427672955974843	0.10117025292563231
0.8427672955974843	0.10120845921450151
0.8427672955974843	0.10124669437098602
0.8427672955974843	0.10128495842781557
0.8427672955974843	0.10132325141776938
0.8427672955974843	0.10136157337367625
0.8427672955974843	0.10139992432841469
0.8427672955974843	0.10143830431491295
0.8427672955974843	0.10147671336614919
0.8427672955974843	0.10151515151515152
0.8427672955974843	0.10155361879499811
0.8427672955974843	0.10159211523881728
0.8427672955974843	0.10163064087978764
0.8427672955974843	0.10166919575113809
0.8427672955974843	0.10170777988614801
0.8427672955974843	0.1017463933181473
0.8427672955974843	0.10178503608051652
0.8427672955974843	0.10182370820668693
0.8427672955974843	0.10186240973014063
0.8427672955974843	0.10190114068441064
0.839622641509434	0.10155952833777102
0.839622641509434	0.10159817351598173
0.839622641509434	0.10163684811572135
0.839622641509434	0.10167555217060167
0.839622641509434	0.10171428571428572
0.839622641509434	0.1017530487804878
0.839622641509434	0.10179184140297369
0.839622641509434	0.10183066361556065
0.839622641509434	0.10186951545211752
0.839622641509434	0.10190839694656488
0.839622641509434	0.10194730813287514
0.839622641509434	0.10198624904507257
0.839622641509434	0.10202521971723347
0.839622641509434	0.10206422018348624
0.839622641509434	0.10210325047801147
0.839622641509434	0.10214231063504207
0.839622641509434	0.10218140068886337
0.839622641509434	0.10222052067381317
0.839622641509434	0.10225967062428189
0.839622641509434	0.10229885057471265
0.839622641509434	0.10233806055960137
0.839622641509434	0.10237730061349694
0.839622641509434	0.10241657077100115
0.839622641509434	0.102455871066769
0.839622641509434	0.10249520153550863
0.839622641509434	0.10253456221198157
0.839622641509434	0.10257395313100269
0.839622641509434	0.10261337432744043
0.839622641509434	0.10265282583621683
0.839622641509434	0.10277136258660508
0.839622641509434	0.10281093569503273
0.839622641509434	0.10285053929121726
0.839622641509434	0.10289017341040463
0.839622641509434	0.10292983808789515
0.839622641509434	0.10296953335904357
0.839622641509434	0.10300925925925926
0.839622641509434	0.10304901582400618
0.839622641509434	0.10308880308880308
0.839622641509434	0.10312862108922363
0.839622641509434	0.10316846986089645
0.839622641509434	0.10320834943950521
0.839622641509434	0.10324825986078887
0.839622641509434	0.10328820116054159
0.839622641509434	0.103328173374613
0.839622641509434	0.10336817653890824
0.839622641509434	0.10340821068938807
0.839622641509434	0.10344827586206896
0.839622641509434	0.10348837209302325
0.839622641509434	0.10352849941837922
0.839622641509434	0.10356865787432118
0.839622641509434	0.10360884749708964
0.839622641509434	0.10364906832298136
0.839622641509434	0.10368932038834952
0.839622641509434	0.10372960372960373
0.839622641509434	0.10376991838321026
0.839622641509434	0.10381026438569207
0.839622641509434	0.1038910505836576
0.839622641509434	0.10393149085247178
0.839622641509434	0.10397196261682243
0.839622641509434	0.10401246591351772
0.839622641509434	0.10405300077942323
0.839622641509434	0.10409356725146199
0.839622641509434	0.10413416536661467
0.839622641509434	0.10417479516191963
0.839622641509434	0.10421545667447307
0.839622641509434	0.10425614994142914
0.839622641509434	0.104296875
0.839622641509434	0.10433763188745604
0.839622641509434	0.10437842064112587
0.839622641509434	0.10441924129839655
0.839622641509434	0.10446009389671361
0.839622641509434	0.10450097847358121
0.839622641509434	0.10454189506656225
0.839622641509434	0.1045828437132785
0.839622641509434	0.10462382445141066
0.839622641509434	0.10466483731869855
0.839622641509434	0.10470588235294118
0.839622641509434	0.10474695959199685
0.839622641509434	0.10478806907378337
0.8364779874213837	0.1044365920691009
0.8364779874213837	0.1044776119402985
0.8364779874213837	0.10451866404715128
0.8364779874213837	0.10455974842767296
0.8364779874213837	0.10460086511993708
0.8364779874213837	0.10464201416207711
0.8364779874213837	0.1046831955922865
0.8364779874213837	0.1047244094488189
0.8364779874213837	0.10476565576998818
0.8364779874213837	0.10480693459416864
0.8364779874213837	0.10484824595979503
0.8364779874213837	0.10488958990536278
0.8364779874213837	0.10493096646942801
0.8364779874213837	0.10497237569060773
0.8364779874213837	0.10501381760757994
0.8364779874213837	0.10505529225908374
0.8364779874213837	0.1050967996839194
0.8364779874213837	0.10513833992094862
0.8364779874213837	0.1051799130090945
0.8364779874213837	0.10522151898734178
0.8364779874213837	0.10526315789473684
0.8364779874213837	0.10530482977038796
0.8364779874213837	0.10534653465346534
0.8364779874213837	0.10538827258320127
0.8364779874213837	0.10543004359889022
0.8364779874213837	0.10547184773988898
0.8364779874213837	0.10551368504561681
0.8364779874213837	0.10555555555555556
0.8364779874213837	0.1055974593092497
0.8364779874213837	0.10563939634630659
0.8364779874213837	0.10568136670639651
0.8364779874213837	0.10572337042925278
0.8364779874213837	0.10576540755467197
0.8364779874213837	0.10580747812251393
0.8364779874213837	0.10584958217270195
0.8364779874213837	0.10589171974522293
0.8364779874213837	0.10593389088012745
0.8364779874213837	0.10597609561752988
0.8364779874213837	0.10601833399760861
0.8364779874213837	0.10606060606060606
0.8364779874213837	0.10610291184682888
0.8364779874213837	0.10614525139664804
0.8364779874213837	0.106187624750499
0.8364779874213837	0.1062300319488818
0.8364779874213837	0.10627247303236116
0.8364779874213837	0.10631494804156674
0.8364779874213837	0.10635745701719312
0.8364779874213837	0.1064
0.8364779874213837	0.10644257703081232
0.8364779874213837	0.10648518815052041
0.8364779874213837	0.1065278334000801
0.8364779874213837	0.10657051282051282
0.8364779874213837	0.10661322645290582
0.8333333333333334	0.10625501202886929
0.8333333333333334	0.10629763337344565
0.8333333333333334	0.10634028892455859
0.8333333333333334	0.10638297872340426
0.8333333333333334	0.10642570281124498
0.8333333333333334	0.10651125401929261
0.8333333333333334	0.10655408122235625
0.8333333333333334	0.10659694288012872
0.8333333333333334	0.10663983903420524
0.8333333333333334	0.10668276972624799
0.8333333333333334	0.10672573499798631
0.8333333333333334	0.10676873489121676
0.8333333333333334	0.10681176944780331
0.8333333333333334	0.10685483870967742
0.8333333333333334	0.10689794271883823
0.8333333333333334	0.10694108151735271
0.8333333333333334	0.10698425514735567
0.8333333333333334	0.10702746365105008
0.8333333333333334	0.10707070707070707
0.8333333333333334	0.10711398544866613
0.8333333333333334	0.10715729882733523
0.8333333333333334	0.10720064724919094
0.8333333333333334	0.10724403075677863
0.8333333333333334	0.10733090319967598
0.8333333333333334	0.10737439222042139
0.8333333333333334	0.10741791649777058
0.8333333333333334	0.10746147607461476
0.8333333333333334	0.1075050709939148
0.8333333333333334	0.1075487012987013
0.8333333333333334	0.10759236703207471
0.8333333333333334	0.10763606823720552
0.8333333333333334	0.10767980495733441
0.8333333333333334	0.10772357723577236
0.8333333333333334	0.10776738511590077
0.8333333333333334	0.10781122864117168
0.8333333333333334	0.10785510785510785
0.8333333333333334	0.10789902280130294
0.8333333333333334	0.1079429735234216
0.8333333333333334	0.10798696006519967
0.8333333333333334	0.10803098247044435
0.8333333333333334	0.10807504078303426
0.8333333333333334	0.10811913504691963
0.8333333333333334	0.10816326530612246
0.8333333333333334	0.10820743160473663
0.8333333333333334	0.10825163398692811
0.8333333333333334	0.10834014717906787
0.8333333333333334	0.1083844580777096
0.8333333333333334	0.10842880523731588
0.8333333333333334	0.10847318870241507
0.8333333333333334	0.10851760851760851
0.8333333333333334	0.10856206472757067
0.8333333333333334	0.10860655737704918
0.8333333333333334	0.10865108651086511
0.8333333333333334	0.10869565217391304
0.8333333333333334	0.10874025441116127
0.8333333333333334	0.1087848932676519
0.8333333333333334	0.10882956878850103
0.8333333333333334	0.10887428101889893
0.8333333333333334	0.10891903000411016
0.8333333333333334	0.10896381578947369
0.8333333333333334	0.10900863842040312
0.8333333333333334	0.10905349794238683
0.8333333333333334	0.10909839440098806
0.8333333333333334	0.10914332784184513
0.8333333333333334	0.10918829831067162
0.8333333333333334	0.10923330585325638
0.8333333333333334	0.10927835051546392
0.8333333333333334	0.10932343234323433
0.8333333333333334	0.10936855138258357
0.8333333333333334	0.10941370767960364
0.8333333333333334	0.10945890128046262
0.8333333333333334	0.10950413223140495
0.8333333333333334	0.10954940057875155
0.8333333333333334	0.10959470636889991
0.8333333333333334	0.10964004964832437
0.8333333333333334	0.10968543046357616
0.8333333333333334	0.10973084886128365
0.8333333333333334	0.10977630488815245
0.8333333333333334	0.10982179859096561
0.8333333333333334	0.10986733001658375
0.8333333333333334	0.10991289921194525
0.8333333333333334	0.10995850622406639
0.8333333333333334	0.11000415110004151
0.8333333333333334	0.11004983388704319
0.8333333333333334	0.11009555463232239
0.8333333333333334	0.11014131338320865
0.8333333333333334	0.1101871101871102
0.8333333333333334	0.11023294509151414
0.8333333333333334	0.11027881814398668
0.8333333333333334	0.1103247293921732
0.8333333333333334	0.11037067888379842
0.8333333333333334	0.11041666666666666
0.8333333333333334	0.11046269278866194
0.8333333333333334	0.11050875729774812
0.8333333333333334	0.11055486024196913
0.8333333333333334	0.11060100166944908
0.8333333333333334	0.11064718162839249
0.8333333333333334	0.11069340016708437
0.8333333333333334	0.11073965733389052
0.8333333333333334	0.11078595317725752
0.8333333333333334	0.11083228774571309
0.8333333333333334	0.1108786610878661
0.8333333333333334	0.11092507325240686
0.8333333333333334	0.1109715242881072
0.8333333333333334	0.1110180142438207
0.8333333333333334	0.11106454316848281
0.8333333333333334	0.1111111111111111
0.8333333333333334	0.11115771812080537
0.8333333333333334	0.1112043642467478
0.8333333333333334	0.1112510495382032
0.8333333333333334	0.11129777404451911
0.8333333333333334	0.11143818334735071
0.8333333333333334	0.11148506520824569
0.8333333333333334	0.11153198653198654
0.8333333333333334	0.11157894736842106
0.8333333333333334	0.11162594776748104
0.8333333333333334	0.11176718684099536
0.8333333333333334	0.11181434599156118
0.8333333333333334	0.1118615449556775
0.8333333333333334	0.11190878378378379
0.8333333333333334	0.11195606252640473
0.8333333333333334	0.11200338123415046
0.8333333333333334	0.11205073995771671
0.8333333333333334	0.11209813874788493
0.8333333333333334	0.11214557765552265
0.8333333333333334	0.1121930567315834
0.8333333333333334	0.11224057602710716
0.8333333333333334	0.11228813559322035
0.8333333333333334	0.11233573548113608
0.8333333333333334	0.11238337574215437
0.8333333333333334	0.11243105642766228
0.8333333333333334	0.11247877758913413
0.8333333333333334	0.11252653927813164
0.8333333333333334	0.11257434154630416
0.8333333333333334	0.11262218444538886
0.8333333333333334	0.11267006802721088
0.8333333333333334	0.11271799234368354
0.8333333333333334	0.1127659574468085
0.8333333333333334	0.11281396338867604
0.8333333333333334	0.11286201022146508
0.8333333333333334	0.11291009799744355
0.8333333333333334	0.11295822676896845
0.8333333333333334	0.11300639658848614
0.8333333333333334	0.11305460750853243
0.8333333333333334	0.11310285958173281
0.8333333333333334	0.11315115286080274
0.8333333333333334	0.11319948739854763
0.8333333333333334	0.11324786324786325
0.8333333333333334	0.11329628046173579
0.8333333333333334	0.11334473909324208
0.8333333333333334	0.11339323919554985
0.8333333333333334	0.1134417808219178
0.8333333333333334	0.11349036402569593
0.8333333333333334	0.1135876553793399
0.8333333333333334	0.11363636363636363
0.8333333333333334	0.11368511368511368
0.8333333333333334	0.11373390557939914
0.8333333333333334	0.11378273937312151
0.8333333333333334	0.11388053287494629
0.8333333333333334	0.11392949269131557
0.8333333333333334	0.11397849462365592
0.8333333333333334	0.11402753872633391
0.8333333333333334	0.11407662505380974
0.8333333333333334	0.11412575366063739
0.8333333333333334	0.11417492460146489
0.8333333333333334	0.11422413793103449
0.8333333333333334	0.11427339370418284
0.8333333333333334	0.11432269197584125
0.8333333333333334	0.11437203280103582
0.8333333333333334	0.11442141623488773
0.8333333333333334	0.11447084233261338
0.8333333333333334	0.11456982274102896
0.8333333333333334	0.11461937716262975
0.8333333333333334	0.11466897446992644
0.8333333333333334	0.11471861471861472
0.8333333333333334	0.11476829796448679
0.8333333333333334	0.11481802426343155
0.8333333333333334	0.11486779367143476
0.8333333333333334	0.11491760624457936
0.8333333333333334	0.11496746203904555
0.8333333333333334	0.11506730351715154
0.8333333333333334	0.11511728931364032
0.8333333333333334	0.11516731855714907
0.8333333333333334	0.11521739130434783
0.8333333333333334	0.11526750761200522
0.8333333333333334	0.11531766753698869
0.8333333333333334	0.11536787113626469
0.8333333333333334	0.11541811846689895
0.8333333333333334	0.11546840958605664
0.8333333333333334	0.11551874455100261
0.8333333333333334	0.11556912341910161
0.8333333333333334	0.1156195462478185
0.8333333333333334	0.11567001309471846
0.8333333333333334	0.11572052401746726
0.8333333333333334	0.11577107907383137
0.8333333333333334	0.11582167832167832
0.8333333333333334	0.11587232181897683
0.8333333333333334	0.11592300962379702
0.8333333333333334	0.11597374179431072
0.8333333333333334	0.11602451838879159
0.8333333333333334	0.11607533946561542
0.8333333333333334	0.1161262050832603
0.8333333333333334	0.11617711530030689
0.8333333333333334	0.1162280701754386
0.8333333333333334	0.11627906976744186
0.8333333333333334	0.11633011413520632
0.8333333333333334	0.11638120333772507
0.8333333333333334	0.11643233743409491
0.8333333333333334	0.11648351648351649
0.8333333333333334	0.11653474054529464
0.8333333333333334	0.11658600967883855
0.8333333333333334	0.11663732394366197
0.8333333333333334	0.11668868339938353
0.8333333333333334	0.11674008810572688
0.8333333333333334	0.11679153812252094
0.8333333333333334	0.11684303350970017
0.8333333333333334	0.11689457432730481
0.8333333333333334	0.11694616063548102
0.8333333333333334	0.11699779249448124
0.8333333333333334	0.11704946996466431
0.8333333333333334	0.1171011931064958
0.8333333333333334	0.11715296198054818
0.8301886792452831	0.1167624944714728
0.8270440251572327	0.1163716814159292
0.8270440251572327	0.11642319610447101
0.8270440251572327	0.11647475642161205
0.8270440251572327	0.11652636242800177
0.8270440251572327	0.11657801418439716
0.8238993710691824	0.11618625277161862
0.8238993710691824	0.11623779946761313
0.8238993710691824	0.11628939192188194
0.8238993710691824	0.11634103019538189
0.8238993710691824	0.11639271434917814
0.8238993710691824	0.11644444444444445
0.8238993710691824	0.11649622054246332
0.8238993710691824	0.11654804270462633
0.8238993710691824	0.11659991099243436
0.8238993710691824	0.11665182546749778
0.8238993710691824	0.11670378619153675
0.8238993710691824	0.11675579322638147
0.8238993710691824	0.11680784663397235
0.8238993710691824	0.11685994647636039
0.8238993710691824	0.11691209281570727
0.8238993710691824	0.11696428571428572
0.8238993710691824	0.11701652523447968
0.8238993710691824	0.11706881143878463
0.8238993710691824	0.11712114438980778
0.8238993710691824	0.11717352415026834
0.8238993710691824	0.11722595078299776
0.8238993710691824	0.11727842435094002
0.8238993710691824	0.11733094491715182
0.8238993710691824	0.11738351254480286
0.8238993710691824	0.11743612729717616
0.8238993710691824	0.11748878923766816
0.8238993710691824	0.11754149842978914
0.8238993710691824	0.11759425493716337
0.8238993710691824	0.11764705882352941
0.8238993710691824	0.11769991015274034
0.8238993710691824	0.11775280898876404
0.8238993710691824	0.11780575539568346
0.8238993710691824	0.11785874943769681
0.8238993710691824	0.11791179117911792
0.8238993710691824	0.11796488068437641
0.8238993710691824	0.11801801801801802
0.8238993710691824	0.11807120324470483
0.8238993710691824	0.11812443642921551
0.8207547169811321	0.11772665764546685
0.8207547169811321	0.1177797833935018
0.8207547169811321	0.11783295711060948
0.8207547169811321	0.11788617886178862
0.8207547169811321	0.11793944871215545
0.8207547169811321	0.11799276672694395
0.8207547169811321	0.11804613297150611
0.8207547169811321	0.11809954751131221
0.8207547169811321	0.11815301041195111
0.8207547169811321	0.11820652173913043
0.8207547169811321	0.11826008155867694
0.8207547169811321	0.11831368993653672
0.8207547169811321	0.11836734693877551
0.8207547169811321	0.11842105263157894
0.8207547169811321	0.11847480708125284
0.8207547169811321	0.11852861035422343
0.8207547169811321	0.1185824625170377
0.8207547169811321	0.11863636363636364
0.8207547169811321	0.11869031377899045
0.8207547169811321	0.11874431301182893
0.8176100628930818	0.11834319526627218
0.8176100628930818	0.11839708561020036
0.8176100628930818	0.11845102505694761
0.8176100628930818	0.11850501367365543
0.8176100628930818	0.11855905152758778
0.8176100628930818	0.11861313868613138
0.8176100628930818	0.11866727521679599
0.8176100628930818	0.1187214611872146
0.8176100628930818	0.1187756966651439
0.8176100628930818	0.11882998171846434
0.8176100628930818	0.11888431641518062
0.8176100628930818	0.11893870082342177
0.8176100628930818	0.11899313501144165
0.8176100628930818	0.11904761904761904
0.8176100628930818	0.11910215300045808
0.8176100628930818	0.11915673693858846
0.8176100628930818	0.1192113709307657
0.8176100628930818	0.11926605504587157
0.8176100628930818	0.11932078935291418
0.8176100628930818	0.11937557392102846
0.8176100628930818	0.11943040881947635
0.8176100628930818	0.11948529411764706
0.8176100628930818	0.11954022988505747
0.8176100628930818	0.11959521619135234
0.8176100628930818	0.11965025310630464
0.8176100628930818	0.11970534069981584
0.8176100628930818	0.11976047904191617
0.8176100628930818	0.11981566820276497
0.8176100628930818	0.119870908252651
0.8176100628930818	0.11992619926199262
0.8176100628930818	0.11998154130133826
0.8176100628930818	0.12003693444136658
0.8176100628930818	0.12009237875288684
0.8176100628930818	0.12014787430683918
0.8176100628930818	0.12020342117429496
0.8176100628930818	0.12025901942645699
0.8176100628930818	0.12031466913465988
0.8176100628930818	0.12037037037037036
0.8176100628930818	0.12042612320518759
0.8176100628930818	0.12048192771084337
0.8176100628930818	0.1205377839592026
0.8176100628930818	0.12059369202226346
0.8176100628930818	0.12064965197215777
0.8176100628930818	0.12070566388115135
0.8176100628930818	0.12076172782164422
0.8176100628930818	0.120817843866171
0.8176100628930818	0.12087401208740121
0.8176100628930818	0.12093023255813953
0.8176100628930818	0.1209865053513262
0.8176100628930818	0.12104283054003724
0.8176100628930818	0.12109920819748486
0.8176100628930818	0.1211556383970177
0.8176100628930818	0.12121212121212122
0.8176100628930818	0.12126865671641791
0.8176100628930818	0.12132524498366776
0.8176100628930818	0.12138188608776844
0.8176100628930818	0.12143858010275572
0.8176100628930818	0.12149532710280374
0.8176100628930818	0.12155212716222534
0.8176100628930818	0.1216089803554724
0.8176100628930818	0.12166588675713617
0.8176100628930818	0.12172284644194757
0.8176100628930818	0.12177985948477751
0.8176100628930818	0.1218369259606373
0.8176100628930818	0.12189404594467886
0.8176100628930818	0.12195121951219512
0.8176100628930818	0.12200844673862037
0.8176100628930818	0.12206572769953052
0.8176100628930818	0.1221230624706435
0.8176100628930818	0.12218045112781954
0.8176100628930818	0.1222378937470616
0.8176100628930818	0.12229539040451552
0.8176100628930818	0.1223529411764706
0.8176100628930818	0.1224105461393597
0.8176100628930818	0.12246820536975978
0.8176100628930818	0.12252591894439209
0.8176100628930818	0.12258368694012259
0.8176100628930818	0.12264150943396226
0.8176100628930818	0.12269938650306748
0.8176100628930818	0.12275731822474033
0.8176100628930818	0.12281530467642891
0.8176100628930818	0.12287334593572778
0.8176100628930818	0.12293144208037825
0.8176100628930818	0.12298959318826869
0.8176100628930818	0.12304779933743493
0.8176100628930818	0.12310606060606061
0.8176100628930818	0.1231643770724775
0.8176100628930818	0.12322274881516587
0.8176100628930818	0.12328117591275486
0.8176100628930818	0.12333965844402277
0.8176100628930818	0.12339819648789749
0.8176100628930818	0.12345679012345678
0.8176100628930818	0.12351543942992874
0.8176100628930818	0.12357414448669202
0.8176100628930818	0.12363290537327627
0.8176100628930818	0.12369172216936251
0.8176100628930818	0.12375059495478344
0.8176100628930818	0.12380952380952381
0.8176100628930818	0.12386850881372082
0.8176100628930818	0.12392755004766444
0.8176100628930818	0.12398664759179781
0.8176100628930818	0.12404580152671756
0.8176100628930818	0.12410501193317422
0.8176100628930818	0.12416427889207259
0.8176100628930818	0.12422360248447205
0.8176100628930818	0.124282982791587
0.8176100628930818	0.12434241989478718
0.8176100628930818	0.12440191387559808
0.8176100628930818	0.12446146481570129
0.8176100628930818	0.12452107279693486
0.8176100628930818	0.12458073790129372
0.8176100628930818	0.12464046021093
0.8176100628930818	0.12470023980815348
0.8176100628930818	0.12476007677543186
0.8176100628930818	0.12481997119539126
0.8176100628930818	0.12487992315081652
0.8176100628930818	0.1249399327246516
0.8176100628930818	0.125
0.8176100628930818	0.12506012506012507
0.8176100628930818	0.12512030798845045
0.8176100628930818	0.12518054886856042
0.8176100628930818	0.1252408477842004
0.8176100628930818	0.12530120481927712
0.8176100628930818	0.1253616200578592
0.8176100628930818	0.12542209358417752
0.8144654088050315	0.125
0.8144654088050315	0.12506035731530663
0.8144654088050315	0.12512077294685992
0.8113207547169812	0.12469792170130498
0.8113207547169812	0.12475822050290135
0.8113207547169812	0.12481857764876633
0.8113207547169812	0.12487899322362052
0.8113207547169812	0.12493946731234867
0.8113207547169812	0.125
0.8113207547169812	0.12506059137178865
0.8113207547169812	0.1251212415130941
0.8081761006289309	0.12469674915089762
0.8081761006289309	0.12475728155339806
0.8081761006289309	0.12481787275376396
0.8081761006289309	0.12487852283770651
0.8081761006289309	0.12493923189110355
0.8081761006289309	0.125
0.8081761006289309	0.12506082725060827
0.8081761006289309	0.12512171372930866
0.8081761006289309	0.1251826595226498
0.8081761006289309	0.12524366471734893
0.8081761006289309	0.12530472940029255
0.8081761006289309	0.12536585365853659
0.8081761006289309	0.12542703757930698
0.8081761006289309	0.12548828125
0.8081761006289309	0.1255495847581827
0.8081761006289309	0.12561094819159335
0.8081761006289309	0.12567237163814182
0.8081761006289309	0.12573385518591
0.8081761006289309	0.12579539892315222
0.8050314465408805	0.12536728697355534
0.8050314465408805	0.12542871141597256
0.8050314465408805	0.12549019607843137
0.8050314465408805	0.1255517410495341
0.8050314465408805	0.1256133464180569
0.8018867924528302	0.1251840942562592
0.8018867924528302	0.12524557956777996
0.8018867924528302	0.12530712530712532
0.8018867924528302	0.12536873156342182
0.8018867924528302	0.12543039842597148
0.8018867924528302	0.12549212598425197
0.8018867924528302	0.1255539143279173
0.8018867924528302	0.12561576354679804
0.8018867924528302	0.1256776737309019
0.8018867924528302	0.1257396449704142
0.8018867924528302	0.12580167735569808
0.8018867924528302	0.12586377097729518
0.8018867924528302	0.1259259259259259
0.8018867924528302	0.1259881422924901
0.8018867924528302	0.12605042016806722
0.8018867924528302	0.1261127596439169
0.8018867924528302	0.12617516081147948
0.8018867924528302	0.12623762376237624
0.8018867924528302	0.1263001485884101
0.8018867924528302	0.1263627353815659
0.8018867924528302	0.1264253842340109
0.8018867924528302	0.12648809523809523
0.8018867924528302	0.12655086848635236
0.8018867924528302	0.1266137040714995
0.8018867924528302	0.12667660208643816
0.8018867924528302	0.12673956262425448
0.7987421383647799	0.12630532073595227
0.7987421383647799	0.1263681592039801
0.7987421383647799	0.12643106022896963
0.7987421383647799	0.12649402390438247
0.7987421383647799	0.12655705032386647
0.7987421383647799	0.12662013958125623
0.7987421383647799	0.12668329177057355
0.7987421383647799	0.12674650698602793
0.7987421383647799	0.12680978532201698
0.7987421383647799	0.12687312687312688
0.7987421383647799	0.12693653173413294
0.7987421383647799	0.127
0.7987421383647799	0.12706353176588295
0.7987421383647799	0.12712712712712712
0.7987421383647799	0.1271907861792689
0.7987421383647799	0.12725450901803606
0.7987421383647799	0.12731829573934836
0.7987421383647799	0.12738214643931794
0.7987421383647799	0.12744606121424987
0.7987421383647799	0.12751004016064257
0.7987421383647799	0.12757408337518836
0.7987421383647799	0.12763819095477386
0.7987421383647799	0.12770236299648063
0.7987421383647799	0.12776659959758552
0.7987421383647799	0.12783090085556115
0.7987421383647799	0.1280241935483871
0.7987421383647799	0.1280887544125063
0.7987421383647799	0.12815338042381433
0.7987421383647799	0.12821807168096921
0.7987421383647799	0.12828282828282828
0.7987421383647799	0.12834765032844872
0.7987421383647799	0.12841253791708795
0.7987421383647799	0.12847749114820434
0.7987421383647799	0.12854251012145748
0.7987421383647799	0.12860759493670887
0.7987421383647799	0.1286727456940223
0.7987421383647799	0.12873796249366448
0.7987421383647799	0.12880324543610547
0.7987421383647799	0.12886859462201927
0.7987421383647799	0.12893401015228426
0.7987421383647799	0.12899949212798376
0.7987421383647799	0.1290650406504065
0.7987421383647799	0.12913065582104727
0.7987421383647799	0.12919633774160733
0.7987421383647799	0.1292620865139949
0.7987421383647799	0.12932790224032586
0.7987421383647799	0.1293937850229241
0.7987421383647799	0.12945973496432212
0.7987421383647799	0.1295257521672616
0.7955974842767296	0.12908163265306122
0.7955974842767296	0.12914752424706483
0.7955974842767296	0.12921348314606743
0.7955974842767296	0.12927950945324476
0.7955974842767296	0.12934560327198363
0.7955974842767296	0.12941176470588237
0.7955974842767296	0.12947799385875128
0.7955974842767296	0.1295442908346134
0.7955974842767296	0.12961065573770492
0.7955974842767296	0.12967708867247565
0.7955974842767296	0.12974358974358974
0.7955974842767296	0.1298101590559261
0.7955974842767296	0.12987679671457905
0.7955974842767296	0.12994350282485875
0.7955974842767296	0.13001027749229188
0.7955974842767296	0.1300771208226221
0.7955974842767296	0.1301440329218107
0.7955974842767296	0.13021101389603706
0.7955974842767296	0.13027806385169927
0.7955974842767296	0.13034518289541475
0.7955974842767296	0.13041237113402063
0.7955974842767296	0.13047962867457452
0.7955974842767296	0.130546955624355
0.7955974842767296	0.13061435209086217
0.7955974842767296	0.13068181818181818
0.7955974842767296	0.13074935400516796
0.7955974842767296	0.13081695966907964
0.7955974842767296	0.13088463528194516
0.7955974842767296	0.13095238095238096
0.7955974842767296	0.13102019678922838
0.7955974842767296	0.1310880829015544
0.7955974842767296	0.13115603939865214
0.7955974842767296	0.1312240663900415
0.7955974842767296	0.13129216398546964
0.7955974842767296	0.13136033229491173
0.7924528301886793	0.13090909090909092
0.7924528301886793	0.13097713097713098
0.7924528301886793	0.1310452418096724
0.7924528301886793	0.13111342351716962
0.7924528301886793	0.13118167621030713
0.7924528301886793	0.13125
0.7924528301886793	0.13131839499739448
0.7924528301886793	0.13138686131386862
0.7924528301886793	0.13145539906103287
0.7924528301886793	0.1315240083507307
0.7924528301886793	0.13159268929503917
0.7924528301886793	0.13166144200626959
0.7924528301886793	0.13173026659696813
0.7924528301886793	0.13179916317991633
0.7924528301886793	0.13186813186813187
0.7924528301886793	0.1319371727748691
0.7924528301886793	0.1320062860136197
0.7924528301886793	0.1320754716981132
0.7924528301886793	0.13214472994231777
0.7924528301886793	0.1322140608604407
0.7924528301886793	0.13228346456692913
0.7924528301886793	0.1323529411764706
0.7924528301886793	0.13242249080399368
0.7924528301886793	0.13249211356466878
0.7924528301886793	0.13256180957390848
0.7924528301886793	0.13263157894736843
0.7924528301886793	0.13270142180094788
0.7924528301886793	0.1327713382507903
0.7924528301886793	0.13284132841328414
0.7924528301886793	0.13291139240506328
0.7924528301886793	0.13298153034300791
0.7924528301886793	0.133051742344245
0.7924528301886793	0.13312202852614896
0.789308176100629	0.13266384778012685
0.789308176100629	0.1327340031729244
0.789308176100629	0.1328745367919534
0.789308176100629	0.1329449152542373
0.789308176100629	0.13301536830948596
0.789308176100629	0.13308589607635207
0.789308176100629	0.13315649867374005
0.789308176100629	0.1332271762208068
0.789308176100629	0.1332979288369623
0.789308176100629	0.13336875664187034
0.789308176100629	0.13343965975544922
0.789308176100629	0.13351063829787235
0.789308176100629	0.1335816923895689
0.789308176100629	0.1336528221512247
0.789308176100629	0.13372402770378264
0.789308176100629	0.1337953091684435
0.789308176100629	0.13386666666666666
0.789308176100629	0.13393810032017076
0.789308176100629	0.13400961025093433
0.789308176100629	0.13408119658119658
0.789308176100629	0.13415285943345803
0.789308176100629	0.13422459893048128
0.789308176100629	0.1342964151952916
0.789308176100629	0.13436830835117772
0.789308176100629	0.13444027852169255
0.789308176100629	0.1345123258306538
0.789308176100629	0.13458445040214478
0.789308176100629	0.13465665236051502
0.789308176100629	0.1347289318303811
0.789308176100629	0.1348012889366273
0.789308176100629	0.13487372380440624
0.7861635220125787	0.13440860215053763
0.7861635220125787	0.13448090371167296
0.7861635220125787	0.13455328310010764
0.7861635220125787	0.13462574044157244
0.7861635220125787	0.13469827586206898
0.7861635220125787	0.1347708894878706
0.7861635220125787	0.1348435814455232
0.7861635220125787	0.13491635186184567
0.7861635220125787	0.13498920086393087
0.7861635220125787	0.1350621285791464
0.7861635220125787	0.13513513513513514
0.7861635220125787	0.1352082206598161
0.7861635220125787	0.13528138528138528
0.7861635220125787	0.1353546291283162
0.7861635220125787	0.13542795232936078
0.7861635220125787	0.13550135501355012
0.7861635220125787	0.13557483731019523
0.7861635220125787	0.13564839934888767
0.7861635220125787	0.13572204125950055
0.7861635220125787	0.13579576317218903
0.7861635220125787	0.1358695652173913
0.7861635220125787	0.13594344752582926
0.7861635220125787	0.13601741022850924
0.7861635220125787	0.1360914534567229
0.7861635220125787	0.13616557734204793
0.7861635220125787	0.1362397820163488
0.7861635220125787	0.13631406761177753
0.7861635220125787	0.13638843426077468
0.7861635220125787	0.13646288209606988
0.7861635220125787	0.1365374112506827
0.7861635220125787	0.1366120218579235
0.7861635220125787	0.1366867140513942
0.7861635220125787	0.13676148796498905
0.7861635220125787	0.13683634373289547
0.7861635220125787	0.13691128148959475
0.7861635220125787	0.136986301369863
0.7861635220125787	0.13706140350877194
0.7861635220125787	0.13713658804168952
0.7861635220125787	0.1372872048325096
0.7861635220125787	0.13736263736263737
0.7861635220125787	0.13743815283122596
0.7861635220125787	0.13751375137513752
0.7861635220125787	0.1375894331315355
0.7861635220125787	0.13766519823788545
0.7861635220125787	0.13774104683195593
0.7861635220125787	0.1378169790518192
0.7861635220125787	0.13789299503585217
0.7861635220125787	0.13796909492273732
0.7861635220125787	0.13804527885146328
0.7861635220125787	0.13812154696132597
0.7861635220125787	0.13819789939192925
0.7861635220125787	0.13827433628318583
0.7861635220125787	0.13835085777531822
0.7861635220125787	0.13842746400885936
0.7861635220125787	0.13850415512465375
0.7861635220125787	0.1385809312638581
0.7861635220125787	0.1386577925679423
0.7830188679245284	0.1381798002219756
0.7830188679245284	0.13825652415324818
0.7830188679245284	0.13833333333333334
0.7830188679245284	0.13841022790439134
0.7830188679245284	0.13848720800889877
0.7830188679245284	0.13856427378964942
0.7830188679245284	0.13864142538975502
0.7830188679245284	0.13871866295264623
0.7830188679245284	0.13879598662207357
0.7830188679245284	0.1388733965421082
0.779874213836478	0.13839285714285715
0.779874213836478	0.13847012841987716
0.779874213836478	0.13854748603351955
0.779874213836478	0.13862493012856344
0.779874213836478	0.13870246085011187
0.779874213836478	0.1387800783435926
0.779874213836478	0.13885778275475924
0.779874213836478	0.13893557422969188
0.779874213836478	0.13901345291479822
0.779874213836478	0.13909141895681434
0.779874213836478	0.13916947250280584
0.779874213836478	0.13924761370016844
0.779874213836478	0.1393258426966292
0.779874213836478	0.13940415964024733
0.779874213836478	0.13948256467941508
0.779874213836478	0.13956105796285875
0.779874213836478	0.13963963963963963
0.779874213836478	0.13971830985915493
0.779874213836478	0.13979706877113868
0.779874213836478	0.13987591652566272
0.779874213836478	0.1399548532731377
0.779874213836478	0.14003387916431395
0.779874213836478	0.1401129943502825
0.779874213836478	0.14019219898247598
0.779874213836478	0.14027149321266968
0.779874213836478	0.14035087719298245
0.779874213836478	0.1404303510758777
0.779874213836478	0.1405099150141643
0.779874213836478	0.1406693136698809
0.779874213836478	0.14074914869466515
0.779874213836478	0.1408290743895514
0.779874213836478	0.1409090909090909
0.779874213836478	0.14098919840818647
0.779874213836478	0.1410693970420933
0.779874213836478	0.14114968696642002
0.779874213836478	0.14123006833712984
0.779874213836478	0.1413105413105413
0.779874213836478	0.14139110604332952
0.779874213836478	0.1414717626925271
0.779874213836478	0.1415525114155251
0.779874213836478	0.14163335237007424
0.779874213836478	0.1417142857142857
0.779874213836478	0.14179531160663236
0.779874213836478	0.14187643020594964
0.779874213836478	0.14195764167143674
0.779874213836478	0.1420389461626575
0.779874213836478	0.14212034383954156
0.779874213836478	0.14220183486238533
0.779874213836478	0.14228341939185313
0.779874213836478	0.1423650975889782
0.779874213836478	0.1424468696151637
0.779874213836478	0.1425287356321839
0.779874213836478	0.14261069580218516
0.779874213836478	0.142692750287687
0.779874213836478	0.14277489925158318
0.779874213836478	0.14285714285714285
0.779874213836478	0.14293948126801154
0.779874213836478	0.14302191464821223
0.779874213836478	0.14310444316214657
0.7767295597484277	0.1426096997690531
0.7767295597484277	0.14269208549971116
0.7767295597484277	0.14277456647398845
0.7767295597484277	0.14285714285714285
0.7767295597484277	0.14293981481481483
0.7767295597484277	0.14302258251302838
0.7767295597484277	0.14310544611819234
0.7767295597484277	0.14318840579710146
0.7767295597484277	0.14327146171693736
0.7767295597484277	0.1433546140452699
0.7735849056603774	0.14285714285714285
0.7735849056603774	0.14294015107495642
0.7735849056603774	0.14302325581395348
0.7735849056603774	0.1431064572425829
0.7735849056603774	0.14318975552968569
0.7735849056603774	0.1432731508444962
0.7704402515723271	0.14277389277389277
0.7704402515723271	0.14285714285714285
0.7704402515723271	0.14294049008168028
0.7704402515723271	0.14302393461762988
0.7704402515723271	0.143107476635514
0.7704402515723271	0.14319111630625364
0.7704402515723271	0.14327485380116958
0.7704402515723271	0.14335868929198362
0.7704402515723271	0.14344262295081966
0.7704402515723271	0.14352665495020503
0.7704402515723271	0.14361078546307152
0.7672955974842768	0.14310850439882697
0.7672955974842768	0.1431924882629108
0.7672955974842768	0.1432765707574868
0.7672955974842768	0.14336075205640422
0.7672955974842768	0.14344503233392122
0.7672955974842768	0.14352941176470588
0.7672955974842768	0.14361389052383755
0.7672955974842768	0.143698468786808
0.7672955974842768	0.1437831467295227
0.7672955974842768	0.14386792452830188
0.7672955974842768	0.143952802359882
0.7672955974842768	0.14403778040141677
0.7641509433962265	0.14353219137625517
0.7641509433962265	0.14361702127659576
0.7641509433962265	0.14370195150798346
0.7641509433962265	0.1437869822485207
0.7641509433962265	0.1438721136767318
0.7641509433962265	0.14395734597156398
0.7641509433962265	0.14404267931238884
0.7641509433962265	0.14412811387900357
0.7641509433962265	0.14421364985163204
0.7641509433962265	0.14429928741092637
0.7641509433962265	0.1443850267379679
0.7641509433962265	0.14447086801426873
0.7641509433962265	0.14455681142177276
0.7641509433962265	0.14464285714285716
0.7641509433962265	0.14472900536033353
0.7641509433962265	0.14481525625744934
0.7610062893081762	0.14430530709600478
0.7610062893081762	0.14439140811455847
0.7610062893081762	0.1444776119402985
0.7610062893081762	0.14456391875746716
0.7610062893081762	0.14465032875074715
0.7610062893081762	0.14473684210526316
0.7610062893081762	0.1448234590065829
0.7610062893081762	0.14491017964071856
0.7610062893081762	0.14499700419412823
0.7610062893081762	0.145083932853717
0.7610062893081762	0.14517096580683864
0.7610062893081762	0.1452581032412965
0.7610062893081762	0.14534534534534535
0.7610062893081762	0.14543269230769232
0.7610062893081762	0.1455201443174985
0.7610062893081762	0.14560770156438027
0.7610062893081762	0.1456953642384106
0.7610062893081762	0.14578313253012049
0.7610062893081762	0.1458710066305003
0.7610062893081762	0.14595898673100122
0.7610062893081762	0.1460470730235365
0.7610062893081762	0.1461352657004831
0.7610062893081762	0.14622356495468278
0.7610062893081762	0.14631197097944376
0.7578616352201258	0.14579552329098608
0.7578616352201258	0.14588377723970944
0.7578616352201258	0.14597213809812234
0.7578616352201258	0.14606060606060606
0.7578616352201258	0.14614918132201335
0.7578616352201258	0.1462378640776699
0.7578616352201258	0.14632665452337584
0.7547169811320755	0.14580801944106925
0.7547169811320755	0.1458966565349544
0.7547169811320755	0.145985401459854
0.7547169811320755	0.14607425441265978
0.7547169811320755	0.146163215590743
0.7547169811320755	0.14625228519195613
0.7547169811320755	0.14634146341463414
0.7547169811320755	0.1464307504575961
0.7547169811320755	0.14652014652014653
0.7547169811320755	0.14660965180207697
0.7547169811320755	0.1466992665036675
0.7547169811320755	0.14678899082568808
0.7547169811320755	0.14687882496940025
0.7547169811320755	0.14696876913655849
0.7547169811320755	0.14705882352941177
0.7547169811320755	0.14714898835070508
0.7547169811320755	0.147239263803681
0.7547169811320755	0.14732965009208104
0.7547169811320755	0.14742014742014742
0.7547169811320755	0.14751075599262448
0.7547169811320755	0.14760147601476015
0.7547169811320755	0.1476923076923077
0.7547169811320755	0.1477832512315271
0.7547169811320755	0.1478743068391867
0.7547169811320755	0.14796547472256474
0.7547169811320755	0.14805675508945096
0.7547169811320755	0.14814814814814814
0.7547169811320755	0.14823965410747375
0.7547169811320755	0.14833127317676142
0.7547169811320755	0.14842300556586271
0.7547169811320755	0.1485148514851485
0.7547169811320755	0.14869888475836432
0.7547169811320755	0.14879107253564786
0.7547169811320755	0.1488833746898263
0.7547169811320755	0.148975791433892
0.7547169811320755	0.14906832298136646
0.7547169811320755	0.14916096954630206
0.7547169811320755	0.14925373134328357
0.7547169811320755	0.14934660858742999
0.7547169811320755	0.149439601494396
0.7547169811320755	0.14953271028037382
0.7547169811320755	0.14962593516209477
0.7547169811320755	0.14971927635683094
0.7547169811320755	0.149812734082397
0.7547169811320755	0.14990630855715179
0.7547169811320755	0.15
0.7547169811320755	0.150093808630394
0.7547169811320755	0.15018773466833543
0.7547169811320755	0.15028177833437695
0.7547169811320755	0.15037593984962405
0.7547169811320755	0.15047021943573669
0.7547169811320755	0.15056461731493098
0.7547169811320755	0.15065913370998116
0.7547169811320755	0.1507537688442211
0.7547169811320755	0.1508485229415462
0.7547169811320755	0.1509433962264151
0.7547169811320755	0.1510383889238515
0.7547169811320755	0.15113350125944586
0.7547169811320755	0.15122873345935728
0.7547169811320755	0.15132408575031525
0.7547169811320755	0.15141955835962145
0.7547169811320755	0.15151515151515152
0.7547169811320755	0.15161086544535693
0.7547169811320755	0.15170670037926676
0.7547169811320755	0.15180265654648956
0.7547169811320755	0.1518987341772152
0.7547169811320755	0.1519949335022166
0.7547169811320755	0.1520912547528517
0.7547169811320755	0.1521876981610653
0.7547169811320755	0.15228426395939088
0.7547169811320755	0.1523809523809524
0.7547169811320755	0.15247776365946633
0.7547169811320755	0.15257469802924348
0.7547169811320755	0.15267175572519084
0.7547169811320755	0.1527689369828135
0.7547169811320755	0.15286624203821655
0.7547169811320755	0.15296367112810708
0.7547169811320755	0.15306122448979592
0.7547169811320755	0.15315890236119975
0.7547169811320755	0.1532567049808429
0.7547169811320755	0.15374759769378604
0.7547169811320755	0.15384615384615385
0.7547169811320755	0.1539448364336113
0.7547169811320755	0.1540436456996149
0.7547169811320755	0.15414258188824662
0.7547169811320755	0.15424164524421594
0.7547169811320755	0.15434083601286175
0.7547169811320755	0.15444015444015444
0.7547169811320755	0.15453960077269802
0.7547169811320755	0.15463917525773196
0.7547169811320755	0.15473887814313347
0.7547169811320755	0.15483870967741936
0.7547169811320755	0.1549386701097482
0.7547169811320755	0.15503875968992248
0.7547169811320755	0.15513897866839044
0.7547169811320755	0.15523932729624837
0.7547169811320755	0.1553398058252427
0.7547169811320755	0.15544041450777202
0.7547169811320755	0.15554115359688916
0.7547169811320755	0.1556420233463035
0.7547169811320755	0.15574302401038287
0.7515723270440252	0.1551948051948052
0.7515723270440252	0.1552956465237167
0.7515723270440252	0.1553966189856957
0.7515723270440252	0.15549772283669486
0.7515723270440252	0.15559895833333334
0.7515723270440252	0.15570032573289902
0.7515723270440252	0.1558018252933507
0.7515723270440252	0.15590345727332028
0.7515723270440252	0.15600522193211488
0.7515723270440252	0.15610711952971915
0.7515723270440252	0.15620915032679739
0.7515723270440252	0.15631131458469588
0.7515723270440252	0.15641361256544503
0.7515723270440252	0.15651604453176163
0.7484276729559748	0.1559633027522936
0.7484276729559748	0.1560655737704918
0.7484276729559748	0.15616797900262466
0.7484276729559748	0.15627051871306633
0.7484276729559748	0.15637319316688567
0.7484276729559748	0.1564760026298488
0.7484276729559748	0.15657894736842104
0.7484276729559748	0.15668202764976957
0.7484276729559748	0.15678524374176547
0.7484276729559748	0.15688859591298615
0.7484276729559748	0.15699208443271767
0.7484276729559748	0.1570957095709571
0.7484276729559748	0.1571994715984148
0.7484276729559748	0.15730337078651685
0.7484276729559748	0.1574074074074074
0.7484276729559748	0.15751158173395102
0.7484276729559748	0.1576158940397351
0.7484276729559748	0.15772034459907222
0.7484276729559748	0.15782493368700265
0.7484276729559748	0.1579296615792966
0.7452830188679245	0.15737051792828685
0.7452830188679245	0.1574750830564784
0.7452830188679245	0.15757978723404256
0.7452830188679245	0.15768463073852296
0.7452830188679245	0.1577896138482024
0.7452830188679245	0.15789473684210525
0.7452830188679245	0.158
0.7452830188679245	0.1581054036024016
0.7452830188679245	0.1582109479305741
0.7452830188679245	0.15831663326653306
0.7421383647798742	0.15775401069518716
0.7421383647798742	0.15785953177257525
0.7421383647798742	0.15796519410977242
0.7421383647798742	0.1580709979906229
0.7421383647798742	0.1581769436997319
0.7421383647798742	0.15828303152246814
0.7421383647798742	0.15838926174496645
0.7421383647798742	0.1584956346541303
0.7421383647798742	0.1586021505376344
0.7421383647798742	0.15870880968392737
0.7421383647798742	0.15881561238223418
0.7421383647798742	0.1589225589225589
0.7421383647798742	0.15902964959568733
0.7421383647798742	0.15913688469318948
0.7421383647798742	0.1592442645074224
0.7421383647798742	0.15935178933153274
0.7421383647798742	0.15945945945945947
0.7421383647798742	0.15956727518593644
0.7421383647798742	0.15967523680649526
0.7421383647798742	0.15978334461746785
0.7421383647798742	0.15989159891598917
0.7421383647798742	0.16
0.7421383647798742	0.16010854816824965
0.7421383647798742	0.16021724372029872
0.7421383647798742	0.16032608695652173
0.7421383647798742	0.16043507817811012
0.7421383647798742	0.16054421768707483
0.7421383647798742	0.16065350578624915
0.7421383647798742	0.16076294277929154
0.7421383647798742	0.1608725289706885
0.7421383647798742	0.16098226466575716
0.7421383647798742	0.16109215017064846
0.7421383647798742	0.16120218579234974
0.7421383647798742	0.16131237183868763
0.7421383647798742	0.16142270861833105
0.7421383647798742	0.16153319644079397
0.7421383647798742	0.16164383561643836
0.7389937106918238	0.16106922549691569
0.7389937106918238	0.16117969821673525
0.7389937106918238	0.16129032258064516
0.7389937106918238	0.1614010989010989
0.7389937106918238	0.16151202749140894
0.7389937106918238	0.16162310866574967
0.7389937106918238	0.16173434273916035
0.7389937106918238	0.1618457300275482
0.7389937106918238	0.16195727084769124
0.7389937106918238	0.16206896551724137
0.7389937106918238	0.1621808143547274
0.7389937106918238	0.162292817679558
0.7389937106918238	0.16240497581202487
0.7389937106918238	0.16251728907330568
0.7389937106918238	0.16262975778546712
0.7389937106918238	0.16274238227146814
0.7389937106918238	0.16285516285516285
0.7389937106918238	0.16296809986130376
0.7389937106918238	0.16308119361554477
0.7389937106918238	0.16319444444444445
0.7389937106918238	0.16330785267546907
0.7389937106918238	0.16342141863699583
0.7389937106918238	0.16353514265831592
0.7389937106918238	0.16364902506963788
0.7389937106918238	0.16376306620209058
0.7389937106918238	0.16387726638772665
0.7389937106918238	0.16399162595952546
0.7389937106918238	0.16410614525139663
0.7389937106918238	0.1642208245981831
0.7389937106918238	0.16433566433566432
0.7389937106918238	0.16445066480055984
0.7389937106918238	0.1645658263305322
0.7389937106918238	0.1646811492641906
0.7389937106918238	0.16479663394109398
0.7389937106918238	0.1649122807017544
0.7389937106918238	0.16502808988764045
0.7389937106918238	0.1651440618411806
0.7389937106918238	0.16526019690576652
0.7358490566037735	0.16467276565798733
0.7358490566037735	0.1647887323943662
0.7358490566037735	0.1649048625792812
0.7358490566037735	0.16502115655853314
0.7358490566037735	0.1651376146788991
0.7358490566037735	0.1652542372881356
0.7358490566037735	0.16537102473498233
0.7358490566037735	0.16548797736916548
0.7358490566037735	0.16560509554140126
0.7358490566037735	0.16572237960339944
0.7358490566037735	0.16583982990786675
0.7358490566037735	0.16595744680851063
0.7358490566037735	0.1660752306600426
0.7358490566037735	0.16619318181818182
0.7358490566037735	0.16631130063965885
0.7358490566037735	0.16642958748221906
0.7358490566037735	0.16654804270462634
0.7358490566037735	0.16666666666666666
0.7358490566037735	0.16678545972915182
0.7327044025157232	0.16619115549215407
0.7327044025157232	0.16630977872947894
0.7327044025157232	0.16642857142857143
0.7327044025157232	0.16654753395282346
0.7327044025157232	0.16666666666666666
0.7327044025157232	0.16678596993557623
0.7327044025157232	0.1669054441260745
0.7295597484276729	0.16630824372759856
0.7295597484276729	0.16642754662840745
0.7295597484276729	0.1665470208183776
0.7295597484276729	0.16666666666666666
0.7295597484276729	0.1667864845434939
0.7295597484276729	0.1669064748201439
0.7295597484276729	0.16702663786897048
0.7295597484276729	0.16714697406340057
0.7295597484276729	0.167267483777938
0.7295597484276729	0.1673881673881674
0.7295597484276729	0.16750902527075812
0.7295597484276729	0.1676300578034682
0.7295597484276729	0.16775126536514823
0.7264150943396226	0.1671490593342981
0.7264150943396226	0.16727009413468502
0.7264150943396226	0.1673913043478261
0.7264150943396226	0.16751269035532995
0.7264150943396226	0.1676342525399129
0.7264150943396226	0.16775599128540306
0.7264150943396226	0.16787790697674418
0.7264150943396226	0.168
0.7264150943396226	0.16812227074235808
0.7264150943396226	0.16824471959213402
0.7264150943396226	0.1683673469387755
0.7264150943396226	0.16849015317286653
0.7264150943396226	0.1686131386861314
0.7264150943396226	0.168736303871439
0.7264150943396226	0.16885964912280702
0.7264150943396226	0.168983174835406
0.7264150943396226	0.16910688140556368
0.7264150943396226	0.16923076923076924
0.7264150943396226	0.1693548387096774
0.7264150943396226	0.169479090242113
0.7264150943396226	0.1696035242290749
0.7264150943396226	0.16972814107274062
0.7264150943396226	0.1698529411764706
0.7264150943396226	0.16997792494481237
0.7264150943396226	0.17010309278350516
0.7264150943396226	0.17022844509948415
0.7264150943396226	0.17035398230088494
0.7264150943396226	0.17047970479704797
0.7264150943396226	0.1706056129985229
0.7264150943396226	0.17073170731707318
0.7264150943396226	0.17085798816568049
0.7264150943396226	0.17098445595854922
0.7264150943396226	0.1711111111111111
0.7264150943396226	0.17123795404002964
0.7264150943396226	0.17136498516320475
0.7264150943396226	0.1714922048997773
0.7264150943396226	0.17161961367013373
0.7264150943396226	0.17174721189591077
0.7264150943396226	0.171875
0.7264150943396226	0.1720029784065525
0.7264150943396226	0.1721311475409836
0.7232704402515723	0.1715137956748695
0.7232704402515723	0.17164179104477612
0.7232704402515723	0.1717699775952203
0.7232704402515723	0.17189835575485798
0.7232704402515723	0.17202692595362754
0.7232704402515723	0.1721556886227545
0.7232704402515723	0.17228464419475656
0.7232704402515723	0.1724137931034483
0.7232704402515723	0.17254313578394598
0.7232704402515723	0.17267267267267267
0.7232704402515723	0.1728024042073629
0.7232704402515723	0.17293233082706766
0.7232704402515723	0.17306245297215953
0.7232704402515723	0.17319277108433734
0.7232704402515723	0.1733232856066315
0.7232704402515723	0.17345399698340874
0.7232704402515723	0.17358490566037735
0.7232704402515723	0.17371601208459214
0.7232704402515723	0.17384731670445955
0.7232704402515723	0.17397881996974282
0.7232704402515723	0.17411052233156699
0.7232704402515723	0.17424242424242425
0.7232704402515723	0.17437452615617893
0.7232704402515723	0.17450682852807284
0.7232704402515723	0.17463933181473046
0.7232704402515723	0.17477203647416414
0.7232704402515723	0.17490494296577946
0.7232704402515723	0.1750380517503805
0.7232704402515723	0.17517136329017516
0.7232704402515723	0.17530487804878048
0.7232704402515723	0.17543859649122806
0.7232704402515723	0.17557251908396945
0.7232704402515723	0.17570664629488159
0.7232704402515723	0.17584097859327216
0.7232704402515723	0.17597551644988524
0.720125786163522	0.17534456355283307
0.720125786163522	0.17547892720306513
0.720125786163522	0.17561349693251535
0.720125786163522	0.17574827321565617
0.720125786163522	0.17588325652841783
0.720125786163522	0.1760184473481937
0.720125786163522	0.17615384615384616
0.720125786163522	0.1762894534257121
0.720125786163522	0.17642526964560862
0.720125786163522	0.17656129529683887
0.720125786163522	0.17669753086419754
0.720125786163522	0.17683397683397684
0.720125786163522	0.17697063369397217
0.720125786163522	0.177107501933488
0.720125786163522	0.17724458204334365
0.720125786163522	0.17738187451587917
0.720125786163522	0.17751937984496124
0.720125786163522	0.17765709852598913
0.720125786163522	0.1777950310559006
0.720125786163522	0.17793317793317792
0.720125786163522	0.1780715396578538
0.720125786163522	0.17821011673151751
0.720125786163522	0.17834890965732086
0.720125786163522	0.17848791893998442
0.720125786163522	0.17862714508580343
0.7169811320754716	0.17798594847775176
0.7169811320754716	0.178125
0.7169811320754716	0.1782642689601251
0.7169811320754716	0.1784037558685446
0.7169811320754716	0.17854346123727485
0.7169811320754716	0.1786833855799373
0.7169811320754716	0.17882352941176471
0.7169811320754716	0.17896389324960754
0.7169811320754716	0.1791044776119403
0.7169811320754716	0.1792452830188679
0.7169811320754716	0.17938630999213218
0.7169811320754716	0.1795275590551181
0.7169811320754716	0.17966903073286053
0.7169811320754716	0.17981072555205047
0.7169811320754716	0.17995264404104183
0.7169811320754716	0.18009478672985782
0.7169811320754716	0.18023715415019761
0.7169811320754716	0.18037974683544303
0.7169811320754716	0.18052256532066507
0.7169811320754716	0.18066561014263074
0.7169811320754716	0.18080888183980967
0.7169811320754716	0.18095238095238095
0.7169811320754716	0.18109610802223988
0.7169811320754716	0.18124006359300476
0.7169811320754716	0.18167330677290836
0.7169811320754716	0.18181818181818182
0.7169811320754716	0.1819632881085395
0.7169811320754716	0.18210862619808307
0.7169811320754716	0.18225419664268586
0.7169811320754716	0.1824
0.7169811320754716	0.18254603682946358
0.7169811320754716	0.18269230769230768
0.7169811320754716	0.18283881315156375
0.7169811320754716	0.18313253012048192
0.7169811320754716	0.1832797427652733
0.7169811320754716	0.1834271922767498
0.7169811320754716	0.18357487922705315
0.7169811320754716	0.18372280419016923
0.7169811320754716	0.18387096774193548
0.7169811320754716	0.18401937046004843
0.7169811320754716	0.1841680129240711
0.7169811320754716	0.18431689571544058
0.7169811320754716	0.18446601941747573
0.7169811320754716	0.18461538461538463
0.7169811320754716	0.1847649918962723
0.7169811320754716	0.18491484184914841
0.7169811320754716	0.18506493506493507
0.7169811320754716	0.1852152721364744
0.7169811320754716	0.18536585365853658
0.7169811320754716	0.1855166802278275
0.7169811320754716	0.18566775244299674
0.7169811320754716	0.18581907090464547
0.7169811320754716	0.1859706362153344
0.7169811320754716	0.18612244897959185
0.7169811320754716	0.18627450980392157
0.7138364779874213	0.1856091578086672
0.7138364779874213	0.18576104746317512
0.7138364779874213	0.18591318591318592
0.7138364779874213	0.1860655737704918
0.7138364779874213	0.18621821164889255
0.7138364779874213	0.1863711001642036
0.7138364779874213	0.1865242399342646
0.7138364779874213	0.18667763157894737
0.7138364779874213	0.1868312757201646
0.7138364779874213	0.18698517298187808
0.7138364779874213	0.18713932399010716
0.7138364779874213	0.18729372937293728
0.7138364779874213	0.1874483897605285
0.7138364779874213	0.18760330578512396
0.7138364779874213	0.18775847808105872
0.7138364779874213	0.1879139072847682
0.7138364779874213	0.188069594034797
0.7138364779874213	0.18822553897180763
0.7138364779874213	0.1883817427385892
0.7138364779874213	0.18853820598006646
0.710691823899371	0.18786367414796343
0.710691823899371	0.18801996672212978
0.710691823899371	0.18817651956702747
0.710691823899371	0.18833333333333332
0.710691823899371	0.1884904086738949
0.710691823899371	0.18864774624373956
0.710691823899371	0.18880534670008353
0.710691823899371	0.18896321070234115
0.710691823899371	0.1891213389121339
0.710691823899371	0.18927973199329984
0.710691823899371	0.18943839061190276
0.710691823899371	0.18959731543624161
0.710691823899371	0.1897565071368598
0.710691823899371	0.1899159663865546
0.710691823899371	0.1900756938603869
0.7075471698113207	0.1893939393939394
0.7075471698113207	0.18955349620893008
0.7075471698113207	0.1897133220910624
0.7075471698113207	0.189873417721519
0.7075471698113207	0.19003378378378377
0.7075471698113207	0.19019442096365174
0.7075471698113207	0.19035532994923857
0.7075471698113207	0.1905165114309907
0.7075471698113207	0.1906779661016949
0.7075471698113207	0.19083969465648856
0.7075471698113207	0.19100169779286927
0.7075471698113207	0.1911639762107052
0.7075471698113207	0.1913265306122449
0.7075471698113207	0.19148936170212766
0.7075471698113207	0.19165247018739354
0.7075471698113207	0.1918158567774936
0.7075471698113207	0.19197952218430034
0.7075471698113207	0.19214346712211786
0.7075471698113207	0.19230769230769232
0.7075471698113207	0.1924721984602224
0.7075471698113207	0.19263698630136986
0.7075471698113207	0.1928020565552699
0.7075471698113207	0.19296740994854203
0.7075471698113207	0.19313304721030042
0.7075471698113207	0.19329896907216496
0.7075471698113207	0.1934651762682717
0.7075471698113207	0.193631669535284
0.7075471698113207	0.1937984496124031
0.7075471698113207	0.1939655172413793
0.7075471698113207	0.19413287316652286
0.7075471698113207	0.19430051813471502
0.7075471698113207	0.1944684528954192
0.7075471698113207	0.19463667820069205
0.7075471698113207	0.19480519480519481
0.7075471698113207	0.1949740034662045
0.7075471698113207	0.19514310494362533
0.7075471698113207	0.1953125
0.7075471698113207	0.19548218940052128
0.7075471698113207	0.1956521739130435
0.7075471698113207	0.195822454308094
0.7075471698113207	0.19599303135888502
0.7075471698113207	0.1961639058413252
0.7075471698113207	0.19633507853403143
0.7075471698113207	0.1965065502183406
0.7044025157232704	0.1958041958041958
0.7044025157232704	0.19597550306211722
0.7044025157232704	0.19614711033274956
0.7044025157232704	0.19631901840490798
0.7044025157232704	0.19649122807017544
0.7044025157232704	0.19666374012291485
0.7044025157232704	0.1968365553602812
0.7044025157232704	0.19700967458223395
0.7044025157232704	0.19718309859154928
0.7044025157232704	0.1973568281938326
0.7044025157232704	0.19753086419753085
0.7044025157232704	0.1977052074139453
0.7044025157232704	0.1978798586572438
0.7044025157232704	0.19805481874447392
0.7044025157232704	0.19823008849557522
0.7044025157232704	0.19840566873339238
0.7044025157232704	0.19858156028368795
0.7044025157232704	0.19875776397515527
0.7044025157232704	0.1989342806394316
0.7044025157232704	0.1991111111111111
0.7044025157232704	0.199288256227758
0.7044025157232704	0.19946571682991987
0.7044025157232704	0.19964349376114082
0.7044025157232704	0.19982158786797502
0.7044025157232704	0.2
0.7044025157232704	0.20017873100983022
0.7044025157232704	0.2003577817531306
0.7044025157232704	0.20053715308863027
0.7044025157232704	0.2007168458781362
0.7044025157232704	0.20089686098654708
0.7044025157232704	0.20107719928186715
0.7044025157232704	0.20125786163522014
0.7044025157232704	0.2014388489208633
0.7044025157232704	0.20162016201620162
0.7044025157232704	0.2018018018018018
0.7044025157232704	0.20198376916140667
0.7044025157232704	0.20216606498194944
0.7044025157232704	0.2023486901535682
0.7044025157232704	0.20253164556962025
0.7044025157232704	0.20271493212669683
0.7044025157232704	0.2028985507246377
0.7044025157232704	0.20308250226654578
0.7044025157232704	0.20326678765880218
0.7044025157232704	0.20345140781108084
0.7044025157232704	0.20363636363636364
0.7044025157232704	0.20382165605095542
0.7012578616352201	0.20309653916211293
0.7012578616352201	0.203281677301732
0.7012578616352201	0.20346715328467152
0.7012578616352201	0.20365296803652969
0.7012578616352201	0.20383912248628885
0.7012578616352201	0.2040256175663312
0.7012578616352201	0.2042124542124542
0.7012578616352201	0.20439963336388633
0.7012578616352201	0.20458715596330276
0.7012578616352201	0.20477502295684114
0.7012578616352201	0.20496323529411764
0.7012578616352201	0.20515179392824287
0.7012578616352201	0.20534069981583794
0.7012578616352201	0.2055299539170507
0.7012578616352201	0.20571955719557194
0.7012578616352201	0.2059095106186519
0.7012578616352201	0.20609981515711645
0.7012578616352201	0.2062904717853839
0.7012578616352201	0.2064814814814815
0.7012578616352201	0.20667284522706209
0.7012578616352201	0.20686456400742115
0.7012578616352201	0.20705663881151345
0.7012578616352201	0.20724907063197026
0.7012578616352201	0.20744186046511628
0.7012578616352201	0.20763500931098697
0.7012578616352201	0.20782851817334577
0.7012578616352201	0.2080223880597015
0.7012578616352201	0.20821661998132587
0.7012578616352201	0.20841121495327103
0.7012578616352201	0.20860617399438727
0.7012578616352201	0.20880149812734083
0.7012578616352201	0.20899718837863168
0.7012578616352201	0.20919324577861162
0.7012578616352201	0.20938967136150236
0.7012578616352201	0.20958646616541354
0.7012578616352201	0.20978363123236124
0.7012578616352201	0.20998116760828625
0.7012578616352201	0.21017907634307256
0.7012578616352201	0.21037735849056605
0.7012578616352201	0.210576015108593
0.7012578616352201	0.2107750472589792
0.7012578616352201	0.2109744560075686
0.7012578616352201	0.21117424242424243
0.7012578616352201	0.21137440758293838
0.7012578616352201	0.21157495256166983
0.7012578616352201	0.2117758784425451
0.7012578616352201	0.21197718631178708
0.7012578616352201	0.21217887725975262
0.7012578616352201	0.2123809523809524
0.7012578616352201	0.21258341277407056
0.7012578616352201	0.21278625954198474
0.7012578616352201	0.21298949379178606
0.7012578616352201	0.21319311663479923
0.7012578616352201	0.21339712918660286
0.7012578616352201	0.2136015325670498
0.7012578616352201	0.21380632790028764
0.7012578616352201	0.21401151631477927
0.7012578616352201	0.21421709894332372
0.7012578616352201	0.2144230769230769
0.7012578616352201	0.21462945139557266
0.7012578616352201	0.21483622350674375
0.7012578616352201	0.21504339440694312
0.7012578616352201	0.21525096525096524
0.7012578616352201	0.21545893719806763
0.7012578616352201	0.21566731141199227
0.7012578616352201	0.2158760890609874
0.7012578616352201	0.21608527131782945
0.7012578616352201	0.2162948593598448
0.7012578616352201	0.21650485436893205
0.7012578616352201	0.21671525753158405
0.7012578616352201	0.2169260700389105
0.7012578616352201	0.2171372930866602
0.7012578616352201	0.21734892787524365
0.7012578616352201	0.2175609756097561
0.7012578616352201	0.2177734375
0.7012578616352201	0.2179863147605083
0.7012578616352201	0.2181996086105675
0.7012578616352201	0.21841332027424093
0.7012578616352201	0.21862745098039216
0.7012578616352201	0.21884200196270853
0.7012578616352201	0.21905697445972494
0.7012578616352201	0.2192723697148476
0.7012578616352201	0.21948818897637795
0.7012578616352201	0.21970443349753693
0.7012578616352201	0.21992110453648916
0.7012578616352201	0.22013820335636722
0.7012578616352201	0.22035573122529645
0.7012578616352201	0.2205736894164194
0.7012578616352201	0.2207920792079208
0.7012578616352201	0.22101090188305253
0.7012578616352201	0.22123015873015872
0.7012578616352201	0.2214498510427011
0.7012578616352201	0.2216699801192843
0.7012578616352201	0.2218905472636816
0.7012578616352201	0.22211155378486055
0.7012578616352201	0.22233300099700898
0.7012578616352201	0.22255489021956087
0.7012578616352201	0.22277722277722278
0.7012578616352201	0.223
0.7012578616352201	0.22322322322322322
0.7012578616352201	0.22344689378757515
0.7012578616352201	0.22367101303911735
0.7012578616352201	0.22389558232931728
0.7012578616352201	0.2241206030150754
0.7012578616352201	0.2243460764587525
0.7012578616352201	0.22457200402819738
0.7012578616352201	0.2247983870967742
0.7012578616352201	0.2250252270433905
0.7012578616352201	0.22525252525252526
0.7012578616352201	0.22548028311425683
0.7012578616352201	0.2257085020242915
0.7012578616352201	0.2259371833839919
0.7012578616352201	0.22616632860040567
0.7012578616352201	0.2263959390862944
0.6981132075471698	0.22560975609756098
0.6981132075471698	0.22583926754832145
0.6981132075471698	0.22606924643584522
0.6981132075471698	0.22629969418960244
0.6981132075471698	0.22653061224489796
0.6981132075471698	0.22676200204290092
0.6981132075471698	0.22699386503067484
0.6981132075471698	0.22722620266120777
0.6981132075471698	0.22745901639344263
0.6981132075471698	0.2276923076923077
0.6981132075471698	0.22792607802874743
0.6981132075471698	0.22816032887975335
0.6981132075471698	0.22839506172839505
0.6981132075471698	0.2286302780638517
0.6949685534591195	0.22783505154639175
0.6949685534591195	0.22807017543859648
0.6949685534591195	0.22830578512396693
0.6949685534591195	0.22854188210961737
0.6949685534591195	0.2287784679089027
0.6949685534591195	0.22901554404145077
0.6949685534591195	0.229253112033195
0.6918238993710691	0.2284527518172378
0.6918238993710691	0.2286902286902287
0.6918238993710691	0.22892819979188345
0.6918238993710691	0.22916666666666666
0.6918238993710691	0.22940563086548488
0.6918238993710691	0.22964509394572025
0.6886792452830188	0.22884012539184953
0.6886792452830188	0.2290794979079498
0.6886792452830188	0.2293193717277487
0.6855345911949685	0.22851153039832284
0.6855345911949685	0.22875131164742918
0.6855345911949685	0.22899159663865545
0.6855345911949685	0.22923238696109358
0.6855345911949685	0.2294736842105263
0.6855345911949685	0.2297154899894626
0.6855345911949685	0.229957805907173
0.6855345911949685	0.23020063357972545
0.6855345911949685	0.23044397463002114
0.6855345911949685	0.2306878306878307
0.6855345911949685	0.2309322033898305
0.6855345911949685	0.23117709437963946
0.6855345911949685	0.23142250530785563
0.6855345911949685	0.2316684378320935
0.6855345911949685	0.23191489361702128
0.6823899371069182	0.23109691160809373
0.6823899371069182	0.23134328358208955
0.6792452830188679	0.2305229455709712
0.6792452830188679	0.23076923076923078
0.6792452830188679	0.23101604278074866
0.6792452830188679	0.23126338329764454
0.6792452830188679	0.2315112540192926
0.6792452830188679	0.2317596566523605
0.6761006289308176	0.23093447905477982
0.6761006289308176	0.23118279569892472
0.6761006289308176	0.23143164693218515
0.6761006289308176	0.23168103448275862
0.6761006289308176	0.2319309600862999
0.6761006289308176	0.23218142548596113
0.6761006289308176	0.23243243243243245
0.6761006289308176	0.2326839826839827
0.6729559748427673	0.23185265438786565
0.6729559748427673	0.23210412147505424
0.6729559748427673	0.23235613463626492
0.6729559748427673	0.2326086956521739
0.6729559748427673	0.23286180631120784
0.6729559748427673	0.23311546840958605
0.6729559748427673	0.23336968375136313
0.6729559748427673	0.2336244541484716
0.6729559748427673	0.23387978142076501
0.6729559748427673	0.23413566739606126
0.6729559748427673	0.2343921139101862
0.6729559748427673	0.23464912280701755
0.6729559748427673	0.2349066959385291
0.6729559748427673	0.23516483516483516
0.6729559748427673	0.23542354235423543
0.6729559748427673	0.2356828193832599
0.6729559748427673	0.23594266813671444
0.6729559748427673	0.23620309050772628
0.6729559748427673	0.23646408839779007
0.6729559748427673	0.23672566371681417
0.6729559748427673	0.2369878183831672
0.6729559748427673	0.23725055432372505
0.6729559748427673	0.23751387347391786
0.6729559748427673	0.23777777777777778
0.6729559748427673	0.23804226918798665
0.6729559748427673	0.2383073496659243
0.6729559748427673	0.23857302118171683
0.6729559748427673	0.23883928571428573
0.6729559748427673	0.23910614525139665
0.6729559748427673	0.23937360178970918
0.6729559748427673	0.23964165733482642
0.6729559748427673	0.2399103139013453
0.6729559748427673	0.24017957351290684
0.6729559748427673	0.24044943820224718
0.6729559748427673	0.2407199100112486
0.6729559748427673	0.240990990990991
0.6729559748427673	0.24126268320180383
0.6729559748427673	0.24153498871331827
0.6698113207547169	0.24067796610169492
0.6698113207547169	0.2409502262443439
0.6698113207547169	0.24122310305775765
0.6698113207547169	0.24149659863945577
0.6698113207547169	0.24177071509648126
0.6698113207547169	0.24204545454545454
0.6698113207547169	0.24232081911262798
0.6698113207547169	0.24259681093394078
0.6698113207547169	0.24287343215507412
0.6698113207547169	0.24315068493150685
0.6698113207547169	0.24342857142857144
0.6698113207547169	0.2437070938215103
0.6698113207547169	0.24398625429553264
0.6666666666666666	0.24311926605504589
0.6666666666666666	0.24339839265212398
0.6666666666666666	0.24367816091954023
0.6666666666666666	0.24395857307249713
0.6666666666666666	0.24423963133640553
0.6666666666666666	0.24452133794694347
0.6666666666666666	0.24480369515011546
0.6666666666666666	0.24508670520231213
0.6666666666666666	0.24537037037037038
0.6635220125786163	0.24449594438006952
0.6635220125786163	0.24477958236658934
0.6635220125786163	0.2450638792102207
0.6635220125786163	0.2453488372093023
0.6635220125786163	0.24563445867287545
0.6635220125786163	0.24592074592074592
0.6635220125786163	0.24620770128354727
0.6635220125786163	0.24649532710280375
0.6635220125786163	0.24678362573099416
0.6635220125786163	0.24707259953161592
0.6635220125786163	0.2473622508792497
0.6635220125786163	0.2476525821596244
0.6635220125786163	0.24794359576968272
0.6635220125786163	0.24823529411764705
0.6635220125786163	0.24852767962308597
0.6635220125786163	0.24882075471698112
0.6635220125786163	0.24911452184179456
0.6635220125786163	0.24940898345153664
0.6635220125786163	0.24970414201183433
0.6635220125786163	0.25
0.6635220125786163	0.25029655990510086
0.6635220125786163	0.2505938242280285
0.6635220125786163	0.25089179548156954
0.6635220125786163	0.2511904761904762
0.6635220125786163	0.25148986889153757
0.6635220125786163	0.25178997613365156
0.6635220125786163	0.2520908004778972
0.660377358490566	0.2511961722488038
0.660377358490566	0.25149700598802394
0.6572327044025157	0.25059952038369304
0.6572327044025157	0.25090036014405764
0.6572327044025157	0.2512019230769231
0.6572327044025157	0.25150421179302046
0.6572327044025157	0.25180722891566265
0.6572327044025157	0.25211097708082025
0.6572327044025157	0.2524154589371981
0.6572327044025157	0.25272067714631197
0.6572327044025157	0.25302663438256656
0.6572327044025157	0.25333333333333335
0.6572327044025157	0.2536407766990291
0.6572327044025157	0.25394896719319565
0.6572327044025157	0.2542579075425791
0.6572327044025157	0.2545676004872107
0.6572327044025157	0.2548780487804878
0.6572327044025157	0.25518925518925517
0.6572327044025157	0.2555012224938875
0.6572327044025157	0.2558139534883721
0.6572327044025157	0.25612745098039214
0.6572327044025157	0.25644171779141106
0.6572327044025157	0.25675675675675674
0.6572327044025157	0.2570725707257073
0.6572327044025157	0.25738916256157635
0.6572327044025157	0.25770653514180025
0.6572327044025157	0.2580246913580247
0.6572327044025157	0.2583436341161928
0.6572327044025157	0.25866336633663367
0.6572327044025157	0.2589838909541512
0.6572327044025157	0.25930521091811415
0.6572327044025157	0.2596273291925466
0.6572327044025157	0.2599502487562189
0.6572327044025157	0.2602739726027397
0.6572327044025157	0.26059850374064836
0.6572327044025157	0.26092384519350814
0.6572327044025157	0.26125
0.6572327044025157	0.2615769712140175
0.6572327044025157	0.2619047619047619
0.6540880503144654	0.26097867001254704
0.6540880503144654	0.2613065326633166
0.6540880503144654	0.26163522012578616
0.6540880503144654	0.2619647355163728
0.6540880503144654	0.26229508196721313
0.6540880503144654	0.26262626262626265
0.6540880503144654	0.2629582806573957
0.6540880503144654	0.26329113924050634
0.6540880503144654	0.26362484157160965
0.6540880503144654	0.2639593908629442
0.6540880503144654	0.26429479034307496
0.6540880503144654	0.26463104325699743
0.6540880503144654	0.26496815286624203
0.6540880503144654	0.2653061224489796
0.6540880503144654	0.2656449553001277
0.6540880503144654	0.2659846547314578
0.6540880503144654	0.26632522407170295
0.6540880503144654	0.26666666666666666
0.6540880503144654	0.26700898587933247
0.6540880503144654	0.26735218508997427
0.6540880503144654	0.2676962676962677
0.6540880503144654	0.26804123711340205
0.6540880503144654	0.26838709677419353
0.6540880503144654	0.268733850129199
0.6540880503144654	0.2690815006468305
0.6540880503144654	0.2694300518134715
0.6540880503144654	0.2697795071335927
0.6509433962264151	0.2688311688311688
0.6509433962264151	0.26918075422626786
0.6509433962264151	0.26953125
0.6509433962264151	0.26988265971316816
0.6509433962264151	0.27023498694516973
0.6477987421383647	0.269281045751634
0.6477987421383647	0.2696335078534031
0.6477987421383647	0.2699868938401048
0.6446540880503144	0.2690288713910761
0.6446540880503144	0.26938239159001315
0.6415094339622641	0.26842105263157895
0.6415094339622641	0.26877470355731226
0.6415094339622641	0.2691292875989446
0.6415094339622641	0.26948480845442535
0.6415094339622641	0.2698412698412698
0.6415094339622641	0.27019867549668874
0.6415094339622641	0.27055702917771884
0.6415094339622641	0.27091633466135456
0.6415094339622641	0.2712765957446808
0.6415094339622641	0.27163781624500666
0.6415094339622641	0.272
0.6415094339622641	0.27236315086782376
0.6415094339622641	0.2727272727272727
0.6415094339622641	0.27309236947791166
0.6415094339622641	0.2734584450402145
0.6415094339622641	0.2738255033557047
0.6415094339622641	0.27419354838709675
0.6415094339622641	0.27456258411843876
0.6415094339622641	0.2749326145552561
0.6415094339622641	0.27530364372469635
0.6415094339622641	0.2756756756756757
0.6415094339622641	0.27604871447902574
0.6415094339622641	0.2764227642276423
0.6383647798742138	0.27544097693351427
0.6383647798742138	0.2758152173913043
0.6383647798742138	0.2761904761904762
0.6383647798742138	0.276566757493188
0.6383647798742138	0.27694406548431105
0.6383647798742138	0.2773224043715847
0.6383647798742138	0.2777017783857729
0.6383647798742138	0.27808219178082194
0.6383647798742138	0.2784636488340192
0.6352201257861635	0.2774725274725275
0.6352201257861635	0.27785419532324623
0.6352201257861635	0.27823691460055094
0.6352201257861635	0.2786206896551724
0.6352201257861635	0.27900552486187846
0.6352201257861635	0.2793914246196404
0.6352201257861635	0.27977839335180055
0.6352201257861635	0.2801664355062413
0.6352201257861635	0.28055555555555556
0.6352201257861635	0.2809457579972184
0.6352201257861635	0.28133704735376047
0.6352201257861635	0.28172942817294283
0.6352201257861635	0.28212290502793297
0.6352201257861635	0.28251748251748254
0.6320754716981132	0.2815126050420168
0.6320754716981132	0.28190743338008417
0.6289308176100629	0.2808988764044944
0.6289308176100629	0.2812939521800281
0.6289308176100629	0.28169014084507044
0.6289308176100629	0.2820874471086037
0.6289308176100629	0.2824858757062147
0.6289308176100629	0.2828854314002829
0.6289308176100629	0.28328611898017
0.6289308176100629	0.28368794326241137
0.6289308176100629	0.2840909090909091
0.6289308176100629	0.2844950213371266
0.6289308176100629	0.2849002849002849
0.6289308176100629	0.28530670470756064
0.6289308176100629	0.2857142857142857
0.6289308176100629	0.2861230329041488
0.6289308176100629	0.28653295128939826
0.6289308176100629	0.28694404591104733
0.6289308176100629	0.28735632183908044
0.6289308176100629	0.28776978417266186
0.6289308176100629	0.2881844380403458
0.6289308176100629	0.2886002886002886
0.6289308176100629	0.28901734104046245
0.6289308176100629	0.2894356005788712
0.6289308176100629	0.2898550724637681
0.6289308176100629	0.29027576197387517
0.6289308176100629	0.29069767441860467
0.6289308176100629	0.29112081513828236
0.6257861635220126	0.29008746355685133
0.6226415094339622	0.28905109489051095
0.6194968553459119	0.2880116959064328
0.6194968553459119	0.2884333821376281
0.6163522012578616	0.2873900293255132
0.6163522012578616	0.2878120411160059
0.6163522012578616	0.28823529411764703
0.6163522012578616	0.28865979381443296
0.6132075471698113	0.28761061946902655
0.6132075471698113	0.2880354505169867
0.6132075471698113	0.28846153846153844
0.6132075471698113	0.28888888888888886
0.6132075471698113	0.2893175074183976
0.6132075471698113	0.2897473997028232
0.6132075471698113	0.29017857142857145
0.6132075471698113	0.2906110283159464
0.6132075471698113	0.291044776119403
0.6132075471698113	0.2914798206278027
0.6132075471698113	0.29191616766467066
0.6132075471698113	0.29235382308845576
0.6132075471698113	0.2927927927927928
0.6132075471698113	0.2932330827067669
0.6132075471698113	0.2936746987951807
0.6132075471698113	0.29411764705882354
0.6132075471698113	0.2945619335347432
0.6132075471698113	0.2950075642965204
0.6132075471698113	0.29545454545454547
0.6132075471698113	0.2959028831562974
0.6132075471698113	0.29635258358662614
0.6132075471698113	0.2968036529680365
0.6132075471698113	0.2972560975609756
0.6132075471698113	0.29770992366412213
0.6132075471698113	0.2981651376146789
0.6132075471698113	0.2986217457886677
0.610062893081761	0.29754601226993865
0.610062893081761	0.2980030721966206
0.610062893081761	0.29846153846153844
0.610062893081761	0.29892141756548535
0.610062893081761	0.2993827160493827
0.610062893081761	0.29984544049459044
0.610062893081761	0.30030959752321984
0.610062893081761	0.30077519379844964
0.610062893081761	0.30124223602484473
0.610062893081761	0.30171073094867806
0.610062893081761	0.30218068535825543
0.610062893081761	0.30265210608424337
0.610062893081761	0.303125
0.610062893081761	0.30359937402190923
0.610062893081761	0.30407523510971785
0.610062893081761	0.304552590266876
0.6069182389937107	0.30345911949685533
0.6069182389937107	0.30393700787401573
0.6069182389937107	0.30441640378548895
0.6069182389937107	0.3048973143759874
0.6069182389937107	0.30537974683544306
0.6069182389937107	0.3058637083993661
0.6069182389937107	0.30634920634920637
0.6069182389937107	0.3068362480127186
0.6069182389937107	0.3073248407643312
0.6069182389937107	0.3078149920255183
0.6069182389937107	0.3083067092651757
0.6069182389937107	0.3088
0.6069182389937107	0.3092948717948718
0.6069182389937107	0.3097913322632424
0.6069182389937107	0.3102893890675241
0.6069182389937107	0.3107890499194847
0.6037735849056604	0.3096774193548387
0.6037735849056604	0.31017770597738287
0.6037735849056604	0.3106796116504854
0.6037735849056604	0.31118314424635335
0.6037735849056604	0.3116883116883117
0.6037735849056604	0.3121951219512195
0.6037735849056604	0.3127035830618892
0.6037735849056604	0.3132137030995106
0.60062893081761	0.31209150326797386
0.60062893081761	0.31260229132569556
0.60062893081761	0.31311475409836065
0.60062893081761	0.3136288998357964
0.60062893081761	0.31414473684210525
0.60062893081761	0.31466227347611203
0.60062893081761	0.31518151815181517
0.60062893081761	0.315702479338843
0.60062893081761	0.3162251655629139
0.60062893081761	0.3167495854063018
0.60062893081761	0.31727574750830567
0.60062893081761	0.3178036605657238
0.60062893081761	0.31833333333333336
0.60062893081761	0.31886477462437396
0.60062893081761	0.3193979933110368
0.60062893081761	0.31993299832495814
0.60062893081761	0.32046979865771813
0.60062893081761	0.32100840336134456
0.60062893081761	0.32154882154882153
0.60062893081761	0.3220910623946037
0.60062893081761	0.32263513513513514
0.60062893081761	0.32318104906937395
0.60062893081761	0.32372881355932204
0.60062893081761	0.3242784380305603
0.60062893081761	0.32482993197278914
0.60062893081761	0.32538330494037476
0.60062893081761	0.32593856655290104
0.60062893081761	0.3264957264957265
0.60062893081761	0.3270547945205479
0.60062893081761	0.3276157804459691
0.5974842767295597	0.32646048109965636
0.5974842767295597	0.3270223752151463
0.5974842767295597	0.3275862068965517
0.5974842767295597	0.3281519861830743
0.5974842767295597	0.328719723183391
0.5974842767295597	0.3292894280762565
0.5974842767295597	0.3298611111111111
0.5974842767295597	0.33043478260869563
0.5974842767295597	0.3310104529616725
0.5974842767295597	0.33158813263525305
0.5974842767295597	0.3321678321678322
0.5974842767295597	0.3327495621716287
0.5974842767295597	0.3333333333333333
0.5974842767295597	0.3339191564147627
0.5974842767295597	0.3345070422535211
0.5943396226415094	0.3333333333333333
0.5943396226415094	0.3339222614840989
0.5943396226415094	0.3345132743362832
0.5943396226415094	0.3351063829787234
0.5943396226415094	0.33570159857904086
0.5943396226415094	0.33629893238434166
0.5943396226415094	0.33689839572192515
0.5911949685534591	0.3357142857142857
0.5880503144654088	0.334525939177102
0.5880503144654088	0.33512544802867383
0.5880503144654088	0.3357271095152603
0.5880503144654088	0.3363309352517986
0.5880503144654088	0.33693693693693694
0.5880503144654088	0.33754512635379064
0.5880503144654088	0.33815551537070526
0.5880503144654088	0.338768115942029
0.5880503144654088	0.3393829401088929
0.5880503144654088	0.34
0.5880503144654088	0.3406193078324226
0.5880503144654088	0.34124087591240876
0.5849056603773585	0.340036563071298
0.5817610062893082	0.33882783882783885
0.5817610062893082	0.3394495412844037
0.5817610062893082	0.3400735294117647
0.5817610062893082	0.3406998158379374
0.5817610062893082	0.3413284132841328
0.5817610062893082	0.3419593345656192
0.5817610062893082	0.3425925925925926
0.5817610062893082	0.3432282003710575
0.5817610062893082	0.34386617100371747
0.5817610062893082	0.34450651769087526
0.5786163522012578	0.34328358208955223
0.5786163522012578	0.34392523364485983
0.5786163522012578	0.3445692883895131
0.5786163522012578	0.3452157598499062
0.5786163522012578	0.3458646616541353
0.5786163522012578	0.3465160075329567
0.5786163522012578	0.3471698113207547
0.5754716981132075	0.34593572778827975
0.5723270440251572	0.3446969696969697
0.5723270440251572	0.34535104364326374
0.5723270440251572	0.34600760456273766
0.5723270440251572	0.3466666666666667
0.5723270440251572	0.3473282442748092
0.5723270440251572	0.3479923518164436
0.5691823899371069	0.34674329501915707
0.5691823899371069	0.3474088291746641
0.5691823899371069	0.34807692307692306
0.5691823899371069	0.348747591522158
0.5691823899371069	0.34942084942084944
0.5691823899371069	0.35009671179883944
0.5691823899371069	0.3507751937984496
0.5691823899371069	0.35145631067961164
0.5691823899371069	0.3521400778210117
0.5660377358490566	0.3508771929824561
0.5660377358490566	0.3515625
0.5660377358490566	0.3522504892367906
0.5628930817610063	0.3509803921568627
0.5628930817610063	0.3516699410609037
0.559748427672956	0.35039370078740156
0.559748427672956	0.3510848126232742
0.559748427672956	0.35177865612648224
0.559748427672956	0.35247524752475246
0.5566037735849056	0.35119047619047616
0.5566037735849056	0.3518886679920477
0.5566037735849056	0.35258964143426297
0.5566037735849056	0.3532934131736527
0.5566037735849056	0.354
0.5534591194968553	0.3527054108216433
0.5534591194968553	0.3534136546184739
0.5534591194968553	0.35412474849094566
0.5534591194968553	0.3548387096774194
0.5534591194968553	0.35555555555555557
0.5534591194968553	0.3562753036437247
0.550314465408805	0.35496957403651114
0.550314465408805	0.3556910569105691
0.550314465408805	0.3564154786150713
0.550314465408805	0.35714285714285715
0.550314465408805	0.35787321063394684
0.550314465408805	0.35860655737704916
0.550314465408805	0.3593429158110883
0.550314465408805	0.360082304526749
0.550314465408805	0.36082474226804123
0.550314465408805	0.3615702479338843
0.550314465408805	0.36231884057971014
0.550314465408805	0.3630705394190871
0.550314465408805	0.36382536382536385
0.550314465408805	0.3645833333333333
0.550314465408805	0.3653444676409186
0.550314465408805	0.36610878661087864
0.550314465408805	0.3668763102725367
0.550314465408805	0.36764705882352944
0.550314465408805	0.3684210526315789
0.550314465408805	0.3691983122362869
0.550314465408805	0.3699788583509514
0.550314465408805	0.3707627118644068
0.550314465408805	0.37154989384288745
0.550314465408805	0.3723404255319149
0.550314465408805	0.373134328358209
0.5471698113207547	0.3717948717948718
0.5471698113207547	0.37259100642398285
0.5471698113207547	0.37339055793991416
0.5471698113207547	0.3741935483870968
0.5471698113207547	0.375
0.5471698113207547	0.3758099352051836
0.5471698113207547	0.37662337662337664
0.5471698113207547	0.3774403470715835
0.5471698113207547	0.3782608695652174
0.5471698113207547	0.3790849673202614
0.5471698113207547	0.3799126637554585
0.5471698113207547	0.38074398249452956
0.5471698113207547	0.3815789473684211
0.5440251572327044	0.3802197802197802
0.5440251572327044	0.381057268722467
0.5440251572327044	0.3818984547461369
0.5440251572327044	0.3827433628318584
0.5440251572327044	0.3835920177383592
0.5440251572327044	0.3844444444444444
0.5440251572327044	0.38530066815144765
0.5440251572327044	0.3861607142857143
0.5440251572327044	0.3870246085011186
0.5440251572327044	0.38789237668161436
0.5440251572327044	0.3887640449438202
0.5440251572327044	0.38963963963963966
0.5440251572327044	0.3905191873589165
0.5440251572327044	0.3914027149321267
0.5440251572327044	0.3922902494331066
0.5440251572327044	0.3931818181818182
0.5440251572327044	0.3940774487471526
0.5408805031446541	0.3926940639269406
0.5408805031446541	0.39359267734553777
0.5408805031446541	0.3944954128440367
0.5408805031446541	0.3954022988505747
0.5408805031446541	0.39631336405529954
0.5408805031446541	0.3972286374133949
0.5408805031446541	0.39814814814814814
0.5377358490566038	0.39675174013921116
0.5377358490566038	0.39767441860465114
0.5377358490566038	0.3986013986013986
0.5377358490566038	0.39953271028037385
0.5377358490566038	0.40046838407494145
0.5377358490566038	0.4014084507042254
0.5377358490566038	0.4023529411764706
0.5377358490566038	0.4033018867924528
0.5377358490566038	0.40425531914893614
0.5377358490566038	0.4052132701421801
0.5377358490566038	0.40617577197149646
0.5377358490566038	0.40714285714285714
0.5377358490566038	0.4081145584725537
0.5377358490566038	0.4090909090909091
0.5377358490566038	0.41007194244604317
0.5377358490566038	0.4110576923076923
0.5345911949685535	0.40963855421686746
0.5345911949685535	0.4106280193236715
0.5345911949685535	0.4116222760290557
0.5345911949685535	0.41262135922330095
0.5345911949685535	0.41362530413625304
0.5345911949685535	0.4146341463414634
0.5345911949685535	0.4156479217603912
0.5314465408805031	0.41421568627450983
0.5314465408805031	0.4152334152334152
0.5314465408805031	0.41625615763546797
0.5314465408805031	0.41728395061728396
0.5314465408805031	0.4183168316831683
0.5314465408805031	0.41935483870967744
0.5314465408805031	0.42039800995024873
0.5314465408805031	0.42144638403990026
0.5314465408805031	0.4225
0.5283018867924528	0.42105263157894735
0.5283018867924528	0.4221105527638191
0.5283018867924528	0.42317380352644834
0.5283018867924528	0.42424242424242425
0.5283018867924528	0.4253164556962025
0.5283018867924528	0.4263959390862944
0.5283018867924528	0.42748091603053434
0.5283018867924528	0.42857142857142855
0.5283018867924528	0.4296675191815857
0.5283018867924528	0.4307692307692308
0.5283018867924528	0.4318766066838046
0.5251572327044025	0.43041237113402064
0.5251572327044025	0.4315245478036176
0.5251572327044025	0.4326424870466321
0.5251572327044025	0.43376623376623374
0.5251572327044025	0.4348958333333333
0.5251572327044025	0.4360313315926893
0.5251572327044025	0.43717277486910994
0.5220125786163522	0.4356955380577428
0.5220125786163522	0.4368421052631579
0.5220125786163522	0.43799472295514513
0.5220125786163522	0.43915343915343913
0.5220125786163522	0.4403183023872679
0.5220125786163522	0.44148936170212766
0.5220125786163522	0.44266666666666665
0.5188679245283019	0.4411764705882353
0.5188679245283019	0.44235924932975873
0.5188679245283019	0.4435483870967742
0.5188679245283019	0.444743935309973
0.5188679245283019	0.44594594594594594
0.5157232704402516	0.4444444444444444
0.5157232704402516	0.44565217391304346
0.5125786163522013	0.444141689373297
0.5125786163522013	0.4453551912568306
0.5125786163522013	0.4465753424657534
0.5125786163522013	0.4478021978021978
0.5094339622641509	0.4462809917355372
0.5062893081761006	0.4447513812154696
0.5062893081761006	0.44598337950138506
0.5062893081761006	0.44722222222222224
0.5062893081761006	0.44846796657381616
0.5031446540880503	0.44692737430167595
0.5031446540880503	0.4481792717086835
0.5031446540880503	0.449438202247191
0.5031446540880503	0.4507042253521127
0.5031446540880503	0.4519774011299435
0.5	0.45042492917847027
0.5	0.45170454545454547
0.5	0.452991452991453
0.5	0.4542857142857143
0.4968553459119497	0.45272206303724927
0.4937106918238994	0.4511494252873563
0.4937106918238994	0.45244956772334294
0.4937106918238994	0.45375722543352603
0.4937106918238994	0.45507246376811594
0.49056603773584906	0.45348837209302323
0.49056603773584906	0.45481049562682213
0.49056603773584906	0.45614035087719296
0.48742138364779874	0.45454545454545453
0.48742138364779874	0.45588235294117646
0.48742138364779874	0.45722713864306785
0.48427672955974843	0.4556213017751479
0.48427672955974843	0.456973293768546
0.48427672955974843	0.4583333333333333
0.48427672955974843	0.4597014925373134
0.48427672955974843	0.46107784431137727
0.48427672955974843	0.4624624624624625
0.48427672955974843	0.463855421686747
0.48427672955974843	0.4652567975830816
0.48427672955974843	0.4666666666666667
0.4811320754716981	0.46504559270516715
0.4811320754716981	0.46646341463414637
0.4811320754716981	0.46788990825688076
0.4811320754716981	0.46932515337423314
0.4811320754716981	0.4707692307692308
0.4811320754716981	0.4722222222222222
0.4811320754716981	0.47368421052631576
0.4811320754716981	0.4751552795031056
0.4779874213836478	0.4735202492211838
0.4748427672955975	0.471875
0.4748427672955975	0.47335423197492166
0.4716981132075472	0.4716981132075472
0.4716981132075472	0.47318611987381703
0.4716981132075472	0.47468354430379744
0.4716981132075472	0.47619047619047616
0.4716981132075472	0.47770700636942676
0.4716981132075472	0.4792332268370607
0.4716981132075472	0.4807692307692308
0.4716981132075472	0.48231511254019294
0.4716981132075472	0.4838709677419355
0.46855345911949686	0.48220064724919093
0.46855345911949686	0.4837662337662338
0.46855345911949686	0.48534201954397393
0.46855345911949686	0.4869281045751634
0.46855345911949686	0.4885245901639344
0.46855345911949686	0.4901315789473684
0.46855345911949686	0.49174917491749176
0.46855345911949686	0.49337748344370863
0.46855345911949686	0.4950166112956811
0.46855345911949686	0.49666666666666665
0.46855345911949686	0.4983277591973244
0.46855345911949686	0.5
0.46855345911949686	0.5016835016835017
0.46855345911949686	0.5033783783783784
0.46855345911949686	0.5050847457627119
0.46855345911949686	0.5068027210884354
0.46540880503144655	0.5051194539249146
0.46540880503144655	0.5068493150684932
0.46540880503144655	0.5085910652920962
0.46540880503144655	0.5103448275862069
0.46226415094339623	0.5086505190311419
0.46226415094339623	0.5104166666666666
0.46226415094339623	0.5121951219512195
0.46226415094339623	0.513986013986014
0.46226415094339623	0.5157894736842106
0.46226415094339623	0.5176056338028169
0.46226415094339623	0.519434628975265
0.46226415094339623	0.5212765957446809
0.46226415094339623	0.5231316725978647
0.4591194968553459	0.5214285714285715
0.4591194968553459	0.5232974910394266
0.4591194968553459	0.5251798561151079
0.4591194968553459	0.5270758122743683
0.4591194968553459	0.5289855072463768
0.4591194968553459	0.5309090909090909
0.4591194968553459	0.5328467153284672
0.4591194968553459	0.5347985347985348
0.4559748427672956	0.5330882352941176
0.4559748427672956	0.5350553505535055
0.4559748427672956	0.5370370370370371
0.4559748427672956	0.5390334572490706
0.4528301886792453	0.5373134328358209
0.449685534591195	0.5355805243445693
0.449685534591195	0.5375939849624061
0.449685534591195	0.539622641509434
0.44654088050314467	0.5378787878787878
0.44654088050314467	0.5399239543726235
0.44654088050314467	0.5419847328244275
0.44654088050314467	0.5440613026819924
0.44339622641509435	0.5423076923076923
0.44025157232704404	0.5405405405405406
0.44025157232704404	0.5426356589147286
0.44025157232704404	0.5447470817120622
0.44025157232704404	0.546875
0.44025157232704404	0.5490196078431373
0.4371069182389937	0.547244094488189
0.4371069182389937	0.549407114624506
0.4371069182389937	0.5515873015873016
0.4371069182389937	0.5537848605577689
0.4371069182389937	0.556
0.4371069182389937	0.5582329317269076
0.4371069182389937	0.5604838709677419
0.4371069182389937	0.562753036437247
0.4339622641509434	0.5609756097560976
0.4339622641509434	0.563265306122449
0.4339622641509434	0.5655737704918032
0.4339622641509434	0.5679012345679012
0.4339622641509434	0.5702479338842975
0.4339622641509434	0.5726141078838174
0.4308176100628931	0.5708333333333333
0.4308176100628931	0.5732217573221757
0.4308176100628931	0.5756302521008403
0.4308176100628931	0.5780590717299579
0.4308176100628931	0.5805084745762712
0.4308176100628931	0.5829787234042553
0.4276729559748428	0.5811965811965812
0.42452830188679247	0.5793991416309013
0.42138364779874216	0.5775862068965517
0.41823899371069184	0.5757575757575758
0.41823899371069184	0.5782608695652174
0.41509433962264153	0.5764192139737991
0.41509433962264153	0.5789473684210527
0.4119496855345912	0.5770925110132159
0.4119496855345912	0.5796460176991151
0.4119496855345912	0.5822222222222222
0.4088050314465409	0.5803571428571429
0.4056603773584906	0.57847533632287
0.4025157232704403	0.5765765765765766
0.4025157232704403	0.579185520361991
0.4025157232704403	0.5818181818181818
0.39937106918238996	0.5799086757990868
0.39622641509433965	0.5779816513761468
0.39622641509433965	0.5806451612903226
0.39622641509433965	0.5833333333333334
0.39308176100628933	0.5813953488372093
0.389937106918239	0.5794392523364486
0.389937106918239	0.5821596244131455
0.389937106918239	0.5849056603773585
0.3867924528301887	0.5829383886255924
0.3867924528301887	0.5857142857142857
0.3867924528301887	0.5885167464114832
0.3836477987421384	0.5865384615384616
0.3805031446540881	0.5845410628019324
0.3805031446540881	0.587378640776699
0.37735849056603776	0.5853658536585366
0.37735849056603776	0.5882352941176471
0.37735849056603776	0.594059405940594
0.37735849056603776	0.5970149253731343
0.37735849056603776	0.6
0.3742138364779874	0.5979899497487438
0.3742138364779874	0.601010101010101
0.3742138364779874	0.6040609137055838
0.3742138364779874	0.6071428571428571
0.3742138364779874	0.6102564102564103
0.3742138364779874	0.6134020618556701
0.3742138364779874	0.616580310880829
0.3742138364779874	0.6197916666666666
0.3742138364779874	0.6230366492146597
0.3710691823899371	0.6210526315789474
0.36792452830188677	0.6190476190476191
0.36792452830188677	0.6223404255319149
0.36792452830188677	0.6256684491978609
0.36792452830188677	0.6290322580645161
0.36792452830188677	0.6324324324324324
0.36792452830188677	0.6358695652173914
0.36477987421383645	0.6338797814207651
0.36163522012578614	0.6318681318681318
0.3584905660377358	0.6298342541436464
0.3553459119496855	0.6277777777777778
0.3522012578616352	0.6256983240223464
0.3522012578616352	0.6292134831460674
0.3490566037735849	0.6271186440677966
0.3490566037735849	0.6306818181818182
0.34591194968553457	0.6285714285714286
0.34276729559748426	0.6264367816091954
0.34276729559748426	0.630057803468208
0.34276729559748426	0.6337209302325582
0.34276729559748426	0.6374269005847953
0.33962264150943394	0.6352941176470588
0.33962264150943394	0.6390532544378699
0.33647798742138363	0.6369047619047619
0.33647798742138363	0.6407185628742516
0.3333333333333333	0.6385542168674698
0.3333333333333333	0.6424242424242425
0.330188679245283	0.6402439024390244
0.330188679245283	0.6441717791411042
0.3270440251572327	0.6419753086419753
0.3270440251572327	0.6459627329192547
0.3238993710691824	0.64375
0.32075471698113206	0.6415094339622641
0.32075471698113206	0.6455696202531646
0.31761006289308175	0.643312101910828
0.31761006289308175	0.6474358974358975
0.31761006289308175	0.6516129032258065
0.31761006289308175	0.6558441558441559
0.31761006289308175	0.6601307189542484
0.31761006289308175	0.6644736842105263
0.31761006289308175	0.6688741721854304
0.31446540880503143	0.6666666666666666
0.31446540880503143	0.6711409395973155
0.3113207547169811	0.668918918918919
0.3081761006289308	0.6666666666666666
0.3081761006289308	0.6712328767123288
0.3050314465408805	0.6689655172413793
0.3050314465408805	0.6736111111111112
0.3050314465408805	0.6783216783216783
0.3050314465408805	0.6830985915492958
0.3050314465408805	0.6879432624113475
0.3018867924528302	0.6857142857142857
0.29874213836477986	0.6834532374100719
0.29874213836477986	0.6884057971014492
0.29559748427672955	0.6861313868613139
0.29245283018867924	0.6838235294117647
0.29245283018867924	0.6888888888888889
0.29245283018867924	0.6940298507462687
0.2893081761006289	0.6917293233082706
0.2893081761006289	0.696969696969697
0.2893081761006289	0.7022900763358778
0.2893081761006289	0.7076923076923077
0.2861635220125786	0.7054263565891473
0.2861635220125786	0.7109375
0.2830188679245283	0.7086614173228346
0.279874213836478	0.7063492063492064
0.279874213836478	0.712
0.27672955974842767	0.7096774193548387
0.27672955974842767	0.7154471544715447
0.27358490566037735	0.7131147540983607
0.27358490566037735	0.71900826446281
0.27358490566037735	0.725
0.27044025157232704	0.7226890756302521
0.2672955974842767	0.7203389830508474
0.2672955974842767	0.7264957264957265
0.2672955974842767	0.7327586206896551
0.2641509433962264	0.7304347826086957
0.2610062893081761	0.7280701754385965
0.2610062893081761	0.7345132743362832
0.2578616352201258	0.7321428571428571
0.2578616352201258	0.7387387387387387
0.25471698113207547	0.7363636363636363
0.25471698113207547	0.7431192660550459
0.25471698113207547	0.75
0.25157232704402516	0.7476635514018691
0.24842767295597484	0.7452830188679245
0.24528301886792453	0.7428571428571429
0.24528301886792453	0.75
0.24213836477987422	0.7475728155339806
0.2389937106918239	0.7450980392156863
0.2358490566037736	0.7425742574257426
0.23270440251572327	0.74
0.23270440251572327	0.7474747474747475
0.22955974842767296	0.7448979591836735
0.22641509433962265	0.7422680412371134
0.22641509433962265	0.75
0.22641509433962265	0.7578947368421053
0.22327044025157233	0.7553191489361702
0.22327044025157233	0.7634408602150538
0.22327044025157233	0.7717391304347826
0.22327044025157233	0.7802197802197802
0.22012578616352202	0.7777777777777778
0.2169811320754717	0.7752808988764045
0.2138364779874214	0.7727272727272727
0.2138364779874214	0.7816091954022989
0.2138364779874214	0.7906976744186046
0.21069182389937108	0.788235294117647
0.20754716981132076	0.7857142857142857
0.20440251572327045	0.7831325301204819
0.20125786163522014	0.7804878048780488
0.19811320754716982	0.7777777777777778
0.19811320754716982	0.7875
0.1949685534591195	0.7848101265822784
0.1918238993710692	0.782051282051282
0.1918238993710692	0.7922077922077922
0.1918238993710692	0.8026315789473685
0.18867924528301888	0.8
0.18553459119496854	0.7972972972972973
0.18553459119496854	0.8082191780821918
0.18238993710691823	0.8055555555555556
0.1792452830188679	0.8028169014084507
0.1761006289308176	0.8
0.1761006289308176	0.8115942028985508
0.17295597484276728	0.8088235294117647
0.16981132075471697	0.8059701492537313
0.16981132075471697	0.8181818181818182
0.16666666666666666	0.8153846153846154
0.16352201257861634	0.8125
0.16037735849056603	0.8095238095238095
0.15723270440251572	0.8064516129032258
0.1540880503144654	0.8032786885245902
0.1540880503144654	0.8166666666666667
0.1509433962264151	0.8135593220338984
0.1509433962264151	0.8275862068965517
0.14779874213836477	0.8245614035087719
0.14779874213836477	0.8392857142857143
0.14465408805031446	0.8363636363636363
0.14465408805031446	0.8518518518518519
0.14465408805031446	0.8679245283018868
0.14150943396226415	0.8653846153846154
0.14150943396226415	0.8823529411764706
0.13836477987421383	0.88
0.13836477987421383	0.8979591836734694
0.13836477987421383	0.9166666666666666
0.13522012578616352	0.9148936170212766
0.1320754716981132	0.9130434782608695
0.1289308176100629	0.9111111111111111
0.12578616352201258	0.9090909090909091
0.12264150943396226	0.9069767441860465
0.12264150943396226	0.9285714285714286
0.11949685534591195	0.926829268292683
0.11635220125786164	0.925
0.11635220125786164	0.9487179487179487
0.11320754716981132	0.9473684210526315
0.11006289308176101	0.9459459459459459
0.1069182389937107	0.9444444444444444
0.1069182389937107	0.9714285714285714
0.10377358490566038	0.9705882352941176
0.10062893081761007	0.9696969696969697
0.09748427672955975	0.96875
0.09433962264150944	0.967741935483871
0.09119496855345911	0.9666666666666667
0.0880503144654088	0.9655172413793104
0.08490566037735849	0.9642857142857143
0.08176100628930817	0.9629629629629629
0.07861635220125786	0.9615384615384616
0.07547169811320754	0.96
0.07232704402515723	0.9583333333333334
0.06918238993710692	0.9565217391304348
0.0660377358490566	0.9545454545454546
0.06289308176100629	0.9523809523809523
0.059748427672955975	0.95
0.05660377358490566	0.9473684210526315
0.05345911949685535	0.9444444444444444
0.050314465408805034	0.9411764705882353
0.050314465408805034	1.0
0.04716981132075472	1.0
0.0440251572327044	1.0
0.040880503144654086	1.0
0.03773584905660377	1.0
0.03459119496855346	1.0
0.031446540880503145	1.0
0.02830188679245283	1.0
0.025157232704402517	1.0
0.0220125786163522	1.0
0.018867924528301886	1.0
0.015723270440251572	1.0
0.012578616352201259	1.0
0.009433962264150943	1.0
0.006289308176100629	1.0
0.0031446540880503146	1.0
0.0	1.0
